{"nom":"Aix-en-Provence","nomNormalise":"aixenprovence","typeCollectivite":"Commune","region":"Provence-Alpes-Côte d'Azur","departement":"Bouches-du-Rhône","departementCode":"13","adresse":{"street":"Place de l'Hôtel-de-Ville","postalCode":"13000","city":"Aix-en-Provence","country":"France"},"contacts":{"email":"","telephone":"0442919000"},"horaires":"Du Lundi au Vendredi : de 08h00 à 17h00\n\nSans interruption.\nEn ce qui concerne le service état civil : du lundi au vendredi de 8h à 17h et le mardi de 8h à 13h","latitude":43.529938,"longitude":5.447652,"website":"https://www.aixenprovence.fr/","hasWebsite":true,"hasHoraires":true,"url":"https://lannuaire.service-public.gouv.fr/provence-alpes-cote-d-azur/bouches-du-rhone/915fb5a9-5a5f-468e-ad05-fdda780860ce"}
{"nom":"Allauch","nomNormalise":"allauch","typeCollectivite":"Commune","region":"Provence-Alpes-Côte d'Azur","departement":"Bouches-du-Rhône","departementCode":"13","adresse":{"street":"Place Pierre-Bellot","postalCode":"13718","city":"Allauch Cedex","country":"France"},"contacts":{"email":"info@allauch.com","telephone":"0491104800"},"horaires":"Du Lundi au Vendredi : de 08h30 à 12h00 de 14h00 à 18h00\nLe Samedi : de 08h30 à 12h00\n\nCompte tenu du contexte sanitaire et jusqu'à nouvel ordre l'accueil est fermé le samedi et se fait uniquement sur rendez-vous les après-midis, accueil fermé le samedi en juillet-août.","latitude":43.3363,"longitude":5.48191,"website":"https://www.allauch.com/","hasWebsite":true,"hasHoraires":true,"url":"https://lannuaire.service-public.gouv.fr/provence-alpes-cote-d-azur/bouches-du-rhone/fd33e814-5504-43ac-b029-a744cb145ad7"}
{"nom":"Alleins","nomNormalise":"alleins","typeCollectivite":"Commune","region":"Provence-Alpes-Côte d'Azur","departement":"Bouches-du-Rhône","departementCode":"13","adresse":{"street":"Cours Victor-Hugo","postalCode":"13980","city":"Alleins","country":"France"},"contacts":{"email":"contact@alleins.fr","telephone":"0490593705"},"horaires":"Du Lundi au Mardi : de 08h00 à 16h30\n\nEn juillet-août accueil de 8h à 15h du lundi au vendredi.\nLe Mercredi : de 08h00 à 12h00\nDu Jeudi au Vendredi : de 08h00 à 16h30\nEn juillet-août accueil de 8h à 15h du lundi au vendredi.","latitude":43.703346,"longitude":5.160416,"website":"https://www.alleins.fr/","hasWebsite":true,"hasHoraires":true,"url":"https://lannuaire.service-public.gouv.fr/provence-alpes-cote-d-azur/bouches-du-rhone/bdc01897-7c26-4b6f-a257-473cbbbd0117"}
{"nom":"Arles","nomNormalise":"arles","typeCollectivite":"Commune","region":"Provence-Alpes-Côte d'Azur","departement":"Bouches-du-Rhône","departementCode":"13","adresse":{"street":"Place de la République","postalCode":"13200","city":"Arles","country":"France"},"contacts":{"email":"administration.generale@ville-arles.fr","telephone":"0490493636"},"horaires":"Du Lundi au Vendredi : de 08h30 à 12h00 de 13h30 à 16h30","latitude":43.676426,"longitude":4.6277847,"website":"https://arles.fr/","hasWebsite":true,"hasHoraires":true,"url":"https://lannuaire.service-public.gouv.fr/provence-alpes-cote-d-azur/bouches-du-rhone/de5883be-86fd-4e3c-a315-df28324bd381"}
{"nom":"Aubagne","nomNormalise":"aubagne","typeCollectivite":"Commune","region":"Provence-Alpes-Côte d'Azur","departement":"Bouches-du-Rhône","departementCode":"13","adresse":{"street":"7 boulevard Jean-Jaurès","postalCode":"13400","city":"Aubagne","country":"France"},"contacts":{"email":"","telephone":"0442181919"},"horaires":"Du Lundi au Vendredi : de 08h30 à 12h30 de 13h30 à 16h30","latitude":43.29231,"longitude":5.569473,"website":"https://www.aubagne.fr/","hasWebsite":true,"hasHoraires":true,"url":"https://lannuaire.service-public.gouv.fr/provence-alpes-cote-d-azur/bouches-du-rhone/4f2aee78-4c64-4504-9e02-b8397590311d"}
{"nom":"Aureille","nomNormalise":"aureille","typeCollectivite":"Commune","region":"Provence-Alpes-Côte d'Azur","departement":"Bouches-du-Rhône","departementCode":"13","adresse":{"street":"2 rue Mistral","postalCode":"13930","city":"Aureille","country":"France"},"contacts":{"email":"contact@mairie-aureille.fr","telephone":"0490599201"},"horaires":"Le Lundi : de 08h30 à 12h00 de 13h30 à 17h00\nLe Mardi : de 08h30 à 12h00\nLe Mercredi : de 08h30 à 12h00 de 13h30 à 17h00\nLe Jeudi : de 08h30 à 12h00\nLe Vendredi : de 08h30 à 12h00 de 13h30 à 17h00","latitude":43.707188,"longitude":4.947103,"website":"https://aureille13.fr/","hasWebsite":true,"hasHoraires":true,"url":"https://lannuaire.service-public.gouv.fr/provence-alpes-cote-d-azur/bouches-du-rhone/b9bb5e58-9fb6-4d0b-a41d-2684ed6226d2"}
{"nom":"Auriol","nomNormalise":"auriol","typeCollectivite":"Commune","region":"Provence-Alpes-Côte d'Azur","departement":"Bouches-du-Rhône","departementCode":"13","adresse":{"street":"1 place de la Libération","postalCode":"13390","city":"Auriol","country":"France"},"contacts":{"email":"secretariatdumaire@mairie-auriol.fr","telephone":"0442047006"},"horaires":"Du Lundi au Vendredi : de 08h00 à 12h00 de 13h30 à 17h00\n\nService réglementation : de 8h30 à 12h00 et de 13h30 à 17h00 Les Mardis et Jeudis : jusqu'à 18h","latitude":43.369343,"longitude":5.634437,"website":"https://mairie-auriol.fr/","hasWebsite":true,"hasHoraires":true,"url":"https://lannuaire.service-public.gouv.fr/provence-alpes-cote-d-azur/bouches-du-rhone/74e1cc31-f128-4329-8038-2c45d98223e7"}
{"nom":"Aurons","nomNormalise":"aurons","typeCollectivite":"Commune","region":"Provence-Alpes-Côte d'Azur","departement":"Bouches-du-Rhône","departementCode":"13","adresse":{"street":"Rue de la Mairie","postalCode":"13121","city":"Aurons","country":"France"},"contacts":{"email":"mairie@aurons13.fr","telephone":"0490556302"},"horaires":"Du Lundi au Mardi : de 08h30 à 12h00 de 13h30 à 17h00\nDu Jeudi au Vendredi : de 08h30 à 12h00 de 13h30 à 17h00\nLe Samedi : de 09h00 à 12h00\n\n1er samedi de chaque mois","latitude":43.66485,"longitude":5.15551,"website":"https://vivonsaurons.com/","hasWebsite":true,"hasHoraires":true,"url":"https://lannuaire.service-public.gouv.fr/provence-alpes-cote-d-azur/bouches-du-rhone/d27040d5-fa67-4a43-8b21-4bde58043ecf"}
{"nom":"Barbentane","nomNormalise":"barbentane","typeCollectivite":"Commune","region":"Provence-Alpes-Côte d'Azur","departement":"Bouches-du-Rhône","departementCode":"13","adresse":{"street":"Cours Jean-Baptiste-Rey","postalCode":"13570","city":"Barbentane","country":"France"},"contacts":{"email":"contact.mairie@barbentane.fr","telephone":"0490908585"},"horaires":"Du Lundi au Vendredi : de 08h30 à 12h00 de 13h30 à 17h00","latitude":43.89946,"longitude":4.747114,"website":"http://www.barbentane.fr/","hasWebsite":true,"hasHoraires":true,"url":"https://lannuaire.service-public.gouv.fr/provence-alpes-cote-d-azur/bouches-du-rhone/22861066-f1a4-4e34-b58b-d57151421e47"}
{"nom":"Beaurecueil","nomNormalise":"beaurecueil","typeCollectivite":"Commune","region":"Provence-Alpes-Côte d'Azur","departement":"Bouches-du-Rhône","departementCode":"13","adresse":{"street":"125 avenue Louis-Sylvestre","postalCode":"13100","city":"Beaurecueil","country":"France"},"contacts":{"email":"beaurecueil-mairie@wanadoo.fr","telephone":"0442669290"},"horaires":"Le Lundi : de 08h30 à 12h30\nLe Mardi : de 08h30 à 12h30 de 14h00 à 16h30\nLe Mercredi : de 08h30 à 12h30\nDu Jeudi au Vendredi : de 08h30 à 12h30 de 14h00 à 16h30","latitude":43.511284,"longitude":5.545923,"website":"http://www.mairie-beaurecueil.fr/","hasWebsite":true,"hasHoraires":true,"url":"https://lannuaire.service-public.gouv.fr/provence-alpes-cote-d-azur/bouches-du-rhone/67a013be-ca21-4f3d-af4f-17f55d787b1a"}
{"nom":"Belcodène","nomNormalise":"belcodene","typeCollectivite":"Commune","region":"Provence-Alpes-Côte d'Azur","departement":"Bouches-du-Rhône","departementCode":"13","adresse":{"street":"Place de la Laïcité","postalCode":"13720","city":"Belcodène","country":"France"},"contacts":{"email":"mairie@belcodene.fr","telephone":"0442706666"},"horaires":"Du Lundi au Vendredi : de 09h00 à 12h00 de 15h00 à 17h00","latitude":43.42531,"longitude":5.587545,"website":"https://www.belcodene.fr/","hasWebsite":true,"hasHoraires":true,"url":"https://lannuaire.service-public.gouv.fr/provence-alpes-cote-d-azur/bouches-du-rhone/6fc52361-cbf5-4afa-877c-86a04c92fd77"}
{"nom":"Berre-l'Étang","nomNormalise":"berreletang","typeCollectivite":"Commune","region":"Provence-Alpes-Côte d'Azur","departement":"Bouches-du-Rhône","departementCode":"13","adresse":{"street":"Place Jean-Moulin","postalCode":"13138","city":"Berre-l'Étang Cedex","country":"France"},"contacts":{"email":"accueil@berreletang.fr","telephone":"0442749300"},"horaires":"Du Lundi au Vendredi : de 08h30 à 12h30 de 13h30 à 17h00","latitude":43.475773,"longitude":5.167309,"website":"https://www.berreletang.fr/","hasWebsite":true,"hasHoraires":true,"url":"https://lannuaire.service-public.gouv.fr/provence-alpes-cote-d-azur/bouches-du-rhone/b45eab72-77e4-4bae-87c1-9e98de6e4bd1"}
{"nom":"Bouc-Bel-Air","nomNormalise":"boucbelair","typeCollectivite":"Commune","region":"Provence-Alpes-Côte d'Azur","departement":"Bouches-du-Rhône","departementCode":"13","adresse":{"street":"Place de l'Hôtel-de-Ville","postalCode":"13320","city":"Bouc-Bel-Air","country":"France"},"contacts":{"email":"com@boucbelair.fr","telephone":"0442949393"},"horaires":"Du Lundi au Vendredi : de 08h00 à 16h30\nLe Samedi : de 09h30 à 12h00\n\nAccueil ouvert uniquement pour l'état civil, sauf en juillet-août et les veilles de fêtes.","latitude":43.450592,"longitude":5.413577,"website":"https://www.boucbelair.fr/","hasWebsite":true,"hasHoraires":true,"url":"https://lannuaire.service-public.gouv.fr/provence-alpes-cote-d-azur/bouches-du-rhone/1f29978e-59f8-4eb4-ae54-5c42522908ad"}
{"nom":"Boulbon","nomNormalise":"boulbon","typeCollectivite":"Commune","region":"Provence-Alpes-Côte d'Azur","departement":"Bouches-du-Rhône","departementCode":"13","adresse":{"street":"5 place Victor-Barberin","postalCode":"13150","city":"Boulbon","country":"France"},"contacts":{"email":"","telephone":"0490439547"},"horaires":"Du Lundi au Mardi : de 08h00 à 12h00 de 13h30 à 17h00\nLe Mercredi : de 08h00 à 12h00\nDu Jeudi au Vendredi : de 08h00 à 12h00 de 13h30 à 17h00","latitude":43.863197,"longitude":4.693222,"website":"http://www.mairie-boulbon.fr/","hasWebsite":true,"hasHoraires":true,"url":"https://lannuaire.service-public.gouv.fr/provence-alpes-cote-d-azur/bouches-du-rhone/7386d10a-6ef1-40a9-9b05-4753f810be72"}
{"nom":"Cabannes","nomNormalise":"cabannes","typeCollectivite":"Commune","region":"Provence-Alpes-Côte d'Azur","departement":"Bouches-du-Rhône","departementCode":"13","adresse":{"street":"1 place de la Mairie","postalCode":"13440","city":"Cabannes","country":"France"},"contacts":{"email":"contact@mairie-cabannes.fr","telephone":"0490904040"},"horaires":"Du Lundi au Jeudi : de 08h00 à 12h00 de 13h00 à 17h00\nLe Vendredi : de 08h00 à 12h00","latitude":43.860664,"longitude":4.948412,"website":"https://www.mairie-cabannes.fr/","hasWebsite":true,"hasHoraires":true,"url":"https://lannuaire.service-public.gouv.fr/provence-alpes-cote-d-azur/bouches-du-rhone/8763bfe7-ff74-48ae-99a7-6da150d16f00"}
{"nom":"Cabriès","nomNormalise":"cabries","typeCollectivite":"Commune","region":"Provence-Alpes-Côte d'Azur","departement":"Bouches-du-Rhône","departementCode":"13","adresse":{"street":"Place Ange-Estève","postalCode":"13480","city":"Cabriès","country":"France"},"contacts":{"email":"accueil@cabries.fr","telephone":"0442281400"},"horaires":"Du Lundi au Vendredi : de 08h30 à 12h00 de 13h00 à 16h30","latitude":43.44121,"longitude":5.380015,"website":"https://www.cabries.fr/","hasWebsite":true,"hasHoraires":true,"url":"https://lannuaire.service-public.gouv.fr/provence-alpes-cote-d-azur/bouches-du-rhone/8adef8e6-b8f7-46a5-9591-ed671ceafe02"}
{"nom":"Cadolive","nomNormalise":"cadolive","typeCollectivite":"Commune","region":"Provence-Alpes-Côte d'Azur","departement":"Bouches-du-Rhône","departementCode":"13","adresse":{"street":"1 place du Comte-Armand","postalCode":"13950","city":"Cadolive","country":"France"},"contacts":{"email":"mairie@mairie-cadolive.fr","telephone":"0442046318"},"horaires":"Du Lundi au Vendredi : de 08h30 à 12h00 de 14h00 à 18h00\nLe Samedi : de 08h30 à 12h00","latitude":43.396168,"longitude":5.545108,"website":"https://www.mairie-cadolive.fr/","hasWebsite":true,"hasHoraires":true,"url":"https://lannuaire.service-public.gouv.fr/provence-alpes-cote-d-azur/bouches-du-rhone/bf7b43fd-0bd0-4272-82dd-1bc15f946ddf"}
{"nom":"Carnoux-en-Provence","nomNormalise":"carnouxenprovence","typeCollectivite":"Commune","region":"Provence-Alpes-Côte d'Azur","departement":"Bouches-du-Rhône","departementCode":"13","adresse":{"street":"110 boulevard du Maréchal-Juin","postalCode":"13470","city":"Carnoux-en-Provence","country":"France"},"contacts":{"email":"dgs@mairie-carnoux.fr","telephone":"0442734900"},"horaires":"Du Lundi au Vendredi : de 08h30 à 12h00 de 13h30 à 17h00","latitude":43.256046,"longitude":5.565925,"website":"http://www.carnoux-en-provence.com/","hasWebsite":true,"hasHoraires":true,"url":"https://lannuaire.service-public.gouv.fr/provence-alpes-cote-d-azur/bouches-du-rhone/2b67c21d-0e98-4241-9da1-0c40414161a9"}
{"nom":"Carry-le-Rouet","nomNormalise":"carrylerouet","typeCollectivite":"Commune","region":"Provence-Alpes-Côte d'Azur","departement":"Bouches-du-Rhône","departementCode":"13","adresse":{"street":"Montée des Moulins","postalCode":"13620","city":"Carry-le-Rouet","country":"France"},"contacts":{"email":"","telephone":"0442132525"},"horaires":"Le Lundi : de 08h00 à 12h00 de 13h30 à 17h00\nLe Mardi : de 08h00 à 12h00 de 13h30 à 19h00\nDu Mercredi au Vendredi : de 08h00 à 12h00 de 13h30 à 17h00","latitude":43.330593,"longitude":5.151193,"website":"http://www.mairie-carrylerouet.fr/","hasWebsite":true,"hasHoraires":true,"url":"https://lannuaire.service-public.gouv.fr/provence-alpes-cote-d-azur/bouches-du-rhone/93cee4fe-3906-4a34-99a1-f8db8b26e239"}
{"nom":"Cassis","nomNormalise":"cassis","typeCollectivite":"Commune","region":"Provence-Alpes-Côte d'Azur","departement":"Bouches-du-Rhône","departementCode":"13","adresse":{"street":"Place Baragnon","postalCode":"13260","city":"Cassis","country":"France"},"contacts":{"email":"accueil@cassis.fr","telephone":"0442183636"},"horaires":"Du Lundi au Jeudi : de 08h30 à 12h00 de 13h30 à 17h00\nLe Vendredi : de 08h30 à 12h30 de 13h30 à 16h30","latitude":43.2142,"longitude":5.53966,"website":"https://www.cassis.fr/","hasWebsite":true,"hasHoraires":true,"url":"https://lannuaire.service-public.gouv.fr/provence-alpes-cote-d-azur/bouches-du-rhone/bd7feefb-5161-47c7-8cb2-35f1807fe418"}
{"nom":"Ceyreste","nomNormalise":"ceyreste","typeCollectivite":"Commune","region":"Provence-Alpes-Côte d'Azur","departement":"Bouches-du-Rhône","departementCode":"13","adresse":{"street":"Place du Général-de-Gaulle","postalCode":"13708","city":"Ceyreste Cedex","country":"France"},"contacts":{"email":"contact@ceyreste.fr","telephone":"0442837710"},"horaires":"Du Lundi au Mardi : de 08h00 à 12h00 de 13h30 à 17h30\nLe Mercredi : de 08h00 à 12h00\nLe Jeudi : de 08h00 à 12h00 de 13h30 à 17h30\nLe Vendredi : de 08h00 à 12h00","latitude":43.2141,"longitude":5.63177,"website":"https://www.ceyreste.fr/","hasWebsite":true,"hasHoraires":true,"url":"https://lannuaire.service-public.gouv.fr/provence-alpes-cote-d-azur/bouches-du-rhone/614441b1-78b8-48b3-ab96-895c60552f69"}
{"nom":"Charleval","nomNormalise":"charleval","typeCollectivite":"Commune","region":"Provence-Alpes-Côte d'Azur","departement":"Bouches-du-Rhône","departementCode":"13","adresse":{"street":"Place de l'Hôtel-de-Ville","postalCode":"13350","city":"Charleval","country":"France"},"contacts":{"email":"accueilmairie@charleval13.fr","telephone":"0442284118"},"horaires":"Du Lundi au Mercredi : de 08h30 à 12h00\nLe Jeudi : de 08h30 à 12h00 de 13h30 à 19h00\nLe Vendredi : de 13h30 à 16h30","latitude":43.7309,"longitude":5.18591,"website":"http://www.charleval-en-provence.org/","hasWebsite":true,"hasHoraires":true,"url":"https://lannuaire.service-public.gouv.fr/provence-alpes-cote-d-azur/bouches-du-rhone/c34f1a97-7341-4f5a-8838-32e0ad1b0710"}
{"nom":"Châteauneuf-le-Rouge","nomNormalise":"chateauneuflerouge","typeCollectivite":"Commune","region":"Provence-Alpes-Côte d'Azur","departement":"Bouches-du-Rhône","departementCode":"13","adresse":{"street":"Le Château","postalCode":"13790","city":"Châteauneuf-le-Rouge","country":"France"},"contacts":{"email":"accueil@chateauneuflerouge.fr","telephone":"0442586201"},"horaires":"Du Lundi au Vendredi : de 08h30 à 12h30 de 14h00 à 17h00","latitude":43.48973,"longitude":5.568678,"website":"https://www.chateauneuflerouge.fr/","hasWebsite":true,"hasHoraires":true,"url":"https://lannuaire.service-public.gouv.fr/provence-alpes-cote-d-azur/bouches-du-rhone/771074fb-d496-4f1d-b1f0-96b600a8f0bb"}
{"nom":"Châteauneuf-les-Martigues","nomNormalise":"chateauneuflesmartigues","typeCollectivite":"Commune","region":"Provence-Alpes-Côte d'Azur","departement":"Bouches-du-Rhône","departementCode":"13","adresse":{"street":"Place Bellot","postalCode":"13220","city":"Châteauneuf-les-Martigues","country":"France"},"contacts":{"email":"direction.generale@chateauneuf-les-martigues.fr","telephone":"0442768900"},"horaires":"Du Lundi au Vendredi : de 08h30 à 12h00 de 13h30 à 17h30","latitude":43.3829,"longitude":5.16392,"website":"http://www.chateauneuflesmartigues.fr/","hasWebsite":true,"hasHoraires":true,"url":"https://lannuaire.service-public.gouv.fr/provence-alpes-cote-d-azur/bouches-du-rhone/037d4f2f-a7fa-4da7-81a4-4c47925a92d0"}
{"nom":"Châteaurenard","nomNormalise":"chateaurenard","typeCollectivite":"Commune","region":"Provence-Alpes-Côte d'Azur","departement":"Bouches-du-Rhône","departementCode":"13","adresse":{"street":"6 rue Jentelin","postalCode":"13160","city":"Châteaurenard","country":"France"},"contacts":{"email":"maire@chateaurenard.com","telephone":"0490243535"},"horaires":"Du Lundi au Jeudi : de 08h30 à 12h00 de 13h30 à 17h30\nLe Vendredi : de 08h30 à 12h00 de 13h30 à 16h30","latitude":43.88229,"longitude":4.855489,"website":"https://www.chateaurenard.com/","hasWebsite":true,"hasHoraires":true,"url":"https://lannuaire.service-public.gouv.fr/provence-alpes-cote-d-azur/bouches-du-rhone/15d31297-f072-49b2-b527-cb04518e5533"}
{"nom":"Cornillon-Confoux","nomNormalise":"cornillonconfoux","typeCollectivite":"Commune","region":"Provence-Alpes-Côte d'Azur","departement":"Bouches-du-Rhône","departementCode":"13","adresse":{"street":"26 place Bruno-Carsignol","postalCode":"13250","city":"Cornillon-Confoux","country":"France"},"contacts":{"email":"mairie@cornillonconfoux.fr","telephone":"0490504591"},"horaires":"Du Lundi au Mardi : de 09h00 à 12h00\nLe Mercredi : de 09h00 à 12h00 de 13h30 à 17h00\nDu Jeudi au Samedi : de 09h00 à 12h00","latitude":43.56268,"longitude":5.071413,"website":"https://www.cornillonconfoux.fr/","hasWebsite":true,"hasHoraires":true,"url":"https://lannuaire.service-public.gouv.fr/provence-alpes-cote-d-azur/bouches-du-rhone/499840db-12ea-44f1-b91d-ccbc73446180"}
{"nom":"Coudoux","nomNormalise":"coudoux","typeCollectivite":"Commune","region":"Provence-Alpes-Côte d'Azur","departement":"Bouches-du-Rhône","departementCode":"13","adresse":{"street":"Place Jean-Lapierre","postalCode":"13111","city":"Coudoux","country":"France"},"contacts":{"email":"secretariat-maire@coudoux.fr","telephone":"0442520707"},"horaires":"Du Lundi au Vendredi : de 08h30 à 12h00 de 13h00 à 17h00","latitude":43.558727,"longitude":5.249835,"website":"https://www.coudoux.fr/","hasWebsite":true,"hasHoraires":true,"url":"https://lannuaire.service-public.gouv.fr/provence-alpes-cote-d-azur/bouches-du-rhone/c2818639-5e6c-4db3-b1e4-4567374c34e7"}
{"nom":"Cuges-les-Pins","nomNormalise":"cugeslespins","typeCollectivite":"Commune","region":"Provence-Alpes-Côte d'Azur","departement":"Bouches-du-Rhône","departementCode":"13","adresse":{"street":"Place Stanislas-Fabre","postalCode":"13780","city":"Cuges-les-Pins","country":"France"},"contacts":{"email":"accueil.mairie@cugeslespins.fr","telephone":"0442738011"},"horaires":"Du Lundi au Jeudi : de 08h00 à 12h00 de 13h30 à 16h45\nLe Vendredi : de 08h00 à 12h00\nLe Samedi : de 09h00 à 12h00\n\nAccueil fermé en juillet-août.","latitude":43.274696,"longitude":5.700207,"website":"https://www.cuges-les-pins.fr/","hasWebsite":true,"hasHoraires":true,"url":"https://lannuaire.service-public.gouv.fr/provence-alpes-cote-d-azur/bouches-du-rhone/70524ef1-e4e7-49bb-8771-45f356381a1d"}
{"nom":"Éguilles","nomNormalise":"eguilles","typeCollectivite":"Commune","region":"Provence-Alpes-Côte d'Azur","departement":"Bouches-du-Rhône","departementCode":"13","adresse":{"street":"Place Gabriel-Payeur","postalCode":"13510","city":"Éguilles","country":"France"},"contacts":{"email":"secretariatmaire@mairie-eguilles.fr","telephone":"0442924061"},"horaires":"Du Lundi au Vendredi : de 08h30 à 12h30 de 13h30 à 17h30","latitude":43.5683,"longitude":5.35417,"website":"https://www.mairie-eguilles.fr/fr/","hasWebsite":true,"hasHoraires":true,"url":"https://lannuaire.service-public.gouv.fr/provence-alpes-cote-d-azur/bouches-du-rhone/b7677b06-4d70-43bf-957f-46a1160c77c3"}
{"nom":"Ensuès-la-Redonne","nomNormalise":"ensueslaredonne","typeCollectivite":"Commune","region":"Provence-Alpes-Côte d'Azur","departement":"Bouches-du-Rhône","departementCode":"13","adresse":{"street":"15 avenue du Général-Monsabert","postalCode":"13820","city":"Ensuès-la-Redonne","country":"France"},"contacts":{"email":"accueil@mairie-ensues.fr","telephone":"0442448888"},"horaires":"Le Lundi : de 08h30 à 12h00 de 13h30 à 17h00\nLe Mardi : de 08h30 à 12h00 de 13h30 à 19h00\nDu Mercredi au Vendredi : de 08h30 à 12h00 de 13h30 à 17h00\nLe Samedi : de 09h00 à 12h00","latitude":43.356556,"longitude":5.206069,"website":"","hasWebsite":false,"hasHoraires":true,"url":"https://lannuaire.service-public.gouv.fr/provence-alpes-cote-d-azur/bouches-du-rhone/ad9b50d0-7aca-48a8-ad58-d6499f7ab672"}
{"nom":"Eygalières","nomNormalise":"eygalieres","typeCollectivite":"Commune","region":"Provence-Alpes-Côte d'Azur","departement":"Bouches-du-Rhône","departementCode":"13","adresse":{"street":"Place Marcel-Bonein","postalCode":"13810","city":"Eygalières","country":"France"},"contacts":{"email":"info@mairieeygalieres.fr","telephone":"0490959101"},"horaires":"Du Lundi au Vendredi : de 08h00 à 12h00 de 14h00 à 17h00","latitude":43.76015,"longitude":4.950151,"website":"https://www.mairieeygalieres.com/","hasWebsite":true,"hasHoraires":true,"url":"https://lannuaire.service-public.gouv.fr/provence-alpes-cote-d-azur/bouches-du-rhone/6d7982d9-4baf-4a52-b818-bdac7c342066"}
{"nom":"Eyguières","nomNormalise":"eyguieres","typeCollectivite":"Commune","region":"Provence-Alpes-Côte d'Azur","departement":"Bouches-du-Rhône","departementCode":"13","adresse":{"street":"Rue du Couvent","postalCode":"13430","city":"Eyguières","country":"France"},"contacts":{"email":"secretariat.general@mairie-eyguieres.fr","telephone":"0490598800"},"horaires":"Du Lundi au Mercredi : de 08h30 à 12h00 de 13h30 à 17h00\nLe Jeudi : de 08h30 à 12h00 de 13h30 à 18h30\nLe Vendredi : de 08h30 à 12h00 de 13h30 à 17h00\n\nPendant la crise sanitaire fermeture à 17h le jeudi.","latitude":43.6948,"longitude":5.0323,"website":"https://www.eyguieres.org/","hasWebsite":true,"hasHoraires":true,"url":"https://lannuaire.service-public.gouv.fr/provence-alpes-cote-d-azur/bouches-du-rhone/ef02e9d6-8671-42e4-a4cf-b329b570da6b"}
{"nom":"Eyragues","nomNormalise":"eyragues","typeCollectivite":"Commune","region":"Provence-Alpes-Côte d'Azur","departement":"Bouches-du-Rhône","departementCode":"13","adresse":{"street":"Place de la Libération","postalCode":"13630","city":"Eyragues","country":"France"},"contacts":{"email":"accueil@eyragues.fr","telephone":"0490249900"},"horaires":"Du Lundi au Jeudi : de 08h00 à 12h00 de 13h30 à 17h30\nLe Vendredi : de 08h00 à 12h00 de 13h30 à 16h30\n\nAccueil ouvert à 8h30 du 1er octobre au 31 mars.","latitude":43.840668,"longitude":4.841572,"website":"http://www.eyragues.org/","hasWebsite":true,"hasHoraires":true,"url":"https://lannuaire.service-public.gouv.fr/provence-alpes-cote-d-azur/bouches-du-rhone/11ace927-ff3d-44c9-9568-7dca5aff71d8"}
{"nom":"Fontvieille","nomNormalise":"fontvieille","typeCollectivite":"Commune","region":"Provence-Alpes-Côte d'Azur","departement":"Bouches-du-Rhône","departementCode":"13","adresse":{"street":"8 rue Marcel-Honorat","postalCode":"13990","city":"Fontvieille","country":"France"},"contacts":{"email":"mairie@fontvieille.fr","telephone":"0490547902"},"horaires":"Du Lundi au Vendredi : de 08h30 à 12h30 de 13h30 à 17h30","latitude":43.72485,"longitude":4.7120395,"website":"https://www.fontvieille.fr/","hasWebsite":true,"hasHoraires":true,"url":"https://lannuaire.service-public.gouv.fr/provence-alpes-cote-d-azur/bouches-du-rhone/b8d38924-508d-4a76-a6b4-ba1b938c3580"}
{"nom":"Fos-sur-Mer","nomNormalise":"fossurmer","typeCollectivite":"Commune","region":"Provence-Alpes-Côte d'Azur","departement":"Bouches-du-Rhône","departementCode":"13","adresse":{"street":"Avenue René-Cassin","postalCode":"13771","city":"Fos-sur-Mer","country":"France"},"contacts":{"email":"courrier@mairie-fos-sur-mer.fr","telephone":"0442477000"},"horaires":"Du Lundi au Vendredi : de 08h30 à 17h30","latitude":43.452,"longitude":4.94259,"website":"https://www.fossurmer.fr/","hasWebsite":true,"hasHoraires":true,"url":"https://lannuaire.service-public.gouv.fr/provence-alpes-cote-d-azur/bouches-du-rhone/0b15ff59-1d2d-4701-9798-5e518b00acea"}
{"nom":"Fuveau","nomNormalise":"fuveau","typeCollectivite":"Commune","region":"Provence-Alpes-Côte d'Azur","departement":"Bouches-du-Rhône","departementCode":"13","adresse":{"street":"26 boulevard Émile-Loubet","postalCode":"13710","city":"Fuveau","country":"France"},"contacts":{"email":"mlemaire@mairie-fuveau.com","telephone":"0442656500"},"horaires":"Le Lundi : de 08h30 à 12h00\nDu Mardi au Vendredi : de 08h30 à 12h00 de 15h00 à 17h30","latitude":43.453903,"longitude":5.560906,"website":"https://www.mairiedefuveau.fr/","hasWebsite":true,"hasHoraires":true,"url":"https://lannuaire.service-public.gouv.fr/provence-alpes-cote-d-azur/bouches-du-rhone/6a6ead00-9e41-43d5-9146-d9298c7f3bf1"}
{"nom":"Gardanne","nomNormalise":"gardanne","typeCollectivite":"Commune","region":"Provence-Alpes-Côte d'Azur","departement":"Bouches-du-Rhône","departementCode":"13","adresse":{"street":"Cours de la République","postalCode":"13120","city":"Gardanne","country":"France"},"contacts":{"email":"accueil@ville-gardanne.fr","telephone":"0442517900"},"horaires":"Du Lundi au Vendredi : de 08h30 à 12h00 de 13h00 à 17h30\nLe Samedi : de 09h30 à 12h00","latitude":43.45567,"longitude":5.470649,"website":"http://www.ville-gardanne.fr/","hasWebsite":true,"hasHoraires":true,"url":"https://lannuaire.service-public.gouv.fr/provence-alpes-cote-d-azur/bouches-du-rhone/3be2c15a-d526-4693-8c6b-313f5ff480e9"}
{"nom":"Gémenos","nomNormalise":"gemenos","typeCollectivite":"Commune","region":"Provence-Alpes-Côte d'Azur","departement":"Bouches-du-Rhône","departementCode":"13","adresse":{"street":"Place du Général-de-Gaulle","postalCode":"13420","city":"Gémenos","country":"France"},"contacts":{"email":"contactsg@mairie-gemenos.fr","telephone":"0442328900"},"horaires":"Du Lundi au Vendredi : de 08h30 à 12h15 de 13h30 à 17h00\nLe Samedi : de 09h00 à 12h00\n\nAccueil ouvert uniquement pour l'état civil.","latitude":43.295437,"longitude":5.628422,"website":"https://www.mairie-gemenos.fr/","hasWebsite":true,"hasHoraires":true,"url":"https://lannuaire.service-public.gouv.fr/provence-alpes-cote-d-azur/bouches-du-rhone/9bfeb9a2-fe76-4a65-ae7e-89e7aabaf451"}
{"nom":"Gignac-la-Nerthe","nomNormalise":"gignaclanerthe","typeCollectivite":"Commune","region":"Provence-Alpes-Côte d'Azur","departement":"Bouches-du-Rhône","departementCode":"13","adresse":{"street":"Place de la Mairie","postalCode":"13180","city":"Gignac-la-Nerthe","country":"France"},"contacts":{"email":"","telephone":"0442770000"},"horaires":"Du Lundi au Jeudi : de 08h30 à 12h00 de 13h30 à 17h00\nLe Vendredi : de 08h30 à 12h00 de 13h30 à 16h00","latitude":43.388187,"longitude":5.2313194,"website":"http://www.gignaclanerthe.fr/","hasWebsite":true,"hasHoraires":true,"url":"https://lannuaire.service-public.gouv.fr/provence-alpes-cote-d-azur/bouches-du-rhone/72a84749-59fc-4286-a519-1e534474e8de"}
{"nom":"Grans","nomNormalise":"grans","typeCollectivite":"Commune","region":"Provence-Alpes-Côte d'Azur","departement":"Bouches-du-Rhône","departementCode":"13","adresse":{"street":"Boulevard Victor-Jauffret","postalCode":"13450","city":"Grans","country":"France"},"contacts":{"email":"accueil@grans.fr","telephone":"0490559970"},"horaires":"Du Lundi au Vendredi : de 08h00 à 12h00 de 13h30 à 17h30\nLe Samedi : de 09h00 à 12h00\n\nPermanence uniquement un samedi par mois, indication sur le site internet.","latitude":43.6092,"longitude":5.06518,"website":"http://www.grans.fr/","hasWebsite":true,"hasHoraires":true,"url":"https://lannuaire.service-public.gouv.fr/provence-alpes-cote-d-azur/bouches-du-rhone/4482a5b8-3f57-47b9-8493-5f15f4268135"}
{"nom":"Graveson","nomNormalise":"graveson","typeCollectivite":"Commune","region":"Provence-Alpes-Côte d'Azur","departement":"Bouches-du-Rhône","departementCode":"13","adresse":{"street":"8 cours National","postalCode":"13690","city":"Graveson","country":"France"},"contacts":{"email":"urbanisme@ville-graveson.fr","telephone":"0490957105"},"horaires":"Du Lundi au Vendredi : de 08h30 à 12h00 de 13h30 à 18h00","latitude":43.850986,"longitude":4.77332,"website":"https://www.graveson.fr/","hasWebsite":true,"hasHoraires":true,"url":"https://lannuaire.service-public.gouv.fr/provence-alpes-cote-d-azur/bouches-du-rhone/ffe3ddf7-780b-457b-8fe1-504b3c7bc410"}
{"nom":"Gréasque","nomNormalise":"greasque","typeCollectivite":"Commune","region":"Provence-Alpes-Côte d'Azur","departement":"Bouches-du-Rhône","departementCode":"13","adresse":{"street":"2 boulevard Marius-Olive","postalCode":"13850","city":"Gréasque","country":"France"},"contacts":{"email":"secretariatdumaire@greasque.fr","telephone":"0442698606"},"horaires":"Du Lundi au Mardi : de 08h30 à 12h00 de 15h30 à 17h30\nLe Mercredi : de 08h30 à 12h00 de 14h00 à 17h30\nDu Jeudi au Vendredi : de 08h30 à 12h00 de 15h30 à 17h30\nLe Samedi : de 09h00 à 12h00\n\nAccueil ouvert les 1er et 3e samedis du mois, uniquement pour l'état civil.","latitude":43.4323,"longitude":5.54279,"website":"https://www.ville-greasque.fr/","hasWebsite":true,"hasHoraires":true,"url":"https://lannuaire.service-public.gouv.fr/provence-alpes-cote-d-azur/bouches-du-rhone/ad123817-23c4-4835-9e5b-333d8c48302f"}
{"nom":"Istres","nomNormalise":"istres","typeCollectivite":"Commune","region":"Provence-Alpes-Côte d'Azur","departement":"Bouches-du-Rhône","departementCode":"13","adresse":{"street":"1 esplanade Bernardin-Laugier","postalCode":"13800","city":"Istres","country":"France"},"contacts":{"email":"","telephone":"0413295000"},"horaires":"Le Lundi : de 08h00 à 18h00\n\nSans interruption.\nDu Mardi au Vendredi : de 08h00 à 12h00 de 13h30 à 17h45","latitude":43.516647,"longitude":4.989925,"website":"https://www.istres.fr/","hasWebsite":true,"hasHoraires":true,"url":"https://lannuaire.service-public.gouv.fr/provence-alpes-cote-d-azur/bouches-du-rhone/bf94dcb6-081a-42f1-a2fb-042b93693ed3"}
{"nom":"Jouques","nomNormalise":"jouques","typeCollectivite":"Commune","region":"Provence-Alpes-Côte d'Azur","departement":"Bouches-du-Rhône","departementCode":"13","adresse":{"street":"39 boulevard de la République","postalCode":"13490","city":"Jouques","country":"France"},"contacts":{"email":"mairie@jouques.fr","telephone":"0442637950"},"horaires":"Du Lundi au Mardi : de 08h30 à 12h00\nLe Mercredi : de 13h00 à 16h30\n\nAccueil téléphonique l'après-midi.\nLe Jeudi : de 08h30 à 12h00\n\nAccueil téléphonique l'après-midi.\nLe Vendredi : de 08h00 à 12h00 de 13h00 à 16h30","latitude":43.636982,"longitude":5.638096,"website":"https://www.jouques.fr/","hasWebsite":true,"hasHoraires":true,"url":"https://lannuaire.service-public.gouv.fr/provence-alpes-cote-d-azur/bouches-du-rhone/d7797945-71a7-44de-a3c9-48e27f2294a1"}
{"nom":"La Barben","nomNormalise":"labarben","typeCollectivite":"Commune","region":"Provence-Alpes-Côte d'Azur","departement":"Bouches-du-Rhône","departementCode":"13","adresse":{"street":"1 place de Forbin","postalCode":"13330","city":"La Barben","country":"France"},"contacts":{"email":"accueil@labarben.fr","telephone":"0490551889"},"horaires":"Le Lundi : de 08h00 à 12h00 de 13h30 à 17h00\nLe Mardi : de 09h00 à 12h00\nDu Mercredi au Jeudi : de 09h00 à 12h00 de 13h30 à 17h00\nLe Vendredi : de 08h00 à 12h00","latitude":43.629967,"longitude":5.175609,"website":"http://www.labarben.fr/","hasWebsite":true,"hasHoraires":true,"url":"https://lannuaire.service-public.gouv.fr/provence-alpes-cote-d-azur/bouches-du-rhone/eb9c2c79-fadd-4766-bb6a-3d439205cdc9"}
{"nom":"La Bouilladisse","nomNormalise":"labouilladisse","typeCollectivite":"Commune","region":"Provence-Alpes-Côte d'Azur","departement":"Bouches-du-Rhône","departementCode":"13","adresse":{"street":"Place de la Libération","postalCode":"13720","city":"La Bouilladisse","country":"France"},"contacts":{"email":"mairie@ville-bouilladisse.com","telephone":"0442629708"},"horaires":"Du Lundi au Jeudi : de 08h00 à 12h00 de 13h30 à 17h30\nLe Vendredi : de 13h30 à 17h30","latitude":43.39433,"longitude":5.5938034,"website":"http://www.ville-bouilladisse.com/","hasWebsite":true,"hasHoraires":true,"url":"https://lannuaire.service-public.gouv.fr/provence-alpes-cote-d-azur/bouches-du-rhone/082756fd-9ad3-4c9d-9158-7116e5a34675"}
{"nom":"La Ciotat","nomNormalise":"laciotat","typeCollectivite":"Commune","region":"Provence-Alpes-Côte d'Azur","departement":"Bouches-du-Rhône","departementCode":"13","adresse":{"street":"Rond-point des Messageries-Maritimes","postalCode":"13708","city":"La Ciotat","country":"France"},"contacts":{"email":"information@mairie-laciotat.fr","telephone":"0442088800"},"horaires":"Du Lundi au Jeudi : de 09h00 à 12h00 de 14h00 à 17h00\nLe Vendredi : de 09h00 à 12h00 de 14h00 à 16h30","latitude":43.17372,"longitude":5.606032,"website":"https://www.laciotat.com/","hasWebsite":true,"hasHoraires":true,"url":"https://lannuaire.service-public.gouv.fr/provence-alpes-cote-d-azur/bouches-du-rhone/7edeab62-1657-4fd4-b1c0-0942cfec4e42"}
{"nom":"La Destrousse","nomNormalise":"ladestrousse","typeCollectivite":"Commune","region":"Provence-Alpes-Côte d'Azur","departement":"Bouches-du-Rhône","departementCode":"13","adresse":{"street":"Place de la Mairie","postalCode":"13112","city":"La Destrousse","country":"France"},"contacts":{"email":"accueil@ladestrousse.fr","telephone":"0442184930"},"horaires":"Le Lundi : de 08h30 à 11h30 de 15h00 à 18h00\nLe Mardi : de 15h00 à 18h00\nDu Mercredi au Jeudi : de 08h30 à 11h30 de 15h00 à 18h00\nLe Vendredi : de 08h30 à 11h30 de 15h00 à 17h30\n\nDurant les congés de d'été l'accueil se fait de 8h30 à 12h et de 14h à 17h, fermé le mardi matin.","latitude":43.377144,"longitude":5.605565,"website":"http://www.ladestrousse.fr/","hasWebsite":true,"hasHoraires":true,"url":"https://lannuaire.service-public.gouv.fr/provence-alpes-cote-d-azur/bouches-du-rhone/e317d748-901c-45d0-8704-8e650d2a94b1"}
{"nom":"La Fare-les-Oliviers","nomNormalise":"lafarelesoliviers","typeCollectivite":"Commune","region":"Provence-Alpes-Côte d'Azur","departement":"Bouches-du-Rhône","departementCode":"13","adresse":{"street":"Place Camille-Pelletan","postalCode":"13580","city":"La Fare-les-Oliviers","country":"France"},"contacts":{"email":"communication@lafarelesoliviers.fr","telephone":"0490454600"},"horaires":"Du Lundi au Vendredi : de 08h30 à 12h00 de 14h00 à 17h00","latitude":43.551056,"longitude":5.195903,"website":"http://www.lafarelesoliviers.com/","hasWebsite":true,"hasHoraires":true,"url":"https://lannuaire.service-public.gouv.fr/provence-alpes-cote-d-azur/bouches-du-rhone/e0ac36ca-4a56-43ca-a80b-3388113083aa"}
{"nom":"Lamanon","nomNormalise":"lamanon","typeCollectivite":"Commune","region":"Provence-Alpes-Côte d'Azur","departement":"Bouches-du-Rhône","departementCode":"13","adresse":{"street":"34 Grand'rue","postalCode":"13113","city":"Lamanon","country":"France"},"contacts":{"email":"mairie@lamanon.fr","telephone":"0490595607"},"horaires":"Du Lundi au Vendredi : de 08h00 à 12h00 de 14h00 à 17h00","latitude":43.701267,"longitude":5.085062,"website":"http://www.lamanon.fr/","hasWebsite":true,"hasHoraires":true,"url":"https://lannuaire.service-public.gouv.fr/provence-alpes-cote-d-azur/bouches-du-rhone/4e5a79b3-d0e6-49cf-8439-e8835b0eb334"}
{"nom":"Lambesc","nomNormalise":"lambesc","typeCollectivite":"Commune","region":"Provence-Alpes-Côte d'Azur","departement":"Bouches-du-Rhône","departementCode":"13","adresse":{"street":"6 boulevard de la République","postalCode":"13410","city":"Lambesc","country":"France"},"contacts":{"email":"webmaster@lambesc.fr","telephone":"0442170050"},"horaires":"Du Lundi au Mardi : de 08h00 à 12h00 de 13h30 à 17h00\nLe Mercredi : de 08h00 à 12h00 de 14h00 à 18h00\nDu Jeudi au Vendredi : de 08h00 à 12h00 de 13h30 à 17h00\nLe Samedi : de 08h30 à 12h00\nServices passeport et carte d'identité ouvert uniquement sur rendez-vous du lundi au samedi.","latitude":43.654915,"longitude":5.2627087,"website":"https://www.lambesc.fr/","hasWebsite":true,"hasHoraires":true,"url":"https://lannuaire.service-public.gouv.fr/provence-alpes-cote-d-azur/bouches-du-rhone/86fccf44-f330-4582-a6f8-cd5d396508f1"}
{"nom":"Lançon-Provence","nomNormalise":"lanconprovence","typeCollectivite":"Commune","region":"Provence-Alpes-Côte d'Azur","departement":"Bouches-du-Rhône","departementCode":"13","adresse":{"street":"Place du Champ-de-Mars","postalCode":"13680","city":"Lançon-Provence","country":"France"},"contacts":{"email":"mairie@lancon-provence.fr","telephone":"0490429810"},"horaires":"Du Lundi au Vendredi : de 08h30 à 12h30 de 13h30 à 17h00\nTous les mardis, ouverture jusqu'à 18h30 des services Affaires Générales, Affaires Scolaires et Urbanisme (sur rendez-vous).","latitude":43.591454,"longitude":5.1244154,"website":"https://www.lancon-provence.fr/fr/accueil.html","hasWebsite":true,"hasHoraires":true,"url":"https://lannuaire.service-public.gouv.fr/provence-alpes-cote-d-azur/bouches-du-rhone/24c9697f-f7d6-418e-a1b5-f3961e3fd303"}
{"nom":"La Penne-sur-Huveaune","nomNormalise":"lapennesurhuveaune","typeCollectivite":"Commune","region":"Provence-Alpes-Côte d'Azur","departement":"Bouches-du-Rhône","departementCode":"13","adresse":{"street":"14 boulevard de la Gare","postalCode":"13821","city":"La Penne-sur-Huveaune","country":"France"},"contacts":{"email":"","telephone":"0491884400"},"horaires":"Du Lundi au Mardi : de 08h30 à 12h00 de 14h00 à 17h30\nLe Mercredi : de 08h30 à 12h00 de 14h00 à 18h00\nDu Jeudi au Vendredi : de 08h30 à 12h00 de 14h00 à 17h30","latitude":43.2845,"longitude":5.5141,"website":"http://www.mairie-lapennesurhuveaune.fr/","hasWebsite":true,"hasHoraires":true,"url":"https://lannuaire.service-public.gouv.fr/provence-alpes-cote-d-azur/bouches-du-rhone/76be1e92-cc89-4064-b609-8298a3d8c8e5"}
{"nom":"La Roque-d'Anthéron","nomNormalise":"laroquedantheron","typeCollectivite":"Commune","region":"Provence-Alpes-Côte d'Azur","departement":"Bouches-du-Rhône","departementCode":"13","adresse":{"street":"2 avenue de l'Europe-Unie","postalCode":"13640","city":"La Roque-d'Anthéron","country":"France"},"contacts":{"email":"mairie@ville-laroquedantheron.fr","telephone":"0442957070"},"horaires":"Du Lundi au Jeudi : de 08h30 à 11h30 de 14h00 à 16h00\nLe Vendredi : de 08h30 à 13h30","latitude":43.7149,"longitude":5.30747,"website":"http://www.ville-laroquedantheron.fr/","hasWebsite":true,"hasHoraires":true,"url":"https://lannuaire.service-public.gouv.fr/provence-alpes-cote-d-azur/bouches-du-rhone/e77e9d85-fbb7-4c8a-9f69-3d605956c514"}
{"nom":"Le Puy-Sainte-Réparade","nomNormalise":"lepuysaintereparade","typeCollectivite":"Commune","region":"Provence-Alpes-Côte d'Azur","departement":"Bouches-du-Rhône","departementCode":"13","adresse":{"street":"2 avenue des Anciens-Combattants","postalCode":"13610","city":"Le Puy-Sainte-Réparade","country":"France"},"contacts":{"email":"contact@mairie-lepuysaintereparade.fr","telephone":"0442618236"},"horaires":"Du Lundi au Mardi : de 08h30 à 12h00 de 13h30 à 17h30\nLe Mercredi : de 08h30 à 12h00\nDu Jeudi au Vendredi : de 08h30 à 12h00 de 13h30 à 17h30\nLe Samedi : de 09h00 à 12h00","latitude":43.6633,"longitude":5.43683,"website":"http://www.ville-lepuysaintereparade.fr/","hasWebsite":true,"hasHoraires":true,"url":"https://lannuaire.service-public.gouv.fr/provence-alpes-cote-d-azur/bouches-du-rhone/bb358985-fcde-4e1d-882a-b1c21c94cad0"}
{"nom":"Le Rove","nomNormalise":"lerove","typeCollectivite":"Commune","region":"Provence-Alpes-Côte d'Azur","departement":"Bouches-du-Rhône","departementCode":"13","adresse":{"street":"4 rue Jacques-Duclos","postalCode":"13740","city":"Le Rove","country":"France"},"contacts":{"email":"t.chauvelot@le-rove.fr","telephone":"0491468000"},"horaires":"Du Lundi au Jeudi : de 08h30 à 12h00 de 14h00 à 17h30\nLe Vendredi : de 08h30 à 12h00 de 14h00 à 17h00","latitude":43.370594,"longitude":5.252712,"website":"https://www.lerove.fr/","hasWebsite":true,"hasHoraires":true,"url":"https://lannuaire.service-public.gouv.fr/provence-alpes-cote-d-azur/bouches-du-rhone/35462b5a-f241-4ccf-ac63-33ddcc8291c4"}
{"nom":"Les Baux-de-Provence","nomNormalise":"lesbauxdeprovence","typeCollectivite":"Commune","region":"Provence-Alpes-Côte d'Azur","departement":"Bouches-du-Rhône","departementCode":"13","adresse":{"street":"Hôtel de Manville","postalCode":"13520","city":"Les Baux-de-Provence","country":"France"},"contacts":{"email":"accueil-mairie@lesbauxdeprovence.com","telephone":"0490543403"},"horaires":"Du Lundi au Vendredi : de 09h00 à 12h30 de 13h30 à 17h00","latitude":43.743313,"longitude":4.794811,"website":"https://www.lesbauxdeprovence.com/","hasWebsite":true,"hasHoraires":true,"url":"https://lannuaire.service-public.gouv.fr/provence-alpes-cote-d-azur/bouches-du-rhone/9278d21b-d230-4edc-92a9-f9539202a458"}
{"nom":"Les Pennes-Mirabeau","nomNormalise":"lespennesmirabeau","typeCollectivite":"Commune","region":"Provence-Alpes-Côte d'Azur","departement":"Bouches-du-Rhône","departementCode":"13","adresse":{"street":"223 avenue François-Mitterrand","postalCode":"13170","city":"Les Pennes-Mirabeau","country":"France"},"contacts":{"email":"dgs@vlpm.com","telephone":"0969362412"},"horaires":"Du Lundi au Vendredi : de 08h30 à 12h00 de 13h30 à 17h30","latitude":43.40029,"longitude":5.339909,"website":"http://www.pennes-mirabeau.org/","hasWebsite":true,"hasHoraires":true,"url":"https://lannuaire.service-public.gouv.fr/provence-alpes-cote-d-azur/bouches-du-rhone/b190113b-f477-4511-ab42-fd0ce6db615b"}
{"nom":"Le Tholonet","nomNormalise":"letholonet","typeCollectivite":"Commune","region":"Provence-Alpes-Côte d'Azur","departement":"Bouches-du-Rhône","departementCode":"13","adresse":{"street":"3384 route Cézanne","postalCode":"13100","city":"Le Tholonet","country":"France"},"contacts":{"email":"accueil@letholonet.fr","telephone":"0442669041"},"horaires":"Le Lundi : de 08h30 à 12h00 de 13h00 à 16h00\nLe Mardi : de 08h30 à 12h00\nLe Mercredi : de 08h30 à 12h00 de 13h00 à 16h00\nLe Jeudi : de 08h30 à 12h00\nLe Vendredi : de 08h30 à 12h00 de 13h00 à 16h00","latitude":43.522087,"longitude":5.513928,"website":"https://letholonet.fr/","hasWebsite":true,"hasHoraires":true,"url":"https://lannuaire.service-public.gouv.fr/provence-alpes-cote-d-azur/bouches-du-rhone/92824890-76be-48b4-a18b-c0430ec37682"}
{"nom":"Maillane","nomNormalise":"maillane","typeCollectivite":"Commune","region":"Provence-Alpes-Côte d'Azur","departement":"Bouches-du-Rhône","departementCode":"13","adresse":{"street":"Place de l'Église","postalCode":"13910","city":"Maillane","country":"France"},"contacts":{"email":"accueil@maillane.fr","telephone":"0490957406"},"horaires":"Du Lundi au Mercredi : de 08h30 à 12h30 de 13h30 à 17h30\nLe Jeudi : de 08h30 à 12h30\nLe Vendredi : de 08h30 à 12h30 de 13h30 à 17h30","latitude":43.8318,"longitude":4.782,"website":"https://maillane.fr/","hasWebsite":true,"hasHoraires":true,"url":"https://lannuaire.service-public.gouv.fr/provence-alpes-cote-d-azur/bouches-du-rhone/ca237763-c47f-4361-973c-a96d62b07117"}
{"nom":"Mallemort","nomNormalise":"mallemort","typeCollectivite":"Commune","region":"Provence-Alpes-Côte d'Azur","departement":"Bouches-du-Rhône","departementCode":"13","adresse":{"street":"Cours Victor-Hugo","postalCode":"13370","city":"Mallemort","country":"France"},"contacts":{"email":"mairie@mallemort13.fr","telephone":"0490591105"},"horaires":"Du Lundi au Vendredi : de 08h30 à 12h00 de 13h30 à 17h00","latitude":43.7292,"longitude":5.18016,"website":"http://www.mallemortdeprovence.com/","hasWebsite":true,"hasHoraires":true,"url":"https://lannuaire.service-public.gouv.fr/provence-alpes-cote-d-azur/bouches-du-rhone/e226b946-cbe0-4376-8c05-39da2b6674e2"}
{"nom":"Marignane","nomNormalise":"marignane","typeCollectivite":"Commune","region":"Provence-Alpes-Côte d'Azur","departement":"Bouches-du-Rhône","departementCode":"13","adresse":{"street":"Cours Mirabeau","postalCode":"13700","city":"Marignane","country":"France"},"contacts":{"email":"contact@ville-marignane.fr","telephone":"0442311111"},"horaires":"Du Lundi au Vendredi : de 08h30 à 12h00 de 13h00 à 17h00","latitude":43.417183,"longitude":5.215948,"website":"https://www.marignane.fr/","hasWebsite":true,"hasHoraires":true,"url":"https://lannuaire.service-public.gouv.fr/provence-alpes-cote-d-azur/bouches-du-rhone/9ef0cce8-f214-4ebf-be18-2369df0acf87"}
{"nom":"Marseille","nomNormalise":"marseille","typeCollectivite":"Commune","region":"Provence-Alpes-Côte d'Azur","departement":"Bouches-du-Rhône","departementCode":"13","adresse":{"street":"Quai du Port","postalCode":"13233","city":"Marseille Cedex 20","country":"France"},"contacts":{"email":"","telephone":"0491551111"},"horaires":"Du Lundi au Vendredi : de 08h30 à 12h00 de 13h30 à 17h00\nAccueil ouvert pour la permanence des élus sur rendez-vous uniquement.","latitude":43.297596,"longitude":5.369427,"website":"https://www.marseille.fr/","hasWebsite":true,"hasHoraires":true,"url":"https://lannuaire.service-public.gouv.fr/provence-alpes-cote-d-azur/bouches-du-rhone/c725dd63-a4a4-4b10-b87e-6295f95e123c"}
{"nom":"Marseille - 11e et 12e arrondissements","nomNormalise":"marseilleeetearrondissements","typeCollectivite":"Commune","region":"Provence-Alpes-Côte d'Azur","departement":"Bouches-du-Rhône","departementCode":"13","adresse":{"street":"Avenue Boulaya-d'Arnaud","postalCode":"13012","city":"Marseille","country":"France"},"contacts":{"email":"","telephone":"0491146240"},"horaires":"Du Lundi au Vendredi : de 08h00 à 16h30\nLe Samedi : de 08h30 à 11h30\n\nAccueil ouvert uniquement pour les mariages, déclarations de naissance et de décès.","latitude":43.297077,"longitude":5.443453,"website":"https://marseille1112.fr/","hasWebsite":true,"hasHoraires":true,"url":"https://lannuaire.service-public.gouv.fr/provence-alpes-cote-d-azur/bouches-du-rhone/0c68417f-596f-41a2-a0ad-f29e5636fa8d"}
{"nom":"Marseille - 13e et 14e arrondissements","nomNormalise":"marseilleeetearrondissements","typeCollectivite":"Commune","region":"Provence-Alpes-Côte d'Azur","departement":"Bouches-du-Rhône","departementCode":"13","adresse":{"street":"Bastide Saint-Joseph","postalCode":"13014","city":"Marseille","country":"France"},"contacts":{"email":"","telephone":"0491554202"},"horaires":"Du Lundi au Vendredi : de 08h00 à 12h00 de 12h45 à 17h00\nContacter l'accueil pour vérifier les horaires d'ouverture des différents services.","latitude":43.346996,"longitude":5.378119,"website":"https://mairie13-14.marseille.fr/","hasWebsite":true,"hasHoraires":true,"url":"https://lannuaire.service-public.gouv.fr/provence-alpes-cote-d-azur/bouches-du-rhone/862e9295-fe09-4a3f-b08a-7e8eaea9d28b"}
{"nom":"Marseille - 15e et 16e arrondissements","nomNormalise":"marseilleeetearrondissements","typeCollectivite":"Commune","region":"Provence-Alpes-Côte d'Azur","departement":"Bouches-du-Rhône","departementCode":"13","adresse":{"street":"Parc François-Billoux","postalCode":"13015","city":"Marseille","country":"France"},"contacts":{"email":"","telephone":"0491146040"},"horaires":"Du Lundi au Vendredi : de 08h15 à 12h00 de 13h00 à 16h30\nLe Samedi : de 09h00 à 11h00\n\nAccueil ouvert uniquement pour les déclarations de décès et de naissance.","latitude":43.332165,"longitude":5.364557,"website":"https://mairie-marseille15-16.fr/","hasWebsite":true,"hasHoraires":true,"url":"https://lannuaire.service-public.gouv.fr/provence-alpes-cote-d-azur/bouches-du-rhone/4bfb36ce-13ad-4571-bdd8-8356ca4cbd00"}
{"nom":"Marseille - 1er et 7e arrondissements","nomNormalise":"marseilleeretearrondissements","typeCollectivite":"Commune","region":"Provence-Alpes-Côte d'Azur","departement":"Bouches-du-Rhône","departementCode":"13","adresse":{"street":"61 la Canebière","postalCode":"13001","city":"Marseille","country":"France"},"contacts":{"email":"contact1-7@marseille.fr","telephone":"0491145410"},"horaires":"Du Lundi au Vendredi : de 08h30 à 12h10 de 13h10 à 16h30","latitude":43.297012,"longitude":5.379013,"website":"https://mairie1-7.marseille.fr/pages/la-mairie-du-1er-secteur","hasWebsite":true,"hasHoraires":true,"url":"https://lannuaire.service-public.gouv.fr/provence-alpes-cote-d-azur/bouches-du-rhone/4a87b537-a4c2-43d0-a701-f70cff51158a"}
{"nom":"Marseille - 2e et 3e arrondissements","nomNormalise":"marseilleeetearrondissements","typeCollectivite":"Commune","region":"Provence-Alpes-Côte d'Azur","departement":"Bouches-du-Rhône","departementCode":"13","adresse":{"street":"2 place de la Major","postalCode":"13002","city":"Marseille","country":"France"},"contacts":{"email":"mairie2-3@marseille.fr","telephone":"0491145780"},"horaires":"Du Lundi au Vendredi : de 08h30 à 12h10 de 13h10 à 16h30","latitude":43.298603,"longitude":5.364945,"website":"http://www.mairie-marseille2-3.com/","hasWebsite":true,"hasHoraires":true,"url":"https://lannuaire.service-public.gouv.fr/provence-alpes-cote-d-azur/bouches-du-rhone/eb31ecb6-b435-446a-868a-451f0bfff629"}
{"nom":"Marseille - 4e et 5e arrondissements","nomNormalise":"marseilleeetearrondissements","typeCollectivite":"Commune","region":"Provence-Alpes-Côte d'Azur","departement":"Bouches-du-Rhône","departementCode":"13","adresse":{"street":"13 square Sidi-Brahim","postalCode":"13005","city":"Marseille","country":"France"},"contacts":{"email":"","telephone":"0491146030"},"horaires":"Du Lundi au Vendredi : de 08h30 à 18h15\nLe Samedi : de 08h30 à 12h00\n\nAccueil uniquement pour les déclarations de décès, pendant la crise sanitaire accueil ouvert du lundi au vendredi de 8h30 à 12h et de 14h à 16h30, fermeture à 16h pour l'état civil.","latitude":43.29766,"longitude":5.399119,"website":"https://marseille4-5.fr/","hasWebsite":true,"hasHoraires":true,"url":"https://lannuaire.service-public.gouv.fr/provence-alpes-cote-d-azur/bouches-du-rhone/a8acc826-382c-43d6-90d3-07ed7e32b978"}
{"nom":"Marseille - 6e et 8e arrondissements","nomNormalise":"marseilleeetearrondissements","typeCollectivite":"Commune","region":"Provence-Alpes-Côte d'Azur","departement":"Bouches-du-Rhône","departementCode":"13","adresse":{"street":"125 rue du Commandant-Rolland","postalCode":"13008","city":"Marseille","country":"France"},"contacts":{"email":"mairie6-8@marseille.fr","telephone":"0491551584"},"horaires":"Du Lundi au Vendredi : de 08h00 à 16h00\nLe Samedi : de 08h30 à 11h00","latitude":43.270237,"longitude":5.382315,"website":"https://mairie-marseille6-8.fr/","hasWebsite":true,"hasHoraires":true,"url":"https://lannuaire.service-public.gouv.fr/provence-alpes-cote-d-azur/bouches-du-rhone/8a7e4232-7f78-45a9-90ca-8920c24e1c90"}
{"nom":"Marseille - 9e et 10e arrondissements","nomNormalise":"marseilleeetearrondissements","typeCollectivite":"Commune","region":"Provence-Alpes-Côte d'Azur","departement":"Bouches-du-Rhône","departementCode":"13","adresse":{"street":"150 boulevard Paul-Claudel","postalCode":"13009","city":"Marseille","country":"France"},"contacts":{"email":"mairie910@marseille.fr","telephone":"0491146350"},"horaires":"Du Lundi au Vendredi : de 08h30 à 17h00\nFermeture de l'état-civil à 16h15.","latitude":43.268078,"longitude":5.416975,"website":"https://marseille9-10.fr/","hasWebsite":true,"hasHoraires":true,"url":"https://lannuaire.service-public.gouv.fr/provence-alpes-cote-d-azur/bouches-du-rhone/9ed44050-aae0-4633-8420-a8a320633ea1"}
{"nom":"Martigues","nomNormalise":"martigues","typeCollectivite":"Commune","region":"Provence-Alpes-Côte d'Azur","departement":"Bouches-du-Rhône","departementCode":"13","adresse":{"street":"Avenue Louis-Sammut","postalCode":"13690","city":"Martigues","country":"France"},"contacts":{"email":"le-maire@ville-martigues.fr","telephone":"0442443333"},"horaires":"Du Lundi au Vendredi : de 08h30 à 12h00 de 13h30 à 17h30","latitude":43.40524,"longitude":5.048194,"website":"https://www.ville-martigues.fr/","hasWebsite":true,"hasHoraires":true,"url":"https://lannuaire.service-public.gouv.fr/provence-alpes-cote-d-azur/bouches-du-rhone/7f93bec3-1c52-4804-9b8e-2b0779ac3dcf"}
{"nom":"Mas-Blanc-des-Alpilles","nomNormalise":"masblancdesalpilles","typeCollectivite":"Commune","region":"Provence-Alpes-Côte d'Azur","departement":"Bouches-du-Rhône","departementCode":"13","adresse":{"street":"Place Pierre-Limberton","postalCode":"13103","city":"Mas-Blanc-des-Alpilles","country":"France"},"contacts":{"email":"mairie.mba@orange.fr","telephone":"0490490798"},"horaires":"Le Lundi : de 09h00 à 12h00 de 14h00 à 17h00\nLe Mardi : de 14h00 à 17h00\nDu Mercredi au Jeudi : de 09h00 à 12h00\nLe Vendredi : de 09h00 à 12h00 de 14h00 à 17h00","latitude":43.788662,"longitude":4.755755,"website":"http://www.masblancdesalpilles.fr/","hasWebsite":true,"hasHoraires":true,"url":"https://lannuaire.service-public.gouv.fr/provence-alpes-cote-d-azur/bouches-du-rhone/eac773a8-e119-4569-bc36-1c409d32e136"}
{"nom":"Maussane-les-Alpilles","nomNormalise":"maussanelesalpilles","typeCollectivite":"Commune","region":"Provence-Alpes-Côte d'Azur","departement":"Bouches-du-Rhône","departementCode":"13","adresse":{"street":"Avenue de la Vallée-des-Baux","postalCode":"13520","city":"Maussane-les-Alpilles","country":"France"},"contacts":{"email":"contact.mairie@maussanelesalpilles.fr","telephone":"0490543006"},"horaires":"Du Lundi au Mardi : de 08h30 à 12h30 de 14h30 à 17h00\nLe Mercredi : de 08h30 à 12h30\nLe Jeudi : de 08h30 à 12h30 de 14h30 à 17h00\nLe Vendredi : de 08h30 à 12h30","latitude":43.7225,"longitude":4.79331,"website":"http://www.maussanelesalpilles.fr/","hasWebsite":true,"hasHoraires":true,"url":"https://lannuaire.service-public.gouv.fr/provence-alpes-cote-d-azur/bouches-du-rhone/95404a3a-5b7e-4fee-bad4-0b0a4fd0dec1"}
{"nom":"Meyrargues","nomNormalise":"meyrargues","typeCollectivite":"Commune","region":"Provence-Alpes-Côte d'Azur","departement":"Bouches-du-Rhône","departementCode":"13","adresse":{"street":"Avenue d'Albertas","postalCode":"13650","city":"Meyrargues","country":"France"},"contacts":{"email":"accueil@meyrargues.fr","telephone":"0442575009"},"horaires":"Du Lundi au Mardi : de 08h00 à 12h00\nLe Mercredi : de 08h00 à 12h00 de 14h00 à 18h00\nLe Jeudi : de 08h00 à 12h00\nLe Vendredi : de 08h00 à 12h00 de 14h00 à 18h00","latitude":43.6376,"longitude":5.52685,"website":"https://www.meyrargues.fr/","hasWebsite":true,"hasHoraires":true,"url":"https://lannuaire.service-public.gouv.fr/provence-alpes-cote-d-azur/bouches-du-rhone/9745acb0-24c4-4af2-a68e-2af5e60bcc73"}
{"nom":"Meyreuil","nomNormalise":"meyreuil","typeCollectivite":"Commune","region":"Provence-Alpes-Côte d'Azur","departement":"Bouches-du-Rhône","departementCode":"13","adresse":{"street":"Allée des Platanes","postalCode":"13590","city":"Meyreuil","country":"France"},"contacts":{"email":"info@ville-meyreuil.fr","telephone":"0442659065"},"horaires":"Du Lundi au Vendredi : de 09h00 à 12h30 de 13h30 à 17h00","latitude":43.4858,"longitude":5.49532,"website":"https://www.ville-meyreuil.fr/","hasWebsite":true,"hasHoraires":true,"url":"https://lannuaire.service-public.gouv.fr/provence-alpes-cote-d-azur/bouches-du-rhone/829f0109-7aa7-4cd5-9476-f2a3b9f21dcf"}
{"nom":"Mimet","nomNormalise":"mimet","typeCollectivite":"Commune","region":"Provence-Alpes-Côte d'Azur","departement":"Bouches-du-Rhône","departementCode":"13","adresse":{"street":"Place de la Mairie","postalCode":"13105","city":"Mimet","country":"France"},"contacts":{"email":"mimet.mairie@wanadoo.fr","telephone":"0442126242"},"horaires":"Du Lundi au Vendredi : de 08h30 à 16h30","latitude":43.4144,"longitude":5.50494,"website":"https://www.mimet.fr/","hasWebsite":true,"hasHoraires":true,"url":"https://lannuaire.service-public.gouv.fr/provence-alpes-cote-d-azur/bouches-du-rhone/cd095c2e-2f97-4bd7-8432-1e46df6282aa"}
{"nom":"Miramas","nomNormalise":"miramas","typeCollectivite":"Commune","region":"Provence-Alpes-Côte d'Azur","departement":"Bouches-du-Rhône","departementCode":"13","adresse":{"street":"Place Jean-Jaurès","postalCode":"13140","city":"Miramas","country":"France"},"contacts":{"email":"lemaire@mairie-miramas.fr","telephone":"0800013140"},"horaires":"Le Lundi : de 08h30 à 12h00 de 13h30 à 17h00\nLe Mardi : de 12h00 à 18h00\nDu Mercredi au Vendredi : de 08h30 à 12h00 de 13h30 à 17h00","latitude":43.5803,"longitude":5.00074,"website":"https://www.miramas.fr/","hasWebsite":true,"hasHoraires":true,"url":"https://lannuaire.service-public.gouv.fr/provence-alpes-cote-d-azur/bouches-du-rhone/b968787c-34f4-4ef2-80d6-9c910f06e6db"}
{"nom":"Mollégès","nomNormalise":"molleges","typeCollectivite":"Commune","region":"Provence-Alpes-Côte d'Azur","departement":"Bouches-du-Rhône","departementCode":"13","adresse":{"street":"1 place de l'Hôtel-de-Ville","postalCode":"13940","city":"Mollégès","country":"France"},"contacts":{"email":"mairie-molleges@orange.fr","telephone":"0490950351"},"horaires":"Le Lundi : de 08h00 à 12h00 de 13h30 à 18h00\nDu Mardi au Vendredi : de 08h00 à 12h00 de 13h30 à 17h00","latitude":43.805923,"longitude":4.948908,"website":"https://mairie-molleges.fr/fr/","hasWebsite":true,"hasHoraires":true,"url":"https://lannuaire.service-public.gouv.fr/provence-alpes-cote-d-azur/bouches-du-rhone/d629ba48-af97-4b9a-ae4a-74992a7031e3"}
{"nom":"Mouriès","nomNormalise":"mouries","typeCollectivite":"Commune","region":"Provence-Alpes-Côte d'Azur","departement":"Bouches-du-Rhône","departementCode":"13","adresse":{"street":"35 rue Pasteur","postalCode":"13890","city":"Mouriès","country":"France"},"contacts":{"email":"accueil@mairie-mouries.fr","telephone":"0490475001"},"horaires":"Le Lundi : de 08h30 à 12h00 de 13h30 à 18h30\nDu Mardi au Vendredi : de 08h30 à 12h00 de 13h30 à 17h00\n\nEn juillet et en août fermeture le lundi à 17h, les mercredis et vendredis l'après-midi.","latitude":43.6885,"longitude":4.87374,"website":"https://www.mouries.fr/","hasWebsite":true,"hasHoraires":true,"url":"https://lannuaire.service-public.gouv.fr/provence-alpes-cote-d-azur/bouches-du-rhone/841b3525-ad17-4ffc-92ad-69f24f6bef26"}
{"nom":"Noves","nomNormalise":"noves","typeCollectivite":"Commune","region":"Provence-Alpes-Côte d'Azur","departement":"Bouches-du-Rhône","departementCode":"13","adresse":{"street":"2 place Jean-Jaurès","postalCode":"13550","city":"Noves","country":"France"},"contacts":{"email":"secretariat@noves.fr","telephone":"0490244300"},"horaires":"Du Lundi au Vendredi : de 08h30 à 12h30 de 13h30 à 16h30","latitude":43.875088,"longitude":4.901119,"website":"http://www.noves.fr/","hasWebsite":true,"hasHoraires":true,"url":"https://lannuaire.service-public.gouv.fr/provence-alpes-cote-d-azur/bouches-du-rhone/3e4d365e-3c20-4446-8e24-5aad43d65591"}
{"nom":"Orgon","nomNormalise":"orgon","typeCollectivite":"Commune","region":"Provence-Alpes-Côte d'Azur","departement":"Bouches-du-Rhône","departementCode":"13","adresse":{"street":"Place de la Liberté","postalCode":"13660","city":"Orgon","country":"France"},"contacts":{"email":"mairie@orgon.fr","telephone":"0490730001"},"horaires":"Du Lundi au Vendredi : de 08h30 à 12h00 de 13h00 à 16h15","latitude":43.834698,"longitude":4.944089,"website":"","hasWebsite":false,"hasHoraires":true,"url":"https://lannuaire.service-public.gouv.fr/provence-alpes-cote-d-azur/bouches-du-rhone/1fc156a2-5e20-42e0-afa1-1f664d08f525"}
{"nom":"Paradou","nomNormalise":"paradou","typeCollectivite":"Commune","region":"Provence-Alpes-Côte d'Azur","departement":"Bouches-du-Rhône","departementCode":"13","adresse":{"street":"Place Charloun-Rieu","postalCode":"13520","city":"Paradou","country":"France"},"contacts":{"email":"accueil@mairie-du-paradou.fr","telephone":"0490545401"},"horaires":"Du Lundi au Mercredi : de 08h30 à 12h00 de 14h00 à 17h00\nLe Jeudi : de 08h30 à 12h00\nLe Vendredi : de 08h30 à 12h00 de 14h00 à 17h00","latitude":43.7226,"longitude":4.80069,"website":"https://www.mairie-du-paradou.fr/","hasWebsite":true,"hasHoraires":true,"url":"https://lannuaire.service-public.gouv.fr/provence-alpes-cote-d-azur/bouches-du-rhone/32b69157-c4bc-4f65-aabb-26ce02ebee5e"}
{"nom":"Pélissanne","nomNormalise":"pelissanne","typeCollectivite":"Commune","region":"Provence-Alpes-Côte d'Azur","departement":"Bouches-du-Rhône","departementCode":"13","adresse":{"street":"Parc Roux-de-Brignoles","postalCode":"13330","city":"Pélissanne","country":"France"},"contacts":{"email":"mairie@ville-pelissanne.fr","telephone":"0490551152"},"horaires":"Du Lundi au Jeudi : de 08h00 à 12h00 de 13h30 à 17h00\nLe Vendredi : de 08h00 à 12h00 de 13h30 à 15h30","latitude":43.63105,"longitude":5.150567,"website":"https://www.ville-pelissanne.fr/","hasWebsite":true,"hasHoraires":true,"url":"https://lannuaire.service-public.gouv.fr/provence-alpes-cote-d-azur/bouches-du-rhone/ab71cdc6-ad64-47a6-ae79-bd6243ffd0b2"}
{"nom":"Peynier","nomNormalise":"peynier","typeCollectivite":"Commune","region":"Provence-Alpes-Côte d'Azur","departement":"Bouches-du-Rhône","departementCode":"13","adresse":{"street":"9 cours Albéric-Laurent","postalCode":"13790","city":"Peynier","country":"France"},"contacts":{"email":"magali.constant@ville-peynier.fr","telephone":"0442530548"},"horaires":"Du Lundi au Jeudi : de 08h30 à 12h00 de 13h30 à 17h00\nLe Vendredi : de 08h30 à 12h00\n\nAccueil téléphonique du lundi au vendredi de 8h30 à 12h et de 13h30 à 17h.","latitude":43.448154,"longitude":5.640495,"website":"https://www.peynier.net/","hasWebsite":true,"hasHoraires":true,"url":"https://lannuaire.service-public.gouv.fr/provence-alpes-cote-d-azur/bouches-du-rhone/19eda00f-2b39-4da7-b7bf-3600548a82b6"}
{"nom":"Peypin","nomNormalise":"peypin","typeCollectivite":"Commune","region":"Provence-Alpes-Côte d'Azur","departement":"Bouches-du-Rhône","departementCode":"13","adresse":{"street":"Rue de la République","postalCode":"13124","city":"Peypin","country":"France"},"contacts":{"email":"accueil@peypin.fr","telephone":"0442825555"},"horaires":"Du Lundi au Jeudi : de 08h30 à 12h00 de 13h00 à 17h00\nLe Vendredi : de 08h30 à 12h00 de 13h00 à 16h00","latitude":43.3846,"longitude":5.57648,"website":"https://www.peypin.fr/","hasWebsite":true,"hasHoraires":true,"url":"https://lannuaire.service-public.gouv.fr/provence-alpes-cote-d-azur/bouches-du-rhone/c4de7cdb-93f4-4eab-b42d-3b66c1a212f6"}
{"nom":"Peyrolles-en-Provence","nomNormalise":"peyrollesenprovence","typeCollectivite":"Commune","region":"Provence-Alpes-Côte d'Azur","departement":"Bouches-du-Rhône","departementCode":"13","adresse":{"street":"9 place de l'Hôtel-de-Ville","postalCode":"13860","city":"Peyrolles-en-Provence","country":"France"},"contacts":{"email":"contact@mairie-peyrollesenprovence.fr","telephone":"0442578005"},"horaires":"Du Lundi au Vendredi : de 08h00 à 12h00 de 14h00 à 17h00","latitude":43.646324,"longitude":5.583338,"website":"https://www.peyrolles-en-provence.fr/","hasWebsite":true,"hasHoraires":true,"url":"https://lannuaire.service-public.gouv.fr/provence-alpes-cote-d-azur/bouches-du-rhone/1233c8b5-7753-4f29-bfd6-18054f49d2ab"}
{"nom":"Plan-d'Orgon","nomNormalise":"plandorgon","typeCollectivite":"Commune","region":"Provence-Alpes-Côte d'Azur","departement":"Bouches-du-Rhône","departementCode":"13","adresse":{"street":"Place Lucien-Martin","postalCode":"13750","city":"Plan-d'Orgon","country":"France"},"contacts":{"email":"secretariat@plandorgon.fr","telephone":"0490732600"},"horaires":"Du Lundi au Vendredi : de 08h30 à 12h00 de 13h30 à 17h00","latitude":43.809563,"longitude":4.99852,"website":"http://www.plandorgon.fr/","hasWebsite":true,"hasHoraires":true,"url":"https://lannuaire.service-public.gouv.fr/provence-alpes-cote-d-azur/bouches-du-rhone/7bb8917e-1fb0-441f-9094-306abe248437"}
{"nom":"Plan-de-Cuques","nomNormalise":"plandecuques","typeCollectivite":"Commune","region":"Provence-Alpes-Côte d'Azur","departement":"Bouches-du-Rhône","departementCode":"13","adresse":{"street":"28 avenue Frédéric-Chevillon","postalCode":"13380","city":"Plan-de-Cuques Cedex","country":"France"},"contacts":{"email":"cabinetdumaire@plandecuques.fr","telephone":"0491104040"},"horaires":"Du Lundi au Vendredi : de 09h00 à 12h00 de 14h00 à 17h30","latitude":43.34599,"longitude":5.462092,"website":"http://www.plandecuques.fr/","hasWebsite":true,"hasHoraires":true,"url":"https://lannuaire.service-public.gouv.fr/provence-alpes-cote-d-azur/bouches-du-rhone/d0dc4944-d69e-49e8-82c6-4f760bbca2fe"}
{"nom":"Port-de-Bouc","nomNormalise":"portdebouc","typeCollectivite":"Commune","region":"Provence-Alpes-Côte d'Azur","departement":"Bouches-du-Rhône","departementCode":"13","adresse":{"street":"30 rue Charles Nedelec","postalCode":"13110","city":"Port-de-Bouc","country":"France"},"contacts":{"email":"secretariatdumaire@portdebouc.fr","telephone":"0442400404"},"horaires":"Du Lundi au Vendredi : de 08h30 à 12h00 de 13h30 à 17h30","latitude":43.404644,"longitude":4.985977,"website":"https://www.portdebouc.fr/","hasWebsite":true,"hasHoraires":true,"url":"https://lannuaire.service-public.gouv.fr/provence-alpes-cote-d-azur/bouches-du-rhone/f55cf2ab-00ac-4047-8d8e-c4e267b1e95e"}
{"nom":"Port-Saint-Louis-du-Rhone","nomNormalise":"portsaintlouisdurhone","typeCollectivite":"Commune","region":"Provence-Alpes-Côte d'Azur","departement":"Bouches-du-Rhône","departementCode":"13","adresse":{"street":"3 avenue du Port","postalCode":"13518","city":"Port-Saint-Louis-du-Rhone Cedex","country":"France"},"contacts":{"email":"courrier@portsaintlouis.fr","telephone":"0442869000"},"horaires":"Le Lundi : de 08h30 à 12h00 de 13h30 à 18h00\nLe Mardi : de 08h30 à 12h00 de 13h30 à 17h00\nLe Mercredi : de 08h30 à 12h00 de 13h30 à 17h00\nLe Jeudi : de 10h00 à 12h00 de 13h30 à 17h00\nLe Vendredi : de 08h30 à 12h00 de 13h30 à 17h00","latitude":43.39936,"longitude":4.791592,"website":"http://www.portsaintlouis.fr/","hasWebsite":true,"hasHoraires":true,"url":"https://lannuaire.service-public.gouv.fr/provence-alpes-cote-d-azur/bouches-du-rhone/b68573b5-741c-4290-9bb6-dfd856c67198"}
{"nom":"Puyloubier","nomNormalise":"puyloubier","typeCollectivite":"Commune","region":"Provence-Alpes-Côte d'Azur","departement":"Bouches-du-Rhône","departementCode":"13","adresse":{"street":"Square Jean-Casanova","postalCode":"13114","city":"Puyloubier","country":"France"},"contacts":{"email":"mairie-de-puyloubier@wanadoo.fr","telephone":"0442663445"},"horaires":"Le Lundi : de 09h00 à 12h00 de 14h00 à 17h00\nLe Mardi : de 09h00 à 12h00\nLe Mercredi : de 09h00 à 12h00 de 14h00 à 17h00\nLe Jeudi : de 09h00 à 12h00\nLe Vendredi : de 09h00 à 12h00 de 14h00 à 17h00\nLe Samedi : de 09h00 à 12h00\n\nAccueil fermé le samedi durant la crise sanitaire.","latitude":43.524628,"longitude":5.67622,"website":"https://www.puyloubier.com/","hasWebsite":true,"hasHoraires":true,"url":"https://lannuaire.service-public.gouv.fr/provence-alpes-cote-d-azur/bouches-du-rhone/ac905aa5-eca4-4c88-bb96-1fe737e98ac7"}
{"nom":"Rognac","nomNormalise":"rognac","typeCollectivite":"Commune","region":"Provence-Alpes-Côte d'Azur","departement":"Bouches-du-Rhône","departementCode":"13","adresse":{"street":"21 avenue Charles-de-Gaulle","postalCode":"13340","city":"Rognac","country":"France"},"contacts":{"email":"accueilmairie@mairie-rognac.fr","telephone":"0442877600"},"horaires":"Du Lundi au Mardi : de 08h00 à 13h00\nLe Mercredi : de 08h30 à 12h30 de 13h30 à 17h30\nLe Jeudi : de 08h00 à 13h00","latitude":43.492,"longitude":5.229569,"website":"https://www.ville-rognac.fr/","hasWebsite":true,"hasHoraires":true,"url":"https://lannuaire.service-public.gouv.fr/provence-alpes-cote-d-azur/bouches-du-rhone/fc4aadec-0b5c-48db-bff4-9265436fa43f"}
{"nom":"Rognes","nomNormalise":"rognes","typeCollectivite":"Commune","region":"Provence-Alpes-Côte d'Azur","departement":"Bouches-du-Rhône","departementCode":"13","adresse":{"street":"1 avenue d'Aix","postalCode":"13840","city":"Rognes","country":"France"},"contacts":{"email":"contact@rognes.fr","telephone":"0442502205"},"horaires":"Du Lundi au Vendredi : de 08h30 à 12h00 de 13h30 à 17h00","latitude":43.6633,"longitude":5.34878,"website":"http://www.ville-rognes.fr/","hasWebsite":true,"hasHoraires":true,"url":"https://lannuaire.service-public.gouv.fr/provence-alpes-cote-d-azur/bouches-du-rhone/f59f866a-9709-49b6-8acd-0ce04c8ba06b"}
{"nom":"Rognonas","nomNormalise":"rognonas","typeCollectivite":"Commune","region":"Provence-Alpes-Côte d'Azur","departement":"Bouches-du-Rhône","departementCode":"13","adresse":{"street":"1 place Jeanne-d'Arc","postalCode":"13870","city":"Rognonas","country":"France"},"contacts":{"email":"accueil@rognonas.fr","telephone":"0490903300"},"horaires":"Le Lundi : de 08h30 à 12h00 de 14h00 à 19h00\nDu Mardi au Vendredi : de 08h30 à 12h00 de 14h00 à 17h00","latitude":43.8978,"longitude":4.80295,"website":"https://www.rognonas.fr/","hasWebsite":true,"hasHoraires":true,"url":"https://lannuaire.service-public.gouv.fr/provence-alpes-cote-d-azur/bouches-du-rhone/13310997-ae19-4cd8-b753-2969451347b0"}
{"nom":"Roquefort-la-Bédoule","nomNormalise":"roquefortlabedoule","typeCollectivite":"Commune","region":"Provence-Alpes-Côte d'Azur","departement":"Bouches-du-Rhône","departementCode":"13","adresse":{"street":"6 place de la Libération","postalCode":"13830","city":"Roquefort-la-Bédoule","country":"France"},"contacts":{"email":"accueil@roquefort-labedoule.fr","telephone":"0442732112"},"horaires":"Du Lundi au Mardi : de 08h30 à 12h00 de 13h30 à 17h00\nLe Mercredi : de 08h30 à 12h00 de 13h30 à 17h30\nDu Jeudi au Vendredi : de 08h30 à 12h00 de 13h30 à 17h00","latitude":43.2475,"longitude":5.59139,"website":"http://www.roquefort-labedoule.fr/","hasWebsite":true,"hasHoraires":true,"url":"https://lannuaire.service-public.gouv.fr/provence-alpes-cote-d-azur/bouches-du-rhone/a0ca5a0f-4208-46c2-9e9b-5cfcca101260"}
{"nom":"Roquevaire","nomNormalise":"roquevaire","typeCollectivite":"Commune","region":"Provence-Alpes-Côte d'Azur","departement":"Bouches-du-Rhône","departementCode":"13","adresse":{"street":"29 avenue des Alliés","postalCode":"13360","city":"Roquevaire","country":"France"},"contacts":{"email":"contact@ville-roquevaire.fr","telephone":"0442329110"},"horaires":"Du Lundi au Vendredi : de 08h00 à 12h00 de 13h30 à 16h30\nLe Samedi : de 10h00 à 12h00","latitude":43.34876,"longitude":5.603772,"website":"https://ville-de-roquevaire.fr/","hasWebsite":true,"hasHoraires":true,"url":"https://lannuaire.service-public.gouv.fr/provence-alpes-cote-d-azur/bouches-du-rhone/586ae834-bb67-479e-ad2c-f0e366475e32"}
{"nom":"Rousset","nomNormalise":"rousset","typeCollectivite":"Commune","region":"Provence-Alpes-Côte d'Azur","departement":"Bouches-du-Rhône","departementCode":"13","adresse":{"street":"Place Paul-Borde","postalCode":"13790","city":"Rousset","country":"France"},"contacts":{"email":"mairie@rousset-fr.com","telephone":"0442290010"},"horaires":"Du Lundi au Vendredi : de 08h30 à 12h00 de 13h30 à 17h30\nLe Samedi : de 09h00 à 12h00\n\nAccueil ouvert uniquement pour l'état civil et fermé en juillet-août.","latitude":43.4804,"longitude":5.62191,"website":"http://www.rousset-fr.com/","hasWebsite":true,"hasHoraires":true,"url":"https://lannuaire.service-public.gouv.fr/provence-alpes-cote-d-azur/bouches-du-rhone/2c8d5f0d-9283-46b2-a9b0-02c489b8550e"}
{"nom":"Saint-Andiol","nomNormalise":"saintandiol","typeCollectivite":"Commune","region":"Provence-Alpes-Côte d'Azur","departement":"Bouches-du-Rhône","departementCode":"13","adresse":{"street":"Place du Général-de-Gaulle","postalCode":"13670","city":"Saint-Andiol","country":"France"},"contacts":{"email":"accueil@st-andiol.fr","telephone":"0490950202"},"horaires":"Du Lundi au Mardi : de 08h30 à 12h30 de 13h30 à 17h00\nLe Mercredi : de 08h30 à 19h00\nLe Jeudi : de 08h30 à 12h30 de 13h30 à 17h00\nLe Vendredi : de 08h30 à 12h30 de 13h30 à 16h30","latitude":43.835464,"longitude":4.944566,"website":"https://www.saint-andiol.fr/","hasWebsite":true,"hasHoraires":true,"url":"https://lannuaire.service-public.gouv.fr/provence-alpes-cote-d-azur/bouches-du-rhone/2a33ae67-3772-4844-92e6-2288704565c5"}
{"nom":"Saint-Antonin-sur-Bayon","nomNormalise":"saintantoninsurbayon","typeCollectivite":"Commune","region":"Provence-Alpes-Côte d'Azur","departement":"Bouches-du-Rhône","departementCode":"13","adresse":{"street":"Chemin départemental 17","postalCode":"13100","city":"Saint-Antonin-sur-Bayon","country":"France"},"contacts":{"email":"contact@stantoninsurbayon.fr","telephone":"0442669151"},"horaires":"Le Mardi : de 08h30 à 13h00\nLe Jeudi : de 08h30 à 13h00 de 14h00 à 17h00\nLe Vendredi : de 08h30 à 13h00","latitude":43.5467,"longitude":5.52179,"website":"http://www.mairiesaintantoninsurbayon.fr/","hasWebsite":true,"hasHoraires":true,"url":"https://lannuaire.service-public.gouv.fr/provence-alpes-cote-d-azur/bouches-du-rhone/00fbd6d6-89a6-4509-a0b5-51299b7750d1"}
{"nom":"Saint-Cannat","nomNormalise":"saintcannat","typeCollectivite":"Commune","region":"Provence-Alpes-Côte d'Azur","departement":"Bouches-du-Rhône","departementCode":"13","adresse":{"street":"14 place de la République","postalCode":"13760","city":"Saint-Cannat","country":"France"},"contacts":{"email":"accueil.mairie@ville-saint-cannat.fr","telephone":"0442508200"},"horaires":"Du Lundi au Vendredi : de 08h00 à 12h00 de 13h30 à 17h00\nLe Samedi : de 09h30 à 12h00","latitude":43.6208,"longitude":5.29875,"website":"https://saint-cannat.fr/","hasWebsite":true,"hasHoraires":true,"url":"https://lannuaire.service-public.gouv.fr/provence-alpes-cote-d-azur/bouches-du-rhone/5d87eaca-69c1-4ce7-838e-12b99f33462a"}
{"nom":"Saint-Chamas","nomNormalise":"saintchamas","typeCollectivite":"Commune","region":"Provence-Alpes-Côte d'Azur","departement":"Bouches-du-Rhône","departementCode":"13","adresse":{"street":"Place de la Mairie","postalCode":"13250","city":"Saint-Chamas","country":"France"},"contacts":{"email":"mairie@saint-chamas.com","telephone":"0490445200"},"horaires":"Du Lundi au Vendredi : de 08h30 à 12h00 de 14h00 à 17h30","latitude":43.550713,"longitude":5.038872,"website":"https://www.saint-chamas.com/","hasWebsite":true,"hasHoraires":true,"url":"https://lannuaire.service-public.gouv.fr/provence-alpes-cote-d-azur/bouches-du-rhone/282b0595-0040-4c45-a1cd-f2adfd9a9256"}
{"nom":"Saintes-Maries-de-la-Mer","nomNormalise":"saintesmariesdelamer","typeCollectivite":"Commune","region":"Provence-Alpes-Côte d'Azur","departement":"Bouches-du-Rhône","departementCode":"13","adresse":{"street":"Avenue de la République","postalCode":"13460","city":"Saintes-Maries-de-la-Mer","country":"France"},"contacts":{"email":"accueil@lessaintesmaries.fr","telephone":"0490978005"},"horaires":"Du Lundi au Vendredi : de 08h30 à 12h00 de 13h30 à 17h00","latitude":43.4515,"longitude":4.42923,"website":"http://www.lessaintesmaries.fr/","hasWebsite":true,"hasHoraires":true,"url":"https://lannuaire.service-public.gouv.fr/provence-alpes-cote-d-azur/bouches-du-rhone/a8a52cc2-b3ad-4044-98dd-01fe793e793c"}
{"nom":"Saint-Estève-Janson","nomNormalise":"saintestevejanson","typeCollectivite":"Commune","region":"Provence-Alpes-Côte d'Azur","departement":"Bouches-du-Rhône","departementCode":"13","adresse":{"street":"86 boulevard des Écoles","postalCode":"13610","city":"Saint-Estève-Janson","country":"France"},"contacts":{"email":"mairie.sej@saint-esteve-janson.com","telephone":"0442619703"},"horaires":"Le Lundi : de 08h30 à 12h00 de 14h00 à 17h30\nLe Mardi : de 08h30 à 12h00\nDu Jeudi au Vendredi : de 08h30 à 12h00 de 14h00 à 17h30","latitude":43.685337,"longitude":5.3975487,"website":"http://www.saint-esteve-janson.com/","hasWebsite":true,"hasHoraires":true,"url":"https://lannuaire.service-public.gouv.fr/provence-alpes-cote-d-azur/bouches-du-rhone/e84b76af-9314-4627-b9f3-2aae6339f383"}
{"nom":"Saint-Étienne-du-Grès","nomNormalise":"saintetiennedugres","typeCollectivite":"Commune","region":"Provence-Alpes-Côte d'Azur","departement":"Bouches-du-Rhône","departementCode":"13","adresse":{"street":"Place de la Mairie","postalCode":"13103","city":"Saint-Étienne-du-Grès","country":"France"},"contacts":{"email":"mairie@saintetiennedugres.com","telephone":"0490491646"},"horaires":"Du Lundi au Mercredi : de 08h00 à 12h00 de 13h30 à 17h00\nLe Vendredi : de 08h00 à 12h00 de 13h30 à 17h00","latitude":43.7814,"longitude":4.73093,"website":"https://saintetiennedugres.com/","hasWebsite":true,"hasHoraires":true,"url":"https://lannuaire.service-public.gouv.fr/provence-alpes-cote-d-azur/bouches-du-rhone/26e780a4-d5cd-41ac-9096-099a9ed7d9fe"}
{"nom":"Saint-Marc-Jaumegarde","nomNormalise":"saintmarcjaumegarde","typeCollectivite":"Commune","region":"Provence-Alpes-Côte d'Azur","departement":"Bouches-du-Rhône","departementCode":"13","adresse":{"street":"Place de la Mairie","postalCode":"13100","city":"Saint-Marc-Jaumegarde","country":"France"},"contacts":{"email":"mairie@saint-marc-jaumegarde.fr","telephone":"0442249999"},"horaires":"Du Lundi au Vendredi : de 08h00 à 12h00","latitude":43.5467,"longitude":5.52179,"website":"http://www.saint-marc-jaumegarde.fr/","hasWebsite":true,"hasHoraires":true,"url":"https://lannuaire.service-public.gouv.fr/provence-alpes-cote-d-azur/bouches-du-rhone/7b9df372-e5e9-4ded-b84a-bc0bd503f209"}
{"nom":"Saint-Martin-de-Crau","nomNormalise":"saintmartindecrau","typeCollectivite":"Commune","region":"Provence-Alpes-Côte d'Azur","departement":"Bouches-du-Rhône","departementCode":"13","adresse":{"street":"1 place du Docteur-Bagnaninchi","postalCode":"13310","city":"Saint-Martin-de-Crau Cedex","country":"France"},"contacts":{"email":"mairie@stmartindecrau.fr","telephone":"0490471729"},"horaires":"Du Lundi au Jeudi : de 08h30 à 12h00 de 13h30 à 17h30\nLe Vendredi : de 08h30 à 12h00 de 13h30 à 16h30\nLe Samedi : de 08h30 à 12h00","latitude":43.638638,"longitude":4.811884,"website":"https://www.saintmartindecrau.fr/","hasWebsite":true,"hasHoraires":true,"url":"https://lannuaire.service-public.gouv.fr/provence-alpes-cote-d-azur/bouches-du-rhone/e7a5fd0a-c704-47d0-a2a4-125fbcbce2f6"}
{"nom":"Saint-Mitre-les-Remparts","nomNormalise":"saintmitrelesremparts","typeCollectivite":"Commune","region":"Provence-Alpes-Côte d'Azur","departement":"Bouches-du-Rhône","departementCode":"13","adresse":{"street":"9 avenue Charles-de-Gaulle","postalCode":"13920","city":"Saint-Mitre-les-Remparts","country":"France"},"contacts":{"email":"accueilmairie@saintmitrelesremparts.fr","telephone":"0442809855"},"horaires":"Du Lundi au Vendredi : de 08h00 à 12h00 de 13h30 à 17h00","latitude":43.4516,"longitude":5.01443,"website":"https://www.saintmitrelesremparts.fr/","hasWebsite":true,"hasHoraires":true,"url":"https://lannuaire.service-public.gouv.fr/provence-alpes-cote-d-azur/bouches-du-rhone/ee02ab29-12d8-4680-b204-c4040b6eb0f0"}
{"nom":"Saint-Paul-lez-Durance","nomNormalise":"saintpaullezdurance","typeCollectivite":"Commune","region":"Provence-Alpes-Côte d'Azur","departement":"Bouches-du-Rhône","departementCode":"13","adresse":{"street":"Place Jean-Santini","postalCode":"13115","city":"Saint-Paul-lez-Durance","country":"France"},"contacts":{"email":"mairie@stpaul.fr","telephone":"0442574056"},"horaires":"Le Lundi : de 08h00 à 12h00 de 13h30 à 17h30\nLe Mardi : de 08h00 à 12h00\nDu Mercredi au Jeudi : de 08h00 à 12h00 de 13h30 à 17h30\nLe Vendredi : de 08h00 à 12h00","latitude":43.6873,"longitude":5.7084455,"website":"https://www.stpaul.fr/","hasWebsite":true,"hasHoraires":true,"url":"https://lannuaire.service-public.gouv.fr/provence-alpes-cote-d-azur/bouches-du-rhone/f9334808-6fa7-4c78-bc5a-a79ff218dc1b"}
{"nom":"Saint-Pierre-de-Mézoargues","nomNormalise":"saintpierredemezoargues","typeCollectivite":"Commune","region":"Provence-Alpes-Côte d'Azur","departement":"Bouches-du-Rhône","departementCode":"13","adresse":{"street":"Place de la Mairie","postalCode":"13150","city":"Saint-Pierre-de-Mézoargues","country":"France"},"contacts":{"email":"","telephone":"0490439342"},"horaires":"Du Lundi au Vendredi : de 13h30 à 17h30","latitude":43.859367,"longitude":4.651276,"website":"http://www.saint-pierre-de-mezoargues.fr/","hasWebsite":true,"hasHoraires":true,"url":"https://lannuaire.service-public.gouv.fr/provence-alpes-cote-d-azur/bouches-du-rhone/61e3f21a-b9c4-4910-96b6-ba21d46f8c8a"}
{"nom":"Saint-Rémy-de-Provence","nomNormalise":"saintremydeprovence","typeCollectivite":"Commune","region":"Provence-Alpes-Côte d'Azur","departement":"Bouches-du-Rhône","departementCode":"13","adresse":{"street":"Place Jules-Pellissier","postalCode":"13210","city":"Saint-Rémy-de-Provence","country":"France"},"contacts":{"email":"contact@ville-srdp.fr","telephone":"0490920810"},"horaires":"Du Lundi au Jeudi : de 08h30 à 12h00 de 13h30 à 17h30\nLe Vendredi : de 08h30 à 12h00 de 13h30 à 16h30","latitude":43.78859,"longitude":4.830037,"website":"https://www.mairie-saintremydeprovence.com/","hasWebsite":true,"hasHoraires":true,"url":"https://lannuaire.service-public.gouv.fr/provence-alpes-cote-d-azur/bouches-du-rhone/e239e6d1-a9f7-4647-8af7-78ffd4416a46"}
{"nom":"Saint-Savournin","nomNormalise":"saintsavournin","typeCollectivite":"Commune","region":"Provence-Alpes-Côte d'Azur","departement":"Bouches-du-Rhône","departementCode":"13","adresse":{"street":"33 avenue Pierre-Dubois-Jean-Ciny","postalCode":"13119","city":"Saint-Savournin","country":"France"},"contacts":{"email":"mairie@mairie-stsavournin.fr","telephone":"0442046403"},"horaires":"Du Lundi au Mardi : de 09h00 à 12h00 de 14h00 à 17h30\nLe Mercredi : de 09h00 à 12h00\nDu Jeudi au Vendredi : de 09h00 à 12h00 de 14h00 à 17h30","latitude":43.4085,"longitude":5.5269,"website":"http://www.saint-savournin.com/","hasWebsite":true,"hasHoraires":true,"url":"https://lannuaire.service-public.gouv.fr/provence-alpes-cote-d-azur/bouches-du-rhone/fd722e49-7769-4d83-a4e3-4bc8ef967789"}
{"nom":"Saint-Victoret","nomNormalise":"saintvictoret","typeCollectivite":"Commune","region":"Provence-Alpes-Côte d'Azur","departement":"Bouches-du-Rhône","departementCode":"13","adresse":{"street":"Hôtel-de-Ville","postalCode":"13729","city":"Saint-Victoret","country":"France"},"contacts":{"email":"adjointe.dgs@mairiesaintvictoret.fr","telephone":"0442153200"},"horaires":"Du Lundi au Jeudi : de 08h30 à 12h15 de 13h30 à 17h00\nLe Vendredi : de 08h30 à 12h00 de 13h30 à 16h00","latitude":43.42094,"longitude":5.233104,"website":"https://www.saintvictoret.fr/","hasWebsite":true,"hasHoraires":true,"url":"https://lannuaire.service-public.gouv.fr/provence-alpes-cote-d-azur/bouches-du-rhone/b726dd51-d392-4d5e-8872-4764279b111d"}
{"nom":"Salon-de-Provence","nomNormalise":"salondeprovence","typeCollectivite":"Commune","region":"Provence-Alpes-Côte d'Azur","departement":"Bouches-du-Rhône","departementCode":"13","adresse":{"street":"174 place de l'Hôtel-de-Ville","postalCode":"13657","city":"Salon-de-Provence Cedex","country":"France"},"contacts":{"email":"webcontact.mairie@salon-de-provence.org","telephone":"0490448900"},"horaires":"Du Lundi au Vendredi : de 08h30 à 12h15 de 13h15 à 17h00","latitude":43.640663,"longitude":5.099439,"website":"http://www.salon-de-provence.org/","hasWebsite":true,"hasHoraires":true,"url":"https://lannuaire.service-public.gouv.fr/provence-alpes-cote-d-azur/bouches-du-rhone/dd7f0636-08a6-462b-83c0-8f7f22e5a134"}
{"nom":"Sausset-les-Pins","nomNormalise":"saussetlespins","typeCollectivite":"Commune","region":"Provence-Alpes-Côte d'Azur","departement":"Bouches-du-Rhône","departementCode":"13","adresse":{"street":"Place des Droits-de-l'Homme","postalCode":"13960","city":"Sausset-les-Pins","country":"France"},"contacts":{"email":"secretariat@saussetlespins.fr","telephone":"0442445151"},"horaires":"Du Lundi au Vendredi : de 08h30 à 12h00 de 14h00 à 17h00","latitude":43.331074,"longitude":5.106447,"website":"http://www.ville-sausset-les-pins.fr/","hasWebsite":true,"hasHoraires":true,"url":"https://lannuaire.service-public.gouv.fr/provence-alpes-cote-d-azur/bouches-du-rhone/6a0f1cd1-6e89-4378-ad7b-bec5cabd03fc"}
{"nom":"Sénas","nomNormalise":"senas","typeCollectivite":"Commune","region":"Provence-Alpes-Côte d'Azur","departement":"Bouches-du-Rhône","departementCode":"13","adresse":{"street":"Place Victor-Hugo","postalCode":"13560","city":"Sénas","country":"France"},"contacts":{"email":"accueil@senas.fr","telephone":"0490572003"},"horaires":"Du Lundi au Jeudi : de 08h30 à 12h00 de 13h30 à 17h30\nLe Vendredi : de 08h30 à 12h00 de 13h30 à 16h00","latitude":43.7458,"longitude":5.07807,"website":"https://www.senas.fr/","hasWebsite":true,"hasHoraires":true,"url":"https://lannuaire.service-public.gouv.fr/provence-alpes-cote-d-azur/bouches-du-rhone/d172c735-918c-4ce0-b0ac-8a1c0547eb15"}
{"nom":"Septèmes-les-Vallons","nomNormalise":"septemeslesvallons","typeCollectivite":"Commune","region":"Provence-Alpes-Côte d'Azur","departement":"Bouches-du-Rhône","departementCode":"13","adresse":{"street":"Place Didier-Tramoni","postalCode":"13240","city":"Septèmes-les-Vallons","country":"France"},"contacts":{"email":"secretariat@ville-septemes.fr","telephone":"0491963100"},"horaires":"Du Lundi au Vendredi : de 08h30 à 16h30","latitude":43.3887,"longitude":5.35588,"website":"http://www.ville-septemes.fr/","hasWebsite":true,"hasHoraires":true,"url":"https://lannuaire.service-public.gouv.fr/provence-alpes-cote-d-azur/bouches-du-rhone/85b23343-c617-4c79-b33b-c1b36b68b4b8"}
{"nom":"Simiane-Collongue","nomNormalise":"simianecollongue","typeCollectivite":"Commune","region":"Provence-Alpes-Côte d'Azur","departement":"Bouches-du-Rhône","departementCode":"13","adresse":{"street":"Place Le-Sévigné","postalCode":"13109","city":"Simiane-Collongue","country":"France"},"contacts":{"email":"accueil.mairie@simiane-collongue.fr","telephone":"0442949191"},"horaires":"Le Lundi : de 08h30 à 12h00 de 13h30 à 17h00\nLe Mardi : de 08h30 à 12h00 de 13h30 à 17h30\nLe Mercredi : de 08h30 à 12h00 de 13h30 à 17h00\nLe Jeudi : de 08h30 à 12h00 de 13h30 à 17h30\nLe Vendredi : de 08h30 à 12h00 de 13h30 à 17h00\nLe Samedi : de 09h00 à 12h00\n\nAccueil ouvert un samedi sur deux, tous les services reçoivent sur rendez-vous uniquement.","latitude":43.42981,"longitude":5.434834,"website":"http://www.simiane-collongue.fr/","hasWebsite":true,"hasHoraires":true,"url":"https://lannuaire.service-public.gouv.fr/provence-alpes-cote-d-azur/bouches-du-rhone/727b8a25-3ee2-4023-a739-aafe9667f975"}
{"nom":"Tarascon","nomNormalise":"tarascon","typeCollectivite":"Commune","region":"Provence-Alpes-Côte d'Azur","departement":"Bouches-du-Rhône","departementCode":"13","adresse":{"street":"2 place du Marché","postalCode":"13150","city":"Tarascon Cedex","country":"France"},"contacts":{"email":"courrier@mairie-tarascon13.fr","telephone":"0490910007"},"horaires":"Du Lundi au Jeudi : de 08h00 à 12h00 de 13h30 à 17h00\nLe Vendredi : de 08h00 à 12h00 de 13h30 à 16h30","latitude":43.806,"longitude":4.65809,"website":"https://www.tarascon.fr/","hasWebsite":true,"hasHoraires":true,"url":"https://lannuaire.service-public.gouv.fr/provence-alpes-cote-d-azur/bouches-du-rhone/322fdef8-f73a-4848-8cee-3324b0b35cae"}
{"nom":"Trets","nomNormalise":"trets","typeCollectivite":"Commune","region":"Provence-Alpes-Côte d'Azur","departement":"Bouches-du-Rhône","departementCode":"13","adresse":{"street":"Place du 14-Juillet","postalCode":"13530","city":"Trets","country":"France"},"contacts":{"email":"accueil@trets.fr","telephone":"0442375500"},"horaires":"Le Lundi : de 08h00 à 12h00 de 13h30 à 18h30\nDu Mardi au Jeudi : de 08h00 à 12h00 de 13h30 à 16h30\nLe Vendredi : de 08h00 à 12h00 de 13h30 à 16h30\nLe Samedi : de 08h00 à 12h00","latitude":43.44721,"longitude":5.684063,"website":"https://www.trets.fr/","hasWebsite":true,"hasHoraires":true,"url":"https://lannuaire.service-public.gouv.fr/provence-alpes-cote-d-azur/bouches-du-rhone/22f3fc1a-2277-42ae-88ca-ea5ee7dc7260"}
{"nom":"Vauvenargues","nomNormalise":"vauvenargues","typeCollectivite":"Commune","region":"Provence-Alpes-Côte d'Azur","departement":"Bouches-du-Rhône","departementCode":"13","adresse":{"street":"12 boulevard du Moraliste","postalCode":"13126","city":"Vauvenargues","country":"France"},"contacts":{"email":"contact@vauvenargues.fr","telephone":"0442660188"},"horaires":"Du Lundi au Vendredi : de 08h30 à 12h30","latitude":43.5552,"longitude":5.59874,"website":"http://www.vauvenargues.fr/","hasWebsite":true,"hasHoraires":true,"url":"https://lannuaire.service-public.gouv.fr/provence-alpes-cote-d-azur/bouches-du-rhone/5ca3e2e1-c24a-4ea9-883b-a4b8a87e836e"}
{"nom":"Velaux","nomNormalise":"velaux","typeCollectivite":"Commune","region":"Provence-Alpes-Côte d'Azur","departement":"Bouches-du-Rhône","departementCode":"13","adresse":{"street":"997 avenue Jean-Moulin","postalCode":"13880","city":"Velaux","country":"France"},"contacts":{"email":"administration.generale@mairie-de-velaux.fr","telephone":"0442877373"},"horaires":"Du Lundi au Vendredi : de 08h30 à 12h00 de 14h00 à 17h00","latitude":43.52489,"longitude":5.257476,"website":"https://www.velaux.fr/","hasWebsite":true,"hasHoraires":true,"url":"https://lannuaire.service-public.gouv.fr/provence-alpes-cote-d-azur/bouches-du-rhone/0e24f177-3817-4285-a1a4-6a144b6cd841"}
{"nom":"Venelles","nomNormalise":"venelles","typeCollectivite":"Commune","region":"Provence-Alpes-Côte d'Azur","departement":"Bouches-du-Rhône","departementCode":"13","adresse":{"street":"Place Marius-Trucy","postalCode":"13614","city":"Venelles Cedex","country":"France"},"contacts":{"email":"mairie@venelles.fr","telephone":"0442541616"},"horaires":"Du Lundi au Vendredi : de 08h00 à 12h00 de 13h00 à 17h00","latitude":43.59846,"longitude":5.484376,"website":"https://www.venelles.fr/","hasWebsite":true,"hasHoraires":true,"url":"https://lannuaire.service-public.gouv.fr/provence-alpes-cote-d-azur/bouches-du-rhone/ad0f9bbb-49da-4cb5-8b4d-49d25d974f13"}
{"nom":"Ventabren","nomNormalise":"ventabren","typeCollectivite":"Commune","region":"Provence-Alpes-Côte d'Azur","departement":"Bouches-du-Rhône","departementCode":"13","adresse":{"street":"17 Grand'rue","postalCode":"13122","city":"Ventabren","country":"France"},"contacts":{"email":"accueil@mairie-ventabren.fr","telephone":"0442288014"},"horaires":"Du Lundi au Mercredi : de 08h00 à 12h00 de 13h30 à 17h00\nDu Jeudi au Vendredi : de 08h00 à 12h00 de 13h30 à 16h30","latitude":43.53879,"longitude":5.2929864,"website":"https://www.ventabren.fr/","hasWebsite":true,"hasHoraires":true,"url":"https://lannuaire.service-public.gouv.fr/provence-alpes-cote-d-azur/bouches-du-rhone/6266c8a9-f7ad-4cc9-bc7c-3f98ca9350a4"}
{"nom":"Vernègues","nomNormalise":"vernegues","typeCollectivite":"Commune","region":"Provence-Alpes-Côte d'Azur","departement":"Bouches-du-Rhône","departementCode":"13","adresse":{"street":"Esplanade de la Mairie","postalCode":"13116","city":"Vernègues","country":"France"},"contacts":{"email":"accueil@vernegues.com","telephone":"0490593607"},"horaires":"Du Lundi au Vendredi : de 08h30 à 12h00 de 13h30 à 17h00","latitude":43.7202,"longitude":5.2451,"website":"https://vernegues.fr/","hasWebsite":true,"hasHoraires":true,"url":"https://lannuaire.service-public.gouv.fr/provence-alpes-cote-d-azur/bouches-du-rhone/24daf780-d24f-4189-aa0f-4f309d63e687"}
{"nom":"Verquières","nomNormalise":"verquieres","typeCollectivite":"Commune","region":"Provence-Alpes-Côte d'Azur","departement":"Bouches-du-Rhône","departementCode":"13","adresse":{"street":"Place de la Mairie","postalCode":"13670","city":"Verquières","country":"France"},"contacts":{"email":"mairie@verquieres.com","telephone":"0490902250"},"horaires":"Du Lundi au Mardi : de 08h00 à 12h15 de 13h30 à 16h30\nLe Mercredi : de 08h00 à 12h15\nDu Jeudi au Vendredi : de 08h00 à 12h15 de 13h30 à 16h30","latitude":43.839794,"longitude":4.919601,"website":"https://www.verquieres.com/","hasWebsite":true,"hasHoraires":true,"url":"https://lannuaire.service-public.gouv.fr/provence-alpes-cote-d-azur/bouches-du-rhone/87e85301-678e-456f-8c49-f4d9dc5c9f78"}
{"nom":"Vitrolles","nomNormalise":"vitrolles","typeCollectivite":"Commune","region":"Provence-Alpes-Côte d'Azur","departement":"Bouches-du-Rhône","departementCode":"13","adresse":{"street":"Place de Provence","postalCode":"13743","city":"Vitrolles","country":"France"},"contacts":{"email":"communication@ville-vitrolles13.fr","telephone":"0442779000"},"horaires":"Du Lundi au Vendredi : de 08h30 à 16h30","latitude":43.4483,"longitude":5.248829,"website":"https://www.vitrolles13.fr/accueil/","hasWebsite":true,"hasHoraires":true,"url":"https://lannuaire.service-public.gouv.fr/provence-alpes-cote-d-azur/bouches-du-rhone/e475ba25-16b5-4921-b3a7-d149458aa11d"}
