{"nom":"Afa","nomNormalise":"afa","typeCollectivite":"Commune","region":"Corse","departement":"Corse-du-Sud","departementCode":"2","adresse":{"street":"Merria","postalCode":"20167","city":"Afa","country":"France"},"contacts":{"email":"secretariat-mairie@afa.corsica","telephone":"0495109000"},"horaires":"Du Lundi au Vendredi : de 08h30 à 12h00 de 14h00 à 16h00","latitude":41.985893,"longitude":8.801513,"website":"https://afa.corsica/","hasWebsite":true,"hasHoraires":true,"url":"https://lannuaire.service-public.gouv.fr/corse/corse-du-sud/35d2793d-8cea-4120-b3fa-3884538f5125"}
{"nom":"Ajaccio","nomNormalise":"ajaccio","typeCollectivite":"Commune","region":"Corse","departement":"Corse-du-Sud","departementCode":"2","adresse":{"street":"Avenue Antoine-Serafini","postalCode":"20304","city":"Ajaccio Cedex 1","country":"France"},"contacts":{"email":"mairie@ajaccio.fr","telephone":"0495515253"},"horaires":"Du Lundi au Vendredi : de 08h00 à 17h00","latitude":41.918648,"longitude":8.736879,"website":"http://www.ajaccio.fr/","hasWebsite":true,"hasHoraires":true,"url":"https://lannuaire.service-public.gouv.fr/corse/corse-du-sud/5b723e4d-6243-48f7-8f09-1128f3113083"}
{"nom":"Alata","nomNormalise":"alata","typeCollectivite":"Commune","region":"Corse","departement":"Corse-du-Sud","departementCode":"2","adresse":{"street":"Village","postalCode":"20167","city":"Alata","country":"France"},"contacts":{"email":"contact@alata.corsica","telephone":"0970718181"},"horaires":"Du Lundi au Vendredi : de 08h00 à 15h00","latitude":41.975933,"longitude":8.742111,"website":"https://alata.corsica/","hasWebsite":true,"hasHoraires":true,"url":"https://lannuaire.service-public.gouv.fr/corse/corse-du-sud/0e4d7301-dbf3-4eab-86a3-45346f3f3e89"}
{"nom":"Albitreccia","nomNormalise":"albitreccia","typeCollectivite":"Commune","region":"Corse","departement":"Corse-du-Sud","departementCode":"2","adresse":{"street":"Molini-Agosta","postalCode":"20166","city":"Albitreccia","country":"France"},"contacts":{"email":"mairie.albitreccia@wanadoo.fr","telephone":"0495250864"},"horaires":"Du Lundi au Vendredi : de 09h00 à 12h00","latitude":41.863804,"longitude":8.940534,"website":"http://www.albitreccia.fr/","hasWebsite":true,"hasHoraires":true,"url":"https://lannuaire.service-public.gouv.fr/corse/corse-du-sud/a4f320bd-7e74-45b7-8f11-1c0ed4d82249"}
{"nom":"Altagène","nomNormalise":"altagene","typeCollectivite":"Commune","region":"Corse","departement":"Corse-du-Sud","departementCode":"2","adresse":{"street":"Village","postalCode":"20112","city":"Altagène","country":"France"},"contacts":{"email":"mairie.altagene@wanadoo.fr","telephone":"0495788014"},"horaires":"Le Lundi : de 08h00 à 12h00\nLe Mardi : de 13h00 à 17h00\nLe Jeudi : de 08h00 à 12h00\nLe Vendredi : de 13h00 à 17h00","latitude":41.70648,"longitude":9.069479,"website":"","hasWebsite":false,"hasHoraires":true,"url":"https://lannuaire.service-public.gouv.fr/corse/corse-du-sud/8e1768a1-8e87-495a-986e-ab18161fbe5c"}
{"nom":"Ambiegna","nomNormalise":"ambiegna","typeCollectivite":"Commune","region":"Corse","departement":"Corse-du-Sud","departementCode":"2","adresse":{"street":"Le Village","postalCode":"20151","city":"Ambiegna","country":"France"},"contacts":{"email":"mairie.ambiegna@orange.fr","telephone":"0495522950"},"horaires":"Le Mardi : de 09h00 à 14h00","latitude":42.0939,"longitude":8.71216,"website":"","hasWebsite":false,"hasHoraires":true,"url":"https://lannuaire.service-public.gouv.fr/corse/corse-du-sud/ee93145c-4cf2-41c8-9e67-8b2b1fa9b6af"}
{"nom":"Appietto","nomNormalise":"appietto","typeCollectivite":"Commune","region":"Corse","departement":"Corse-du-Sud","departementCode":"2","adresse":{"street":"164 Strada Lt Toussaint Gozzi","postalCode":"20167","city":"Appietto","country":"France"},"contacts":{"email":"mairie@appietto.corsica","telephone":"0495228053"},"horaires":"Du Lundi au Vendredi : de 09h00 à 12h00 de 14h00 à 17h00","latitude":42.015053,"longitude":8.76713,"website":"https://appietto.corsica/","hasWebsite":true,"hasHoraires":true,"url":"https://lannuaire.service-public.gouv.fr/corse/corse-du-sud/4bedd782-53a4-4de0-bb3d-df07d9d1e237"}
{"nom":"Arbellara","nomNormalise":"arbellara","typeCollectivite":"Commune","region":"Corse","departement":"Corse-du-Sud","departementCode":"2","adresse":{"street":"Village","postalCode":"20110","city":"Arbellara","country":"France"},"contacts":{"email":"mairie.darbellara@wanadoo.fr","telephone":"0495734397"},"horaires":"Du Lundi au Mardi : de 09h00 à 12h00\nDu Jeudi au Vendredi : de 09h00 à 12h00","latitude":41.68205,"longitude":8.990948,"website":"","hasWebsite":false,"hasHoraires":true,"url":"https://lannuaire.service-public.gouv.fr/corse/corse-du-sud/030cb5ba-e749-48a6-aa49-db89fd0ef1a4"}
{"nom":"Arbori","nomNormalise":"arbori","typeCollectivite":"Commune","region":"Corse","departement":"Corse-du-Sud","departementCode":"2","adresse":{"street":"Le Village","postalCode":"20160","city":"Arbori","country":"France"},"contacts":{"email":"mairie.arbori@orange.fr","telephone":"0495266350"},"horaires":"Le Lundi : de 09h00 à 12h30 de 13h30 à 17h00\nLe Vendredi : de 09h00 à 12h30 de 13h30 à 17h00","latitude":42.1428,"longitude":8.7975,"website":"","hasWebsite":false,"hasHoraires":true,"url":"https://lannuaire.service-public.gouv.fr/corse/corse-du-sud/e6a86b86-8f18-4018-81cb-6299dec05cef"}
{"nom":"Argiusta-Moriccio","nomNormalise":"argiustamoriccio","typeCollectivite":"Commune","region":"Corse","departement":"Corse-du-Sud","departementCode":"2","adresse":{"street":"Le Bourg","postalCode":"20140","city":"Argiusta-Moriccio","country":"France"},"contacts":{"email":"mairie.argiusta@orange.fr","telephone":"0495243236"},"horaires":"Du Lundi au Vendredi : de 09h00 à 12h00","latitude":41.81563,"longitude":9.025083,"website":"","hasWebsite":false,"hasHoraires":true,"url":"https://lannuaire.service-public.gouv.fr/corse/corse-du-sud/3e6bda8d-5ee5-4498-b1d8-c8c3037aa6ed"}
{"nom":"Arro","nomNormalise":"arro","typeCollectivite":"Commune","region":"Corse","departement":"Corse-du-Sud","departementCode":"2","adresse":{"street":"Le Village","postalCode":"20151","city":"Arro","country":"France"},"contacts":{"email":"mairie.arro@wanadoo.fr","telephone":"0495289420"},"horaires":"Le Jeudi : de 13h00 à 17h00","latitude":42.093227,"longitude":8.81469,"website":"","hasWebsite":false,"hasHoraires":true,"url":"https://lannuaire.service-public.gouv.fr/corse/corse-du-sud/b77e0a70-0665-4e12-8238-36806872d287"}
{"nom":"Aullène","nomNormalise":"aullene","typeCollectivite":"Commune","region":"Corse","departement":"Corse-du-Sud","departementCode":"2","adresse":{"street":"Cardelli","postalCode":"20116","city":"Aullène","country":"France"},"contacts":{"email":"mairie-aullene@wanadoo.fr","telephone":"0495786093"},"horaires":"Du Lundi au Vendredi : de 09h00 à 12h00 de 14h00 à 17h00\nLe Samedi : de 09h00 à 12h00","latitude":41.77198,"longitude":9.079863,"website":"","hasWebsite":false,"hasHoraires":true,"url":"https://lannuaire.service-public.gouv.fr/corse/corse-du-sud/31566123-b72b-41f4-83d7-d510f7e734e3"}
{"nom":"Azilone-Ampaza","nomNormalise":"aziloneampaza","typeCollectivite":"Commune","region":"Corse","departement":"Corse-du-Sud","departementCode":"2","adresse":{"street":"Le Bourg","postalCode":"20190","city":"Azilone-Ampaza","country":"France"},"contacts":{"email":"mairie.azilone@orange.fr","telephone":"0495536225"},"horaires":"Du Lundi au Vendredi : de 08h30 à 12h00","latitude":41.86444,"longitude":9.014499,"website":"https://www.mairie-azilone.com/","hasWebsite":true,"hasHoraires":true,"url":"https://lannuaire.service-public.gouv.fr/corse/corse-du-sud/51e37bb6-6cae-44bf-a70d-a6d9315e9b7b"}
{"nom":"Azzana","nomNormalise":"azzana","typeCollectivite":"Commune","region":"Corse","departement":"Corse-du-Sud","departementCode":"2","adresse":{"street":"Capanaccia","postalCode":"20121","city":"Azzana","country":"France"},"contacts":{"email":"mairie.azzana@orange.fr","telephone":"0495289142"},"horaires":"Le Lundi : de 09h00 à 12h00\nLe Jeudi : de 09h00 à 12h00","latitude":42.117466,"longitude":8.924858,"website":"","hasWebsite":false,"hasHoraires":true,"url":"https://lannuaire.service-public.gouv.fr/corse/corse-du-sud/a363b0c1-9d2e-4905-a61e-40a76e8703c2"}
{"nom":"Balogna","nomNormalise":"balogna","typeCollectivite":"Commune","region":"Corse","departement":"Corse-du-Sud","departementCode":"2","adresse":{"street":"U Canale","postalCode":"20160","city":"Balogna","country":"France"},"contacts":{"email":"mairie.balogna@orange.fr","telephone":"0495266827"},"horaires":"Du Lundi au Vendredi : de 09h00 à 12h30","latitude":42.179058,"longitude":8.780358,"website":"","hasWebsite":false,"hasHoraires":true,"url":"https://lannuaire.service-public.gouv.fr/corse/corse-du-sud/8aa80af7-0af2-4099-b232-993e9129e003"}
{"nom":"Bastelica","nomNormalise":"bastelica","typeCollectivite":"Commune","region":"Corse","departement":"Corse-du-Sud","departementCode":"2","adresse":{"street":"Corso Sampiero","postalCode":"20119","city":"Bastelica","country":"France"},"contacts":{"email":"mairie.de.bastelica@wanadoo.fr","telephone":"0495287061"},"horaires":"Du Lundi au Vendredi : de 08h30 à 12h30 de 13h30 à 16h30","latitude":42.00143,"longitude":9.051598,"website":"https://www.bastelica.fr/","hasWebsite":true,"hasHoraires":true,"url":"https://lannuaire.service-public.gouv.fr/corse/corse-du-sud/bb80698c-ad45-45f0-9e3e-f623dc83b19b"}
{"nom":"Bastelicaccia","nomNormalise":"bastelicaccia","typeCollectivite":"Commune","region":"Corse","departement":"Corse-du-Sud","departementCode":"2","adresse":{"street":"Pela-Curacchia","postalCode":"20129","city":"Bastelicaccia","country":"France"},"contacts":{"email":"mairie.bastelicaccia@wanadoo.fr","telephone":"0495200338"},"horaires":"Du Lundi au Vendredi : de 08h30 à 12h00 de 13h00 à 16h00","latitude":41.926487,"longitude":8.829362,"website":"http://www.mairiedebastelicaccia.com/","hasWebsite":true,"hasHoraires":true,"url":"https://lannuaire.service-public.gouv.fr/corse/corse-du-sud/f255c264-3a92-4650-af1f-227510317432"}
{"nom":"Belvédère-Campomoro","nomNormalise":"belvederecampomoro","typeCollectivite":"Commune","region":"Corse","departement":"Corse-du-Sud","departementCode":"2","adresse":{"street":"Hôtel de Ville","postalCode":"20110","city":"Belvédère-Campomoro","country":"France"},"contacts":{"email":"mairiebelvederecampomoro@wanadoo.fr","telephone":"0495742027"},"horaires":"Le Mardi : de 09h00 à 12h00\nLe Vendredi : de 09h00 à 12h00","latitude":41.62909,"longitude":8.815997,"website":"","hasWebsite":false,"hasHoraires":true,"url":"https://lannuaire.service-public.gouv.fr/corse/corse-du-sud/222ce1f5-6a84-4ab7-949e-c2a535fab9fd"}
{"nom":"Bilia","nomNormalise":"bilia","typeCollectivite":"Commune","region":"Corse","departement":"Corse-du-Sud","departementCode":"2","adresse":{"street":"Village","postalCode":"20100","city":"Bilia","country":"France"},"contacts":{"email":"mairiebilia@wanadoo.fr","telephone":"0495734956"},"horaires":"Le Vendredi : de 13h00 à 17h00","latitude":41.624554,"longitude":8.906533,"website":"","hasWebsite":false,"hasHoraires":true,"url":"https://lannuaire.service-public.gouv.fr/corse/corse-du-sud/bf5220de-8cf5-4888-9aa7-7a044866630e"}
{"nom":"Bocognano","nomNormalise":"bocognano","typeCollectivite":"Commune","region":"Corse","departement":"Corse-du-Sud","departementCode":"2","adresse":{"street":"Corsacci","postalCode":"20136","city":"Bocognano","country":"France"},"contacts":{"email":"bocognano.mairie@orange.fr","telephone":"0495274023"},"horaires":"Du Lundi au Vendredi : de 08h00 à 15h00","latitude":42.080753,"longitude":9.057818,"website":"http://www.bocognano-mairie.fr/","hasWebsite":true,"hasHoraires":true,"url":"https://lannuaire.service-public.gouv.fr/corse/corse-du-sud/ac02a8db-f93c-481a-8287-6dadab410ee1"}
{"nom":"Bonifacio","nomNormalise":"bonifacio","typeCollectivite":"Commune","region":"Corse","departement":"Corse-du-Sud","departementCode":"2","adresse":{"street":"12 place de l'Europe","postalCode":"20169","city":"Bonifacio","country":"France"},"contacts":{"email":"","telephone":"0495730015"},"horaires":"Du Lundi au Vendredi : de 08h30 à 12h00 de 14h00 à 17h00","latitude":41.386948,"longitude":9.158389,"website":"http://www.bonifacio-mairie.fr/","hasWebsite":true,"hasHoraires":true,"url":"https://lannuaire.service-public.gouv.fr/corse/corse-du-sud/2dfb6c32-57f3-41e2-80c5-4ad74e32dd2f"}
{"nom":"Calcatoggio","nomNormalise":"calcatoggio","typeCollectivite":"Commune","region":"Corse","departement":"Corse-du-Sud","departementCode":"2","adresse":{"street":"Place du Docteur-Versini","postalCode":"20111","city":"Calcatoggio","country":"France"},"contacts":{"email":"mairiedecalcatoggio@wanadoo.fr","telephone":"0495522283"},"horaires":"Du Lundi au Vendredi : de 09h00 à 16h00","latitude":42.02844,"longitude":8.76638,"website":"https://www.calcatoggio.net/","hasWebsite":true,"hasHoraires":true,"url":"https://lannuaire.service-public.gouv.fr/corse/corse-du-sud/597dde2c-54a5-44ab-9d4e-a6f2b7d392b1"}
{"nom":"Campo","nomNormalise":"campo","typeCollectivite":"Commune","region":"Corse","departement":"Corse-du-Sud","departementCode":"2","adresse":{"street":"Le Village","postalCode":"20142","city":"Campo","country":"France"},"contacts":{"email":"mairie.campo@wanadoo.fr","telephone":"0977912559"},"horaires":"Du Lundi au Vendredi : de 08h00 à 12h00","latitude":41.89086,"longitude":9.003797,"website":"","hasWebsite":false,"hasHoraires":true,"url":"https://lannuaire.service-public.gouv.fr/corse/corse-du-sud/048ccee2-df7f-487b-b440-2267e90e63c4"}
{"nom":"Cannelle","nomNormalise":"cannelle","typeCollectivite":"Commune","region":"Corse","departement":"Corse-du-Sud","departementCode":"2","adresse":{"street":"Village","postalCode":"20151","city":"Cannelle","country":"France"},"contacts":{"email":"mairiecannelle@orange.fr","telephone":"0495272113"},"horaires":"Le Mercredi : de 14h00 à 17h00","latitude":42.048626,"longitude":8.821514,"website":"","hasWebsite":false,"hasHoraires":true,"url":"https://lannuaire.service-public.gouv.fr/corse/corse-du-sud/c52c1056-e306-43c0-afa0-6ca60344a184"}
{"nom":"Carbini","nomNormalise":"carbini","typeCollectivite":"Commune","region":"Corse","departement":"Corse-du-Sud","departementCode":"2","adresse":{"street":"19 Strada di u Primu Bataillon-de-Choc","postalCode":"20170","city":"Carbini","country":"France"},"contacts":{"email":"contact.mairie.carbini@orange.fr","telephone":"0495784365"},"horaires":"Du Lundi au Vendredi : de 09h00 à 12h00 de 14h00 à 16h00","latitude":41.67919,"longitude":9.146942,"website":"https://www.carbini.fr/","hasWebsite":true,"hasHoraires":true,"url":"https://lannuaire.service-public.gouv.fr/corse/corse-du-sud/3ddd0780-35ef-443e-af51-b1f88f1bbc98"}
{"nom":"Carbuccia","nomNormalise":"carbuccia","typeCollectivite":"Commune","region":"Corse","departement":"Corse-du-Sud","departementCode":"2","adresse":{"street":"Costa","postalCode":"20133","city":"Carbuccia","country":"France"},"contacts":{"email":"mairiecarbuccia@gmail.com","telephone":"0495528125"},"horaires":"Du Lundi au Vendredi : de 08h30 à 12h30","latitude":42.04053,"longitude":8.955666,"website":"https://www.carbuccia.corsica/","hasWebsite":true,"hasHoraires":true,"url":"https://lannuaire.service-public.gouv.fr/corse/corse-du-sud/5880226e-22b8-45e4-bcff-5737cf3d0480"}
{"nom":"Cardo-Torgia","nomNormalise":"cardotorgia","typeCollectivite":"Commune","region":"Corse","departement":"Corse-du-Sud","departementCode":"2","adresse":{"street":"Le Village","postalCode":"20190","city":"Cardo-Torgia","country":"France"},"contacts":{"email":"cardo-torgia@orange.fr","telephone":"0495536111"},"horaires":"Le Mardi : de 15h00 à 17h00","latitude":41.868435,"longitude":8.978851,"website":"","hasWebsite":false,"hasHoraires":true,"url":"https://lannuaire.service-public.gouv.fr/corse/corse-du-sud/93b87c7e-01ca-4931-ad13-488339abf1c9"}
{"nom":"Cargèse","nomNormalise":"cargese","typeCollectivite":"Commune","region":"Corse","departement":"Corse-du-Sud","departementCode":"2","adresse":{"street":"Rue Marbeuf","postalCode":"20130","city":"Cargèse","country":"France"},"contacts":{"email":"mairie@cargese.corsica","telephone":"0495264101"},"horaires":"Du Lundi au Vendredi : de 09h00 à 12h00","latitude":42.134766,"longitude":8.595274,"website":"http://www.cargese.corsica/","hasWebsite":true,"hasHoraires":true,"url":"https://lannuaire.service-public.gouv.fr/corse/corse-du-sud/33ee7706-b9cf-455a-b9df-e6214147630a"}
{"nom":"Cargiaca","nomNormalise":"cargiaca","typeCollectivite":"Commune","region":"Corse","departement":"Corse-du-Sud","departementCode":"2","adresse":{"street":"Casa Communa","postalCode":"20164","city":"Cargiaca","country":"France"},"contacts":{"email":"commune-de-cargiaca@orange.fr","telephone":"0495788402"},"horaires":"Du Lundi au Mardi : de 14h00 à 16h00\nLe Jeudi : de 14h00 à 16h00","latitude":41.73097,"longitude":9.047448,"website":"","hasWebsite":false,"hasHoraires":true,"url":"https://lannuaire.service-public.gouv.fr/corse/corse-du-sud/05ce6f1c-c5ef-4113-8389-4c198a81cc6a"}
{"nom":"Casaglione","nomNormalise":"casaglione","typeCollectivite":"Commune","region":"Corse","departement":"Corse-du-Sud","departementCode":"2","adresse":{"street":"Piazza di a Casa Cumuna","postalCode":"20111","city":"Casaglione","country":"France"},"contacts":{"email":"casaglione@orange.fr","telephone":"0495522280"},"horaires":"Du Lundi au Jeudi : de 09h00 à 12h00","latitude":42.06901,"longitude":8.787506,"website":"https://casaglione-tiuccia.corsica/","hasWebsite":true,"hasHoraires":true,"url":"https://lannuaire.service-public.gouv.fr/corse/corse-du-sud/7d323d75-d777-4198-9d0c-b2c9e1af7e6c"}
{"nom":"Casalabriva","nomNormalise":"casalabriva","typeCollectivite":"Commune","region":"Corse","departement":"Corse-du-Sud","departementCode":"2","adresse":{"street":"Route départementale 657","postalCode":"20140","city":"Casalabriva","country":"France"},"contacts":{"email":"contact@mairie-casalabriva.com","telephone":"0495746041"},"horaires":"Du Lundi au Vendredi : de 08h30 à 15h30\nLe Mercredi : de 08h30 à 12h00","latitude":41.75268,"longitude":8.938166,"website":"","hasWebsite":false,"hasHoraires":true,"url":"https://lannuaire.service-public.gouv.fr/corse/corse-du-sud/4546200e-0ce4-4277-b242-9c418d6f1aa4"}
{"nom":"Cauro","nomNormalise":"cauro","typeCollectivite":"Commune","region":"Corse","departement":"Corse-du-Sud","departementCode":"2","adresse":{"street":"La Teghia","postalCode":"20117","city":"Cauro","country":"France"},"contacts":{"email":"mairie-cauro@wanadoo.fr","telephone":"0495284089"},"horaires":"Du Lundi au Vendredi : de 08h30 à 12h00 de 14h00 à 16h30","latitude":41.91818,"longitude":8.916,"website":"https://www.mairie-cauro.fr/","hasWebsite":true,"hasHoraires":true,"url":"https://lannuaire.service-public.gouv.fr/corse/corse-du-sud/35cd685e-278a-4db6-9a16-fde25e540194"}
{"nom":"Ciamannacce","nomNormalise":"ciamannacce","typeCollectivite":"Commune","region":"Corse","departement":"Corse-du-Sud","departementCode":"2","adresse":{"street":"Maison commune","postalCode":"20134","city":"Ciamannacce","country":"France"},"contacts":{"email":"mairie-ciamannacce@wanadoo.fr","telephone":"0495245112"},"horaires":"Le Mardi : de 09h00 à 17h00\nLe Jeudi : de 09h00 à 17h00","latitude":41.95179,"longitude":9.147635,"website":"http://www.ciamannacce.com/","hasWebsite":true,"hasHoraires":true,"url":"https://lannuaire.service-public.gouv.fr/corse/corse-du-sud/09392d68-fea1-406b-b497-03cd73abe7c6"}
{"nom":"Coggia","nomNormalise":"coggia","typeCollectivite":"Commune","region":"Corse","departement":"Corse-du-Sud","departementCode":"2","adresse":{"street":"Lieu-dit Crucciate","postalCode":"20160","city":"Coggia","country":"France"},"contacts":{"email":"secretariat@mairie-coggia.corsica","telephone":"0495522245"},"horaires":"Du Lundi au Vendredi : de 09h00 à 12h00 de 14h00 à 16h00","latitude":42.11214,"longitude":8.753637,"website":"https://www.mairie-coggia.corsica/","hasWebsite":true,"hasHoraires":true,"url":"https://lannuaire.service-public.gouv.fr/corse/corse-du-sud/dceff702-154c-4871-8bca-33e88c03f60d"}
{"nom":"Cognocoli-Monticchi","nomNormalise":"cognocolimonticchi","typeCollectivite":"Commune","region":"Corse","departement":"Corse-du-Sud","departementCode":"2","adresse":{"street":"Village","postalCode":"20123","city":"Cognocoli-Monticchi","country":"France"},"contacts":{"email":"mairie.cognocoli@wanadoo.fr","telephone":"0495242295"},"horaires":"Du Lundi au Vendredi : de 08h00 à 12h00","latitude":41.8286,"longitude":8.90508,"website":"","hasWebsite":false,"hasHoraires":true,"url":"https://lannuaire.service-public.gouv.fr/corse/corse-du-sud/d79c73a9-1ba9-4267-ae92-12456d5c28a2"}
{"nom":"Conca","nomNormalise":"conca","typeCollectivite":"Commune","region":"Corse","departement":"Corse-du-Sud","departementCode":"2","adresse":{"street":"Piazza d'a-Mirria","postalCode":"20135","city":"Conca","country":"France"},"contacts":{"email":"mairie.conca@conca.fr","telephone":"0495714168"},"horaires":"Du Lundi au Jeudi : de 08h30 à 12h00 de 13h30 à 17h00\nLe Vendredi : de 08h30 à 12h00 de 13h30 à 16h30","latitude":41.734932,"longitude":9.334976,"website":"https://conca.fr/","hasWebsite":true,"hasHoraires":true,"url":"https://lannuaire.service-public.gouv.fr/corse/corse-du-sud/0e2b7926-3e67-4e7a-9b74-8552284048fb"}
{"nom":"Corrano","nomNormalise":"corrano","typeCollectivite":"Commune","region":"Corse","departement":"Corse-du-Sud","departementCode":"2","adresse":{"street":"Mairie","postalCode":"20168","city":"Corrano","country":"France"},"contacts":{"email":"mairie.corrano@wanadoo.fr","telephone":"0495242322"},"horaires":"Du Lundi au Vendredi : de 08h00 à 12h30","latitude":41.891327,"longitude":9.06322,"website":"","hasWebsite":false,"hasHoraires":true,"url":"https://lannuaire.service-public.gouv.fr/corse/corse-du-sud/404ac610-c55d-4d9f-a035-c4b4c06db16c"}
{"nom":"Coti-Chiavari","nomNormalise":"cotichiavari","typeCollectivite":"Commune","region":"Corse","departement":"Corse-du-Sud","departementCode":"2","adresse":{"street":"Bâtiment communal","postalCode":"20138","city":"Coti-Chiavari","country":"France"},"contacts":{"email":"mairie.cotichiavari@orange.fr","telephone":"0495271080"},"horaires":"Du Lundi au Vendredi : de 08h00 à 12h00 de 14h00 à 17h00","latitude":41.772766,"longitude":8.771593,"website":"http://www.coti-chiavari.corsica/","hasWebsite":true,"hasHoraires":true,"url":"https://lannuaire.service-public.gouv.fr/corse/corse-du-sud/cff4d7df-41c1-4768-b484-67a0868c5cd1"}
{"nom":"Cozzano","nomNormalise":"cozzano","typeCollectivite":"Commune","region":"Corse","departement":"Corse-du-Sud","departementCode":"2","adresse":{"street":"1 strada fransescu renuccu","postalCode":"20148","city":"Cozzano","country":"France"},"contacts":{"email":"contact@cozzano.corsica","telephone":"0495244038"},"horaires":"Du Lundi au Mardi : de 08h30 à 12h00 de 13h00 à 16h30\nDu Jeudi au Vendredi : de 08h30 à 12h00 de 13h00 à 16h30","latitude":41.934505,"longitude":9.155064,"website":"https://www.cozzano.corsica/","hasWebsite":true,"hasHoraires":true,"url":"https://lannuaire.service-public.gouv.fr/corse/corse-du-sud/384d99fc-b549-41c5-9587-32b31f00f454"}
{"nom":"Cristinacce","nomNormalise":"cristinacce","typeCollectivite":"Commune","region":"Corse","departement":"Corse-du-Sud","departementCode":"2","adresse":{"street":"Croce","postalCode":"20126","city":"Cristinacce","country":"France"},"contacts":{"email":"mairie.cristinacce@orange.fr","telephone":"0495262042"},"horaires":"Le Lundi : de 09h00 à 12h00 de 14h00 à 17h00\nLe Jeudi : de 14h00 à 17h00\nLe Vendredi : de 09h00 à 12h00 de 14h00 à 17h00","latitude":42.24352,"longitude":8.830989,"website":"","hasWebsite":false,"hasHoraires":true,"url":"https://lannuaire.service-public.gouv.fr/corse/corse-du-sud/e826958d-feaa-4d9e-9a6c-0afbcb56d103"}
{"nom":"Cuttoli-Corticchiato","nomNormalise":"cuttolicorticchiato","typeCollectivite":"Commune","region":"Corse","departement":"Corse-du-Sud","departementCode":"2","adresse":{"street":"Casarimaccio","postalCode":"20167","city":"Cuttoli-Corticchiato","country":"France"},"contacts":{"email":"communecuttoli@wanadoo.fr","telephone":"0495256136"},"horaires":"Du Lundi au Vendredi : de 09h00 à 12h00 de 13h30 à 16h30","latitude":41.988285,"longitude":8.907829,"website":"http://www.cuttoli.fr/","hasWebsite":true,"hasHoraires":true,"url":"https://lannuaire.service-public.gouv.fr/corse/corse-du-sud/ccb62bee-fe57-4df3-b622-3bf8f209f8af"}
{"nom":"Eccica-Suarella","nomNormalise":"eccicasuarella","typeCollectivite":"Commune","region":"Corse","departement":"Corse-du-Sud","departementCode":"2","adresse":{"street":"Place de la Mairie","postalCode":"20117","city":"Eccica-Suarella","country":"France"},"contacts":{"email":"mairie.eccicasuarella@wanadoo.fr","telephone":"0495284011"},"horaires":"Du Lundi au Jeudi : de 08h00 à 12h00 de 13h00 à 17h00\nLe Vendredi : de 08h00 à 12h00 de 13h00 à 16h00","latitude":41.924282,"longitude":8.824173,"website":"","hasWebsite":false,"hasHoraires":true,"url":"https://lannuaire.service-public.gouv.fr/corse/corse-du-sud/feb583eb-b323-4a60-b88d-1d1a74ad1e40"}
{"nom":"Évisa","nomNormalise":"evisa","typeCollectivite":"Commune","region":"Corse","departement":"Corse-du-Sud","departementCode":"2","adresse":{"street":"Capo Soprano","postalCode":"20126","city":"Évisa","country":"France"},"contacts":{"email":"mairie-evisa@orange.fr","telephone":"0495262009"},"horaires":"Du Lundi au Vendredi : de 09h00 à 12h00","latitude":42.253475,"longitude":8.801899,"website":"","hasWebsite":false,"hasHoraires":true,"url":"https://lannuaire.service-public.gouv.fr/corse/corse-du-sud/d75a6441-f9c3-4664-ba6f-2923a68d31a0"}
{"nom":"Figari","nomNormalise":"figari","typeCollectivite":"Commune","region":"Corse","departement":"Corse-du-Sud","departementCode":"2","adresse":{"street":"Piazza de l'Ottu di Dicembri","postalCode":"20114","city":"Figari","country":"France"},"contacts":{"email":"accueil@mairiedefigari.corsica","telephone":"0495710023"},"horaires":"Du Lundi au Vendredi : de 09h00 à 12h30 de 13h30 à 16h00","latitude":41.488235,"longitude":9.129723,"website":"http://www.figari.fr/","hasWebsite":true,"hasHoraires":true,"url":"https://lannuaire.service-public.gouv.fr/corse/corse-du-sud/b377ae0e-2918-4873-82bc-f9e32c1db38c"}
{"nom":"Foce","nomNormalise":"foce","typeCollectivite":"Commune","region":"Corse","departement":"Corse-du-Sud","departementCode":"2","adresse":{"street":"Bilzese","postalCode":"20100","city":"Foce","country":"France"},"contacts":{"email":"communedefoce@orange.fr","telephone":"0495770490"},"horaires":"Du Lundi au Jeudi : de 08h00 à 12h00","latitude":41.623276,"longitude":9.012535,"website":"","hasWebsite":false,"hasHoraires":true,"url":"https://lannuaire.service-public.gouv.fr/corse/corse-du-sud/b1a40c65-e8c0-4848-b92d-ba8e518e1d72"}
{"nom":"Forciolo","nomNormalise":"forciolo","typeCollectivite":"Commune","region":"Corse","departement":"Corse-du-Sud","departementCode":"2","adresse":{"street":"Valdo","postalCode":"20190","city":"Forciolo","country":"France"},"contacts":{"email":"communedeforciolo@orange.fr","telephone":"0495536115"},"horaires":"Le Lundi : de 14h00 à 17h00\nLe Mercredi : de 14h00 à 17h00\nLe Vendredi : de 14h00 à 17h00","latitude":41.85366,"longitude":9.01019,"website":"","hasWebsite":false,"hasHoraires":true,"url":"https://lannuaire.service-public.gouv.fr/corse/corse-du-sud/7b0d43c3-2951-410f-bba1-716952ea3b65"}
{"nom":"Fozzano","nomNormalise":"fozzano","typeCollectivite":"Commune","region":"Corse","departement":"Corse-du-Sud","departementCode":"2","adresse":{"street":"Le Village","postalCode":"20143","city":"Fozzano","country":"France"},"contacts":{"email":"mairie.de.fozzano@orange.fr","telephone":"0495734315"},"horaires":"Le Lundi : de 13h30 à 16h30\nLe Mardi : de 13h30 à 16h30\nLe Jeudi : de 13h30 à 16h30\nLe Vendredi : de 13h30 à 16h30","latitude":41.69702,"longitude":9.001286,"website":"","hasWebsite":false,"hasHoraires":true,"url":"https://lannuaire.service-public.gouv.fr/corse/corse-du-sud/84e54ea5-27d5-4eef-be2f-debf5e48f711"}
{"nom":"Frasseto","nomNormalise":"frasseto","typeCollectivite":"Commune","region":"Corse","departement":"Corse-du-Sud","departementCode":"2","adresse":{"street":"Cudeta","postalCode":"20157","city":"Frasseto","country":"France"},"contacts":{"email":"mairie-de-frasseto@wanadoo.fr","telephone":"0963220517"},"horaires":"Du Lundi au Jeudi : de 13h30 à 16h30","latitude":41.89618,"longitude":9.021887,"website":"","hasWebsite":false,"hasHoraires":true,"url":"https://lannuaire.service-public.gouv.fr/corse/corse-du-sud/db3a7740-488c-4b21-b6e6-547a4c74b700"}
{"nom":"Giuncheto","nomNormalise":"giuncheto","typeCollectivite":"Commune","region":"Corse","departement":"Corse-du-Sud","departementCode":"2","adresse":{"street":"Place de l'École","postalCode":"20100","city":"Giuncheto","country":"France"},"contacts":{"email":"mairiegiuncheto@orange.fr","telephone":"0495734588"},"horaires":"Du Lundi au Vendredi : de 08h30 à 12h30","latitude":41.86861,"longitude":8.964279,"website":"","hasWebsite":false,"hasHoraires":true,"url":"https://lannuaire.service-public.gouv.fr/corse/corse-du-sud/c44a1a8d-2ddb-4847-8fc3-7804ce612d9e"}
{"nom":"Granace","nomNormalise":"granace","typeCollectivite":"Commune","region":"Corse","departement":"Corse-du-Sud","departementCode":"2","adresse":{"street":"Village","postalCode":"20100","city":"Granace","country":"France"},"contacts":{"email":"mairie.granace@orange.fr","telephone":"0495771211"},"horaires":"Le Lundi : de 14h00 à 18h00","latitude":41.645863,"longitude":9.007683,"website":"https://www.granace.fr/","hasWebsite":true,"hasHoraires":true,"url":"https://lannuaire.service-public.gouv.fr/corse/corse-du-sud/d2ef7a7c-2c64-4392-90bc-3c0d029f43d7"}
{"nom":"Grossa","nomNormalise":"grossa","typeCollectivite":"Commune","region":"Corse","departement":"Corse-du-Sud","departementCode":"2","adresse":{"street":"5 U-linaru","postalCode":"20100","city":"Grossa","country":"France"},"contacts":{"email":"mairie.grossa@orange.fr","telephone":"0495734896"},"horaires":"Du Lundi au Vendredi : de 09h00 à 12h00","latitude":41.609196,"longitude":8.877487,"website":"https://sites.google.com/view/mairiedegrossa/","hasWebsite":true,"hasHoraires":true,"url":"https://lannuaire.service-public.gouv.fr/corse/corse-du-sud/b412b2fd-1973-4a4d-b0b6-28e086cb061a"}
{"nom":"Grosseto-Prugna","nomNormalise":"grossetoprugna","typeCollectivite":"Commune","region":"Corse","departement":"Corse-du-Sud","departementCode":"2","adresse":{"street":"Groupe scolaire","postalCode":"20128","city":"Grosseto-Prugna","country":"France"},"contacts":{"email":"mairievillage@mairie-gpp.corsica","telephone":"0495257116"},"horaires":"Du Lundi au Jeudi : de 08h30 à 12h00 de 13h30 à 16h30\nLe Vendredi : de 08h30 à 12h00 de 13h30 à 16h00","latitude":41.86861,"longitude":8.964279,"website":"https://mairie-grosseto-prugna-porticcio.corsica/","hasWebsite":true,"hasHoraires":true,"url":"https://lannuaire.service-public.gouv.fr/corse/corse-du-sud/8c5aa4ec-830f-4568-98ac-2a59d9f83c08"}
{"nom":"Guagno","nomNormalise":"guagno","typeCollectivite":"Commune","region":"Corse","departement":"Corse-du-Sud","departementCode":"2","adresse":{"street":"Village","postalCode":"20160","city":"Guagno","country":"France"},"contacts":{"email":"commune-de-guagno@orange.fr","telephone":"0495283124"},"horaires":"Le Lundi : de 09h00 à 15h00\nLe Jeudi : de 09h00 à 15h00","latitude":42.16802,"longitude":8.952751,"website":"","hasWebsite":false,"hasHoraires":true,"url":"https://lannuaire.service-public.gouv.fr/corse/corse-du-sud/1de78d13-67c9-406a-8705-655b4d78e6bb"}
{"nom":"Guarguale","nomNormalise":"guarguale","typeCollectivite":"Commune","region":"Corse","departement":"Corse-du-Sud","departementCode":"2","adresse":{"street":"Cours Félix-Antoine Casanova","postalCode":"20128","city":"Guarguale","country":"France"},"contacts":{"email":"communedeguarguale@hotmail.fr","telephone":"0495242057"},"horaires":"Du Lundi au Mardi : de 09h00 à 12h00\nLe Jeudi : de 09h00 à 12h00\nLe Vendredi : de 09h00 à 11h00","latitude":41.83874,"longitude":8.92754,"website":"","hasWebsite":false,"hasHoraires":true,"url":"https://lannuaire.service-public.gouv.fr/corse/corse-du-sud/9fb78c46-f4ef-42db-925c-7167eaa1ee9e"}
{"nom":"Guitera-les-Bains","nomNormalise":"guiteralesbains","typeCollectivite":"Commune","region":"Corse","departement":"Corse-du-Sud","departementCode":"2","adresse":{"street":"Le Village","postalCode":"20153","city":"Guitera-les-Bains","country":"France"},"contacts":{"email":"mairie.guitera-les-bains@orange.fr","telephone":"0495244521"},"horaires":"Du Lundi au Vendredi : de 09h00 à 12h00","latitude":41.913948,"longitude":9.086305,"website":"","hasWebsite":false,"hasHoraires":true,"url":"https://lannuaire.service-public.gouv.fr/corse/corse-du-sud/d22b2833-4d30-4502-85ff-a36027f61414"}
{"nom":"Lecci","nomNormalise":"lecci","typeCollectivite":"Commune","region":"Corse","departement":"Corse-du-Sud","departementCode":"2","adresse":{"street":"Stradonu di-a-Merria","postalCode":"20137","city":"Lecci","country":"France"},"contacts":{"email":"mairie.lecci@wanadoo.fr","telephone":"0495714343"},"horaires":"Du Lundi au Vendredi : de 09h00 à 12h00 de 14h00 à 17h00","latitude":41.67969,"longitude":9.317593,"website":"https://www.lecci.fr/","hasWebsite":true,"hasHoraires":true,"url":"https://lannuaire.service-public.gouv.fr/corse/corse-du-sud/2f486112-a5f0-4e03-bce5-07ca85ac0764"}
{"nom":"Letia","nomNormalise":"letia","typeCollectivite":"Commune","region":"Corse","departement":"Corse-du-Sud","departementCode":"2","adresse":{"street":"Poghju-a-Botte","postalCode":"20160","city":"Letia","country":"France"},"contacts":{"email":"commune-de-letia@wanadoo.fr","telephone":"0495266324"},"horaires":"Du Lundi au Vendredi : de 09h00 à 12h00","latitude":42.189964,"longitude":8.850285,"website":"","hasWebsite":false,"hasHoraires":true,"url":"https://lannuaire.service-public.gouv.fr/corse/corse-du-sud/ae9e8c03-f42a-4717-8fa4-e46d7940a5ab"}
{"nom":"Levie","nomNormalise":"levie","typeCollectivite":"Commune","region":"Corse","departement":"Corse-du-Sud","departementCode":"2","adresse":{"street":"Rue Sorba","postalCode":"20170","city":"Levie","country":"France"},"contacts":{"email":"mairie@levie.fr","telephone":"0495780000"},"horaires":"Du Lundi au Jeudi : de 08h00 à 12h00 de 14h00 à 17h00\nLe Vendredi : de 08h00 à 12h00 de 14h00 à 16h00","latitude":41.70281,"longitude":9.122093,"website":"https://www.levie.fr/","hasWebsite":true,"hasHoraires":true,"url":"https://lannuaire.service-public.gouv.fr/corse/corse-du-sud/2e4dfb0d-ca8b-4c70-bf15-abe97fb1a112"}
{"nom":"Lopigna","nomNormalise":"lopigna","typeCollectivite":"Commune","region":"Corse","departement":"Corse-du-Sud","departementCode":"2","adresse":{"street":"Le Village","postalCode":"20139","city":"Lopigna","country":"France"},"contacts":{"email":"mairie.lopigna@orange.fr","telephone":"0495289433"},"horaires":"Du Lundi au Vendredi : de 09h00 à 12h00 de 14h00 à 17h00","latitude":42.096306,"longitude":8.852817,"website":"","hasWebsite":false,"hasHoraires":true,"url":"https://lannuaire.service-public.gouv.fr/corse/corse-du-sud/07a37f83-8c24-424b-a031-1df92ee021e4"}
{"nom":"Loreto-di-Tallano","nomNormalise":"loretoditallano","typeCollectivite":"Commune","region":"Corse","departement":"Corse-du-Sud","departementCode":"2","adresse":{"street":"Village","postalCode":"20165","city":"Loreto-di-Tallano","country":"France"},"contacts":{"email":"commune.loretoditallano@orange.fr","telephone":"0495788409"},"horaires":"","latitude":41.719215,"longitude":9.037042,"website":"","hasWebsite":false,"hasHoraires":false,"url":"https://lannuaire.service-public.gouv.fr/corse/corse-du-sud/18c3803c-2364-41ab-8340-8a272b9878fb"}
{"nom":"Marignana","nomNormalise":"marignana","typeCollectivite":"Commune","region":"Corse","departement":"Corse-du-Sud","departementCode":"2","adresse":{"street":"Le Village","postalCode":"20141","city":"Marignana","country":"France"},"contacts":{"email":"mairie.marignana894@orange.fr","telephone":"0495262103"},"horaires":"Du Lundi au Mardi : de 08h00 à 12h00 de 13h30 à 16h30\nDu Jeudi au Vendredi : de 08h00 à 12h00 de 13h30 à 16h30","latitude":42.232452,"longitude":8.800548,"website":"","hasWebsite":false,"hasHoraires":true,"url":"https://lannuaire.service-public.gouv.fr/corse/corse-du-sud/a3048ee6-a6be-4304-b0b5-a8cafcbaf269"}
{"nom":"Mela-de-Tallano","nomNormalise":"meladetallano","typeCollectivite":"Commune","region":"Corse","departement":"Corse-du-Sud","departementCode":"2","adresse":{"street":"Campana","postalCode":"20112","city":"Mela","country":"France"},"contacts":{"email":"mairie.mela@wanadoo.fr","telephone":"0495788028"},"horaires":"Le Lundi : de 13h00 à 17h00\nLe Mardi : de 08h00 à 12h00\nLe Jeudi : de 13h00 à 17h00\nLe Vendredi : de 08h00 à 12h00","latitude":41.696236,"longitude":9.094392,"website":"","hasWebsite":false,"hasHoraires":true,"url":"https://lannuaire.service-public.gouv.fr/corse/corse-du-sud/dd6b5b07-047c-4676-941f-171b917af857"}
{"nom":"Moca-Croce","nomNormalise":"mocacroce","typeCollectivite":"Commune","region":"Corse","departement":"Corse-du-Sud","departementCode":"2","adresse":{"street":"Pozzo","postalCode":"20140","city":"Moca-Croce","country":"France"},"contacts":{"email":"secretariat@mairie-mocacroce.fr","telephone":"0495243221"},"horaires":"Du Lundi au Vendredi : de 13h30 à 16h30","latitude":41.808704,"longitude":9.011963,"website":"","hasWebsite":false,"hasHoraires":true,"url":"https://lannuaire.service-public.gouv.fr/corse/corse-du-sud/146be1bc-b888-413d-950b-07e4bda57ea6"}
{"nom":"Monacia-d'Aullène","nomNormalise":"monaciadaullene","typeCollectivite":"Commune","region":"Corse","departement":"Corse-du-Sud","departementCode":"2","adresse":{"street":"Quartier Frisella","postalCode":"20171","city":"Monacia-d'Aullène","country":"France"},"contacts":{"email":"mairie.monacia-aullene@orange.fr","telephone":"0495718109"},"horaires":"Du Lundi au Vendredi : de 09h00 à 12h00","latitude":41.512146,"longitude":9.011181,"website":"","hasWebsite":false,"hasHoraires":true,"url":"https://lannuaire.service-public.gouv.fr/corse/corse-du-sud/8c61cc09-b00e-43af-b023-41198e02940b"}
{"nom":"Murzo","nomNormalise":"murzo","typeCollectivite":"Commune","region":"Corse","departement":"Corse-du-Sud","departementCode":"2","adresse":{"street":"Casa Chiesale","postalCode":"20160","city":"Murzo","country":"France"},"contacts":{"email":"mairie.murzo@orange.fr","telephone":"0495266860"},"horaires":"Le Mardi : de 09h00 à 12h30 de 13h30 à 17h00","latitude":42.16792,"longitude":8.826969,"website":"","hasWebsite":false,"hasHoraires":true,"url":"https://lannuaire.service-public.gouv.fr/corse/corse-du-sud/200ecb16-b772-4859-bc47-1f8cf040d053"}
{"nom":"Ocana","nomNormalise":"ocana","typeCollectivite":"Commune","region":"Corse","departement":"Corse-du-Sud","departementCode":"2","adresse":{"street":"Vazzina","postalCode":"20117","city":"Ocana","country":"France"},"contacts":{"email":"ocana3@wanadoo.fr","telephone":"0495270290"},"horaires":"Du Lundi au Vendredi : de 09h00 à 12h30","latitude":41.95832,"longitude":8.934158,"website":"","hasWebsite":false,"hasHoraires":true,"url":"https://lannuaire.service-public.gouv.fr/corse/corse-du-sud/25a9dfee-7902-4c47-bf07-1bbbb54edfb4"}
{"nom":"Olivese","nomNormalise":"olivese","typeCollectivite":"Commune","region":"Corse","departement":"Corse-du-Sud","departementCode":"2","adresse":{"street":"Le Village","postalCode":"20140","city":"Olivese","country":"France"},"contacts":{"email":"mairie-olivese@orange.fr","telephone":"0495279042"},"horaires":"Du Lundi au Vendredi : de 09h00 à 12h00 de 13h30 à 16h30\nLe Samedi : de 09h00 à 12h00","latitude":41.84563,"longitude":9.055219,"website":"http://www.olivese.net/","hasWebsite":true,"hasHoraires":true,"url":"https://lannuaire.service-public.gouv.fr/corse/corse-du-sud/eb62b4b3-1bd6-4793-ba05-3f31802fd5ee"}
{"nom":"Olmeto","nomNormalise":"olmeto","typeCollectivite":"Commune","region":"Corse","departement":"Corse-du-Sud","departementCode":"2","adresse":{"street":"5 cours Balisoni","postalCode":"20113","city":"Olmeto","country":"France"},"contacts":{"email":"commune.olmeto@gmail.com","telephone":"0495746073"},"horaires":"Du Lundi au Vendredi : de 09h00 à 12h00 de 14h00 à 17h00","latitude":41.717464,"longitude":8.918185,"website":"http://www.olmeto.net/","hasWebsite":true,"hasHoraires":true,"url":"https://lannuaire.service-public.gouv.fr/corse/corse-du-sud/ddfc304b-9558-4e14-b13e-e70efb51c372"}
{"nom":"Olmiccia","nomNormalise":"olmiccia","typeCollectivite":"Commune","region":"Corse","departement":"Corse-du-Sud","departementCode":"2","adresse":{"street":"Lieu-dit Fenaggio","postalCode":"20112","city":"Olmiccia","country":"France"},"contacts":{"email":"mairie.olmiccia@wanadoo.fr","telephone":"0495788326"},"horaires":"Le Lundi : de 09h00 à 12h30 de 13h30 à 16h00\nDu Mardi au Jeudi : de 09h00 à 12h30 de 13h30 à 16h30\nLe Mercredi : de 09h00 à 12h00\nLe Vendredi : de 09h00 à 12h30 de 13h30 à 15h00","latitude":41.690754,"longitude":9.058847,"website":"","hasWebsite":false,"hasHoraires":true,"url":"https://lannuaire.service-public.gouv.fr/corse/corse-du-sud/840b8f95-cde8-4dea-ad5b-b393a968bbe6"}
{"nom":"Orto","nomNormalise":"orto","typeCollectivite":"Commune","region":"Corse","departement":"Corse-du-Sud","departementCode":"2","adresse":{"street":"Le Village","postalCode":"20125","city":"Orto","country":"France"},"contacts":{"email":"mairie.orto@orange.fr","telephone":"0495283286"},"horaires":"Le Mardi : de 09h30 à 15h30\nLe Vendredi : de 09h30 à 15h30","latitude":42.187508,"longitude":8.93172,"website":"","hasWebsite":false,"hasHoraires":true,"url":"https://lannuaire.service-public.gouv.fr/corse/corse-du-sud/fd1b6be4-f3ce-40ba-981c-80964aa8282d"}
{"nom":"Osani","nomNormalise":"osani","typeCollectivite":"Commune","region":"Corse","departement":"Corse-du-Sud","departementCode":"2","adresse":{"street":"Le Village","postalCode":"20147","city":"Osani","country":"France"},"contacts":{"email":"mairie.osani@gmail.com","telephone":"0495273074"},"horaires":"Du Lundi au Mardi : de 09h00 à 12h00","latitude":42.0783,"longitude":8.724347,"website":"https://mairie-osani.mairie.pagespro-orange.fr/","hasWebsite":true,"hasHoraires":true,"url":"https://lannuaire.service-public.gouv.fr/corse/corse-du-sud/ac717161-89a0-480c-9e8f-a8beb186fbea"}
{"nom":"Ota","nomNormalise":"ota","typeCollectivite":"Commune","region":"Corse","departement":"Corse-du-Sud","departementCode":"2","adresse":{"street":"9 Pargolello","postalCode":"20150","city":"Ota","country":"France"},"contacts":{"email":"mairie@mairieota.fr","telephone":"0495261005"},"horaires":"Du Lundi au Jeudi : de 09h00 à 15h30\nLe Vendredi : de 09h00 à 12h00","latitude":42.25242,"longitude":8.68183,"website":"https://www.ota-porto.fr/","hasWebsite":true,"hasHoraires":true,"url":"https://lannuaire.service-public.gouv.fr/corse/corse-du-sud/16238647-b5e4-4364-8088-d411a4c97859"}
{"nom":"Palneca","nomNormalise":"palneca","typeCollectivite":"Commune","region":"Corse","departement":"Corse-du-Sud","departementCode":"2","adresse":{"street":"Le Village","postalCode":"20134","city":"Palneca","country":"France"},"contacts":{"email":"commune.palneca@orange.fr","telephone":"0495245121"},"horaires":"Du Lundi au Vendredi : de 08h00 à 12h00 de 13h30 à 16h30\nLe Mercredi : de 08h00 à 12h00","latitude":41.96978,"longitude":9.172356,"website":"https://www.maire-palneca.fr/","hasWebsite":true,"hasHoraires":true,"url":"https://lannuaire.service-public.gouv.fr/corse/corse-du-sud/5e386b87-1a57-4e8b-a97b-f1e439507150"}
{"nom":"Partinello","nomNormalise":"partinello","typeCollectivite":"Commune","region":"Corse","departement":"Corse-du-Sud","departementCode":"2","adresse":{"street":"Le Village","postalCode":"20147","city":"Partinello","country":"France"},"contacts":{"email":"mairie.partinello@wanadoo.fr","telephone":"0495273023"},"horaires":"Du Lundi au Vendredi : de 08h00 à 15h00","latitude":42.31205,"longitude":8.681269,"website":"http://www.partinello.fr/","hasWebsite":true,"hasHoraires":true,"url":"https://lannuaire.service-public.gouv.fr/corse/corse-du-sud/6e74008f-90d2-4195-8205-eaf82c52b76d"}
{"nom":"Pastricciola","nomNormalise":"pastricciola","typeCollectivite":"Commune","region":"Corse","departement":"Corse-du-Sud","departementCode":"2","adresse":{"street":"Village","postalCode":"20121","city":"Pastricciola","country":"France"},"contacts":{"email":"mairiedepastricciola@orange.fr","telephone":"0495289185"},"horaires":"Le Lundi : de 09h30 à 12h30 de 13h00 à 15h00\nLe Jeudi : de 09h30 à 12h00 de 13h00 à 15h00","latitude":42.14036,"longitude":8.9841,"website":"","hasWebsite":false,"hasHoraires":true,"url":"https://lannuaire.service-public.gouv.fr/corse/corse-du-sud/f25ce168-e729-4555-a387-11acb6c56fa8"}
{"nom":"Peri","nomNormalise":"peri","typeCollectivite":"Commune","region":"Corse","departement":"Corse-du-Sud","departementCode":"2","adresse":{"street":"RT 20 Facciata-Rossa","postalCode":"20167","city":"Peri","country":"France"},"contacts":{"email":"commune-de-peri@orange.fr","telephone":"0495256353"},"horaires":"Du Lundi au Vendredi : de 08h30 à 16h00","latitude":42.00403,"longitude":8.920958,"website":"","hasWebsite":false,"hasHoraires":true,"url":"https://lannuaire.service-public.gouv.fr/corse/corse-du-sud/e69efd6f-277c-4371-83e5-3b1d268d83f9"}
{"nom":"Petreto-Bicchisano","nomNormalise":"petretobicchisano","typeCollectivite":"Commune","region":"Corse","departement":"Corse-du-Sud","departementCode":"2","adresse":{"street":"Quartier Mairie","postalCode":"20140","city":"Petreto-Bicchisano","country":"France"},"contacts":{"email":"petreto-bicchisano@wanadoo.fr","telephone":"0495243014"},"horaires":"Du Lundi au Vendredi : de 08h30 à 12h00 de 14h00 à 17h00","latitude":41.7853,"longitude":8.980413,"website":"","hasWebsite":false,"hasHoraires":true,"url":"https://lannuaire.service-public.gouv.fr/corse/corse-du-sud/67d0c20f-3181-408e-b9bc-1616d76882a4"}
{"nom":"Piana","nomNormalise":"piana","typeCollectivite":"Commune","region":"Corse","departement":"Corse-du-Sud","departementCode":"2","adresse":{"street":"Place de la Mairie","postalCode":"20115","city":"Piana","country":"France"},"contacts":{"email":"mairie.piana@orange.fr","telephone":"0495278028"},"horaires":"Du Lundi au Vendredi : de 09h00 à 12h00 de 14h00 à 17h00","latitude":42.238033,"longitude":8.636382,"website":"http://www.piana.fr/","hasWebsite":true,"hasHoraires":true,"url":"https://lannuaire.service-public.gouv.fr/corse/corse-du-sud/063a55db-81c0-4587-bebc-6575c100bf1c"}
{"nom":"Pianottoli-Caldarello","nomNormalise":"pianottolicaldarello","typeCollectivite":"Commune","region":"Corse","departement":"Corse-du-Sud","departementCode":"2","adresse":{"street":"viagenti","postalCode":"20131","city":"Pianottoli-Caldarello","country":"France"},"contacts":{"email":"mairie@pianottoli-caldarello.fr","telephone":"0495718006"},"horaires":"Du Lundi au Vendredi : de 08h00 à 12h00 de 14h00 à 17h00","latitude":41.494415,"longitude":9.056255,"website":"https://www.pianottoli-caldarello.fr/","hasWebsite":true,"hasHoraires":true,"url":"https://lannuaire.service-public.gouv.fr/corse/corse-du-sud/e3d2060e-e644-4177-a9a8-fd357702fa96"}
{"nom":"Pietrosella","nomNormalise":"pietrosella","typeCollectivite":"Commune","region":"Corse","departement":"Corse-du-Sud","departementCode":"2","adresse":{"street":"Annexe Sorbella","postalCode":"20166","city":"Pietrosella","country":"France"},"contacts":{"email":"mairie.pietrosella@wanadoo.fr","telephone":"0495535050"},"horaires":"Le Lundi : de 08h30 à 12h00 de 13h30 à 16h30","latitude":41.836697,"longitude":8.845757,"website":"http://www.pietrosella.fr/","hasWebsite":true,"hasHoraires":true,"url":"https://lannuaire.service-public.gouv.fr/corse/corse-du-sud/9a6a300b-e019-48be-98a8-e58fe841f195"}
{"nom":"Pila-Canale","nomNormalise":"pilacanale","typeCollectivite":"Commune","region":"Corse","departement":"Corse-du-Sud","departementCode":"2","adresse":{"street":"Avenue Jérôme-Guarnieri","postalCode":"20123","city":"Pila-Canale","country":"France"},"contacts":{"email":"mairie.pilacanale@gmail.com","telephone":"0495242224"},"horaires":"Du Lundi au Vendredi : de 09h00 à 12h00 de 14h00 à 16h30","latitude":41.812737,"longitude":8.911024,"website":"","hasWebsite":false,"hasHoraires":true,"url":"https://lannuaire.service-public.gouv.fr/corse/corse-du-sud/9c6f2ff5-6a3c-490c-8e51-d6f412a93b0a"}
{"nom":"Poggiolo","nomNormalise":"poggiolo","typeCollectivite":"Commune","region":"Corse","departement":"Corse-du-Sud","departementCode":"2","adresse":{"street":"Le Village","postalCode":"20125","city":"Poggiolo","country":"France"},"contacts":{"email":"commune-de-poggiolo@orange.fr","telephone":"0495283990"},"horaires":"Le Mercredi : de 16h00 à 18h00","latitude":42.17253,"longitude":8.910825,"website":"","hasWebsite":false,"hasHoraires":true,"url":"https://lannuaire.service-public.gouv.fr/corse/corse-du-sud/d39e226a-c4e6-4bd1-823c-e0e3426527fd"}
{"nom":"Porto-Vecchio","nomNormalise":"portovecchio","typeCollectivite":"Commune","region":"Corse","departement":"Corse-du-Sud","departementCode":"2","adresse":{"street":"Rue Fred-Scamaroni","postalCode":"20530","city":"Porto-Vecchio","country":"France"},"contacts":{"email":"contact@porto-vecchio.fr","telephone":"0495709530"},"horaires":"Du Lundi au Vendredi : de 08h15 à 12h00 de 14h00 à 17h45","latitude":41.5917,"longitude":9.278199,"website":"https://www.portivechju.corsica/","hasWebsite":true,"hasHoraires":true,"url":"https://lannuaire.service-public.gouv.fr/corse/corse-du-sud/975231e7-302a-4f0e-bd60-2ac49ced0237"}
{"nom":"Propriano","nomNormalise":"propriano","typeCollectivite":"Commune","region":"Corse","departement":"Corse-du-Sud","departementCode":"2","adresse":{"street":"6 avenue Napoléon-III","postalCode":"20110","city":"Propriano","country":"France"},"contacts":{"email":"admgenerale@mairiepropriano.fr","telephone":"0495760044"},"horaires":"Du Lundi au Vendredi : de 08h30 à 12h00 de 13h30 à 17h00","latitude":41.675106,"longitude":8.904369,"website":"http://www.mairie-propriano.com/","hasWebsite":true,"hasHoraires":true,"url":"https://lannuaire.service-public.gouv.fr/corse/corse-du-sud/0fab71cb-6d19-45b4-86af-d23879563b92"}
{"nom":"Quasquara","nomNormalise":"quasquara","typeCollectivite":"Commune","region":"Corse","departement":"Corse-du-Sud","departementCode":"2","adresse":{"street":"Vazzina","postalCode":"20142","city":"Quasquara","country":"France"},"contacts":{"email":"commune-de.quasquara@orange.fr","telephone":"0495257343"},"horaires":"Du Lundi au Vendredi : de 08h30 à 12h30","latitude":41.90018,"longitude":9.009234,"website":"","hasWebsite":false,"hasHoraires":true,"url":"https://lannuaire.service-public.gouv.fr/corse/corse-du-sud/eb939b63-ab6a-4529-894c-840e1b4f4d34"}
{"nom":"Quenza","nomNormalise":"quenza","typeCollectivite":"Commune","region":"Corse","departement":"Corse-du-Sud","departementCode":"2","adresse":{"street":"2 piazza di a Ghjesia","postalCode":"20122","city":"Quenza","country":"France"},"contacts":{"email":"contact@cumunaquenza.corsica","telephone":"0495786211"},"horaires":"Du Lundi au Vendredi : de 09h00 à 12h00","latitude":41.765274,"longitude":9.137854,"website":"https://www.cumunaquenza.corsica/fr/","hasWebsite":true,"hasHoraires":true,"url":"https://lannuaire.service-public.gouv.fr/corse/corse-du-sud/4f05b3f6-3d0d-4495-891e-8070feebf033"}
{"nom":"Renno","nomNormalise":"renno","typeCollectivite":"Commune","region":"Corse","departement":"Corse-du-Sud","departementCode":"2","adresse":{"street":"Hameau-de-Poggio","postalCode":"20160","city":"Renno","country":"France"},"contacts":{"email":"contact@rennu.corsica","telephone":"0495266535"},"horaires":"Du Lundi au Vendredi : de 09h00 à 12h00","latitude":42.210266,"longitude":8.827122,"website":"","hasWebsite":false,"hasHoraires":true,"url":"https://lannuaire.service-public.gouv.fr/corse/corse-du-sud/cc48892f-291b-40d4-b22d-58d1941f62f2"}
{"nom":"Rezza","nomNormalise":"rezza","typeCollectivite":"Commune","region":"Corse","departement":"Corse-du-Sud","departementCode":"2","adresse":{"street":"Village","postalCode":"20121","city":"Rezza","country":"France"},"contacts":{"email":"mairie.rezza@wanadoo.fr","telephone":"0495289001"},"horaires":"Le Mardi : de 14h00 à 18h00\nLe Jeudi : de 14h00 à 18h00","latitude":42.12547,"longitude":8.94316,"website":"","hasWebsite":false,"hasHoraires":true,"url":"https://lannuaire.service-public.gouv.fr/corse/corse-du-sud/0c709c05-82bc-451a-a655-0abd40beda60"}
{"nom":"Rosazia","nomNormalise":"rosazia","typeCollectivite":"Commune","region":"Corse","departement":"Corse-du-Sud","departementCode":"2","adresse":{"street":"Quartier Pianutoli","postalCode":"20121","city":"Rosazia","country":"France"},"contacts":{"email":"commune.rosaz@orange.fr","telephone":"0495289099"},"horaires":"Le Vendredi : de 14h00 à 17h00","latitude":42.105347,"longitude":8.918626,"website":"","hasWebsite":false,"hasHoraires":true,"url":"https://lannuaire.service-public.gouv.fr/corse/corse-du-sud/753b5483-1da8-4871-ad77-97aabef9b8bb"}
{"nom":"Sainte-Lucie-de-Tallano","nomNormalise":"sainteluciedetallano","typeCollectivite":"Commune","region":"Corse","departement":"Corse-du-Sud","departementCode":"2","adresse":{"street":"Mairie Sainte-Lucie-de-Tallano","postalCode":"20112","city":"Sainte-Lucie-de-Tallano","country":"France"},"contacts":{"email":"santa.lucia.di.talla@wanadoo.fr","telephone":"0495788013"},"horaires":"Du Lundi au Jeudi : de 09h00 à 12h00 de 13h00 à 16h00\nLe Vendredi : de 09h00 à 12h00 de 13h00 à 15h30","latitude":41.697376,"longitude":9.064333,"website":"https://www.tallano.fr/","hasWebsite":true,"hasHoraires":true,"url":"https://lannuaire.service-public.gouv.fr/corse/corse-du-sud/2707e5ce-57aa-464b-a045-a262f4fa5fd2"}
{"nom":"Salice","nomNormalise":"salice","typeCollectivite":"Commune","region":"Corse","departement":"Corse-du-Sud","departementCode":"2","adresse":{"street":"Cadastella","postalCode":"20121","city":"Salice","country":"France"},"contacts":{"email":"mairie.salice@orange.fr","telephone":"0495289184"},"horaires":"Le Mercredi : de 09h00 à 14h30\nLe Vendredi : de 09h00 à 14h30","latitude":42.119846,"longitude":8.90059,"website":"","hasWebsite":false,"hasHoraires":true,"url":"https://lannuaire.service-public.gouv.fr/corse/corse-du-sud/aa8c3993-19f4-4ccc-8f53-e7c5aeb43a43"}
{"nom":"Sampolo","nomNormalise":"sampolo","typeCollectivite":"Commune","region":"Corse","departement":"Corse-du-Sud","departementCode":"2","adresse":{"street":"Le Village","postalCode":"20134","city":"Sampolo","country":"France"},"contacts":{"email":"mairie-sampolo@orange.fr","telephone":"0495245155"},"horaires":"Le Mardi : de 13h30 à 17h30\nLe Vendredi : de 13h30 à 17h30","latitude":41.941795,"longitude":9.123345,"website":"http://www.mairie-sampolo.com/","hasWebsite":true,"hasHoraires":true,"url":"https://lannuaire.service-public.gouv.fr/corse/corse-du-sud/c449b559-f4a5-4ab5-acaf-6032a5704697"}
{"nom":"San-Gavino-di-Carbini","nomNormalise":"sangavinodicarbini","typeCollectivite":"Commune","region":"Corse","departement":"Corse-du-Sud","departementCode":"2","adresse":{"street":"Place du 9-Septembre-1943","postalCode":"20170","city":"San-Gavino-di-Carbini","country":"France"},"contacts":{"email":"sangavinodicarbini@orange.fr","telephone":"0495784328"},"horaires":"Du Lundi au Vendredi : de 09h00 à 12h00 de 14h00 à 17h00","latitude":41.72146,"longitude":9.148444,"website":"https://mairiesangavinodicarbini.corsica/","hasWebsite":true,"hasHoraires":true,"url":"https://lannuaire.service-public.gouv.fr/corse/corse-du-sud/9323c3c6-eee8-4171-8b59-d7ddf5607aff"}
{"nom":"Sant'Andréa-d'Orcino","nomNormalise":"santandreadorcino","typeCollectivite":"Commune","region":"Corse","departement":"Corse-du-Sud","departementCode":"2","adresse":{"street":"Ancienne École","postalCode":"20151","city":"Sant'Andréa-d'Orcino","country":"France"},"contacts":{"email":"mairie.santandreadorcino@orange.fr","telephone":"0964352622"},"horaires":"Du Lundi au Vendredi : de 11h00 à 15h00","latitude":42.047302,"longitude":8.800703,"website":"","hasWebsite":false,"hasHoraires":true,"url":"https://lannuaire.service-public.gouv.fr/corse/corse-du-sud/792ceb5d-14ed-489e-90e4-cd18bf0575e0"}
{"nom":"Santa-Maria-Figaniella","nomNormalise":"santamariafiganiella","typeCollectivite":"Commune","region":"Corse","departement":"Corse-du-Sud","departementCode":"2","adresse":{"street":"Le Village","postalCode":"20143","city":"Santa-Maria-Figaniella","country":"France"},"contacts":{"email":"mairie.sta.maria.figaniella@orange.fr","telephone":"0495734323"},"horaires":"Du Lundi au Mardi : de 09h00 à 12h00\nDu Jeudi au Vendredi : de 09h00 à 12h00","latitude":41.72027,"longitude":9.005877,"website":"","hasWebsite":false,"hasHoraires":true,"url":"https://lannuaire.service-public.gouv.fr/corse/corse-du-sud/8a37cbe8-2b61-4b00-8ae9-07fab1974b19"}
{"nom":"Santa-Maria-Siché","nomNormalise":"santamariasiche","typeCollectivite":"Commune","region":"Corse","departement":"Corse-du-Sud","departementCode":"2","adresse":{"street":"Ceppo","postalCode":"20190","city":"Santa-Maria-Siché","country":"France"},"contacts":{"email":"mairiesantamariasiche@wanadoo.fr","telephone":"0495257048"},"horaires":"Le Lundi : de 09h00 à 12h30\nLe Mardi : de 09h00 à 12h30 de 14h00 à 16h00\nLe Mercredi : de 09h00 à 12h30\nLe Jeudi : de 09h00 à 12h30 de 14h00 à 16h00","latitude":41.87593,"longitude":8.979835,"website":"","hasWebsite":false,"hasHoraires":true,"url":"https://lannuaire.service-public.gouv.fr/corse/corse-du-sud/2b28b668-296a-4c1e-817c-5df0895413a8"}
{"nom":"Sari-d'Orcino","nomNormalise":"saridorcino","typeCollectivite":"Commune","region":"Corse","departement":"Corse-du-Sud","departementCode":"2","adresse":{"street":"Le Village","postalCode":"20151","city":"Sari-d'Orcino","country":"France"},"contacts":{"email":"mairie@saridorcino.fr","telephone":"0495272002"},"horaires":"Du Lundi au Vendredi : de 08h00 à 15h00","latitude":42.062366,"longitude":8.824376,"website":"http://www.saridorcino.fr/","hasWebsite":true,"hasHoraires":true,"url":"https://lannuaire.service-public.gouv.fr/corse/corse-du-sud/14e8181c-a075-476f-958f-0843e222f712"}
{"nom":"Sari-Solenzara","nomNormalise":"sarisolenzara","typeCollectivite":"Commune","region":"Corse","departement":"Corse-du-Sud","departementCode":"2","adresse":{"street":"Mairie","postalCode":"20145","city":"Sari-Solenzara","country":"France"},"contacts":{"email":"mairiedesolenzara@wanadoo.fr","telephone":"0495574005"},"horaires":"Le Lundi : de 09h00 à 12h00 de 14h00 à 17h00\nLe Mardi : de 09h00 à 12h00\nLe Mercredi : de 09h00 à 12h00 de 14h00 à 17h00\nLe Jeudi : de 09h00 à 12h00\nLe Vendredi : de 09h00 à 12h00 de 14h00 à 17h00","latitude":41.836967,"longitude":9.372875,"website":"http://www.sarisolenzara.fr/","hasWebsite":true,"hasHoraires":true,"url":"https://lannuaire.service-public.gouv.fr/corse/corse-du-sud/d11a4508-2809-4191-bf44-49e993c98902"}
{"nom":"Sarrola-Carcopino","nomNormalise":"sarrolacarcopino","typeCollectivite":"Commune","region":"Corse","departement":"Corse-du-Sud","departementCode":"2","adresse":{"street":"Lieu-dit A-Torra","postalCode":"20167","city":"Sarrola-Carcopino","country":"France"},"contacts":{"email":"accueil@mairie-sarrolacarcopino.fr","telephone":"0495256368"},"horaires":"Du Lundi au Mardi : de 08h00 à 16h00\nLe Mercredi : de 08h00 à 15h00\nLe Jeudi : de 08h00 à 16h00\nLe Vendredi : de 08h00 à 12h00","latitude":42.014317,"longitude":8.835788,"website":"https://www.sarrola-carcopino.com/","hasWebsite":true,"hasHoraires":true,"url":"https://lannuaire.service-public.gouv.fr/corse/corse-du-sud/cc93a887-6294-4373-a004-8512b807d571"}
{"nom":"Sartène","nomNormalise":"sartene","typeCollectivite":"Commune","region":"Corse","departement":"Corse-du-Sud","departementCode":"2","adresse":{"street":"Place de la Libération","postalCode":"20100","city":"Sartène","country":"France"},"contacts":{"email":"mairiesartene.dgs@gmail.com","telephone":"0495777400"},"horaires":"Du Lundi au Vendredi : de 08h00 à 12h00 de 14h00 à 17h00","latitude":41.62112,"longitude":8.97203,"website":"https://lapagelocale.fr/20100-sartene","hasWebsite":true,"hasHoraires":true,"url":"https://lannuaire.service-public.gouv.fr/corse/corse-du-sud/fde8cc33-a7c9-4fdb-baed-50ed1c744f6c"}
{"nom":"Serra-di-Ferro","nomNormalise":"serradiferro","typeCollectivite":"Commune","region":"Corse","departement":"Corse-du-Sud","departementCode":"2","adresse":{"street":"2 A Sarra","postalCode":"20140","city":"Serra-di-Ferro","country":"France"},"contacts":{"email":"mairie@sarradifarru.corsica","telephone":"0495740212"},"horaires":"Du Lundi au Vendredi : de 08h00 à 16h00","latitude":41.728046,"longitude":8.798221,"website":"http://www.serra-di-ferro.com/","hasWebsite":true,"hasHoraires":true,"url":"https://lannuaire.service-public.gouv.fr/corse/corse-du-sud/f6ec2a27-4682-4e19-a1d8-0b79f9458f86"}
{"nom":"Serra-di-Scopamène","nomNormalise":"serradiscopamene","typeCollectivite":"Commune","region":"Corse","departement":"Corse-du-Sud","departementCode":"2","adresse":{"street":"95 Costa","postalCode":"20127","city":"Serra-di-Scopamène","country":"France"},"contacts":{"email":"serradiscopamena@gmail.com","telephone":"0495786013"},"horaires":"Du Lundi au Vendredi : de 09h00 à 12h00","latitude":41.75404,"longitude":9.100876,"website":"","hasWebsite":false,"hasHoraires":true,"url":"https://lannuaire.service-public.gouv.fr/corse/corse-du-sud/5577269a-fa17-4923-9d9b-332b355405e5"}
{"nom":"Serriera","nomNormalise":"serriera","typeCollectivite":"Commune","region":"Corse","departement":"Corse-du-Sud","departementCode":"2","adresse":{"street":"Place de la Mairie","postalCode":"20147","city":"Serriera","country":"France"},"contacts":{"email":"mairiedeserriera@gmail.com","telephone":"0495261444"},"horaires":"Du Lundi au Mardi : de 09h00 à 13h00\nDu Jeudi au Vendredi : de 09h00 à 13h00","latitude":42.301395,"longitude":8.708652,"website":"","hasWebsite":false,"hasHoraires":true,"url":"https://lannuaire.service-public.gouv.fr/corse/corse-du-sud/4f8182e7-c2a5-4ed5-9faa-55a2859ea289"}
{"nom":"Soccia","nomNormalise":"soccia","typeCollectivite":"Commune","region":"Corse","departement":"Corse-du-Sud","departementCode":"2","adresse":{"street":"Umbriccia","postalCode":"20125","city":"Soccia","country":"France"},"contacts":{"email":"mairie@soccia.corsica","telephone":"0495283008"},"horaires":"Le Mardi : de 09h00 à 12h00\nLe Jeudi : de 09h00 à 12h00\nLe Vendredi : de 15h00 à 18h00","latitude":42.190014,"longitude":8.91063,"website":"","hasWebsite":false,"hasHoraires":true,"url":"https://lannuaire.service-public.gouv.fr/corse/corse-du-sud/8de097ff-382a-4c00-9fa9-acbac33e1bec"}
{"nom":"Sollacaro","nomNormalise":"sollacaro","typeCollectivite":"Commune","region":"Corse","departement":"Corse-du-Sud","departementCode":"2","adresse":{"street":"Maison communale","postalCode":"20140","city":"Sollacaro","country":"France"},"contacts":{"email":"mairie.sollacaro@wanadoo.fr","telephone":"0495746182"},"horaires":"Du Lundi au Vendredi : de 08h30 à 12h00 de 13h30 à 16h30","latitude":41.74422,"longitude":8.912094,"website":"http://www.mairie-sollacaro.fr/","hasWebsite":true,"hasHoraires":true,"url":"https://lannuaire.service-public.gouv.fr/corse/corse-du-sud/1ac7bd46-3d7f-4638-b338-fbbd54543291"}
{"nom":"Sorbollano","nomNormalise":"sorbollano","typeCollectivite":"Commune","region":"Corse","departement":"Corse-du-Sud","departementCode":"2","adresse":{"street":"Chedi-Agnulellu","postalCode":"20152","city":"Sorbollano","country":"France"},"contacts":{"email":"mairie-de-sorbo@wanadoo.fr","telephone":"0495786030"},"horaires":"Du Lundi au Jeudi : de 09h00 à 12h00 de 14h00 à 17h00\nLe Vendredi : de 09h00 à 12h00","latitude":41.75189,"longitude":9.111029,"website":"http://www.sorbollano.com/","hasWebsite":true,"hasHoraires":true,"url":"https://lannuaire.service-public.gouv.fr/corse/corse-du-sud/9de44e23-f105-4d9b-a807-668364915c95"}
{"nom":"Sotta","nomNormalise":"sotta","typeCollectivite":"Commune","region":"Corse","departement":"Corse-du-Sud","departementCode":"2","adresse":{"street":"Le Village","postalCode":"20146","city":"Sotta","country":"France"},"contacts":{"email":"mairie@sotta.fr","telephone":"0495712075"},"horaires":"Du Lundi au Vendredi : de 08h00 à 12h00 de 13h30 à 16h30","latitude":41.56275,"longitude":9.17883,"website":"http://www.sotta.fr/","hasWebsite":true,"hasHoraires":true,"url":"https://lannuaire.service-public.gouv.fr/corse/corse-du-sud/93d7403f-7f81-4fb7-975d-fa6b23b42229"}
{"nom":"Tasso","nomNormalise":"tasso","typeCollectivite":"Commune","region":"Corse","departement":"Corse-du-Sud","departementCode":"2","adresse":{"street":"Village","postalCode":"20134","city":"Tasso","country":"France"},"contacts":{"email":"communedetasso@orange.fr","telephone":"0785870528"},"horaires":"Du Lundi au Vendredi : de 09h00 à 12h00","latitude":41.94499,"longitude":9.104407,"website":"","hasWebsite":false,"hasHoraires":true,"url":"https://lannuaire.service-public.gouv.fr/corse/corse-du-sud/fac3297a-935c-49f1-9b94-a8d58001c6ef"}
{"nom":"Tavaco","nomNormalise":"tavaco","typeCollectivite":"Commune","region":"Corse","departement":"Corse-du-Sud","departementCode":"2","adresse":{"street":"Figarella","postalCode":"20167","city":"Tavaco","country":"France"},"contacts":{"email":"commune-de-tavaco@orange.fr","telephone":"0495528488"},"horaires":"Du Lundi au Jeudi : de 08h30 à 15h30\nLe Vendredi : de 08h30 à 12h30","latitude":42.034855,"longitude":8.899247,"website":"","hasWebsite":false,"hasHoraires":true,"url":"https://lannuaire.service-public.gouv.fr/corse/corse-du-sud/f4f31f41-d3a8-4261-96b3-4b5bde61e55b"}
{"nom":"Tavera","nomNormalise":"tavera","typeCollectivite":"Commune","region":"Corse","departement":"Corse-du-Sud","departementCode":"2","adresse":{"street":"Corso","postalCode":"20163","city":"Tavera","country":"France"},"contacts":{"email":"mairiedetavera@wanadoo.fr","telephone":"0495528165"},"horaires":"Du Lundi au Mardi : de 09h00 à 17h00\nLe Mercredi : de 08h30 à 11h30\nDu Jeudi au Vendredi : de 09h00 à 17h00","latitude":42.06875,"longitude":9.015235,"website":"","hasWebsite":false,"hasHoraires":true,"url":"https://lannuaire.service-public.gouv.fr/corse/corse-du-sud/fecc3848-88b6-4568-8b0c-48443d200d6d"}
{"nom":"Tolla","nomNormalise":"tolla","typeCollectivite":"Commune","region":"Corse","departement":"Corse-du-Sud","departementCode":"2","adresse":{"street":"Le Village","postalCode":"20117","city":"Tolla","country":"France"},"contacts":{"email":"mairiedetolla@orange.fr","telephone":"0495270071"},"horaires":"Du Lundi au Vendredi : de 09h00 à 12h00","latitude":41.97527,"longitude":8.973493,"website":"","hasWebsite":false,"hasHoraires":true,"url":"https://lannuaire.service-public.gouv.fr/corse/corse-du-sud/921c475d-6292-46ca-81b2-46664b7910f3"}
{"nom":"Ucciani","nomNormalise":"ucciani","typeCollectivite":"Commune","region":"Corse","departement":"Corse-du-Sud","departementCode":"2","adresse":{"street":"Canavajola","postalCode":"20133","city":"Ucciani","country":"France"},"contacts":{"email":"mairie.ucciani@wanadoo.fr","telephone":"0495528002"},"horaires":"Du Lundi au Vendredi : de 08h00 à 12h00","latitude":42.041237,"longitude":8.976596,"website":"http://cumunadaucciani.corsica/index.php/2023-2/","hasWebsite":true,"hasHoraires":true,"url":"https://lannuaire.service-public.gouv.fr/corse/corse-du-sud/d9d8fd52-7cb0-4f35-8d02-1ed06490157b"}
{"nom":"Urbalacone","nomNormalise":"urbalacone","typeCollectivite":"Commune","region":"Corse","departement":"Corse-du-Sud","departementCode":"2","adresse":{"street":"Quartier Nociarato","postalCode":"20128","city":"Urbalacone","country":"France"},"contacts":{"email":"commune-d-urbalacone@orange.fr","telephone":"0495257432"},"horaires":"Le Lundi : de 09h00 à 12h00","latitude":41.835693,"longitude":8.948945,"website":"","hasWebsite":false,"hasHoraires":true,"url":"https://lannuaire.service-public.gouv.fr/corse/corse-du-sud/69c5cc0d-cc9e-4fa5-b4eb-ce1253781251"}
{"nom":"Valle-di-Mezzana","nomNormalise":"valledimezzana","typeCollectivite":"Commune","region":"Corse","departement":"Corse-du-Sud","departementCode":"2","adresse":{"street":"Poggiale","postalCode":"20167","city":"Valle-di-Mezzana","country":"France"},"contacts":{"email":"valle-di-mezzana@orange.fr","telephone":"0495256194"},"horaires":"Du Lundi au Jeudi : de 08h30 à 12h00 de 14h00 à 16h30\nLe Vendredi : de 08h30 à 12h00","latitude":42.021812,"longitude":8.826898,"website":"http://www.valle-di-mezzana.corsica/","hasWebsite":true,"hasHoraires":true,"url":"https://lannuaire.service-public.gouv.fr/corse/corse-du-sud/fd06a2ed-a370-4a32-a44c-4eb49c6ab25e"}
{"nom":"Vero","nomNormalise":"vero","typeCollectivite":"Commune","region":"Corse","departement":"Corse-du-Sud","departementCode":"2","adresse":{"street":"Piazza Communa","postalCode":"20172","city":"Vero","country":"France"},"contacts":{"email":"mairie.vero@orange.fr","telephone":"0495528122"},"horaires":"Du Lundi au Mardi : de 08h00 à 17h00\nLe Mercredi : de 08h00 à 12h00\nDu Jeudi au Vendredi : de 08h00 à 17h00","latitude":42.06228,"longitude":8.931945,"website":"","hasWebsite":false,"hasHoraires":true,"url":"https://lannuaire.service-public.gouv.fr/corse/corse-du-sud/cc0ce165-26dc-4b61-abb8-1f57f2addd4a"}
{"nom":"Vico","nomNormalise":"vico","typeCollectivite":"Commune","region":"Corse","departement":"Corse-du-Sud","departementCode":"2","adresse":{"street":"Place Casanelli","postalCode":"20160","city":"Vico","country":"France"},"contacts":{"email":"mairie.vico@orange.fr","telephone":"0495266058"},"horaires":"Du Lundi au Vendredi : de 08h30 à 12h00 de 13h30 à 17h00\nAccueil ouvert sur rendez-vous uniquement pour les passeports et cartes d'identité.","latitude":42.16657,"longitude":8.797796,"website":"","hasWebsite":false,"hasHoraires":true,"url":"https://lannuaire.service-public.gouv.fr/corse/corse-du-sud/ab2700c4-08a8-426f-abcb-f2f39073d6d3"}
{"nom":"Viggianello","nomNormalise":"viggianello","typeCollectivite":"Commune","region":"Corse","departement":"Corse-du-Sud","departementCode":"2","adresse":{"street":"Le Village","postalCode":"20110","city":"Viggianello","country":"France"},"contacts":{"email":"mairiedeviggianello@orange.fr","telephone":"0495760541"},"horaires":"Du Lundi au Vendredi : de 08h30 à 12h00","latitude":41.68197,"longitude":8.950981,"website":"","hasWebsite":false,"hasHoraires":true,"url":"https://lannuaire.service-public.gouv.fr/corse/corse-du-sud/8d797de7-5e4a-4149-bb16-a2c2799a1678"}
{"nom":"Villanova","nomNormalise":"villanova","typeCollectivite":"Commune","region":"Corse","departement":"Corse-du-Sud","departementCode":"2","adresse":{"street":"Casa Cumuna","postalCode":"20167","city":"Villanova","country":"France"},"contacts":{"email":"villanova.mairie@wanadoo.fr","telephone":"0495253382"},"horaires":"Le Lundi : de 09h00 à 13h00\nLe Mardi : de 13h00 à 16h00\nLe Mercredi : de 09h00 à 16h00\nLe Jeudi : de 09h00 à 13h00\nLe Vendredi : de 09h00 à 16h00","latitude":41.95949,"longitude":8.668395,"website":"https://www.villanova-mairie.fr/","hasWebsite":true,"hasHoraires":true,"url":"https://lannuaire.service-public.gouv.fr/corse/corse-du-sud/929dcb2f-a27e-44dc-b384-ea54ab1bbee6"}
{"nom":"Zérubia","nomNormalise":"zerubia","typeCollectivite":"Commune","region":"Corse","departement":"Corse-du-Sud","departementCode":"2","adresse":{"street":"Village","postalCode":"20116","city":"Zérubia","country":"France"},"contacts":{"email":"mairiezerubia@orange.fr","telephone":"0495786065"},"horaires":"Du Lundi au Jeudi : de 10h00 à 13h00","latitude":41.7534,"longitude":9.075573,"website":"","hasWebsite":false,"hasHoraires":true,"url":"https://lannuaire.service-public.gouv.fr/corse/corse-du-sud/f8a87ce7-9f3e-4749-8293-eafd0e54d030"}
{"nom":"Zevaco","nomNormalise":"zevaco","typeCollectivite":"Commune","region":"Corse","departement":"Corse-du-Sud","departementCode":"2","adresse":{"street":"Fontana-di-Zevaco","postalCode":"20173","city":"Zevaco","country":"France"},"contacts":{"email":"mairiezevaco@orange.fr","telephone":"0495244376"},"horaires":"Du Lundi au Mardi : de 09h30 à 12h00 de 13h00 à 15h30\nDu Jeudi au Vendredi : de 09h30 à 12h00 de 13h00 à 15h30","latitude":41.891994,"longitude":9.04921,"website":"https://www.zevacu.com/","hasWebsite":true,"hasHoraires":true,"url":"https://lannuaire.service-public.gouv.fr/corse/corse-du-sud/726f5841-41ce-420a-9d52-c4da26fe6bd7"}
{"nom":"Zicavo","nomNormalise":"zicavo","typeCollectivite":"Commune","region":"Corse","departement":"Corse-du-Sud","departementCode":"2","adresse":{"street":"Quartier de l'Église","postalCode":"20132","city":"Zicavo","country":"France"},"contacts":{"email":"mairiedezicavo@wanadoo.fr","telephone":"0495244005"},"horaires":"Du Lundi au Mardi : de 08h00 à 12h00\nDu Jeudi au Vendredi : de 08h00 à 12h00","latitude":41.90807,"longitude":9.130012,"website":"","hasWebsite":false,"hasHoraires":true,"url":"https://lannuaire.service-public.gouv.fr/corse/corse-du-sud/182d3ec6-78a7-4a56-8e3e-59ff7b29e820"}
{"nom":"Zigliara","nomNormalise":"zigliara","typeCollectivite":"Commune","region":"Corse","departement":"Corse-du-Sud","departementCode":"2","adresse":{"street":"A Chiappa","postalCode":"20190","city":"Zigliara","country":"France"},"contacts":{"email":"commune-de-zigliara@orange.fr","telephone":"0495250022"},"horaires":"Du Lundi au Mardi : de 08h00 à 12h00\nLe Mercredi : de 08h00 à 12h00 de 14h00 à 16h00\nDu Jeudi au Vendredi : de 08h00 à 12h00","latitude":41.846107,"longitude":8.993668,"website":"","hasWebsite":false,"hasHoraires":true,"url":"https://lannuaire.service-public.gouv.fr/corse/corse-du-sud/c88de05a-20bd-4f6f-8de0-8151a10f5c73"}
{"nom":"Zonza","nomNormalise":"zonza","typeCollectivite":"Commune","region":"Corse","departement":"Corse-du-Sud","departementCode":"2","adresse":{"street":"Annexe de Sainte-Lucie-de-Porto-Vecchio","postalCode":"20144","city":"Sainte-Lucie-de-Porto-Vecchio","country":"France"},"contacts":{"email":"","telephone":"0495714016"},"horaires":"Du Lundi au Vendredi : de 08h30 à 12h00 de 14h00 à 16h00","latitude":41.699673,"longitude":9.347457,"website":"https://www.zonzasantalucia.corsica/","hasWebsite":true,"hasHoraires":true,"url":"https://lannuaire.service-public.gouv.fr/corse/corse-du-sud/eec30c17-90c7-4e76-99e4-1e69b853e0b6"}
{"nom":"Zoza","nomNormalise":"zoza","typeCollectivite":"Commune","region":"Corse","departement":"Corse-du-Sud","departementCode":"2","adresse":{"street":"Le Village","postalCode":"20112","city":"Zoza","country":"France"},"contacts":{"email":"mairiezoza@orange.fr","telephone":"0495788004"},"horaires":"Le Lundi : de 09h00 à 11h00\nLe Mercredi : de 09h00 à 11h00\nLe Vendredi : de 09h00 à 11h00","latitude":41.717037,"longitude":9.069177,"website":"","hasWebsite":false,"hasHoraires":true,"url":"https://lannuaire.service-public.gouv.fr/corse/corse-du-sud/306a4fe2-7f60-44e2-a243-be92bf1d2eff"}
