{"nom":"Andelnans","nomNormalise":"andelnans","typeCollectivite":"Commune","region":"Bourgogne-Franche-Comté","departement":"Territoire de Belfort","departementCode":"90","adresse":{"street":"5 rue Ehlinger","postalCode":"90400","city":"Andelnans","country":"France"},"contacts":{"email":"mairie@andelnans.fr","telephone":"0384561205"},"horaires":"Du Lundi au Mercredi : de 09h00 à 12h00 de 15h00 à 18h00\nLe Jeudi : de 09h00 à 12h00","latitude":47.601837,"longitude":6.866176,"website":"http://www.andelnans.fr/","hasWebsite":true,"hasHoraires":true,"url":"https://lannuaire.service-public.gouv.fr/bourgogne-franche-comte/territoire-de-belfort/46299a70-06ce-4cd5-b72f-feaa6c116cc8"}
{"nom":"Angeot","nomNormalise":"angeot","typeCollectivite":"Commune","region":"Bourgogne-Franche-Comté","departement":"Territoire de Belfort","departementCode":"90","adresse":{"street":"2 rue de l'École","postalCode":"90150","city":"Angeot","country":"France"},"contacts":{"email":"mairie.angeot@orange.fr","telephone":"0384238487"},"horaires":"Le Mardi : de 08h30 à 11h30 de 13h30 à 17h30\nLe Jeudi : de 13h00 à 16h00\nLe Vendredi : de 08h30 à 11h30 de 13h30 à 16h00","latitude":47.69613,"longitude":7.0141883,"website":"https://mairie-angeot.fr/page/222_mairie_d_angeot_90150_territoire_de_belfort_franche_comte_commune_municipalite_d_angeot.php","hasWebsite":true,"hasHoraires":true,"url":"https://lannuaire.service-public.gouv.fr/bourgogne-franche-comte/territoire-de-belfort/a02c16bc-87b6-4603-abf4-05dd31d60060"}
{"nom":"Anjoutey","nomNormalise":"anjoutey","typeCollectivite":"Commune","region":"Bourgogne-Franche-Comté","departement":"Territoire de Belfort","departementCode":"90","adresse":{"street":"1 rue Frairie","postalCode":"90170","city":"Anjoutey","country":"France"},"contacts":{"email":"mairie.danjoutey@wanadoo.fr","telephone":"0384546645"},"horaires":"Le Mercredi : de 10h00 à 12h00\nLe Vendredi : de 15h00 à 17h00\nLe Samedi : de 09h00 à 12h00","latitude":47.7046,"longitude":6.93719,"website":"https://www.anjoutey.fr/","hasWebsite":true,"hasHoraires":true,"url":"https://lannuaire.service-public.gouv.fr/bourgogne-franche-comte/territoire-de-belfort/9ef03c99-ecc8-42d8-ba13-9e1a216e5e8a"}
{"nom":"Argiésans","nomNormalise":"argiesans","typeCollectivite":"Commune","region":"Bourgogne-Franche-Comté","departement":"Territoire de Belfort","departementCode":"90","adresse":{"street":"23 rue Charles-de-Gaulle","postalCode":"90800","city":"Argiésans","country":"France"},"contacts":{"email":"mairieargiesans@free.fr","telephone":"0384281233"},"horaires":"Du Lundi au Mardi : de 09h00 à 12h00\nLe Mercredi : de 09h00 à 12h00 de 14h00 à 18h30\nDu Jeudi au Vendredi : de 09h00 à 12h00","latitude":47.60286,"longitude":6.821785,"website":"https://station.illiwap.com/fr/public/90004","hasWebsite":true,"hasHoraires":true,"url":"https://lannuaire.service-public.gouv.fr/bourgogne-franche-comte/territoire-de-belfort/0b620e52-8e84-4629-b211-73593a3377e4"}
{"nom":"Autrechêne","nomNormalise":"autrechene","typeCollectivite":"Commune","region":"Bourgogne-Franche-Comté","departement":"Territoire de Belfort","departementCode":"90","adresse":{"street":"2 impasse de la Mairie","postalCode":"90140","city":"Autrechêne","country":"France"},"contacts":{"email":"mairie.autrechene@wanadoo.fr","telephone":"0384234674"},"horaires":"Le Lundi : de 09h00 à 12h00\nLe Mardi : de 14h00 à 16h00\nLe Jeudi : de 09h00 à 12h00","latitude":47.595657,"longitude":6.960317,"website":"","hasWebsite":false,"hasHoraires":true,"url":"https://lannuaire.service-public.gouv.fr/bourgogne-franche-comte/territoire-de-belfort/99714741-b008-40fd-bb7f-9ee60a4acf6f"}
{"nom":"Auxelles-Bas","nomNormalise":"auxellesbas","typeCollectivite":"Commune","region":"Bourgogne-Franche-Comté","departement":"Territoire de Belfort","departementCode":"90","adresse":{"street":"3 rue des Écoles","postalCode":"90200","city":"Auxelles-Bas","country":"France"},"contacts":{"email":"commune.auxelles.bas@orange.fr","telephone":"0384293293"},"horaires":"Le Mardi : de 08h30 à 11h30\nLe Jeudi : de 08h30 à 11h30\nLe Samedi : de 08h30 à 11h30","latitude":47.73457,"longitude":6.780819,"website":"https://station.illiwap.com/fr/public/90005","hasWebsite":true,"hasHoraires":true,"url":"https://lannuaire.service-public.gouv.fr/bourgogne-franche-comte/territoire-de-belfort/011c1dbc-298f-48b7-aa74-b8b47acab459"}
{"nom":"Auxelles-Haut","nomNormalise":"auxelleshaut","typeCollectivite":"Commune","region":"Bourgogne-Franche-Comté","departement":"Territoire de Belfort","departementCode":"90","adresse":{"street":"18 rue des Bruyères","postalCode":"90200","city":"Auxelles-Haut","country":"France"},"contacts":{"email":"mairie.auxelleshaut@orange.fr","telephone":"0384295201"},"horaires":"Le Mardi : de 14h00 à 17h00\nLe Mercredi : de 08h00 à 12h00\nLe Vendredi : de 13h30 à 17h30\nLe Samedi : de 09h00 à 11h00\n\nPermanence des élus uniquement.","latitude":47.742943,"longitude":6.770503,"website":"https://auxelles-haut.fr/","hasWebsite":true,"hasHoraires":true,"url":"https://lannuaire.service-public.gouv.fr/bourgogne-franche-comte/territoire-de-belfort/67ee78fb-c4b5-4268-822b-be1f0ab0b1a6"}
{"nom":"Banvillars","nomNormalise":"banvillars","typeCollectivite":"Commune","region":"Bourgogne-Franche-Comté","departement":"Territoire de Belfort","departementCode":"90","adresse":{"street":"1 rue d'Argiésans","postalCode":"90800","city":"Banvillars","country":"France"},"contacts":{"email":"secretariat@mairiebanvillars.fr","telephone":"0384285990"},"horaires":"Le Lundi : de 10h00 à 12h00\nLe Mercredi : de 10h00 à 12h00\nLe Samedi : de 10h00 à 12h00","latitude":47.592304,"longitude":6.8159847,"website":"","hasWebsite":false,"hasHoraires":true,"url":"https://lannuaire.service-public.gouv.fr/bourgogne-franche-comte/territoire-de-belfort/6f2d4dc5-a931-4fcc-99cf-bf823428101c"}
{"nom":"Bavilliers","nomNormalise":"bavilliers","typeCollectivite":"Commune","region":"Bourgogne-Franche-Comté","departement":"Territoire de Belfort","departementCode":"90","adresse":{"street":"38 Grande-Rue François-Mitterrand","postalCode":"90800","city":"Bavilliers","country":"France"},"contacts":{"email":"mairie@bavilliers.fr","telephone":"0384573888"},"horaires":"Du Lundi au Vendredi : de 09h00 à 12h00 de 13h00 à 17h00\nLe Samedi : de 09h00 à 12h00\n\nAccueil fermé le samedi en juillet-août.","latitude":47.619102,"longitude":6.831224,"website":"https://bavilliers.fr/","hasWebsite":true,"hasHoraires":true,"url":"https://lannuaire.service-public.gouv.fr/bourgogne-franche-comte/territoire-de-belfort/9e9c3ddf-d5b2-43ba-beed-4ef6672026ea"}
{"nom":"Beaucourt","nomNormalise":"beaucourt","typeCollectivite":"Commune","region":"Bourgogne-Franche-Comté","departement":"Territoire de Belfort","departementCode":"90","adresse":{"street":"8 place Roger-Salengro","postalCode":"90500","city":"Beaucourt","country":"France"},"contacts":{"email":"","telephone":"0384587575"},"horaires":"Du Lundi au Vendredi : de 08h30 à 12h00 de 14h00 à 17h30\nLe Samedi : de 09h30 à 12h00","latitude":47.48712,"longitude":6.925067,"website":"https://www.mairie-beaucourt.fr/","hasWebsite":true,"hasHoraires":true,"url":"https://lannuaire.service-public.gouv.fr/bourgogne-franche-comte/territoire-de-belfort/f451ac39-71aa-420b-967a-628f735d3cf4"}
{"nom":"Belfort","nomNormalise":"belfort","typeCollectivite":"Commune","region":"Bourgogne-Franche-Comté","departement":"Territoire de Belfort","departementCode":"90","adresse":{"street":"Place d'Armes","postalCode":"90020","city":"Belfort Cedex","country":"France"},"contacts":{"email":"courrier@mairie-belfort.fr","telephone":"0384542424"},"horaires":"Du Lundi au Vendredi : de 08h00 à 12h00 de 13h00 à 17h30\nLe Samedi : de 08h30 à 12h00","latitude":47.638588,"longitude":6.86283,"website":"https://www.belfort.fr/","hasWebsite":true,"hasHoraires":true,"url":"https://lannuaire.service-public.gouv.fr/bourgogne-franche-comte/territoire-de-belfort/e6f491ef-80e7-453d-b449-9fdd512f87c5"}
{"nom":"Bermont","nomNormalise":"bermont","typeCollectivite":"Commune","region":"Bourgogne-Franche-Comté","departement":"Territoire de Belfort","departementCode":"90","adresse":{"street":"10 Grande-Rue","postalCode":"90400","city":"Bermont","country":"France"},"contacts":{"email":"mairie@bermont.fr","telephone":"0384560021"},"horaires":"Le Lundi : de 13h30 à 17h30\nLe Mardi : de 17h00 à 18h00\nLe Vendredi : de 16h00 à 18h00","latitude":47.580437,"longitude":6.856057,"website":"https://www.bermont.fr/","hasWebsite":true,"hasHoraires":true,"url":"https://lannuaire.service-public.gouv.fr/bourgogne-franche-comte/territoire-de-belfort/62d72195-1774-4a58-a031-1dc5934bed40"}
{"nom":"Bessoncourt","nomNormalise":"bessoncourt","typeCollectivite":"Commune","region":"Bourgogne-Franche-Comté","departement":"Territoire de Belfort","departementCode":"90","adresse":{"street":"19 rue des Magnolias","postalCode":"90160","city":"Bessoncourt","country":"France"},"contacts":{"email":"bessoncourt.mairie@wanadoo.fr","telephone":"0384299367"},"horaires":"Du Lundi au Mercredi : de 09h00 à 12h00 de 14h00 à 17h00\nLe Jeudi : de 09h00 à 12h00\nLe Vendredi : de 09h00 à 12h00 de 14h00 à 17h00","latitude":47.6463,"longitude":6.93309,"website":"http://www.bessoncourt.fr/","hasWebsite":true,"hasHoraires":true,"url":"https://lannuaire.service-public.gouv.fr/bourgogne-franche-comte/territoire-de-belfort/6936b020-3a6e-4944-9823-6a132313b8c7"}
{"nom":"Bethonvilliers","nomNormalise":"bethonvilliers","typeCollectivite":"Commune","region":"Bourgogne-Franche-Comté","departement":"Territoire de Belfort","departementCode":"90","adresse":{"street":"4 chemin du Canal-du-Moulin","postalCode":"90150","city":"Bethonvilliers","country":"France"},"contacts":{"email":"mairie.bethonvilliers@orange.fr","telephone":"0384238740"},"horaires":"Du Mardi au Mercredi : de 08h30 à 11h30\nLe Vendredi : de 14h30 à 16h30","latitude":47.684406,"longitude":6.966326,"website":"","hasWebsite":false,"hasHoraires":true,"url":"https://lannuaire.service-public.gouv.fr/bourgogne-franche-comte/territoire-de-belfort/d5672e03-5f61-4c49-b7b3-5342ea02434f"}
{"nom":"Boron","nomNormalise":"boron","typeCollectivite":"Commune","region":"Bourgogne-Franche-Comté","departement":"Territoire de Belfort","departementCode":"90","adresse":{"street":"9 rue de la Libération","postalCode":"90100","city":"Boron","country":"France"},"contacts":{"email":"commune.boron@orange.fr","telephone":"0384233096"},"horaires":"Le Lundi : de 16h00 à 18h00\nLe Jeudi : de 16h00 à 18h00\nLe Samedi : de 10h00 à 12h00","latitude":47.559395,"longitude":7.0108566,"website":"","hasWebsite":false,"hasHoraires":true,"url":"https://lannuaire.service-public.gouv.fr/bourgogne-franche-comte/territoire-de-belfort/1c53957c-75a4-46f0-82d9-69ecadc1932a"}
{"nom":"Botans","nomNormalise":"botans","typeCollectivite":"Commune","region":"Bourgogne-Franche-Comté","departement":"Territoire de Belfort","departementCode":"90","adresse":{"street":"4 Grande-Rue","postalCode":"90400","city":"Botans","country":"France"},"contacts":{"email":"secretariat@mairie-botans.com","telephone":"0384215412"},"horaires":"Le Mardi : de 09h30 à 12h00 de 13h30 à 18h00\nLe Vendredi : de 09h30 à 12h00 de 13h30 à 18h00\nLe Samedi : de 08h00 à 11h30","latitude":47.596268,"longitude":6.853959,"website":"https://www.mairie-botans.com/","hasWebsite":true,"hasHoraires":true,"url":"https://lannuaire.service-public.gouv.fr/bourgogne-franche-comte/territoire-de-belfort/b0a29ba1-7d99-402d-9bed-abf6fc1fbbbf"}
{"nom":"Bourg-sous-Châtelet","nomNormalise":"bourgsouschatelet","typeCollectivite":"Commune","region":"Bourgogne-Franche-Comté","departement":"Territoire de Belfort","departementCode":"90","adresse":{"street":"15 rue de la Forêt","postalCode":"90110","city":"Bourg-sous-Châtelet","country":"France"},"contacts":{"email":"mairiedebourg@wanadoo.fr","telephone":"0384230073"},"horaires":"Le Lundi : de 08h30 à 12h30\nLe Jeudi : de 13h30 à 17h30","latitude":47.7013,"longitude":6.9464,"website":"","hasWebsite":false,"hasHoraires":true,"url":"https://lannuaire.service-public.gouv.fr/bourgogne-franche-comte/territoire-de-belfort/79f57d56-2eae-412a-8c21-c780e1da875f"}
{"nom":"Bourogne","nomNormalise":"bourogne","typeCollectivite":"Commune","region":"Bourgogne-Franche-Comté","departement":"Territoire de Belfort","departementCode":"90","adresse":{"street":"5 rue des Écoles","postalCode":"90140","city":"Bourogne","country":"France"},"contacts":{"email":"mairie@bourogne.fr","telephone":"0384278173"},"horaires":"Le Lundi : de 14h00 à 18h00\nLe Mercredi : de 08h00 à 12h00 de 14h00 à 18h00\nLe Vendredi : de 14h00 à 18h00","latitude":47.5724,"longitude":6.9402,"website":"https://www.bourogne.fr/","hasWebsite":true,"hasHoraires":true,"url":"https://lannuaire.service-public.gouv.fr/bourgogne-franche-comte/territoire-de-belfort/c591703b-0cc7-42bb-b2ab-e9d28cf7d9b4"}
{"nom":"Brebotte","nomNormalise":"brebotte","typeCollectivite":"Commune","region":"Bourgogne-Franche-Comté","departement":"Territoire de Belfort","departementCode":"90","adresse":{"street":"Cidex 464","postalCode":"90140","city":"Brebotte","country":"France"},"contacts":{"email":"mairie.brebotte90@orange.fr","telephone":"0384233061"},"horaires":"Le Mardi : de 15h30 à 18h30\nLe Jeudi : de 09h00 à 11h00\nLe Vendredi : de 15h30 à 17h00","latitude":47.578884,"longitude":6.974717,"website":"http://www.brebotte.fr/","hasWebsite":true,"hasHoraires":true,"url":"https://lannuaire.service-public.gouv.fr/bourgogne-franche-comte/territoire-de-belfort/58e5e20c-a00e-49c6-b155-7d0b14a600f4"}
{"nom":"Bretagne","nomNormalise":"bretagne","typeCollectivite":"Commune","region":"Bourgogne-Franche-Comté","departement":"Territoire de Belfort","departementCode":"90","adresse":{"street":"1 rue de Grosne","postalCode":"90130","city":"Bretagne","country":"France"},"contacts":{"email":"mairie-bretagne@wanadoo.fr","telephone":"0384233744"},"horaires":"Le Lundi : de 16h00 à 18h00\nLe Vendredi : de 10h00 à 12h00","latitude":47.593155,"longitude":6.999319,"website":"https://www.mairie-bretagne.fr/","hasWebsite":true,"hasHoraires":true,"url":"https://lannuaire.service-public.gouv.fr/bourgogne-franche-comte/territoire-de-belfort/eb66d17b-0cef-47f3-b63d-27bbe608bbd7"}
{"nom":"Buc","nomNormalise":"buc","typeCollectivite":"Commune","region":"Bourgogne-Franche-Comté","departement":"Territoire de Belfort","departementCode":"90","adresse":{"street":"7 rue du Général-Charles-de-Gaulle","postalCode":"90800","city":"Buc","country":"France"},"contacts":{"email":"mairie@buc90.fr","telephone":"0384568903"},"horaires":"Le Mardi : de 09h00 à 12h00\nLe Mercredi : de 15h00 à 18h00\n\nPermanence téléphonique le Jeudi après-midi de 13h30 à 17h00","latitude":47.6147,"longitude":6.78377,"website":"","hasWebsite":false,"hasHoraires":true,"url":"https://lannuaire.service-public.gouv.fr/bourgogne-franche-comte/territoire-de-belfort/7880ee56-4531-4e8f-80ae-d8e83dd5a2e4"}
{"nom":"Charmois","nomNormalise":"charmois","typeCollectivite":"Commune","region":"Bourgogne-Franche-Comté","departement":"Territoire de Belfort","departementCode":"90","adresse":{"street":"3 rue de Froidefontaine","postalCode":"90140","city":"Charmois","country":"France"},"contacts":{"email":"mairie.charmois@wanadoo.fr","telephone":"0384277220"},"horaires":"Le Lundi : de 10h30 à 12h00\nLe Vendredi : de 09h00 à 10h30","latitude":47.573887,"longitude":6.938576,"website":"https://charmois.fr/","hasWebsite":true,"hasHoraires":true,"url":"https://lannuaire.service-public.gouv.fr/bourgogne-franche-comte/territoire-de-belfort/ee968763-bb1d-424d-bb82-5f830c8c699f"}
{"nom":"Châtenois-les-Forges","nomNormalise":"chatenoislesforges","typeCollectivite":"Commune","region":"Bourgogne-Franche-Comté","departement":"Territoire de Belfort","departementCode":"90","adresse":{"street":"18 voie du Tram","postalCode":"90700","city":"Châtenois-les-Forges","country":"France"},"contacts":{"email":"accueil@chatenoislesforges.fr","telephone":"0384294067"},"horaires":"Du Lundi au Mercredi : de 08h30 à 11h30 de 13h30 à 17h00\nLe Jeudi : de 08h30 à 11h30 de 13h30 à 18h00\nLe Vendredi : de 08h30 à 11h30 de 13h30 à 17h00","latitude":47.5563,"longitude":6.85182,"website":"https://chatenoislesforges.fr/fr/","hasWebsite":true,"hasHoraires":true,"url":"https://lannuaire.service-public.gouv.fr/bourgogne-franche-comte/territoire-de-belfort/97c4dc7d-ea58-4b48-b956-a691308cc51d"}
{"nom":"Chaux","nomNormalise":"chaux","typeCollectivite":"Commune","region":"Bourgogne-Franche-Comté","departement":"Territoire de Belfort","departementCode":"90","adresse":{"street":"1 rue Saint-Martin","postalCode":"90330","city":"Chaux","country":"France"},"contacts":{"email":"mairie.chaux90@wanadoo.fr","telephone":"0384271030"},"horaires":"Le Mardi : de 16h30 à 18h30\nLe Mercredi : de 10h00 à 12h00\nLe Jeudi : de 16h30 à 18h30","latitude":47.705624,"longitude":6.837245,"website":"http://www.mairiedechaux.fr/","hasWebsite":true,"hasHoraires":true,"url":"https://lannuaire.service-public.gouv.fr/bourgogne-franche-comte/territoire-de-belfort/762a6b9f-b1ca-4725-9336-ca7910e4b4ea"}
{"nom":"Chavanatte","nomNormalise":"chavanatte","typeCollectivite":"Commune","region":"Bourgogne-Franche-Comté","departement":"Territoire de Belfort","departementCode":"90","adresse":{"street":"21 rue Principale","postalCode":"90100","city":"Chavanatte","country":"France"},"contacts":{"email":"mairie@chavanatte.com","telephone":"0384296744"},"horaires":"Du Lundi au Mardi : de 09h00 à 16h30\nLe Vendredi : de 09h00 à 16h30","latitude":47.57781,"longitude":7.068415,"website":"https://chavanatte.wixsite.com/chavanatte","hasWebsite":true,"hasHoraires":true,"url":"https://lannuaire.service-public.gouv.fr/bourgogne-franche-comte/territoire-de-belfort/5042072e-ef26-4e01-828a-a6438f89ee72"}
{"nom":"Chavannes-les-Grands","nomNormalise":"chavanneslesgrands","typeCollectivite":"Commune","region":"Bourgogne-Franche-Comté","departement":"Territoire de Belfort","departementCode":"90","adresse":{"street":"10 rue de l'Église","postalCode":"90100","city":"Chavannes-les-Grands","country":"France"},"contacts":{"email":"mairie-chavanneslesgrands@orange.fr","telephone":"0384233023"},"horaires":"Le Lundi : de 13h00 à 17h00","latitude":47.592,"longitude":7.04778,"website":"https://www.chavanneslesgrands.com/","hasWebsite":true,"hasHoraires":true,"url":"https://lannuaire.service-public.gouv.fr/bourgogne-franche-comte/territoire-de-belfort/2f3447ac-2ef2-42f9-b3b2-18dc87935a98"}
{"nom":"Chèvremont","nomNormalise":"chevremont","typeCollectivite":"Commune","region":"Bourgogne-Franche-Comté","departement":"Territoire de Belfort","departementCode":"90","adresse":{"street":"2 rue de l'Église","postalCode":"90340","city":"Chèvremont","country":"France"},"contacts":{"email":"mairie@chevremont.fr","telephone":"0384210856"},"horaires":"Le Lundi : de 08h00 à 12h00\nLe Mercredi : de 08h00 à 12h00\nLe Jeudi : de 13h00 à 17h00\nLe Samedi : de 09h00 à 12h00","latitude":47.6281,"longitude":6.92354,"website":"http://www.chevremont.fr/","hasWebsite":true,"hasHoraires":true,"url":"https://lannuaire.service-public.gouv.fr/bourgogne-franche-comte/territoire-de-belfort/e61ecb68-7318-4272-b192-1722bdb35176"}
{"nom":"Courcelles","nomNormalise":"courcelles","typeCollectivite":"Commune","region":"Bourgogne-Franche-Comté","departement":"Territoire de Belfort","departementCode":"90","adresse":{"street":"6 rue d'Ajoie","postalCode":"90100","city":"Courcelles","country":"France"},"contacts":{"email":"courcellesmairie@orange.fr","telephone":"0384296428"},"horaires":"Le Mardi : de 14h00 à 15h00\nLe Jeudi : de 10h00 à 11h00","latitude":47.5405,"longitude":6.97786,"website":"","hasWebsite":false,"hasHoraires":true,"url":"https://lannuaire.service-public.gouv.fr/bourgogne-franche-comte/territoire-de-belfort/dfc54971-89c3-4be1-bbef-a708c28763ee"}
{"nom":"Courtelevant","nomNormalise":"courtelevant","typeCollectivite":"Commune","region":"Bourgogne-Franche-Comté","departement":"Territoire de Belfort","departementCode":"90","adresse":{"street":"5 rue de l'Église","postalCode":"90100","city":"Courtelevant","country":"France"},"contacts":{"email":"mairie-courtelevant@wanadoo.fr","telephone":"0384296812"},"horaires":"Le Lundi : de 14h00 à 16h30\nLe Jeudi : de 09h00 à 11h30","latitude":47.515316,"longitude":7.079928,"website":"","hasWebsite":false,"hasHoraires":true,"url":"https://lannuaire.service-public.gouv.fr/bourgogne-franche-comte/territoire-de-belfort/4a06d309-8917-4c6a-a6b7-716ffeef611b"}
{"nom":"Cravanche","nomNormalise":"cravanche","typeCollectivite":"Commune","region":"Bourgogne-Franche-Comté","departement":"Territoire de Belfort","departementCode":"90","adresse":{"street":"2 rue Pierre-et-Marie-Curie","postalCode":"90300","city":"Cravanche","country":"France"},"contacts":{"email":"contact@cravanche.fr","telephone":"0384260710"},"horaires":"Du Lundi au Mardi : de 13h30 à 17h30\nDu Mercredi au Jeudi : de 08h30 à 12h00 de 13h30 à 17h30\nLe Vendredi : de 08h30 à 12h00","latitude":47.6554,"longitude":6.83666,"website":"https://www.mairie-de-cravanche.fr/","hasWebsite":true,"hasHoraires":true,"url":"https://lannuaire.service-public.gouv.fr/bourgogne-franche-comte/territoire-de-belfort/4e3b7f96-913a-4ae4-aa11-dd39fced8dfb"}
{"nom":"Croix","nomNormalise":"croix","typeCollectivite":"Commune","region":"Bourgogne-Franche-Comté","departement":"Territoire de Belfort","departementCode":"90","adresse":{"street":"22 rue Principale","postalCode":"90100","city":"Croix","country":"France"},"contacts":{"email":"mairie.croix90@gmail.com","telephone":"0384362323"},"horaires":"Le Mardi : de 13h30 à 19h00\nLe Mercredi : de 08h30 à 12h00 de 16h00 à 18h00","latitude":47.44586,"longitude":6.954418,"website":"","hasWebsite":false,"hasHoraires":true,"url":"https://lannuaire.service-public.gouv.fr/bourgogne-franche-comte/territoire-de-belfort/b05ae1cd-6a50-4e4d-a260-087d159f1421"}
{"nom":"Cunelières","nomNormalise":"cunelieres","typeCollectivite":"Commune","region":"Bourgogne-Franche-Comté","departement":"Territoire de Belfort","departementCode":"90","adresse":{"street":"23 rue des Orgues","postalCode":"90150","city":"Cunelières","country":"France"},"contacts":{"email":"mairie-cunelieres@orange.fr","telephone":"0384233036"},"horaires":"Le Lundi : de 15h30 à 17h30\nLe Mercredi : de 13h30 à 15h30","latitude":47.6251,"longitude":6.99767,"website":"https://www.cunelieres.fr/","hasWebsite":true,"hasHoraires":true,"url":"https://lannuaire.service-public.gouv.fr/bourgogne-franche-comte/territoire-de-belfort/a48140de-0676-40e5-b401-663ecf4e7485"}
{"nom":"Danjoutin","nomNormalise":"danjoutin","typeCollectivite":"Commune","region":"Bourgogne-Franche-Comté","departement":"Territoire de Belfort","departementCode":"90","adresse":{"street":"44 rue du Docteur-Jacquot","postalCode":"90400","city":"Danjoutin","country":"France"},"contacts":{"email":"secretariat@mairiedanjoutin.fr","telephone":"0384282421"},"horaires":"Le Lundi : de 08h00 à 12h00 de 14h00 à 17h30\nLe Mercredi : de 08h00 à 12h00 de 14h00 à 17h30\nDu Jeudi au Vendredi : de 08h00 à 12h00","latitude":47.6181,"longitude":6.86296,"website":"https://www.mairiedanjoutin.fr/","hasWebsite":true,"hasHoraires":true,"url":"https://lannuaire.service-public.gouv.fr/bourgogne-franche-comte/territoire-de-belfort/6c671f2f-721e-4847-9ff9-c6453153ddc2"}
{"nom":"Delle","nomNormalise":"delle","typeCollectivite":"Commune","region":"Bourgogne-Franche-Comté","departement":"Territoire de Belfort","departementCode":"90","adresse":{"street":"1 place François-Mitterrand","postalCode":"90100","city":"Delle","country":"France"},"contacts":{"email":"mairie@delle.fr","telephone":"0384366666"},"horaires":"Le Lundi : de 08h00 à 12h00 de 13h30 à 17h30\nLe Mardi : de 08h00 à 12h00 de 13h30 à 18h30\nDu Mercredi au Vendredi : de 08h00 à 12h00 de 13h30 à 17h30\nLe Samedi : de 09h00 à 12h00\n\nAccueil ouvert uniquement le 1er samedi du mois.","latitude":47.5076,"longitude":6.99787,"website":"https://delle.fr/","hasWebsite":true,"hasHoraires":true,"url":"https://lannuaire.service-public.gouv.fr/bourgogne-franche-comte/territoire-de-belfort/beb55aee-fc62-4146-a972-f37957a5f652"}
{"nom":"Denney","nomNormalise":"denney","typeCollectivite":"Commune","region":"Bourgogne-Franche-Comté","departement":"Territoire de Belfort","departementCode":"90","adresse":{"street":"1 place Yvan-Damidaux","postalCode":"90160","city":"Denney","country":"France"},"contacts":{"email":"mairie@denney.fr","telephone":"0384298204"},"horaires":"Le Lundi : de 10h00 à 11h45\nLe Mardi : de 16h30 à 18h15\nLe Mercredi : de 10h00 à 11h45\nLe Vendredi : de 16h30 à 18h15","latitude":47.655056,"longitude":6.90672,"website":"","hasWebsite":false,"hasHoraires":true,"url":"https://lannuaire.service-public.gouv.fr/bourgogne-franche-comte/territoire-de-belfort/e943ad82-e2e6-41e0-9ddc-08a25ed092d1"}
{"nom":"Dorans","nomNormalise":"dorans","typeCollectivite":"Commune","region":"Bourgogne-Franche-Comté","departement":"Territoire de Belfort","departementCode":"90","adresse":{"street":"10 rue des Lilas","postalCode":"90400","city":"Dorans","country":"France"},"contacts":{"email":"mairie.dorans@orange.fr","telephone":"0384561027"},"horaires":"Le Lundi : de 17h00 à 19h00\nLe Mardi : de 09h30 à 11h30\nLe Mercredi : de 16h30 à 18h00","latitude":47.5891,"longitude":6.83767,"website":"https://www.mairie-dorans.com/","hasWebsite":true,"hasHoraires":true,"url":"https://lannuaire.service-public.gouv.fr/bourgogne-franche-comte/territoire-de-belfort/7e6ea169-f982-4390-a684-30b8f2ca008a"}
{"nom":"Eguenigue","nomNormalise":"eguenigue","typeCollectivite":"Commune","region":"Bourgogne-Franche-Comté","departement":"Territoire de Belfort","departementCode":"90","adresse":{"street":"8 rue Jean-Moulin","postalCode":"90150","city":"Eguenigue","country":"France"},"contacts":{"email":"mairie.eguenigue@orange.fr","telephone":"0384298619"},"horaires":"Le Mardi : de 13h00 à 17h30\nLe Vendredi : de 10h00 à 12h30","latitude":47.671425,"longitude":6.934668,"website":"","hasWebsite":false,"hasHoraires":true,"url":"https://lannuaire.service-public.gouv.fr/bourgogne-franche-comte/territoire-de-belfort/6be71ee5-e79c-4a18-ab2e-fe0e642bf122"}
{"nom":"Éloie","nomNormalise":"eloie","typeCollectivite":"Commune","region":"Bourgogne-Franche-Comté","departement":"Territoire de Belfort","departementCode":"90","adresse":{"street":"31 grande-Rue","postalCode":"90300","city":"Éloie","country":"France"},"contacts":{"email":"mairie@eloie.fr","telephone":"0384260434"},"horaires":"Le Lundi : de 08h30 à 12h00 de 13h30 à 18h00\nDu Mardi au Vendredi : de 08h30 à 12h00","latitude":47.69048,"longitude":6.874469,"website":"https://www.eloie.fr/","hasWebsite":true,"hasHoraires":true,"url":"https://lannuaire.service-public.gouv.fr/bourgogne-franche-comte/territoire-de-belfort/af744e7b-b23e-4727-82c3-6b94793d843e"}
{"nom":"Essert","nomNormalise":"essert","typeCollectivite":"Commune","region":"Bourgogne-Franche-Comté","departement":"Territoire de Belfort","departementCode":"90","adresse":{"street":"Place de la Mairie","postalCode":"90850","city":"Essert","country":"France"},"contacts":{"email":"mairie@essert.fr","telephone":"0384213320"},"horaires":"Du Lundi au Vendredi : de 09h30 à 12h00 de 13h30 à 17h30","latitude":47.675232,"longitude":6.798057,"website":"https://www.essert.fr/","hasWebsite":true,"hasHoraires":true,"url":"https://lannuaire.service-public.gouv.fr/bourgogne-franche-comte/territoire-de-belfort/3188926b-39a6-4e71-ac60-4d634ef5d36f"}
{"nom":"Étueffont","nomNormalise":"etueffont","typeCollectivite":"Commune","region":"Bourgogne-Franche-Comté","departement":"Territoire de Belfort","departementCode":"90","adresse":{"street":"1 rue de Rougemont","postalCode":"90170","city":"Étueffont","country":"France"},"contacts":{"email":"mairie@etueffont.fr","telephone":"0384546040"},"horaires":"Le Lundi : de 08h00 à 11h30\nLe Mardi : de 10h00 à 12h00 de 14h00 à 17h30\nLe Mercredi : de 08h00 à 11h30\nLe Jeudi : de 14h00 à 17h30\nLe Vendredi : de 08h00 à 11h30","latitude":47.72245,"longitude":6.9210277,"website":"https://www.etueffont.fr/","hasWebsite":true,"hasHoraires":true,"url":"https://lannuaire.service-public.gouv.fr/bourgogne-franche-comte/territoire-de-belfort/f4df97cd-f7dd-40b8-9ddd-aa01160786d6"}
{"nom":"Évette-Salbert","nomNormalise":"evettesalbert","typeCollectivite":"Commune","region":"Bourgogne-Franche-Comté","departement":"Territoire de Belfort","departementCode":"90","adresse":{"street":"14 rue des Cinq-Frères-Jardot","postalCode":"90350","city":"Évette-Salbert","country":"France"},"contacts":{"email":"mairie@evettesalbert.fr","telephone":"0384292120"},"horaires":"Du Lundi au Mardi : de 14h00 à 17h00\nLe Mercredi : de 10h00 à 12h00\nDu Jeudi au Vendredi : de 14h00 à 17h00","latitude":47.6736,"longitude":6.79634,"website":"https://www.evettesalbert.fr/","hasWebsite":true,"hasHoraires":true,"url":"https://lannuaire.service-public.gouv.fr/bourgogne-franche-comte/territoire-de-belfort/0954a17f-3cb1-4561-93c6-88d5805753c1"}
{"nom":"Faverois","nomNormalise":"faverois","typeCollectivite":"Commune","region":"Bourgogne-Franche-Comté","departement":"Territoire de Belfort","departementCode":"90","adresse":{"street":"1 rue de Suarce","postalCode":"90100","city":"Faverois","country":"France"},"contacts":{"email":"mairie.faverois@wanadoo.fr","telephone":"0384360516"},"horaires":"Le Lundi : de 16h30 à 18h00\nLe Mercredi : de 10h00 à 11h00\nLe Vendredi : de 16h30 à 18h00","latitude":47.5241,"longitude":7.03768,"website":"","hasWebsite":false,"hasHoraires":true,"url":"https://lannuaire.service-public.gouv.fr/bourgogne-franche-comte/territoire-de-belfort/329e5309-a6a7-4ee7-9268-3cac75906173"}
{"nom":"Fêche-l'Église","nomNormalise":"fecheleglise","typeCollectivite":"Commune","region":"Bourgogne-Franche-Comté","departement":"Territoire de Belfort","departementCode":"90","adresse":{"street":"16 Grande-Rue","postalCode":"90100","city":"Fêche-l'Église","country":"France"},"contacts":{"email":"mairie.feche@wanadoo.fr","telephone":"0384360638"},"horaires":"Du Lundi au Vendredi : de 10h00 à 12h00 de 16h00 à 18h00","latitude":47.504715,"longitude":6.950627,"website":"https://mairiefecheleglise.fr/","hasWebsite":true,"hasHoraires":true,"url":"https://lannuaire.service-public.gouv.fr/bourgogne-franche-comte/territoire-de-belfort/c053f2dc-1487-4eea-9632-33651dd36259"}
{"nom":"Felon","nomNormalise":"felon","typeCollectivite":"Commune","region":"Bourgogne-Franche-Comté","departement":"Territoire de Belfort","departementCode":"90","adresse":{"street":"18 rue de l'Église","postalCode":"90110","city":"Felon","country":"France"},"contacts":{"email":"mairiefelon@orange.fr","telephone":"0384230770"},"horaires":"Le Lundi : de 09h00 à 15h00\nLe Mercredi : de 13h00 à 18h30\n\nPermanence du maire de 17h30 à 18h30.\nLe Vendredi : de 09h00 à 14h30\nSur rendez-vous.","latitude":47.7053,"longitude":6.97663,"website":"https://www.felon.fr/","hasWebsite":true,"hasHoraires":true,"url":"https://lannuaire.service-public.gouv.fr/bourgogne-franche-comte/territoire-de-belfort/a462c7a0-6884-40be-98a6-4eac25f11e4d"}
{"nom":"Florimont","nomNormalise":"florimont","typeCollectivite":"Commune","region":"Bourgogne-Franche-Comté","departement":"Territoire de Belfort","departementCode":"90","adresse":{"street":"3 rue Principale","postalCode":"90100","city":"Florimont","country":"France"},"contacts":{"email":"mairie.de.florimont@wanadoo.fr","telephone":"0384296724"},"horaires":"Le Lundi : de 10h00 à 12h00\nLe Mardi : de 16h00 à 18h00\n\nAccueil fermé le 1er mardi du mois.\nLe Jeudi : de 16h00 à 18h00","latitude":47.513,"longitude":7.06792,"website":"http://www.florimont.fr/","hasWebsite":true,"hasHoraires":true,"url":"https://lannuaire.service-public.gouv.fr/bourgogne-franche-comte/territoire-de-belfort/eb824678-7b17-403a-9c72-cdac725bb551"}
{"nom":"Fontaine","nomNormalise":"fontaine","typeCollectivite":"Commune","region":"Bourgogne-Franche-Comté","departement":"Territoire de Belfort","departementCode":"90","adresse":{"street":"1 place de Turenne","postalCode":"90150","city":"Fontaine","country":"France"},"contacts":{"email":"fontaine.mairie@wanadoo.fr","telephone":"0384238012"},"horaires":"Le Lundi : de 15h30 à 16h30\nLe Mardi : de 11h00 à 12h00\nLe Jeudi : de 15h00 à 16h30\nLe Vendredi : de 11h00 à 12h00","latitude":47.656902,"longitude":6.996982,"website":"http://fontaine.fr/","hasWebsite":true,"hasHoraires":true,"url":"https://lannuaire.service-public.gouv.fr/bourgogne-franche-comte/territoire-de-belfort/46c1457a-d957-4973-8fcf-5737c0a25caf"}
{"nom":"Fontenelle","nomNormalise":"fontenelle","typeCollectivite":"Commune","region":"Bourgogne-Franche-Comté","departement":"Territoire de Belfort","departementCode":"90","adresse":{"street":"6 rue Chenevières","postalCode":"90340","city":"Fontenelle","country":"France"},"contacts":{"email":"mairie.fontenelle90@wanadoo.fr","telephone":"0384234493"},"horaires":"Le Mardi : de 07h30 à 17h30\nLe Vendredi : de 07h30 à 12h30","latitude":47.6198,"longitude":6.95476,"website":"https://fontenelle.fr/","hasWebsite":true,"hasHoraires":true,"url":"https://lannuaire.service-public.gouv.fr/bourgogne-franche-comte/territoire-de-belfort/00e17d85-0ced-4e30-aac4-f164cac6ec0e"}
{"nom":"Foussemagne","nomNormalise":"foussemagne","typeCollectivite":"Commune","region":"Bourgogne-Franche-Comté","departement":"Territoire de Belfort","departementCode":"90","adresse":{"street":"11 rue d'Alsace","postalCode":"90150","city":"Foussemagne","country":"France"},"contacts":{"email":"secretariat@foussemagne.com","telephone":"0384233440"},"horaires":"Le Lundi : de 16h00 à 18h00\nLe Mercredi : de 10h30 à 12h00\nLe Jeudi : de 16h00 à 18h00\nLe Samedi : de 10h30 à 12h00","latitude":47.63418,"longitude":7.003656,"website":"https://www.foussemagne.fr/","hasWebsite":true,"hasHoraires":true,"url":"https://lannuaire.service-public.gouv.fr/bourgogne-franche-comte/territoire-de-belfort/8c5a38c3-f3d5-4956-9e2a-01409796de6c"}
{"nom":"Frais","nomNormalise":"frais","typeCollectivite":"Commune","region":"Bourgogne-Franche-Comté","departement":"Territoire de Belfort","departementCode":"90","adresse":{"street":"2 rue Charron","postalCode":"90150","city":"Frais","country":"France"},"contacts":{"email":"mfrais@orange.fr","telephone":"0384238262"},"horaires":"Le Lundi : de 13h30 à 18h00\nLe Jeudi : de 08h30 à 10h30","latitude":47.6458,"longitude":6.98701,"website":"https://station.illiwap.com/fr/public/90050/infos/","hasWebsite":true,"hasHoraires":true,"url":"https://lannuaire.service-public.gouv.fr/bourgogne-franche-comte/territoire-de-belfort/9e7c792d-30c3-4ed0-b853-997bfbb4307d"}
{"nom":"Froidefontaine","nomNormalise":"froidefontaine","typeCollectivite":"Commune","region":"Bourgogne-Franche-Comté","departement":"Territoire de Belfort","departementCode":"90","adresse":{"street":"2 rue de l'Abbaye","postalCode":"90140","city":"Froidefontaine","country":"France"},"contacts":{"email":"mairie.froidefontaine@wanadoo.fr","telephone":"0384278420"},"horaires":"Le Mardi : de 08h30 à 10h00\nLe Jeudi : de 16h30 à 18h00","latitude":47.5645,"longitude":6.94945,"website":"","hasWebsite":false,"hasHoraires":true,"url":"https://lannuaire.service-public.gouv.fr/bourgogne-franche-comte/territoire-de-belfort/29bec8ba-a6bf-4ae3-919c-a011481af63c"}
{"nom":"Giromagny","nomNormalise":"giromagny","typeCollectivite":"Commune","region":"Bourgogne-Franche-Comté","departement":"Territoire de Belfort","departementCode":"90","adresse":{"street":"28 Grande-Rue","postalCode":"90200","city":"Giromagny","country":"France"},"contacts":{"email":"mairie@giromagny.fr","telephone":"0384271418"},"horaires":"Du Lundi au Vendredi : de 10h00 à 12h00 de 14h00 à 18h00","latitude":47.741837,"longitude":6.825412,"website":"https://www.giromagny.fr/","hasWebsite":true,"hasHoraires":true,"url":"https://lannuaire.service-public.gouv.fr/bourgogne-franche-comte/territoire-de-belfort/27fbe4ce-97e8-4cc3-b36f-4b96790552f0"}
{"nom":"Grandvillars","nomNormalise":"grandvillars","typeCollectivite":"Commune","region":"Bourgogne-Franche-Comté","departement":"Territoire de Belfort","departementCode":"90","adresse":{"street":"3 place Charles-de-Gaulle","postalCode":"90600","city":"Grandvillars","country":"France"},"contacts":{"email":"mairie@grandvillars.fr","telephone":"0384278034"},"horaires":"Du Lundi au Vendredi : de 08h30 à 12h00 de 14h00 à 18h00\nLe Samedi : de 09h00 à 12h00\n\nAccueil fermé en juillet-août.","latitude":47.537212,"longitude":6.967851,"website":"http://www.grandvillars.fr/","hasWebsite":true,"hasHoraires":true,"url":"https://lannuaire.service-public.gouv.fr/bourgogne-franche-comte/territoire-de-belfort/d575dd40-5159-4ed9-8de4-2a47aaffce6d"}
{"nom":"Grosmagny","nomNormalise":"grosmagny","typeCollectivite":"Commune","region":"Bourgogne-Franche-Comté","departement":"Territoire de Belfort","departementCode":"90","adresse":{"street":"1 rue des Étangs","postalCode":"90200","city":"Grosmagny","country":"France"},"contacts":{"email":"mairie.grosmagny@wanadoo.fr","telephone":"0384293303"},"horaires":"Le Lundi : de 14h00 à 16h00\nLe Mardi : de 17h00 à 19h00\nLe Vendredi : de 14h00 à 16h00","latitude":47.7218,"longitude":6.8741,"website":"http://grosmagny.fr/","hasWebsite":true,"hasHoraires":true,"url":"https://lannuaire.service-public.gouv.fr/bourgogne-franche-comte/territoire-de-belfort/7134cfcf-7d76-4158-82fa-891e380f999c"}
{"nom":"Grosne","nomNormalise":"grosne","typeCollectivite":"Commune","region":"Bourgogne-Franche-Comté","departement":"Territoire de Belfort","departementCode":"90","adresse":{"street":"21 rue Charles-de-Gaulle","postalCode":"90100","city":"Grosne","country":"France"},"contacts":{"email":"mairie.grosne@wanadoo.fr","telephone":"0384233761"},"horaires":"Le Lundi : de 17h00 à 19h00","latitude":47.57509,"longitude":6.9988747,"website":"https://www.grosne.com/Presentation_de_la_commune.S.htm","hasWebsite":true,"hasHoraires":true,"url":"https://lannuaire.service-public.gouv.fr/bourgogne-franche-comte/territoire-de-belfort/2b169b76-7f25-4a2b-9561-2dc288f6e0b3"}
{"nom":"Joncherey","nomNormalise":"joncherey","typeCollectivite":"Commune","region":"Bourgogne-Franche-Comté","departement":"Territoire de Belfort","departementCode":"90","adresse":{"street":"3 place de l'Église","postalCode":"90100","city":"Joncherey","country":"France"},"contacts":{"email":"secretariat.mairie@joncherey.fr","telephone":"0384360146"},"horaires":"Du Lundi au Mardi : de 09h00 à 12h00 de 15h00 à 17h30\nLe Mercredi : de 08h30 à 11h30\nDu Jeudi au Vendredi : de 09h00 à 12h00 de 15h00 à 17h30\nLe Samedi : de 08h30 à 11h30\n\nAccueil ouvert uniquement le 3e samedi du mois.","latitude":47.52698,"longitude":7.001268,"website":"https://joncherey.fr/","hasWebsite":true,"hasHoraires":true,"url":"https://lannuaire.service-public.gouv.fr/bourgogne-franche-comte/territoire-de-belfort/86f2533a-3787-4b69-9505-6513cbf55240"}
{"nom":"Lachapelle-sous-Chaux","nomNormalise":"lachapellesouschaux","typeCollectivite":"Commune","region":"Bourgogne-Franche-Comté","departement":"Territoire de Belfort","departementCode":"90","adresse":{"street":"4 rue du Rhome","postalCode":"90300","city":"Lachapelle-sous-Chaux","country":"France"},"contacts":{"email":"mairie.lsc@wanadoo.fr","telephone":"0384275378"},"horaires":"Le Lundi : de 09h00 à 11h30 de 17h00 à 18h30\nLe Mardi : de 09h00 à 11h00\nLe Mercredi : de 08h30 à 11h00\nDu Jeudi au Vendredi : de 09h00 à 11h00 de 12h00 à 16h00\nLe Vendredi : de 09h00 à 11h00","latitude":47.7051,"longitude":6.82106,"website":"","hasWebsite":false,"hasHoraires":true,"url":"https://lannuaire.service-public.gouv.fr/bourgogne-franche-comte/territoire-de-belfort/d601f003-4c6a-40bd-96f9-60f34158f8a4"}
{"nom":"Lachapelle-sous-Rougemont","nomNormalise":"lachapellesousrougemont","typeCollectivite":"Commune","region":"Bourgogne-Franche-Comté","departement":"Territoire de Belfort","departementCode":"90","adresse":{"street":"29 rue du Général-Charles-de-Gaulle","postalCode":"90360","city":"Lachapelle-sous-Rougemont","country":"France"},"contacts":{"email":"mairielachapelle-rougemont@wanadoo.fr","telephone":"0384276068"},"horaires":"Le Lundi : de 10h00 à 12h00\nLe Mardi : de 10h00 à 12h30\nLe Jeudi : de 16h00 à 18h30","latitude":47.711838,"longitude":7.015243,"website":"https://lachapelle-sous-rougemont.fr/","hasWebsite":true,"hasHoraires":true,"url":"https://lannuaire.service-public.gouv.fr/bourgogne-franche-comte/territoire-de-belfort/b7cb0448-5356-44ad-b68a-0a31a9796293"}
{"nom":"Lacollonge","nomNormalise":"lacollonge","typeCollectivite":"Commune","region":"Bourgogne-Franche-Comté","departement":"Territoire de Belfort","departementCode":"90","adresse":{"street":"14 rue de la Mairie","postalCode":"90150","city":"Lacollonge","country":"France"},"contacts":{"email":"mairie.lacollonge@wanadoo.fr","telephone":"0963664329"},"horaires":"Le Lundi : de 09h00 à 12h00 de 14h00 à 19h00\nLe Mardi : de 08h30 à 12h00\nLe Jeudi : de 08h30 à 12h00","latitude":47.66289,"longitude":6.960224,"website":"https://lacollonge.fr/","hasWebsite":true,"hasHoraires":true,"url":"https://lannuaire.service-public.gouv.fr/bourgogne-franche-comte/territoire-de-belfort/5293a92e-fb42-477e-a8e6-85cc1f1c585d"}
{"nom":"Lagrange","nomNormalise":"lagrange","typeCollectivite":"Commune","region":"Bourgogne-Franche-Comté","departement":"Territoire de Belfort","departementCode":"90","adresse":{"street":"9 rue de l'Escarcette","postalCode":"90150","city":"Lagrange","country":"France"},"contacts":{"email":"mairie.lagrange@wanadoo.fr","telephone":"0384238561"},"horaires":"Le Mardi : de 15h30 à 17h30\nLe Vendredi : de 09h30 à 10h30","latitude":47.6808,"longitude":6.97977,"website":"","hasWebsite":false,"hasHoraires":true,"url":"https://lannuaire.service-public.gouv.fr/bourgogne-franche-comte/territoire-de-belfort/267a04fe-eebc-4bb8-8a86-29d2b4e5a049"}
{"nom":"Lamadeleine-Val-des-Anges","nomNormalise":"lamadeleinevaldesanges","typeCollectivite":"Commune","region":"Bourgogne-Franche-Comté","departement":"Territoire de Belfort","departementCode":"90","adresse":{"street":"3 route de la Chapelle","postalCode":"90170","city":"Lamadeleine-Val-des-Anges","country":"France"},"contacts":{"email":"lamadeleine-valdesanges@wanadoo.fr","telephone":"0384547929"},"horaires":"Le Mercredi : de 08h00 à 14h00","latitude":47.761604,"longitude":6.913812,"website":"","hasWebsite":false,"hasHoraires":true,"url":"https://lannuaire.service-public.gouv.fr/bourgogne-franche-comte/territoire-de-belfort/dd20ad5c-35a1-4dc3-a169-4c07220ddfad"}
{"nom":"Larivière","nomNormalise":"lariviere","typeCollectivite":"Commune","region":"Bourgogne-Franche-Comté","departement":"Territoire de Belfort","departementCode":"90","adresse":{"street":"1 rue Margrabant","postalCode":"90150","city":"Larivière","country":"France"},"contacts":{"email":"mairie.lariviere@orange.fr","telephone":"0384238883"},"horaires":"Le Mercredi : de 10h00 à 12h00 de 14h00 à 17h30\nLe Vendredi : de 13h00 à 18h30","latitude":47.6725,"longitude":6.99573,"website":"","hasWebsite":false,"hasHoraires":true,"url":"https://lannuaire.service-public.gouv.fr/bourgogne-franche-comte/territoire-de-belfort/5476b567-9361-4a82-b50f-75c6639cf49a"}
{"nom":"Lebetain","nomNormalise":"lebetain","typeCollectivite":"Commune","region":"Bourgogne-Franche-Comté","departement":"Territoire de Belfort","departementCode":"90","adresse":{"street":"1 rue du Côteau-Français","postalCode":"90100","city":"Lebetain","country":"France"},"contacts":{"email":"lebetain.mairie@wanadoo.fr","telephone":"0384360508"},"horaires":"Le Mardi : de 08h30 à 12h00\nLe Jeudi : de 14h00 à 18h00","latitude":47.48702,"longitude":6.978347,"website":"","hasWebsite":false,"hasHoraires":true,"url":"https://lannuaire.service-public.gouv.fr/bourgogne-franche-comte/territoire-de-belfort/e63d6d3a-889a-41a0-8d54-a57853e88635"}
{"nom":"Lepuix","nomNormalise":"lepuix","typeCollectivite":"Commune","region":"Bourgogne-Franche-Comté","departement":"Territoire de Belfort","departementCode":"90","adresse":{"street":"11 rue de l'Église","postalCode":"90200","city":"Lepuix","country":"France"},"contacts":{"email":"mairielepuix-gy@orange.fr","telephone":"0384293245"},"horaires":"Du Lundi au Mardi : de 09h00 à 11h30\nDu Jeudi au Samedi : de 09h00 à 11h30","latitude":47.75933,"longitude":6.81815,"website":"http://www.lepuix.fr/","hasWebsite":true,"hasHoraires":true,"url":"https://lannuaire.service-public.gouv.fr/bourgogne-franche-comte/territoire-de-belfort/99444878-ddf2-49a6-8ee2-63f263514263"}
{"nom":"Lepuix Neuf","nomNormalise":"lepuixneuf","typeCollectivite":"Commune","region":"Bourgogne-Franche-Comté","departement":"Territoire de Belfort","departementCode":"90","adresse":{"street":"Place de l'Amitié et de la Fraternité","postalCode":"90100","city":"Lepuix Neuf","country":"France"},"contacts":{"email":"mairie.lepuixneuf@orange.fr","telephone":"0384296690"},"horaires":"Le Mardi : de 17h00 à 19h00\nLe Jeudi : de 15h00 à 16h30","latitude":47.537872,"longitude":7.101358,"website":"https://station.illiwap.com/fr/public/90064","hasWebsite":true,"hasHoraires":true,"url":"https://lannuaire.service-public.gouv.fr/bourgogne-franche-comte/territoire-de-belfort/acafeb38-cefb-4646-b4c7-7539aa8157f6"}
{"nom":"Leval","nomNormalise":"leval","typeCollectivite":"Commune","region":"Bourgogne-Franche-Comté","departement":"Territoire de Belfort","departementCode":"90","adresse":{"street":"21 rue Principale","postalCode":"90110","city":"Leval","country":"France"},"contacts":{"email":"mairie.de.leval@wanadoo.fr","telephone":"0384230872"},"horaires":"Le Mardi : de 18h00 à 19h00","latitude":47.7281,"longitude":6.98821,"website":"","hasWebsite":false,"hasHoraires":true,"url":"https://lannuaire.service-public.gouv.fr/bourgogne-franche-comte/territoire-de-belfort/cf77441c-8e72-4751-a2a0-90090e90924a"}
{"nom":"Menoncourt","nomNormalise":"menoncourt","typeCollectivite":"Commune","region":"Bourgogne-Franche-Comté","departement":"Territoire de Belfort","departementCode":"90","adresse":{"street":"7 rue du Vieux-Lavoir","postalCode":"90150","city":"Menoncourt","country":"France"},"contacts":{"email":"mairie.menoncourt@orange.fr","telephone":"0384299047"},"horaires":"Le Lundi : de 14h00 à 15h00\nLe Mercredi : de 11h00 à 12h00\nLe Vendredi : de 16h00 à 17h00\n\nAccueil fermé le dernier vendredi de chaque mois.","latitude":47.670174,"longitude":6.945004,"website":"https://www.intramuros.org/menoncourt","hasWebsite":true,"hasHoraires":true,"url":"https://lannuaire.service-public.gouv.fr/bourgogne-franche-comte/territoire-de-belfort/6e27e78b-55b9-4d59-b07a-c5a8763e08a3"}
{"nom":"Meroux-Moval","nomNormalise":"merouxmoval","typeCollectivite":"Commune","region":"Bourgogne-Franche-Comté","departement":"Territoire de Belfort","departementCode":"90","adresse":{"street":"Meroux","postalCode":"90400","city":"Meroux-Moval","country":"France"},"contacts":{"email":"secretariat@meroux-moval.fr","telephone":"0384560430"},"horaires":"Le Mardi : de 13h30 à 18h00\nLe Mercredi : de 13h30 à 17h00\nDu Jeudi au Vendredi : de 08h30 à 12h00\nLe Samedi : de 10h00 à 12h00","latitude":47.596,"longitude":6.89866,"website":"https://www.meroux-moval.fr/","hasWebsite":true,"hasHoraires":true,"url":"https://lannuaire.service-public.gouv.fr/bourgogne-franche-comte/territoire-de-belfort/8a1ac2b9-e80d-416f-9b53-d77473cc0d39"}
{"nom":"Méziré","nomNormalise":"mezire","typeCollectivite":"Commune","region":"Bourgogne-Franche-Comté","departement":"Territoire de Belfort","departementCode":"90","adresse":{"street":"5 route de la Forge","postalCode":"90120","city":"Méziré","country":"France"},"contacts":{"email":"mairie.mezire@orange.fr","telephone":"0384278075"},"horaires":"Le Lundi : de 14h00 à 18h00\nLe Mardi : de 10h00 à 12h00 de 14h00 à 18h00\nLe Mercredi : de 14h00 à 16h00\nLe Vendredi : de 10h00 à 12h00 de 14h00 à 18h00","latitude":47.53759,"longitude":6.920786,"website":"https://mezire.fr/","hasWebsite":true,"hasHoraires":true,"url":"https://lannuaire.service-public.gouv.fr/bourgogne-franche-comte/territoire-de-belfort/7a3f2cff-2cac-4734-9f0e-7bef4db13f7a"}
{"nom":"Montbouton","nomNormalise":"montbouton","typeCollectivite":"Commune","region":"Bourgogne-Franche-Comté","departement":"Territoire de Belfort","departementCode":"90","adresse":{"street":"11 Grande-rue","postalCode":"90500","city":"Montbouton","country":"France"},"contacts":{"email":"mairiemontbouton@wanadoo.fr","telephone":"0384569050"},"horaires":"Le Lundi : de 13h30 à 17h30\nLe Jeudi : de 16h30 à 18h30\nLe Vendredi : de 08h30 à 12h00","latitude":47.47316,"longitude":6.91867,"website":"https://montbouton.fr/","hasWebsite":true,"hasHoraires":true,"url":"https://lannuaire.service-public.gouv.fr/bourgogne-franche-comte/territoire-de-belfort/71d03f79-b437-4249-ac14-6cf03c81bd84"}
{"nom":"Montreux-Château","nomNormalise":"montreuxchateau","typeCollectivite":"Commune","region":"Bourgogne-Franche-Comté","departement":"Territoire de Belfort","departementCode":"90","adresse":{"street":"Place du Maréchal-de-Lattre-de-Tassigny","postalCode":"90130","city":"Montreux-Château","country":"France"},"contacts":{"email":"mairie-montreux-chateau@wanadoo.fr","telephone":"0384233016"},"horaires":"Le Lundi : de 08h30 à 11h30\nLe Mardi : de 15h30 à 18h00\nDu Mercredi au Jeudi : de 08h30 à 11h30\nLe Vendredi : de 15h30 à 18h00","latitude":47.606354,"longitude":6.992229,"website":"","hasWebsite":false,"hasHoraires":true,"url":"https://lannuaire.service-public.gouv.fr/bourgogne-franche-comte/territoire-de-belfort/54ba23cf-d215-4eb1-986a-05480e060c08"}
{"nom":"Morvillars","nomNormalise":"morvillars","typeCollectivite":"Commune","region":"Bourgogne-Franche-Comté","departement":"Territoire de Belfort","departementCode":"90","adresse":{"street":"3 place du Marché","postalCode":"90120","city":"Morvillars","country":"France"},"contacts":{"email":"contact@morvillars.fr","telephone":"0384278036"},"horaires":"Le Lundi : de 14h00 à 17h00\nLe Mardi : de 09h00 à 12h00 de 14h00 à 17h00\nLe Mercredi : de 09h00 à 12h00\nDu Jeudi au Vendredi : de 09h00 à 12h00 de 14h00 à 17h00\nLe Samedi : de 09h00 à 11h00","latitude":47.547,"longitude":6.93379,"website":"https://www.morvillars.fr/","hasWebsite":true,"hasHoraires":true,"url":"https://lannuaire.service-public.gouv.fr/bourgogne-franche-comte/territoire-de-belfort/2f9f80a3-fbf6-4d34-baaf-41a1046d4bd5"}
{"nom":"Novillard","nomNormalise":"novillard","typeCollectivite":"Commune","region":"Bourgogne-Franche-Comté","departement":"Territoire de Belfort","departementCode":"90","adresse":{"street":"14 Grande rue","postalCode":"90340","city":"Novillard","country":"France"},"contacts":{"email":"mairie@novillard.fr","telephone":"0384233991"},"horaires":"Le Lundi : de 10h00 à 12h00\nLe Mardi : de 14h00 à 18h00\nLe Vendredi : de 10h00 à 12h30 de 13h00 à 16h00\n\nAccueil sur rendez-vous uniquement pour le service urbanisme.","latitude":47.606594,"longitude":6.971283,"website":"http://www.novillard.fr/","hasWebsite":true,"hasHoraires":true,"url":"https://lannuaire.service-public.gouv.fr/bourgogne-franche-comte/territoire-de-belfort/3680bc67-8998-412a-9a31-69bf652bb396"}
{"nom":"Offemont","nomNormalise":"offemont","typeCollectivite":"Commune","region":"Bourgogne-Franche-Comté","departement":"Territoire de Belfort","departementCode":"90","adresse":{"street":"96 rue Aristide-Briand","postalCode":"90300","city":"Offemont","country":"France"},"contacts":{"email":"contact@mairie-offemont.fr","telephone":"0384260149"},"horaires":"Le Lundi : de 08h30 à 12h00 de 13h30 à 17h00\nLe Mardi : de 08h30 à 12h00 de 13h30 à 15h00\nLe Mercredi : de 08h30 à 12h00 de 13h30 à 17h00\nLe Jeudi : de 08h30 à 12h00 de 13h30 à 18h00\nLe Vendredi : de 08h30 à 12h00 de 13h30 à 17h00","latitude":47.66303,"longitude":6.878682,"website":"","hasWebsite":false,"hasHoraires":true,"url":"https://lannuaire.service-public.gouv.fr/bourgogne-franche-comte/territoire-de-belfort/e6f38986-80a1-4b42-acda-c7b9f138dd34"}
{"nom":"Pérouse","nomNormalise":"perouse","typeCollectivite":"Commune","region":"Bourgogne-Franche-Comté","departement":"Territoire de Belfort","departementCode":"90","adresse":{"street":"Place de la Mairie","postalCode":"90160","city":"Pérouse","country":"France"},"contacts":{"email":"mairie.perouse@wanadoo.fr","telephone":"0384280599"},"horaires":"Le Lundi : de 10h00 à 12h00\nLe Mardi : de 14h45 à 16h45\nLe Jeudi : de 10h00 à 12h00\nLe Vendredi : de 10h00 à 12h00 de 13h45 à 16h45\nmercredi : 18h30-19h30 (permanence des élus) - samedi : Maire sur rendez-vous le matin.","latitude":47.63397,"longitude":6.895279,"website":"https://station.illiwap.com/fr/public/90076","hasWebsite":true,"hasHoraires":true,"url":"https://lannuaire.service-public.gouv.fr/bourgogne-franche-comte/territoire-de-belfort/3405b481-e8b9-410a-aa52-b8bac7788aec"}
{"nom":"Petit-Croix","nomNormalise":"petitcroix","typeCollectivite":"Commune","region":"Bourgogne-Franche-Comté","departement":"Territoire de Belfort","departementCode":"90","adresse":{"street":"20 Grand'rue","postalCode":"90130","city":"Petit-Croix","country":"France"},"contacts":{"email":"mairie.petit.croix@wanadoo.fr","telephone":"0384233956"},"horaires":"Le Lundi : de 15h00 à 18h00\nLe Mardi : de 09h00 à 12h00\n\nAccueil fermé le dernier mardi du mois.\nLe Jeudi : de 10h00 à 12h30 de 13h00 à 16h00","latitude":47.6138,"longitude":6.9748,"website":"https://petit-croix-90.fr/","hasWebsite":true,"hasHoraires":true,"url":"https://lannuaire.service-public.gouv.fr/bourgogne-franche-comte/territoire-de-belfort/a1de4e2d-9c91-416e-96d3-2dbb615c4306"}
{"nom":"Petitefontaine","nomNormalise":"petitefontaine","typeCollectivite":"Commune","region":"Bourgogne-Franche-Comté","departement":"Territoire de Belfort","departementCode":"90","adresse":{"street":"6 rue des Marronniers","postalCode":"90360","city":"Petitefontaine","country":"France"},"contacts":{"email":"mairie.petitefontaine@orange.fr","telephone":"0964081990"},"horaires":"Le Mardi : de 14h00 à 18h30\nLe Vendredi : de 14h00 à 16h30","latitude":47.721073,"longitude":7.0073967,"website":"","hasWebsite":false,"hasHoraires":true,"url":"https://lannuaire.service-public.gouv.fr/bourgogne-franche-comte/territoire-de-belfort/bc0145d3-546a-4639-bfef-77fa4b13ab91"}
{"nom":"Petitmagny","nomNormalise":"petitmagny","typeCollectivite":"Commune","region":"Bourgogne-Franche-Comté","departement":"Territoire de Belfort","departementCode":"90","adresse":{"street":"Grande-Rue","postalCode":"90170","city":"Petitmagny","country":"France"},"contacts":{"email":"mairie.petitmagny@wanadoo.fr","telephone":"0384546558"},"horaires":"Le Lundi : de 09h00 à 11h00\nLe Jeudi : de 17h00 à 19h00","latitude":47.725517,"longitude":6.900606,"website":"","hasWebsite":false,"hasHoraires":true,"url":"https://lannuaire.service-public.gouv.fr/bourgogne-franche-comte/territoire-de-belfort/8624f20e-13a0-423b-98d2-31801e7ef724"}
{"nom":"Phaffans","nomNormalise":"phaffans","typeCollectivite":"Commune","region":"Bourgogne-Franche-Comté","departement":"Territoire de Belfort","departementCode":"90","adresse":{"street":"5 rue de la Mairie","postalCode":"90150","city":"Phaffans","country":"France"},"contacts":{"email":"mairie-phaffans@wanadoo.fr","telephone":"0384298845"},"horaires":"Du Lundi au Mardi : de 10h00 à 12h00\nLe Vendredi : de 10h00 à 12h00","latitude":47.6594,"longitude":6.93566,"website":"","hasWebsite":false,"hasHoraires":true,"url":"https://lannuaire.service-public.gouv.fr/bourgogne-franche-comte/territoire-de-belfort/17e184bf-496a-4b7a-b2e4-2f0444d94d2b"}
{"nom":"Réchésy","nomNormalise":"rechesy","typeCollectivite":"Commune","region":"Bourgogne-Franche-Comté","departement":"Territoire de Belfort","departementCode":"90","adresse":{"street":"3 place de la Mairie","postalCode":"90370","city":"Réchésy","country":"France"},"contacts":{"email":"mairie.rechesy@wanadoo.fr","telephone":"0384296357"},"horaires":"Le Lundi : de 09h00 à 11h00\nLe Mardi : de 09h00 à 11h00 de 16h00 à 18h00\nLe Jeudi : de 09h00 à 11h00\nLe Vendredi : de 09h00 à 11h00 de 16h00 à 18h00","latitude":47.5084,"longitude":7.111,"website":"","hasWebsite":false,"hasHoraires":true,"url":"https://lannuaire.service-public.gouv.fr/bourgogne-franche-comte/territoire-de-belfort/6d89cd9f-3304-4abf-a12e-e2be70b81516"}
{"nom":"Recouvrance","nomNormalise":"recouvrance","typeCollectivite":"Commune","region":"Bourgogne-Franche-Comté","departement":"Territoire de Belfort","departementCode":"90","adresse":{"street":"2 bis rue de la Presle","postalCode":"90140","city":"Recouvrance","country":"France"},"contacts":{"email":"recouvrance.mairie@wanadoo.fr","telephone":"0384234156"},"horaires":"Le Mardi : de 17h45 à 19h45\nLe Mercredi : de 13h00 à 15h00","latitude":47.571198,"longitude":6.983282,"website":"https://www.recouvrance.fr/","hasWebsite":true,"hasHoraires":true,"url":"https://lannuaire.service-public.gouv.fr/bourgogne-franche-comte/territoire-de-belfort/b5a3e320-76f6-4786-99ff-b8cbc79b9c44"}
{"nom":"Reppe","nomNormalise":"reppe","typeCollectivite":"Commune","region":"Bourgogne-Franche-Comté","departement":"Territoire de Belfort","departementCode":"90","adresse":{"street":"3 place de l'Église","postalCode":"90150","city":"Reppe","country":"France"},"contacts":{"email":"commune.reppe@orange.fr","telephone":"0384238047"},"horaires":"Du Jeudi au Vendredi : de 08h00 à 12h00 de 13h30 à 17h00","latitude":47.66044,"longitude":7.024804,"website":"","hasWebsite":false,"hasHoraires":true,"url":"https://lannuaire.service-public.gouv.fr/bourgogne-franche-comte/territoire-de-belfort/8684067a-84b6-4f54-9cb3-cfb03c44001f"}
{"nom":"Riervescemont","nomNormalise":"riervescemont","typeCollectivite":"Commune","region":"Bourgogne-Franche-Comté","departement":"Territoire de Belfort","departementCode":"90","adresse":{"street":"11 vallée du Brinval","postalCode":"90200","city":"Riervescemont","country":"France"},"contacts":{"email":"mairie.riervescemont@wanadoo.fr","telephone":"0384295759"},"horaires":"Le Mardi : de 08h30 à 12h00 de 13h00 à 17h30\nLe Vendredi : de 14h00 à 18h00","latitude":47.76512,"longitude":6.883573,"website":"","hasWebsite":false,"hasHoraires":true,"url":"https://lannuaire.service-public.gouv.fr/bourgogne-franche-comte/territoire-de-belfort/af014708-798a-462a-968f-3af032fffd12"}
{"nom":"Romagny-sous-Rougemont","nomNormalise":"romagnysousrougemont","typeCollectivite":"Commune","region":"Bourgogne-Franche-Comté","departement":"Territoire de Belfort","departementCode":"90","adresse":{"street":"40 rue des Vosges","postalCode":"90110","city":"Romagny-sous-Rougemont","country":"France"},"contacts":{"email":"mairie-romagny-sous-rougemont@orange.fr","telephone":"0384230415"},"horaires":"Le Lundi : de 13h00 à 16h30\nLe Jeudi : de 08h30 à 12h00","latitude":47.71805,"longitude":6.968476,"website":"https://station.illiwap.com/fr/public/90086","hasWebsite":true,"hasHoraires":true,"url":"https://lannuaire.service-public.gouv.fr/bourgogne-franche-comte/territoire-de-belfort/bf3f80d3-585a-443e-8c72-2a015edcf8ef"}
{"nom":"Roppe","nomNormalise":"roppe","typeCollectivite":"Commune","region":"Bourgogne-Franche-Comté","departement":"Territoire de Belfort","departementCode":"90","adresse":{"street":"33 avenue du Général-de-Gaulle","postalCode":"90380","city":"Roppe","country":"France"},"contacts":{"email":"mairie@communeroppe.fr","telephone":"0384299170"},"horaires":"Du Lundi au Mardi : de 11h30 à 12h15 de 16h30 à 17h00\nLe Mercredi : de 10h00 à 12h15 de 14h30 à 17h00\nLe Jeudi : de 11h30 à 12h15 de 16h30 à 17h00\nLe Vendredi : de 11h30 à 12h15","latitude":47.6644,"longitude":6.84675,"website":"https://www.roppe.fr/","hasWebsite":true,"hasHoraires":true,"url":"https://lannuaire.service-public.gouv.fr/bourgogne-franche-comte/territoire-de-belfort/e5f71724-5351-4b33-87ce-3e0942fb64f6"}
{"nom":"Rougegoutte","nomNormalise":"rougegoutte","typeCollectivite":"Commune","region":"Bourgogne-Franche-Comté","departement":"Territoire de Belfort","departementCode":"90","adresse":{"street":"16 rue des Écoles","postalCode":"90200","city":"Rougegoutte","country":"France"},"contacts":{"email":"mairie-rougegoutte@orange.fr","telephone":"0384271267"},"horaires":"Le Lundi : de 09h00 à 12h00\nLe Mardi : de 13h30 à 17h00\nLe Jeudi : de 13h30 à 17h00\nLe Vendredi : de 09h00 à 12h00","latitude":47.732613,"longitude":6.8512864,"website":"https://www.rougegoutte.fr/","hasWebsite":true,"hasHoraires":true,"url":"https://lannuaire.service-public.gouv.fr/bourgogne-franche-comte/territoire-de-belfort/e38fb469-b44c-42b9-9928-b1819ad08539"}
{"nom":"Rougemont-le-Château","nomNormalise":"rougemontlechateau","typeCollectivite":"Commune","region":"Bourgogne-Franche-Comté","departement":"Territoire de Belfort","departementCode":"90","adresse":{"street":"3 place de l'Église","postalCode":"90110","city":"Rougemont-le-Château","country":"France"},"contacts":{"email":"mairie@rougemont-le-chateau.fr","telephone":"0384230018"},"horaires":"Le Lundi : de 09h00 à 12h00 de 15h00 à 19h00\nLe Mardi : de 09h00 à 12h00\nLe Mercredi : de 09h00 à 12h00 de 15h00 à 18h00\nLe Jeudi : de 09h00 à 12h00\nLe Vendredi : de 09h00 à 12h00 de 15h00 à 18h00","latitude":47.7358,"longitude":6.96812,"website":"https://www.rougemont-le-chateau.fr/","hasWebsite":true,"hasHoraires":true,"url":"https://lannuaire.service-public.gouv.fr/bourgogne-franche-comte/territoire-de-belfort/44d8e96d-3a26-4031-a3cb-75732a7b2a2a"}
{"nom":"Saint-Dizier-l'Évêque","nomNormalise":"saintdizierleveque","typeCollectivite":"Commune","region":"Bourgogne-Franche-Comté","departement":"Territoire de Belfort","departementCode":"90","adresse":{"street":"31 rue Principale","postalCode":"90100","city":"Saint-Dizier-l'Évêque","country":"France"},"contacts":{"email":"mairiestdizier90@orange.fr","telephone":"0384360939"},"horaires":"Le Mardi : de 08h00 à 12h00 de 18h00 à 19h00\nLe Jeudi : de 14h00 à 16h00","latitude":47.470833,"longitude":6.962033,"website":"https://www.saintdizierleveque.fr/","hasWebsite":true,"hasHoraires":true,"url":"https://lannuaire.service-public.gouv.fr/bourgogne-franche-comte/territoire-de-belfort/3dd2e9d7-925d-4463-92bd-e6de4e941cb2"}
{"nom":"Saint-Germain-le-Châtelet","nomNormalise":"saintgermainlechatelet","typeCollectivite":"Commune","region":"Bourgogne-Franche-Comté","departement":"Territoire de Belfort","departementCode":"90","adresse":{"street":"3 rue de Bourg","postalCode":"90110","city":"Saint-Germain-le-Châtelet","country":"France"},"contacts":{"email":"mairie@saint-germain-le-chatelet.fr","telephone":"0384237192"},"horaires":"Le Lundi : de 09h30 à 12h00\nLe Jeudi : de 16h30 à 18h30\nLe Vendredi : de 14h00 à 16h00","latitude":47.69974,"longitude":6.9573674,"website":"https://station.illiwap.com/fr/public/90091","hasWebsite":true,"hasHoraires":true,"url":"https://lannuaire.service-public.gouv.fr/bourgogne-franche-comte/territoire-de-belfort/a26c4f6c-7ec7-4390-a7ea-4bb118673550"}
{"nom":"Sermamagny","nomNormalise":"sermamagny","typeCollectivite":"Commune","region":"Bourgogne-Franche-Comté","departement":"Territoire de Belfort","departementCode":"90","adresse":{"street":"33 Grande rue","postalCode":"90300","city":"Sermamagny","country":"France"},"contacts":{"email":"mairiedesermamagny@wanadoo.fr","telephone":"0384292137"},"horaires":"Le Lundi : de 14h00 à 17h30\nLe Mardi : de 09h00 à 12h00 de 17h30 à 19h00\nLe Jeudi : de 17h30 à 19h00\nLe Vendredi : de 09h00 à 12h00","latitude":47.6904,"longitude":6.87491,"website":"https://www.sermamagny.fr/","hasWebsite":true,"hasHoraires":true,"url":"https://lannuaire.service-public.gouv.fr/bourgogne-franche-comte/territoire-de-belfort/c5575bdb-96b9-4405-a866-a9ac29479f02"}
{"nom":"Sevenans","nomNormalise":"sevenans","typeCollectivite":"Commune","region":"Bourgogne-Franche-Comté","departement":"Territoire de Belfort","departementCode":"90","adresse":{"street":"7 rue de Delle","postalCode":"90400","city":"Sevenans","country":"France"},"contacts":{"email":"mairiesevenans@wanadoo.fr","telephone":"0384560147"},"horaires":"Le Lundi : de 11h00 à 12h00\nLe Mardi : de 16h00 à 18h00\nLe Vendredi : de 11h00 à 13h00","latitude":47.5861,"longitude":6.86751,"website":"https://mairie-sevenans.fr/","hasWebsite":true,"hasHoraires":true,"url":"https://lannuaire.service-public.gouv.fr/bourgogne-franche-comte/territoire-de-belfort/07cb1c1b-0252-419c-b70b-c9eeb45c2667"}
{"nom":"Suarce","nomNormalise":"suarce","typeCollectivite":"Commune","region":"Bourgogne-Franche-Comté","departement":"Territoire de Belfort","departementCode":"90","adresse":{"street":"10 rue d'Alsace","postalCode":"90100","city":"Suarce","country":"France"},"contacts":{"email":"mairie.suarce@gmail.com","telephone":"0384296500"},"horaires":"Le Lundi : de 16h30 à 18h00\nLe Jeudi : de 16h30 à 18h00","latitude":47.566235,"longitude":7.081701,"website":"https://station.illiwap.com/fr/public/90095","hasWebsite":true,"hasHoraires":true,"url":"https://lannuaire.service-public.gouv.fr/bourgogne-franche-comte/territoire-de-belfort/02dd0930-1221-4688-bd4b-0f2206014c93"}
{"nom":"Thiancourt","nomNormalise":"thiancourt","typeCollectivite":"Commune","region":"Bourgogne-Franche-Comté","departement":"Territoire de Belfort","departementCode":"90","adresse":{"street":"125 rue de la Mairie","postalCode":"90100","city":"Thiancourt","country":"France"},"contacts":{"email":"mairie.thiancourt@wanadoo.fr","telephone":"0384562429"},"horaires":"Le Vendredi : de 09h00 à 11h00","latitude":47.525,"longitude":6.98922,"website":"","hasWebsite":false,"hasHoraires":true,"url":"https://lannuaire.service-public.gouv.fr/bourgogne-franche-comte/territoire-de-belfort/3fc1124d-a115-4acf-a6b8-17d88fe8a784"}
{"nom":"Trévenans","nomNormalise":"trevenans","typeCollectivite":"Commune","region":"Bourgogne-Franche-Comté","departement":"Territoire de Belfort","departementCode":"90","adresse":{"street":"3 rue du Canal","postalCode":"90400","city":"Trévenans","country":"France"},"contacts":{"email":"mairie@trevenans.fr","telephone":"0384294297"},"horaires":"Le Lundi : de 09h00 à 12h00\nLe Mardi : de 09h30 à 12h00\nLe Mercredi : de 09h30 à 12h00 de 13h45 à 17h00\nLe Jeudi : de 09h30 à 12h00\n\nFermeture le jeudi à 15h de l'état civil.\nLe Vendredi : de 09h30 à 12h00 de 13h45 à 17h00\nLe Samedi : de 09h00 à 12h00\n\nL'accueil de l'état civil est ouvert du lundi au vendredi de 9h à 12h et de 13h30 à 17h.","latitude":47.5674,"longitude":6.86206,"website":"http://www.trevenans.fr/","hasWebsite":true,"hasHoraires":true,"url":"https://lannuaire.service-public.gouv.fr/bourgogne-franche-comte/territoire-de-belfort/e6f66e4d-9cb5-45e1-b6d0-926925b1910b"}
{"nom":"Urcerey","nomNormalise":"urcerey","typeCollectivite":"Commune","region":"Bourgogne-Franche-Comté","departement":"Territoire de Belfort","departementCode":"90","adresse":{"street":"2 rue Fernand-Anthony","postalCode":"90800","city":"Urcerey","country":"France"},"contacts":{"email":"mairie@urcerey.fr","telephone":"0384286233"},"horaires":"Le Lundi : de 08h00 à 16h00\nLe Mercredi : de 08h00 à 16h00","latitude":47.608006,"longitude":6.8086643,"website":"https://lapagelocale.fr/90800-urcerey","hasWebsite":true,"hasHoraires":true,"url":"https://lannuaire.service-public.gouv.fr/bourgogne-franche-comte/territoire-de-belfort/42d562d5-c43f-466d-aebe-90b943faa6a2"}
{"nom":"Valdoie","nomNormalise":"valdoie","typeCollectivite":"Commune","region":"Bourgogne-Franche-Comté","departement":"Territoire de Belfort","departementCode":"90","adresse":{"street":"1 place Larger","postalCode":"90300","city":"Valdoie","country":"France"},"contacts":{"email":"contact@mairievaldoie.com","telephone":"0384576464"},"horaires":"Du Lundi au Jeudi : de 09h00 à 12h00 de 13h30 à 17h30\nLe Vendredi : de 09h00 à 12h00 de 13h30 à 17h00","latitude":47.66504,"longitude":6.8413568,"website":"https://www.mairievaldoie.com/","hasWebsite":true,"hasHoraires":true,"url":"https://lannuaire.service-public.gouv.fr/bourgogne-franche-comte/territoire-de-belfort/5fe5617d-8747-4902-912b-7755730e66a4"}
{"nom":"Vauthiermont","nomNormalise":"vauthiermont","typeCollectivite":"Commune","region":"Bourgogne-Franche-Comté","departement":"Territoire de Belfort","departementCode":"90","adresse":{"street":"8 rue du Lavoir","postalCode":"90150","city":"Vauthiermont","country":"France"},"contacts":{"email":"mairie.vauthiermont@orange.fr","telephone":"0384238392"},"horaires":"Le Lundi : de 09h00 à 12h00 de 14h00 à 18h00\nLe Jeudi : de 09h00 à 12h00 de 14h00 à 17h00","latitude":47.6846,"longitude":7.03004,"website":"https://www.vauthiermont.fr/","hasWebsite":true,"hasHoraires":true,"url":"https://lannuaire.service-public.gouv.fr/bourgogne-franche-comte/territoire-de-belfort/b0f16a94-463c-429e-9265-32655de32993"}
{"nom":"Vellescot","nomNormalise":"vellescot","typeCollectivite":"Commune","region":"Bourgogne-Franche-Comté","departement":"Territoire de Belfort","departementCode":"90","adresse":{"street":"8 rue des Moulins","postalCode":"90100","city":"Vellescot","country":"France"},"contacts":{"email":"mairie.vellescot@wanadoo.fr","telephone":"0384234759"},"horaires":"Le Lundi : de 10h00 à 12h00\nLe Jeudi : de 16h00 à 17h00","latitude":47.5733,"longitude":7.0117,"website":"https://www.vellescot.fr/","hasWebsite":true,"hasHoraires":true,"url":"https://lannuaire.service-public.gouv.fr/bourgogne-franche-comte/territoire-de-belfort/d9abdee3-d656-4bde-9844-38cfa0de82ed"}
{"nom":"Vescemont","nomNormalise":"vescemont","typeCollectivite":"Commune","region":"Bourgogne-Franche-Comté","departement":"Territoire de Belfort","departementCode":"90","adresse":{"street":"8 Grande-Rue","postalCode":"90200","city":"Vescemont","country":"France"},"contacts":{"email":"commune.vescemont@wanadoo.fr","telephone":"0384290071"},"horaires":"Le Lundi : de 13h30 à 17h00\nLe Mardi : de 08h30 à 12h00\nLe Jeudi : de 08h30 à 12h00\nLe Vendredi : de 13h30 à 18h00","latitude":47.743458,"longitude":6.845528,"website":"","hasWebsite":false,"hasHoraires":true,"url":"https://lannuaire.service-public.gouv.fr/bourgogne-franche-comte/territoire-de-belfort/0f172afc-2aaa-4121-a93c-4dac4fffcb66"}
{"nom":"Vétrigne","nomNormalise":"vetrigne","typeCollectivite":"Commune","region":"Bourgogne-Franche-Comté","departement":"Territoire de Belfort","departementCode":"90","adresse":{"street":"54 Grande-Rue","postalCode":"90300","city":"Vétrigne","country":"France"},"contacts":{"email":"mairie@vetrigne.com","telephone":"0384298002"},"horaires":"Le Mardi : de 16h00 à 18h00\nLe Mercredi : de 10h30 à 12h00\nLe Jeudi : de 16h00 à 18h00","latitude":47.6698,"longitude":6.89883,"website":"https://www.vetrigne.com/","hasWebsite":true,"hasHoraires":true,"url":"https://lannuaire.service-public.gouv.fr/bourgogne-franche-comte/territoire-de-belfort/345457e5-8e95-40a8-a225-3045d4977ec2"}
{"nom":"Vézelois","nomNormalise":"vezelois","typeCollectivite":"Commune","region":"Bourgogne-Franche-Comté","departement":"Territoire de Belfort","departementCode":"90","adresse":{"street":"118 rue de Brebotte","postalCode":"90400","city":"Vézelois","country":"France"},"contacts":{"email":"","telephone":"0384560495"},"horaires":"Le Lundi : de 11h00 à 14h00\nLe Mardi : de 16h00 à 18h00\nDu Jeudi au Vendredi : de 16h00 à 18h00","latitude":47.607,"longitude":6.91719,"website":"https://www.vezelois.fr/","hasWebsite":true,"hasHoraires":true,"url":"https://lannuaire.service-public.gouv.fr/bourgogne-franche-comte/territoire-de-belfort/52b8f5de-66a4-4fb0-a4cb-c0ba6d4d386a"}
{"nom":"Villars-le-Sec","nomNormalise":"villarslesec","typeCollectivite":"Commune","region":"Bourgogne-Franche-Comté","departement":"Territoire de Belfort","departementCode":"90","adresse":{"street":"11 rue Principale","postalCode":"90100","city":"Villars-le-Sec","country":"France"},"contacts":{"email":"mairie.villars90@gmail.com","telephone":"0384363300"},"horaires":"Le Mardi : de 08h00 à 12h00\nLe Mercredi : de 13h45 à 15h45\nLe Vendredi : de 14h00 à 18h00","latitude":47.4547,"longitude":6.99115,"website":"https://www.villars-le-sec.com/","hasWebsite":true,"hasHoraires":true,"url":"https://lannuaire.service-public.gouv.fr/bourgogne-franche-comte/territoire-de-belfort/545449f8-ca44-4465-8b99-d21f4925939f"}
