{"nom":"Aubervilliers","nomNormalise":"aubervilliers","typeCollectivite":"Commune","region":"Île-de-France","departement":"Seine-Saint-Denis","departementCode":"93","adresse":{"street":"2 rue de la Commune-de-Paris","postalCode":"93300","city":"Aubervilliers","country":"France"},"contacts":{"email":"","telephone":"0148395200"},"horaires":"Du Lundi au Vendredi : de 08h30 à 17h00\nLe Samedi : de 08h30 à 12h00","latitude":48.91461,"longitude":2.3817894,"website":"https://www.aubervilliers.fr/","hasWebsite":true,"hasHoraires":true,"url":"https://lannuaire.service-public.gouv.fr/ile-de-france/seine-saint-denis/0706933e-c71d-409e-aa72-46db29fe49d3"}
{"nom":"Aulnay-sous-Bois","nomNormalise":"aulnaysousbois","typeCollectivite":"Commune","region":"Île-de-France","departement":"Seine-Saint-Denis","departementCode":"93","adresse":{"street":"16 boulevard Félix-Faure","postalCode":"93602","city":"Aulnay-sous-Bois Cedex","country":"France"},"contacts":{"email":"sg@aulnay-sous-bois.com","telephone":"0148796363"},"horaires":"Du Lundi au Vendredi : de 08h30 à 12h00 de 13h30 à 17h30","latitude":48.93338,"longitude":2.499119,"website":"https://www.aulnay-sous-bois.fr/","hasWebsite":true,"hasHoraires":true,"url":"https://lannuaire.service-public.gouv.fr/ile-de-france/seine-saint-denis/55b6b285-896f-42a0-9caa-0d651d60817f"}
{"nom":"Bagnolet","nomNormalise":"bagnolet","typeCollectivite":"Commune","region":"Île-de-France","departement":"Seine-Saint-Denis","departementCode":"93","adresse":{"street":"1 place Salvador-Allende","postalCode":"93171","city":"Bagnolet Cedex","country":"France"},"contacts":{"email":"mairie@ville-bagnolet.fr","telephone":"0149936000"},"horaires":"Du Lundi au Jeudi : de 09h00 à 12h00 de 13h30 à 17h00\nLe Vendredi : de 13h30 à 17h00\nLe Samedi : de 09h00 à 12h30","latitude":48.86876,"longitude":2.416931,"website":"http://www.ville-bagnolet.fr/","hasWebsite":true,"hasHoraires":true,"url":"https://lannuaire.service-public.gouv.fr/ile-de-france/seine-saint-denis/b63ca7e7-8111-4f5d-b0d3-1c80b4f7ae64"}
{"nom":"Bobigny","nomNormalise":"bobigny","typeCollectivite":"Commune","region":"Île-de-France","departement":"Seine-Saint-Denis","departementCode":"93","adresse":{"street":"31 avenue du Président-Salvador-Allende","postalCode":"93000","city":"Bobigny","country":"France"},"contacts":{"email":"","telephone":"0141609393"},"horaires":"Du Lundi au Vendredi : de 08h30 à 17h00\n\nLe 1er jeudi de chaque mois fermé de 11h45 à 15h.\nLe Samedi : de 09h00 à 11h45","latitude":48.90618,"longitude":2.445042,"website":"https://www.bobigny.fr/","hasWebsite":true,"hasHoraires":true,"url":"https://lannuaire.service-public.gouv.fr/ile-de-france/seine-saint-denis/f91ec498-396d-4ea7-aa5c-c5ed2cfed87b"}
{"nom":"Bondy","nomNormalise":"bondy","typeCollectivite":"Commune","region":"Île-de-France","departement":"Seine-Saint-Denis","departementCode":"93","adresse":{"street":"Esplanade Claude-Fuzier","postalCode":"93143","city":"Bondy Cedex","country":"France"},"contacts":{"email":"communication@ville-bondy.fr","telephone":"0148505300"},"horaires":"Le Lundi : de 09h00 à 17h15\nLe Mardi : de 10h30 à 19h15\nDu Mercredi au Vendredi : de 09h00 à 17h15","latitude":48.90216,"longitude":2.482633,"website":"https://www.ville-bondy.fr/","hasWebsite":true,"hasHoraires":true,"url":"https://lannuaire.service-public.gouv.fr/ile-de-france/seine-saint-denis/eb1dff87-9ca8-4f58-96f2-823afc7de6a4"}
{"nom":"Clichy-sous-Bois","nomNormalise":"clichysousbois","typeCollectivite":"Commune","region":"Île-de-France","departement":"Seine-Saint-Denis","departementCode":"93","adresse":{"street":"Place du 11-Novembre-1918","postalCode":"93390","city":"Clichy-sous-Bois","country":"France"},"contacts":{"email":"accueil.hdv@clichysousbois.fr","telephone":"0143889604"},"horaires":"Le Lundi : de 09h00 à 17h30\nLe Mardi : de 10h00 à 17h30\nDu Mercredi au Vendredi : de 09h00 à 17h30\nLe Samedi : de 09h00 à 12h30","latitude":48.91071,"longitude":2.546119,"website":"https://clichy-sous-bois.fr/","hasWebsite":true,"hasHoraires":true,"url":"https://lannuaire.service-public.gouv.fr/ile-de-france/seine-saint-denis/7493c233-b6c2-4a29-9d88-794857194492"}
{"nom":"Coubron","nomNormalise":"coubron","typeCollectivite":"Commune","region":"Île-de-France","departement":"Seine-Saint-Denis","departementCode":"93","adresse":{"street":"133 rue Jean-Jaurès","postalCode":"93470","city":"Coubron","country":"France"},"contacts":{"email":"","telephone":"0143885145"},"horaires":"","latitude":48.915764,"longitude":2.576869,"website":"http://www.coubron.fr/","hasWebsite":true,"hasHoraires":false,"url":"https://lannuaire.service-public.gouv.fr/ile-de-france/seine-saint-denis/4cd09b6e-4830-4e66-9557-475211532082"}
{"nom":"Drancy","nomNormalise":"drancy","typeCollectivite":"Commune","region":"Île-de-France","departement":"Seine-Saint-Denis","departementCode":"93","adresse":{"street":"1 place de l'Hôtel-de-Ville","postalCode":"93700","city":"Drancy","country":"France"},"contacts":{"email":"mairie@drancy.fr","telephone":"0148965000"},"horaires":"Du Lundi au Vendredi : de 09h00 à 17h30","latitude":48.9341,"longitude":2.49927,"website":"https://www.drancy.fr/","hasWebsite":true,"hasHoraires":true,"url":"https://lannuaire.service-public.gouv.fr/ile-de-france/seine-saint-denis/617abe4b-a3ab-41a1-9fc9-b76c030f46c3"}
{"nom":"Dugny","nomNormalise":"dugny","typeCollectivite":"Commune","region":"Île-de-France","departement":"Seine-Saint-Denis","departementCode":"93","adresse":{"street":"1 rue de la Résistance","postalCode":"93440","city":"Dugny","country":"France"},"contacts":{"email":"secretariat.general@mairie-dugny.fr","telephone":"0149926666"},"horaires":"Du Lundi au Mercredi : de 08h30 à 12h00 de 13h30 à 17h30\nLe Jeudi : de 08h30 à 12h00\n\nAccueil fermé le jeudi après-midi pour l'état civil.\nLe Vendredi : de 08h30 à 12h00 de 13h30 à 17h30","latitude":48.95542,"longitude":2.417557,"website":"https://ville-dugny.fr/","hasWebsite":true,"hasHoraires":true,"url":"https://lannuaire.service-public.gouv.fr/ile-de-france/seine-saint-denis/ab1abcbe-ed56-42a2-8af5-9ab277579e03"}
{"nom":"Épinay-sur-Seine","nomNormalise":"epinaysurseine","typeCollectivite":"Commune","region":"Île-de-France","departement":"Seine-Saint-Denis","departementCode":"93","adresse":{"street":"1-3 rue Quétigny","postalCode":"93806","city":"Épinay-sur-Seine Cedex","country":"France"},"contacts":{"email":"contact@epinay-sur-seine.fr","telephone":"0149719999"},"horaires":"Du Lundi au Mercredi : de 08h30 à 12h00 de 13h15 à 17h30\nLe Jeudi : de 08h30 à 12h00 de 13h15 à 19h00\nLe Vendredi : de 08h30 à 12h00 de 13h15 à 17h30\nLe Samedi : de 09h00 à 12h00\n\nAccueil ouvert uniquement pour l'état civil et les affaires générales.","latitude":48.951626,"longitude":2.314907,"website":"https://www.epinay-sur-seine.fr/","hasWebsite":true,"hasHoraires":true,"url":"https://lannuaire.service-public.gouv.fr/ile-de-france/seine-saint-denis/551d420f-e8ac-44eb-9c60-b08e39c271c5"}
{"nom":"Gagny","nomNormalise":"gagny","typeCollectivite":"Commune","region":"Île-de-France","departement":"Seine-Saint-Denis","departementCode":"93","adresse":{"street":"Hôtel-de-Ville","postalCode":"93220","city":"Gagny","country":"France"},"contacts":{"email":"maire@mairie-gagny.fr","telephone":"0143014301"},"horaires":"Du Lundi au Mercredi : de 08h45 à 12h00 de 13h30 à 17h45\nLe Jeudi : de 10h00 à 12h00 de 13h30 à 17h45\nLe Vendredi : de 08h45 à 12h00 de 13h30 à 17h15\nLe Samedi : de 08h45 à 12h00","latitude":48.88507,"longitude":2.536757,"website":"https://www.gagny.fr/","hasWebsite":true,"hasHoraires":true,"url":"https://lannuaire.service-public.gouv.fr/ile-de-france/seine-saint-denis/dd411286-4870-427c-8563-6f2e26e9b3e1"}
{"nom":"Gournay-sur-Marne","nomNormalise":"gournaysurmarne","typeCollectivite":"Commune","region":"Île-de-France","departement":"Seine-Saint-Denis","departementCode":"93","adresse":{"street":"10 avenue du Maréchal-Foch","postalCode":"93460","city":"Gournay-sur-Marne","country":"France"},"contacts":{"email":"contact@gournay-sur-marne.fr","telephone":"0143050641"},"horaires":"Du Lundi au Vendredi : de 08h30 à 12h00 de 13h30 à 17h30\n\nAccueil ouvert jusqu'à 20h le 1er mardi du mois uniquement.","latitude":48.86352,"longitude":2.573179,"website":"https://www.ville-gournay-sur-marne.fr/fr/","hasWebsite":true,"hasHoraires":true,"url":"https://lannuaire.service-public.gouv.fr/ile-de-france/seine-saint-denis/204400b3-9717-4ef1-bec0-181dffeac4b6"}
{"nom":"L'Île-Saint-Denis","nomNormalise":"lilesaintdenis","typeCollectivite":"Commune","region":"Île-de-France","departement":"Seine-Saint-Denis","departementCode":"93","adresse":{"street":"1 rue Méchin","postalCode":"93450","city":"L'Île-Saint-Denis","country":"France"},"contacts":{"email":"mairie@lile-saint-denis.fr","telephone":"0149221100"},"horaires":"Du Lundi au Vendredi : de 08h30 à 12h30 de 13h30 à 17h30\n\nAccueil fermé les lundis matin et ouvert le jeudi de 13h30 à 19h pour le guichet d'accueil unique (état civil, inscriptions scolaires, etc).\nLe Samedi : de 09h00 à 12h00\n\nAccueil ouvert uniquement pour l'état civil et les affaires générales.","latitude":48.9358,"longitude":2.33946,"website":"http://www.lile-saint-denis.fr/","hasWebsite":true,"hasHoraires":true,"url":"https://lannuaire.service-public.gouv.fr/ile-de-france/seine-saint-denis/c0063fb3-66af-47e7-8b8f-7464c8e7843a"}
{"nom":"La Courneuve","nomNormalise":"lacourneuve","typeCollectivite":"Commune","region":"Île-de-France","departement":"Seine-Saint-Denis","departementCode":"93","adresse":{"street":"Avenue de la République","postalCode":"93120","city":"La Courneuve","country":"France"},"contacts":{"email":"regards@lacourneuve.fr","telephone":"0149926000"},"horaires":"Le Lundi : de 08h30 à 12h00 de 13h30 à 17h30\nLe Mardi : de 13h30 à 17h30\nDu Mercredi au Vendredi : de 08h30 à 12h00 de 13h30 à 17h30\nLe Samedi : de 08h30 à 12h00\n\nAccueil fermé durant les congés d'été.","latitude":48.927,"longitude":2.38913,"website":"https://lacourneuve.fr/","hasWebsite":true,"hasHoraires":true,"url":"https://lannuaire.service-public.gouv.fr/ile-de-france/seine-saint-denis/5e566cc0-af29-41b5-b979-44af8c4e1fb2"}
{"nom":"Le Blanc-Mesnil","nomNormalise":"leblancmesnil","typeCollectivite":"Commune","region":"Île-de-France","departement":"Seine-Saint-Denis","departementCode":"93","adresse":{"street":"1 place Gabriel-Péri","postalCode":"93150","city":"Le Blanc-Mesnil","country":"France"},"contacts":{"email":"","telephone":"0145917070"},"horaires":"Le Lundi : de 09h00 à 12h30 de 14h00 à 17h30\nLe Mardi : de 14h00 à 17h30\nDu Mercredi au Vendredi : de 09h00 à 12h30 de 14h00 à 17h15\nLe Samedi : de 09h00 à 11h45\n\nAccueil ouvert pour l'état civil uniquement.","latitude":48.938835,"longitude":2.463939,"website":"https://www.blancmesnil.fr/","hasWebsite":true,"hasHoraires":true,"url":"https://lannuaire.service-public.gouv.fr/ile-de-france/seine-saint-denis/d2636c0d-5766-4ab1-925e-708f7aba3051"}
{"nom":"Le Bourget","nomNormalise":"lebourget","typeCollectivite":"Commune","region":"Île-de-France","departement":"Seine-Saint-Denis","departementCode":"93","adresse":{"street":"65 avenue de la Division-Leclerc","postalCode":"93350","city":"Le Bourget","country":"France"},"contacts":{"email":"","telephone":"0148388282"},"horaires":"Du Lundi au Vendredi : de 08h30 à 11h45 de 13h30 à 17h30\n\nLes services affaires générales, état civil et enfance sont fermés le mardi après-midi.\nLe Samedi : de 08h30 à 11h45\n\nUniquement les affaires générales.","latitude":48.9349,"longitude":2.42577,"website":"http://www.le-bourget.fr/","hasWebsite":true,"hasHoraires":true,"url":"https://lannuaire.service-public.gouv.fr/ile-de-france/seine-saint-denis/c4a49ae6-5b35-4b63-b805-e7f8ba71cb17"}
{"nom":"Le Pré-Saint-Gervais","nomNormalise":"lepresaintgervais","typeCollectivite":"Commune","region":"Île-de-France","departement":"Seine-Saint-Denis","departementCode":"93","adresse":{"street":"1 rue Emile Augier","postalCode":"93310","city":"Le Pré-Saint-Gervais","country":"France"},"contacts":{"email":"accueil@villedupre.fr","telephone":"0149427300"},"horaires":"Du Lundi au Mercredi : de 08h30 à 11h45 de 13h30 à 17h15\nLe Jeudi : de 10h00 à 11h45 de 13h30 à 17h15\nLe Vendredi : de 08h30 à 11h45 de 13h30 à 16h15\nLe Samedi : de 09h00 à 11h45","latitude":48.88504,"longitude":2.14272,"website":"https://www.villedupre.fr/","hasWebsite":true,"hasHoraires":true,"url":"https://lannuaire.service-public.gouv.fr/ile-de-france/seine-saint-denis/cc07d8e3-f888-40ae-9007-3332ef2ff43c"}
{"nom":"Le Raincy","nomNormalise":"leraincy","typeCollectivite":"Commune","region":"Île-de-France","departement":"Seine-Saint-Denis","departementCode":"93","adresse":{"street":"121 avenue de la Résistance","postalCode":"93346","city":"Le Raincy Cedex","country":"France"},"contacts":{"email":"leraincy@leraincy.fr","telephone":"0143024200"},"horaires":"Le Lundi : de 08h30 à 12h00 de 13h30 à 17h30\nLe Mardi : de 13h30 à 20h00\nDu Mercredi au Vendredi : de 08h30 à 12h00 de 13h30 à 17h30","latitude":48.89831,"longitude":2.51647,"website":"https://leraincy.fr/","hasWebsite":true,"hasHoraires":true,"url":"https://lannuaire.service-public.gouv.fr/ile-de-france/seine-saint-denis/ee01d858-113f-4afc-a51d-180e1b514f58"}
{"nom":"Les Lilas","nomNormalise":"leslilas","typeCollectivite":"Commune","region":"Île-de-France","departement":"Seine-Saint-Denis","departementCode":"93","adresse":{"street":"96 rue de Paris","postalCode":"93260","city":"Les Lilas","country":"France"},"contacts":{"email":"","telephone":"0143628202"},"horaires":"Du Lundi au Mercredi : de 08h30 à 12h00 de 13h45 à 17h00\nLe Jeudi : de 13h45 à 17h00\nLe Vendredi : de 08h30 à 12h00 de 13h45 à 17h00","latitude":48.879395,"longitude":2.415881,"website":"https://www.ville-leslilas.fr/","hasWebsite":true,"hasHoraires":true,"url":"https://lannuaire.service-public.gouv.fr/ile-de-france/seine-saint-denis/9cab498c-1bc8-44a0-b82f-b6c51a4ecc2b"}
{"nom":"Les Pavillons-sous-Bois","nomNormalise":"lespavillonssousbois","typeCollectivite":"Commune","region":"Île-de-France","departement":"Seine-Saint-Denis","departementCode":"93","adresse":{"street":"Place Charles-de-Gaulle","postalCode":"93320","city":"Les Pavillons-sous-Bois","country":"France"},"contacts":{"email":"mairie@lespavillonssousbois.fr","telephone":"0148027575"},"horaires":"Du Lundi au Vendredi : de 09h00 à 12h00 de 13h30 à 18h00\n\nAccueil ouvert uniquement de 9h à 12h pendant les congés scolaires, service population fermé le lundi matin, service enfance fermé les lundis matin et le 2e lundi du mois et service urbanisme fermé les mardis et jeudis.\nLe Samedi : de 09h00 à 12h00\n\nContacter l'accueil pour connaître les samedis ouverts.","latitude":48.902824,"longitude":2.5073545,"website":"https://www.les-pavillons-sous-bois.fr/","hasWebsite":true,"hasHoraires":true,"url":"https://lannuaire.service-public.gouv.fr/ile-de-france/seine-saint-denis/f2fe3a14-0842-4cb5-a992-51ccf870fdb6"}
{"nom":"Livry-Gargan","nomNormalise":"livrygargan","typeCollectivite":"Commune","region":"Île-de-France","departement":"Seine-Saint-Denis","departementCode":"93","adresse":{"street":"3 place François-Mitterrand","postalCode":"93190","city":"Livry-Gargan","country":"France"},"contacts":{"email":"courriermaire@livry-gargan.fr","telephone":"0141708800"},"horaires":"Le Lundi : de 13h30 à 17h30\nDu Mardi au Vendredi : de 08h30 à 12h00\n\nLe pôle du centre administratif est fermé le jeudi matin.\nLe Samedi : de 08h30 à 12h30","latitude":48.919426,"longitude":2.5373755,"website":"http://www.livry-gargan.fr/","hasWebsite":true,"hasHoraires":true,"url":"https://lannuaire.service-public.gouv.fr/ile-de-france/seine-saint-denis/65e4addc-78e2-4f3e-9a61-0d5dc0c29b4e"}
{"nom":"Montfermeil","nomNormalise":"montfermeil","typeCollectivite":"Commune","region":"Île-de-France","departement":"Seine-Saint-Denis","departementCode":"93","adresse":{"street":"7 place Jean-Mermoz","postalCode":"93370","city":"Montfermeil","country":"France"},"contacts":{"email":"contact@ville-montfermeil.fr","telephone":"0141707070"},"horaires":"Le Lundi : de 08h30 à 12h00 de 13h45 à 17h15\nLe Mardi : de 08h30 à 12h00\nDu Mercredi au Jeudi : de 08h30 à 12h00 de 13h45 à 17h15\nLe Vendredi : de 08h30 à 12h00 de 13h45 à 16h45\nLe Samedi : de 08h30 à 11h45\n\nAccueil ouvert uniquement pour l'état civil et le service scolaire.","latitude":48.90224,"longitude":2.5710208,"website":"https://www.ville-montfermeil.fr/page-daccueil/","hasWebsite":true,"hasHoraires":true,"url":"https://lannuaire.service-public.gouv.fr/ile-de-france/seine-saint-denis/97150da9-29ed-4a7d-ba57-ed1112be44d4"}
{"nom":"Montreuil","nomNormalise":"montreuil","typeCollectivite":"Commune","region":"Île-de-France","departement":"Seine-Saint-Denis","departementCode":"93","adresse":{"street":"Hôtel de ville","postalCode":"93100","city":"Montreuil","country":"France"},"contacts":{"email":"","telephone":"0148706000"},"horaires":"Du Lundi au Vendredi : de 08h30 à 18h30\nLes démarches administratives sont à effectuer au centre administratif : 1 place Aimé-Césaire. Lundi au mercredi et vendredi : 8h30 à 17h30. Jeudi : 13h à 19h. Samedi : 8h30 à 12h.","latitude":48.862514,"longitude":2.442798,"website":"https://www.montreuil.fr/","hasWebsite":true,"hasHoraires":true,"url":"https://lannuaire.service-public.gouv.fr/ile-de-france/seine-saint-denis/922f8708-fb37-4b2b-acd0-db6c747c274c"}
{"nom":"Neuilly-Plaisance","nomNormalise":"neuillyplaisance","typeCollectivite":"Commune","region":"Île-de-France","departement":"Seine-Saint-Denis","departementCode":"93","adresse":{"street":"6 rue du Général-de-Gaulle","postalCode":"93360","city":"Neuilly-Plaisance","country":"France"},"contacts":{"email":"contact@mairie-neuillyplaisance.com","telephone":"0143009616"},"horaires":"Du Lundi au Mercredi : de 08h30 à 12h00 de 13h30 à 17h30\nLe Jeudi : de 08h30 à 12h00 de 14h30 à 17h30\nLe Vendredi : de 08h30 à 12h00 de 13h30 à 17h00\nLe Samedi : de 08h30 à 12h00","latitude":48.861122,"longitude":2.505997,"website":"https://www.mairie-neuillyplaisance.com/","hasWebsite":true,"hasHoraires":true,"url":"https://lannuaire.service-public.gouv.fr/ile-de-france/seine-saint-denis/8416a80a-f627-4202-a524-923d382ff4ed"}
{"nom":"Neuilly-sur-Marne","nomNormalise":"neuillysurmarne","typeCollectivite":"Commune","region":"Île-de-France","departement":"Seine-Saint-Denis","departementCode":"93","adresse":{"street":"1 place François-Mitterrand","postalCode":"93330","city":"Neuilly-sur-Marne","country":"France"},"contacts":{"email":"site.ville@neuillysurmarne.fr","telephone":"0143089696"},"horaires":"Du Lundi au Vendredi : de 08h30 à 12h30 de 13h30 à 18h00\nLe Samedi : de 09h00 à 12h00\n\nAccueil ouvert uniquement pour l'état civil.","latitude":48.85677,"longitude":2.529227,"website":"https://www.neuillysurmarne.fr/","hasWebsite":true,"hasHoraires":true,"url":"https://lannuaire.service-public.gouv.fr/ile-de-france/seine-saint-denis/a78de23f-931b-44dd-bfee-33cc7d1855e1"}
{"nom":"Noisy-le-Grand","nomNormalise":"noisylegrand","typeCollectivite":"Commune","region":"Île-de-France","departement":"Seine-Saint-Denis","departementCode":"93","adresse":{"street":"Place de la Libération","postalCode":"93160","city":"Noisy-le-Grand","country":"France"},"contacts":{"email":"service.accueil.noiseens@ville-noisylegrand.fr","telephone":"0145927575"},"horaires":"Du Lundi au Vendredi : de 08h30 à 12h15 de 13h30 à 17h45\nLe Samedi : de 08h30 à 11h45\n\nAccueil le samedi uniquement pour l'état civil et le service scolaire.","latitude":48.842915,"longitude":2.546028,"website":"https://www.noisylegrand.fr/","hasWebsite":true,"hasHoraires":true,"url":"https://lannuaire.service-public.gouv.fr/ile-de-france/seine-saint-denis/1a1ff084-df1d-41fb-ba88-3cdb31a6a0d8"}
{"nom":"Noisy-le-Sec","nomNormalise":"noisylesec","typeCollectivite":"Commune","region":"Île-de-France","departement":"Seine-Saint-Denis","departementCode":"93","adresse":{"street":"Place du Maréchal-Foch","postalCode":"93134","city":"Noisy-le-Sec","country":"France"},"contacts":{"email":"maire@noisylesec.fr","telephone":"0149426600"},"horaires":"Du Lundi au Vendredi : de 09h00 à 12h30 de 13h30 à 18h00\nLe Samedi : de 09h00 à 12h00","latitude":48.8899,"longitude":2.45181,"website":"http://www.noisylesec.fr/","hasWebsite":true,"hasHoraires":true,"url":"https://lannuaire.service-public.gouv.fr/ile-de-france/seine-saint-denis/6492d223-530f-4f79-9df9-155e3a564f40"}
{"nom":"Pantin","nomNormalise":"pantin","typeCollectivite":"Commune","region":"Île-de-France","departement":"Seine-Saint-Denis","departementCode":"93","adresse":{"street":"84-88 avenue du Général-Leclerc","postalCode":"93500","city":"Pantin","country":"France"},"contacts":{"email":"","telephone":"0149154000"},"horaires":"Du Lundi au Mercredi : de 08h30 à 12h30 de 13h30 à 17h30\nLe Jeudi : de 13h30 à 17h30\nLe Vendredi : de 08h30 à 12h30 de 13h30 à 17h30\nLe Samedi : de 09h00 à 12h30\n\nUniquement pôle État civil, Élections et Funéraire et service inscriptions scolaires, périscolaires et Facturation.\nLes guichets n'accueillent plus de public une demi-heure avant la fermeture afin de traiter les dernières demandes.","latitude":48.8969,"longitude":2.40348,"website":"https://www.pantin.fr/","hasWebsite":true,"hasHoraires":true,"url":"https://lannuaire.service-public.gouv.fr/ile-de-france/seine-saint-denis/2a662b1e-9b3c-4f5e-be36-f11e99da3244"}
{"nom":"Mairie déléguée - Pierrefitte-sur-Seine","nomNormalise":"mairiedelegueepierrefittesurseine","typeCollectivite":"Commune","region":"Île-de-France","departement":"Seine-Saint-Denis","departementCode":"93","adresse":{"street":"Pierrefitte-sur-Seine","postalCode":"93200","city":"Saint-Denis","country":"France"},"contacts":{"email":"","telephone":"0172093380"},"horaires":"Du Lundi au Mercredi : de 08h30 à 11h45 de 13h30 à 17h15\nLe Jeudi : de 13h30 à 17h15\nLe Vendredi : de 08h30 à 11h45 de 13h30 à 17h15\nLe Samedi : de 08h30 à 11h45\n\nAccueil ouvert uniquement pour l'état civil et le guichet unique.","latitude":48.963825,"longitude":2.3601992,"website":"http://www.mairie-pierrefitte93.fr/","hasWebsite":true,"hasHoraires":true,"url":"https://lannuaire.service-public.gouv.fr/ile-de-france/seine-saint-denis/f2532de6-6c81-495c-b67c-d629248c0a97"}
{"nom":"Romainville","nomNormalise":"romainville","typeCollectivite":"Commune","region":"Île-de-France","departement":"Seine-Saint-Denis","departementCode":"93","adresse":{"street":"Place de la Laïcité","postalCode":"93230","city":"Romainville","country":"France"},"contacts":{"email":"","telephone":"0149155500"},"horaires":"Du Lundi au Vendredi : de 08h30 à 12h00 de 13h30 à 17h00\nLe Samedi : de 09h00 à 12h00","latitude":48.886112,"longitude":2.435048,"website":"http://www.ville-romainville.fr/","hasWebsite":true,"hasHoraires":true,"url":"https://lannuaire.service-public.gouv.fr/ile-de-france/seine-saint-denis/52fe4e2b-fc2a-40d8-8f53-094135cd35b9"}
{"nom":"Rosny-sous-Bois","nomNormalise":"rosnysousbois","typeCollectivite":"Commune","region":"Île-de-France","departement":"Seine-Saint-Denis","departementCode":"93","adresse":{"street":"20 rue Claude-Pernès","postalCode":"93111","city":"Rosny-sous-Bois Cedex","country":"France"},"contacts":{"email":"contact@rosnysousbois.fr","telephone":"0149353700"},"horaires":"Du Lundi au Vendredi : de 08h30 à 12h30 de 13h30 à 17h30\nLe Samedi : de 08h30 à 12h00","latitude":48.872208,"longitude":2.488287,"website":"https://www.rosnysousbois.fr/","hasWebsite":true,"hasHoraires":true,"url":"https://lannuaire.service-public.gouv.fr/ile-de-france/seine-saint-denis/983bfc92-d1b8-44a5-b05a-72861f7de492"}
{"nom":"Saint-Denis","nomNormalise":"saintdenis","typeCollectivite":"Commune","region":"Île-de-France","departement":"Seine-Saint-Denis","departementCode":"93","adresse":{"street":"2 place du Caquet","postalCode":"93200","city":"Saint-Denis","country":"France"},"contacts":{"email":"mairie.saint.denis@saintdenis.fr","telephone":"0149336666"},"horaires":"Du Lundi au Mercredi : de 08h30 à 17h00\nLe Jeudi : de 08h30 à 12h30\nLe Vendredi : de 08h30 à 17h00\nLe Samedi : de 08h30 à 12h00","latitude":48.93697,"longitude":2.359756,"website":"https://ville-saint-denis.fr/","hasWebsite":true,"hasHoraires":true,"url":"https://lannuaire.service-public.gouv.fr/ile-de-france/seine-saint-denis/73ad7558-2bf1-417e-8d98-9f064514edd2"}
{"nom":"Saint-Ouen-sur-Seine","nomNormalise":"saintouensurseine","typeCollectivite":"Commune","region":"Île-de-France","departement":"Seine-Saint-Denis","departementCode":"93","adresse":{"street":"7 place de la République","postalCode":"93406","city":"Saint-Ouen Cedex","country":"France"},"contacts":{"email":"unite-courrier@mairie-saint-ouen.fr","telephone":"0149456789"},"horaires":"Du Lundi au Vendredi : de 08h30 à 12h30 de 13h30 à 18h00\nLe Samedi : de 08h30 à 12h00","latitude":48.91253,"longitude":2.333008,"website":"https://www.saint-ouen.fr/","hasWebsite":true,"hasHoraires":true,"url":"https://lannuaire.service-public.gouv.fr/ile-de-france/seine-saint-denis/2f395573-a0b7-44c7-a5ea-42e8cc3fab99"}
{"nom":"Sevran","nomNormalise":"sevran","typeCollectivite":"Commune","region":"Île-de-France","departement":"Seine-Saint-Denis","departementCode":"93","adresse":{"street":"28 avenue du Général-Leclerc","postalCode":"93270","city":"Sevran","country":"France"},"contacts":{"email":"","telephone":"0149365200"},"horaires":"Du Mardi au Jeudi : de 08h30 à 12h00 de 13h00 à 17h30\nLe Vendredi : de 08h30 à 12h00 de 13h00 à 18h00\nLe Samedi : de 08h30 à 12h00","latitude":48.93997,"longitude":2.52668,"website":"https://www.ville-sevran.fr/","hasWebsite":true,"hasHoraires":true,"url":"https://lannuaire.service-public.gouv.fr/ile-de-france/seine-saint-denis/8a832842-5f13-47a8-9877-7b5aa10cfd0a"}
{"nom":"Stains","nomNormalise":"stains","typeCollectivite":"Commune","region":"Île-de-France","departement":"Seine-Saint-Denis","departementCode":"93","adresse":{"street":"6 avenue Paul-Vaillant-Couturier","postalCode":"93240","city":"Stains","country":"France"},"contacts":{"email":"contact@stains.fr","telephone":"0149718227"},"horaires":"Le Lundi : de 08h45 à 12h15 de 13h30 à 17h15\nLe Mardi : de 13h30 à 17h15\nDu Mercredi au Vendredi : de 08h45 à 12h15 de 13h30 à 17h15\nLe Samedi : de 08h45 à 11h45\n\nAccueil ouvert uniquement pour l'état civil.","latitude":48.95478,"longitude":2.38271,"website":"https://stains.fr/","hasWebsite":true,"hasHoraires":true,"url":"https://lannuaire.service-public.gouv.fr/ile-de-france/seine-saint-denis/cc345e8e-4162-4e4a-920d-516f1312858b"}
{"nom":"Tremblay-en-France","nomNormalise":"tremblayenfrance","typeCollectivite":"Commune","region":"Île-de-France","departement":"Seine-Saint-Denis","departementCode":"93","adresse":{"street":"18 boulevard de l'Hôtel-de-Ville","postalCode":"93290","city":"Tremblay-en-France","country":"France"},"contacts":{"email":"","telephone":"0149637135"},"horaires":"Du Lundi au Vendredi : de 08h30 à 12h00 de 13h00 à 17h00\nLe Samedi : de 08h30 à 12h00","latitude":48.951694,"longitude":2.570835,"website":"https://www.tremblay-en-france.fr/","hasWebsite":true,"hasHoraires":true,"url":"https://lannuaire.service-public.gouv.fr/ile-de-france/seine-saint-denis/47fcac5d-5895-4fbf-b5e0-f3b258405544"}
{"nom":"Vaujours","nomNormalise":"vaujours","typeCollectivite":"Commune","region":"Île-de-France","departement":"Seine-Saint-Denis","departementCode":"93","adresse":{"street":"20 rue Alexandre-Boucher","postalCode":"93410","city":"Vaujours","country":"France"},"contacts":{"email":"contact@ville-vaujours.fr","telephone":"0148619675"},"horaires":"Du Lundi au Vendredi : de 08h30 à 12h00 de 13h30 à 17h30","latitude":48.93233,"longitude":2.5674405,"website":"http://www.vaujours.fr/","hasWebsite":true,"hasHoraires":true,"url":"https://lannuaire.service-public.gouv.fr/ile-de-france/seine-saint-denis/1e569494-dfe5-4e5c-85e8-c97aa39000b3"}
{"nom":"Villemomble","nomNormalise":"villemomble","typeCollectivite":"Commune","region":"Île-de-France","departement":"Seine-Saint-Denis","departementCode":"93","adresse":{"street":"13 bis rue d'Avron","postalCode":"93250","city":"Villemomble","country":"France"},"contacts":{"email":"cabinet@mairie-villemomble.fr","telephone":"0149352525"},"horaires":"Du Lundi au Mardi : de 08h30 à 17h00\nLe Mercredi : de 08h30 à 20h00\nLe Jeudi : de 13h30 à 17h00\nLe Vendredi : de 08h30 à 17h00\n\nAccueil ouvert de 8h30 à 12h et de 13h30 à 17h les lundi, mardi, mercredi et vendredi pendant les vacances scolaires.","latitude":48.8826,"longitude":2.50717,"website":"https://www.villemomble.fr/","hasWebsite":true,"hasHoraires":true,"url":"https://lannuaire.service-public.gouv.fr/ile-de-france/seine-saint-denis/079084a1-fc40-4c65-916a-cfa1c9d09558"}
{"nom":"Villepinte","nomNormalise":"villepinte","typeCollectivite":"Commune","region":"Île-de-France","departement":"Seine-Saint-Denis","departementCode":"93","adresse":{"street":"Place de l'Hôtel-de-Ville","postalCode":"93420","city":"Villepinte","country":"France"},"contacts":{"email":"mairie@ville-villepinte.fr","telephone":"0141525300"},"horaires":"Du Lundi au Vendredi : de 08h30 à 12h15 de 13h30 à 17h30","latitude":48.919308,"longitude":2.536677,"website":"http://www.ville-villepinte.fr/","hasWebsite":true,"hasHoraires":true,"url":"https://lannuaire.service-public.gouv.fr/ile-de-france/seine-saint-denis/e14fe744-b870-4562-b12a-15470106cad3"}
{"nom":"Villetaneuse","nomNormalise":"villetaneuse","typeCollectivite":"Commune","region":"Île-de-France","departement":"Seine-Saint-Denis","departementCode":"93","adresse":{"street":"1 place de l'Hôtel-de-Ville","postalCode":"93430","city":"Villetaneuse","country":"France"},"contacts":{"email":"communication@mairie-villetaneuse.fr","telephone":"0185573900"},"horaires":"Du Lundi au Mercredi : de 08h30 à 12h00 de 13h30 à 17h00\nLe Jeudi : de 13h30 à 17h00\nLe Vendredi : de 08h30 à 12h00 de 13h30 à 17h00\nLe Samedi : de 09h00 à 12h00\n\nContacter l'accueil pour obtenir les horaires d'ouverture des différents services.","latitude":48.961178,"longitude":2.343861,"website":"http://www.mairie-villetaneuse.fr/","hasWebsite":true,"hasHoraires":true,"url":"https://lannuaire.service-public.gouv.fr/ile-de-france/seine-saint-denis/1211d23e-dbbb-4ef3-b8cb-06b9c71c88c2"}
