{"nom":"Ablon-sur-Seine","nomNormalise":"ablonsurseine","typeCollectivite":"Commune","region":"Île-de-France","departement":"Val-de-Marne","departementCode":"94","adresse":{"street":"16 rue du Maréchal-Foch","postalCode":"94480","city":"Ablon-sur-Seine","country":"France"},"contacts":{"email":"","telephone":"0149613333"},"horaires":"Du Lundi au Mercredi : de 09h00 à 12h30 de 14h00 à 17h30\nLe Jeudi : de 14h00 à 19h00\nLe Vendredi : de 09h00 à 12h30 de 14h00 à 17h30\nA compter du 1er février 2022 la Mairie n'est plus ouverte le samedi sur le créneau de la matinée mais remplacée par la nocturne du jeudi soir.","latitude":48.724895,"longitude":2.421987,"website":"http://www.ablon-sur-seine.fr/","hasWebsite":true,"hasHoraires":true,"url":"https://lannuaire.service-public.gouv.fr/ile-de-france/val-de-marne/beb21c87-ed67-41f3-8712-e36621bebe4a"}
{"nom":"Alfortville","nomNormalise":"alfortville","typeCollectivite":"Commune","region":"Île-de-France","departement":"Val-de-Marne","departementCode":"94","adresse":{"street":"Place François-Mitterrand","postalCode":"94142","city":"Alfortville Cedex","country":"France"},"contacts":{"email":"courrier@mairie-alfortville.fr","telephone":"0158732900"},"horaires":"Le Lundi : de 08h45 à 12h00 de 13h30 à 17h30\nLe Mardi : de 08h45 à 12h00\nDu Mercredi au Vendredi : de 08h45 à 12h00 de 13h30 à 17h30\nEspace Famille et Citoyenneté les jeudis de 17h30 à 19h30 et les samedis de 9h30 à 12h","latitude":48.805405,"longitude":2.4195178,"website":"https://www.alfortville.fr/","hasWebsite":true,"hasHoraires":true,"url":"https://lannuaire.service-public.gouv.fr/ile-de-france/val-de-marne/58b12f16-8cc8-4a84-aa59-1c6521f82d24"}
{"nom":"Mairie annexe - Villiers-sur-Marne","nomNormalise":"mairieannexevillierssurmarne","typeCollectivite":"Commune","region":"Île-de-France","departement":"Val-de-Marne","departementCode":"94","adresse":{"street":"5","postalCode":"94350","city":"94350","country":"Villiers-sur-Marne"},"contacts":{"email":"ile@mairie-villiers94.com","telephone":"0149413838"},"horaires":"Du Lundi au Jeudi : de 08h30 à 12h00 de 13h30 à 17h30\nLe Vendredi : de 13h00 à 17h00","latitude":48.82588,"longitude":2.539566,"website":"https://www.villiers94.fr/","hasWebsite":true,"hasHoraires":true,"url":"https://lannuaire.service-public.gouv.fr/ile-de-france/val-de-marne/66b5d2c8-dacf-4d76-b310-5777a1eb2f67"}
{"nom":"Arcueil","nomNormalise":"arcueil","typeCollectivite":"Commune","region":"Île-de-France","departement":"Val-de-Marne","departementCode":"94","adresse":{"street":"42 rue Cauchy","postalCode":"94110","city":"Arcueil","country":"France"},"contacts":{"email":"mairie@mairie-arcueil.fr","telephone":"0146150880"},"horaires":"Du Lundi au Mercredi : de 09h00 à 12h00 de 13h30 à 17h30\nLe Jeudi : de 13h30 à 19h00\nLe Vendredi : de 09h00 à 12h00 de 13h30 à 17h30\nVeille des jours fériés : la mairie ferme une heure plus tôt","latitude":48.80425,"longitude":2.334479,"website":"https://www.arcueil.fr/","hasWebsite":true,"hasHoraires":true,"url":"https://lannuaire.service-public.gouv.fr/ile-de-france/val-de-marne/c177c786-4474-436a-9aa7-1492d5c7627e"}
{"nom":"Boissy-Saint-Léger","nomNormalise":"boissysaintleger","typeCollectivite":"Commune","region":"Île-de-France","departement":"Val-de-Marne","departementCode":"94","adresse":{"street":"7 boulevard Léon-Révillon","postalCode":"94470","city":"Boissy-Saint-Léger","country":"France"},"contacts":{"email":"info@ville-boissy.fr","telephone":"0145106161"},"horaires":"Du Lundi au Mercredi : de 08h30 à 12h00 de 13h30 à 17h30\nLe Jeudi : de 13h30 à 17h30\nLe Vendredi : de 08h30 à 12h00 de 13h30 à 17h30\nL'état civil et le service scolaire sont ouverts le samedi matin de 8h30 à 12h.","latitude":48.7478,"longitude":2.51286,"website":"http://www.ville-boissy.fr/","hasWebsite":true,"hasHoraires":true,"url":"https://lannuaire.service-public.gouv.fr/ile-de-france/val-de-marne/e9865b7f-ec64-4f72-8a8b-8dc327fefe9b"}
{"nom":"Bonneuil-sur-Marne","nomNormalise":"bonneuilsurmarne","typeCollectivite":"Commune","region":"Île-de-France","departement":"Val-de-Marne","departementCode":"94","adresse":{"street":"7 rue d'Estienne-d'Orves","postalCode":"94380","city":"Bonneuil-sur-Marne Cedex","country":"France"},"contacts":{"email":"contact@bonneuil94.fr","telephone":"0145138800"},"horaires":"Le Lundi : de 08h30 à 12h00 de 13h30 à 17h00\nLe Mardi : de 08h30 à 12h00 de 13h30 à 18h30\nLe Mercredi : de 08h30 à 12h00 de 13h30 à 17h00\nLe Jeudi : de 08h30 à 12h30\nLe Vendredi : de 08h30 à 12h00 de 13h30 à 16h30\nLe Samedi : de 08h30 à 12h00","latitude":48.77438,"longitude":2.487391,"website":"http://www.ville-bonneuil.fr/","hasWebsite":true,"hasHoraires":true,"url":"https://lannuaire.service-public.gouv.fr/ile-de-france/val-de-marne/01befebc-084e-4b13-ba83-fa49ee6e8ee8"}
{"nom":"Bry-sur-Marne","nomNormalise":"brysurmarne","typeCollectivite":"Commune","region":"Île-de-France","departement":"Val-de-Marne","departementCode":"94","adresse":{"street":"1 Grande-Rue Charles-de-Gaulle","postalCode":"94360","city":"Bry-sur-Marne","country":"France"},"contacts":{"email":"mairie@bry94.fr","telephone":"0145166800"},"horaires":"Du Lundi au Mercredi : de 08h30 à 12h00 de 13h30 à 17h30\nLe Jeudi : de 08h30 à 12h00\nLe Vendredi : de 08h30 à 12h00 de 13h30 à 17h30\nLe Samedi : de 09h00 à 12h00\n\nFermeture des services état civil le jeudi après-midi et CCAS le vendredi après midi.","latitude":48.835434,"longitude":2.520095,"website":"https://www.brysurmarne.fr/","hasWebsite":true,"hasHoraires":true,"url":"https://lannuaire.service-public.gouv.fr/ile-de-france/val-de-marne/9d0cfea8-f4c3-4a5f-b342-786e50640bcd"}
{"nom":"Cachan","nomNormalise":"cachan","typeCollectivite":"Commune","region":"Île-de-France","departement":"Val-de-Marne","departementCode":"94","adresse":{"street":"Square de la Libération","postalCode":"94230","city":"Cachan","country":"France"},"contacts":{"email":"","telephone":"0149696969"},"horaires":"Du Lundi au Mercredi : de 08h15 à 12h00 de 13h30 à 17h15\nLe Jeudi : de 13h30 à 19h00\nLe Vendredi : de 08h15 à 12h00 de 13h30 à 17h15\nLe Samedi : de 08h45 à 12h30","latitude":48.79462,"longitude":2.3339424,"website":"http://www.ville-cachan.fr/","hasWebsite":true,"hasHoraires":true,"url":"https://lannuaire.service-public.gouv.fr/ile-de-france/val-de-marne/8d9b66e3-aa90-4d20-b92d-6bc687efd8aa"}
{"nom":"Champigny-sur-Marne","nomNormalise":"champignysurmarne","typeCollectivite":"Commune","region":"Île-de-France","departement":"Val-de-Marne","departementCode":"94","adresse":{"street":"14 rue Louis-Talamoni","postalCode":"94500","city":"Champigny-sur-Marne","country":"France"},"contacts":{"email":"","telephone":"0145164000"},"horaires":"Du Lundi au Jeudi : de 08h30 à 12h00 de 13h30 à 18h00\nLe Vendredi : de 08h30 à 12h00 de 13h30 à 17h00\nLe Samedi : de 08h30 à 12h00","latitude":48.813454,"longitude":2.510912,"website":"https://www.champignysurmarne.fr/","hasWebsite":true,"hasHoraires":true,"url":"https://lannuaire.service-public.gouv.fr/ile-de-france/val-de-marne/2dc9de25-6aa9-4896-b503-0e3d19817390"}
{"nom":"Charenton-le-Pont","nomNormalise":"charentonlepont","typeCollectivite":"Commune","region":"Île-de-France","departement":"Val-de-Marne","departementCode":"94","adresse":{"street":"48 rue de Paris","postalCode":"94220","city":"Charenton-le-Pont","country":"France"},"contacts":{"email":"communication@charenton.fr","telephone":"0146764676"},"horaires":"Du Lundi au Vendredi : de 08h30 à 17h15","latitude":48.8196,"longitude":2.415819,"website":"http://www.charentonlepont.fr/","hasWebsite":true,"hasHoraires":true,"url":"https://lannuaire.service-public.gouv.fr/ile-de-france/val-de-marne/bf44ec72-48c5-4cd5-8d8a-2ebc7d56e6a2"}
{"nom":"Chennevières-sur-Marne","nomNormalise":"chennevieressurmarne","typeCollectivite":"Commune","region":"Île-de-France","departement":"Val-de-Marne","departementCode":"94","adresse":{"street":"14 avenue du Maréchal-Leclerc","postalCode":"94430","city":"Chennevières-sur-Marne","country":"France"},"contacts":{"email":"","telephone":"0145947474"},"horaires":"Du Lundi au Vendredi : de 09h00 à 12h00 de 14h00 à 17h00\nLe Samedi : de 09h00 à 12h00\n\nAccueil limité à certains services.","latitude":48.796284,"longitude":2.532398,"website":"https://www.chennevieres.com/","hasWebsite":true,"hasHoraires":true,"url":"https://lannuaire.service-public.gouv.fr/ile-de-france/val-de-marne/bf3ff90c-550e-4d99-a8af-81ef81e3b424"}
{"nom":"Chevilly-Larue","nomNormalise":"chevillylarue","typeCollectivite":"Commune","region":"Île-de-France","departement":"Val-de-Marne","departementCode":"94","adresse":{"street":"88 avenue du Général-de-Gaulle","postalCode":"94669","city":"Chevilly-Larue Cedex","country":"France"},"contacts":{"email":"","telephone":"0145601800"},"horaires":"Le Lundi : de 08h45 à 12h00 de 13h30 à 17h30\nLe Mardi : de 13h30 à 18h30\nDu Mercredi au Jeudi : de 08h45 à 12h00 de 13h30 à 17h30\nLe Vendredi : de 08h45 à 12h00 de 13h30 à 17h00\nLe Samedi : de 08h45 à 12h00\n\nAccueil ouvert le samedi uniquement pour état civil, élections, action sociale et enfance.","latitude":48.771427,"longitude":2.347826,"website":"https://www.ville-chevilly-larue.fr/","hasWebsite":true,"hasHoraires":true,"url":"https://lannuaire.service-public.gouv.fr/ile-de-france/val-de-marne/1e673c75-155c-4085-a4d6-682378638a7d"}
{"nom":"Choisy-le-Roi","nomNormalise":"choisyleroi","typeCollectivite":"Commune","region":"Île-de-France","departement":"Val-de-Marne","departementCode":"94","adresse":{"street":"Place Gabriel-Péri","postalCode":"94600","city":"Choisy-le-Roi","country":"France"},"contacts":{"email":"courrier@choisyleroi.fr","telephone":"0148924444"},"horaires":"Du Lundi au Jeudi : de 08h30 à 11h45 de 13h30 à 17h30\nLe Vendredi : de 08h30 à 11h45\nLe Samedi : de 09h00 à 11h45\n\nServices population et accueil sur rendez-vous.","latitude":48.76334,"longitude":2.409256,"website":"https://www.choisyleroi.fr/","hasWebsite":true,"hasHoraires":true,"url":"https://lannuaire.service-public.gouv.fr/ile-de-france/val-de-marne/a7cb763f-e6a9-4ddd-9f5a-2809b282e2e0"}
{"nom":"Créteil","nomNormalise":"creteil","typeCollectivite":"Commune","region":"Île-de-France","departement":"Val-de-Marne","departementCode":"94","adresse":{"street":"1 place Salvador-Allende","postalCode":"94000","city":"Créteil","country":"France"},"contacts":{"email":"","telephone":"0149809294"},"horaires":"Le Lundi : de 09h00 à 17h00\n\nUniquement sur rendez-vous l'après-midi.\nLe Mardi : de 09h00 à 12h30\nDu Mercredi au Vendredi : de 09h00 à 17h00\nLe Samedi : de 09h30 à 11h30\n\nAccueil les après-midi sur rendez-vous uniquement sauf le mardi, la samedi accueil ouvert pour les déclarations de naissances, décès ainsi que le retrait des cartes d'identité et passeport sur rendez-vous uniquement.","latitude":48.77779,"longitude":2.453163,"website":"https://www.ville-creteil.fr/","hasWebsite":true,"hasHoraires":true,"url":"https://lannuaire.service-public.gouv.fr/ile-de-france/val-de-marne/e341dadb-926e-4e80-9868-b67c665aefda"}
{"nom":"Fontenay-sous-Bois","nomNormalise":"fontenaysousbois","typeCollectivite":"Commune","region":"Île-de-France","departement":"Val-de-Marne","departementCode":"94","adresse":{"street":"4 esplanade Louis-Bayeurte","postalCode":"94125","city":"Fontenay-sous-Bois","country":"France"},"contacts":{"email":"webmestre@fontenay-sous-bois.fr","telephone":"0149747474"},"horaires":"Le Lundi : de 08h30 à 12h00 de 13h30 à 17h00\nLe Mardi : de 08h30 à 12h00\nDu Jeudi au Vendredi : de 08h30 à 12h00 de 13h30 à 17h00\nLe Samedi : de 08h30 à 12h00","latitude":48.85121,"longitude":2.474345,"website":"https://www.fontenay.fr/","hasWebsite":true,"hasHoraires":true,"url":"https://lannuaire.service-public.gouv.fr/ile-de-france/val-de-marne/5a8361d8-a990-4e49-913b-83f478d4afaa"}
{"nom":"Fresnes","nomNormalise":"fresnes","typeCollectivite":"Commune","region":"Île-de-France","departement":"Val-de-Marne","departementCode":"94","adresse":{"street":"1 place Pierre et Marie Curie","postalCode":"94260","city":"Fresnes","country":"France"},"contacts":{"email":"","telephone":"0149845656"},"horaires":"Le Lundi : de 08h30 à 12h00 de 13h30 à 17h30\nLe Mardi : de 13h30 à 19h30\nDu Mercredi au Vendredi : de 08h30 à 12h00 de 13h30 à 17h30\nLe Samedi : de 09h00 à 12h00\n\nAccueil ouvert le 1er samedi du mois uniquement.","latitude":48.755093,"longitude":2.322157,"website":"https://www.fresnes94.fr/","hasWebsite":true,"hasHoraires":true,"url":"https://lannuaire.service-public.gouv.fr/ile-de-france/val-de-marne/1f7ef502-3bdd-4fc4-886b-aafee42cbce4"}
{"nom":"Gentilly","nomNormalise":"gentilly","typeCollectivite":"Commune","region":"Île-de-France","departement":"Val-de-Marne","departementCode":"94","adresse":{"street":"14 place Henri-Barbusse","postalCode":"94250","city":"Gentilly","country":"France"},"contacts":{"email":"contact@ville-gentilly.fr","telephone":"0147405858"},"horaires":"Du Lundi au Vendredi : de 08h30 à 12h00 de 13h30 à 17h30","latitude":48.81547,"longitude":2.3473077,"website":"https://www.ville-gentilly.fr/","hasWebsite":true,"hasHoraires":true,"url":"https://lannuaire.service-public.gouv.fr/ile-de-france/val-de-marne/f96392d5-8619-4542-8674-7ecebf1f8b08"}
{"nom":"Ivry-sur-Seine","nomNormalise":"ivrysurseine","typeCollectivite":"Commune","region":"Île-de-France","departement":"Val-de-Marne","departementCode":"94","adresse":{"street":"Esplanade Georges-Marrane","postalCode":"94205","city":"Ivry-sur-Seine Cedex","country":"France"},"contacts":{"email":"courrier@ivry94.fr","telephone":"0149602508"},"horaires":"Du Lundi au Jeudi : de 08h30 à 12h00 de 13h30 à 17h30\nLe Vendredi : de 08h30 à 12h00 de 13h30 à 17h00\nLe Samedi : de 09h00 à 12h00\n\nUniquement pour l'état civil et les démarches citoyennes.\nPour le service état civil de 8h 30 à 11h 45 et de 13h 30 à 17h 15 - Pour le service habitat uniquement sur rendez-vous.","latitude":48.812263,"longitude":2.387707,"website":"https://www.ivry94.fr/","hasWebsite":true,"hasHoraires":true,"url":"https://lannuaire.service-public.gouv.fr/ile-de-france/val-de-marne/8a2e9935-0178-4b67-8fc7-9e5d3ae84f53"}
{"nom":"Joinville-le-Pont","nomNormalise":"joinvillelepont","typeCollectivite":"Commune","region":"Île-de-France","departement":"Val-de-Marne","departementCode":"94","adresse":{"street":"23 rue de Paris","postalCode":"94340","city":"Joinville-le-Pont","country":"France"},"contacts":{"email":"","telephone":"0149766000"},"horaires":"Du Lundi au Mercredi : de 08h30 à 12h00 de 13h30 à 17h30\nLe Jeudi : de 08h30 à 12h00\nLe Vendredi : de 08h30 à 12h00 de 13h30 à 17h00\nLe Samedi : de 09h00 à 12h00\n\nAccueil fermé pendant les vacances scolaires.","latitude":48.818188,"longitude":2.466932,"website":"https://www.joinville-le-pont.fr/","hasWebsite":true,"hasHoraires":true,"url":"https://lannuaire.service-public.gouv.fr/ile-de-france/val-de-marne/23967756-8046-40e3-927a-9f5a1d5e85bf"}
{"nom":"L'Haÿ-les-Roses","nomNormalise":"lhaylesroses","typeCollectivite":"Commune","region":"Île-de-France","departement":"Val-de-Marne","departementCode":"94","adresse":{"street":"41 rue Jean-Jaurès","postalCode":"94240","city":"L'Haÿ-les-Roses","country":"France"},"contacts":{"email":"","telephone":"0146153333"},"horaires":"Du Lundi au Mercredi : de 08h30 à 12h30 de 13h30 à 18h00\nLe Jeudi : de 08h30 à 12h30\nLe Vendredi : de 08h30 à 12h30 de 13h30 à 18h00\nLe Samedi : de 09h00 à 12h00","latitude":48.778942,"longitude":2.3380744,"website":"https://www.lhaylesroses.fr/","hasWebsite":true,"hasHoraires":true,"url":"https://lannuaire.service-public.gouv.fr/ile-de-france/val-de-marne/58aaffa3-1baf-4a75-b8f0-36936113dbf6"}
{"nom":"La Queue-en-Brie","nomNormalise":"laqueueenbrie","typeCollectivite":"Commune","region":"Île-de-France","departement":"Val-de-Marne","departementCode":"94","adresse":{"street":"Place du 18-Juin-1940","postalCode":"94510","city":"La Queue-en-Brie","country":"France"},"contacts":{"email":"communication@laqueueenbrie.fr","telephone":"0149623000"},"horaires":"Le Lundi : de 13h30 à 18h00\nDu Mardi au Mercredi : de 08h30 à 12h00 de 13h30 à 18h00\nLe Jeudi : de 08h30 à 12h00 de 13h30 à 19h00\nLe Vendredi : de 08h30 à 12h00 de 13h30 à 17h00\nLe Samedi : de 09h00 à 12h00","latitude":48.79063,"longitude":2.574801,"website":"https://www.laqueueenbrie.fr/","hasWebsite":true,"hasHoraires":true,"url":"https://lannuaire.service-public.gouv.fr/ile-de-france/val-de-marne/65bf062f-ef55-4455-94d4-913429d4001b"}
{"nom":"Le Kremlin-Bicêtre","nomNormalise":"lekremlinbicetre","typeCollectivite":"Commune","region":"Île-de-France","departement":"Val-de-Marne","departementCode":"94","adresse":{"street":"Place Jean-Jaurès","postalCode":"94276","city":"Le Kremlin-Bicêtre Cedex","country":"France"},"contacts":{"email":"contact@ville-kremlin-bicetre.fr","telephone":"0145155555"},"horaires":"Le Lundi : de 08h30 à 12h30 de 14h00 à 18h00\nLe Mardi : de 08h30 à 12h30\nDu Mercredi au Vendredi : de 08h30 à 12h30 de 14h00 à 18h00\nLe Samedi : de 08h30 à 12h00\n\nLe Samedi : de 08h30 à 12h00 (état-civil seulement pour les déclarations de naissance et décès). Accueil fermé les 3 premiers samedi d'août.","latitude":48.812656,"longitude":2.35664,"website":"https://www.kremlinbicetre.fr/","hasWebsite":true,"hasHoraires":true,"url":"https://lannuaire.service-public.gouv.fr/ile-de-france/val-de-marne/fd400a01-6af8-42e7-b8b2-27aec37a483e"}
{"nom":"Le Perreux-sur-Marne","nomNormalise":"leperreuxsurmarne","typeCollectivite":"Commune","region":"Île-de-France","departement":"Val-de-Marne","departementCode":"94","adresse":{"street":"Place de la Libération","postalCode":"94170","city":"Le Perreux-sur-Marne","country":"France"},"contacts":{"email":"contact@leperreux94.fr","telephone":"0148715353"},"horaires":"Du Lundi au Vendredi : de 08h30 à 12h00 de 13h30 à 17h30\nLe Samedi : de 09h00 à 12h30","latitude":48.840977,"longitude":2.506515,"website":"https://www.leperreux94.fr/","hasWebsite":true,"hasHoraires":true,"url":"https://lannuaire.service-public.gouv.fr/ile-de-france/val-de-marne/1dab69c4-6208-4a2a-840d-f0e0b2c6c8cb"}
{"nom":"Le Plessis-Trévise","nomNormalise":"leplessistrevise","typeCollectivite":"Commune","region":"Île-de-France","departement":"Val-de-Marne","departementCode":"94","adresse":{"street":"36 avenue Ardouin","postalCode":"94420","city":"Le Plessis-Trévise","country":"France"},"contacts":{"email":"","telephone":"0183904545"},"horaires":"Du Lundi au Vendredi : de 08h30 à 12h00 de 13h30 à 17h30\nLe Samedi : de 08h30 à 12h00","latitude":48.809284,"longitude":2.573442,"website":"https://www.leplessistrevise.fr/","hasWebsite":true,"hasHoraires":true,"url":"https://lannuaire.service-public.gouv.fr/ile-de-france/val-de-marne/37894af9-86eb-449c-9796-6426eb9876d4"}
{"nom":"Limeil-Brévannes","nomNormalise":"limeilbrevannes","typeCollectivite":"Commune","region":"Île-de-France","departement":"Val-de-Marne","departementCode":"94","adresse":{"street":"Hôtel de Ville","postalCode":"94450","city":"Limeil-Brévannes Cedex","country":"France"},"contacts":{"email":"communication@limeil.fr","telephone":"0145107600"},"horaires":"Du Lundi au Jeudi : de 08h30 à 12h00 de 13h30 à 17h30\nLe Vendredi : de 08h30 à 12h00 de 13h30 à 17h00\nLe Samedi : de 08h30 à 12h00","latitude":48.74938,"longitude":2.480948,"website":"http://www.limeil-brevannes.fr/","hasWebsite":true,"hasHoraires":true,"url":"https://lannuaire.service-public.gouv.fr/ile-de-france/val-de-marne/69ecb49e-fcd9-440f-9438-cbfb208e4257"}
{"nom":"Maisons-Alfort","nomNormalise":"maisonsalfort","typeCollectivite":"Commune","region":"Île-de-France","departement":"Val-de-Marne","departementCode":"94","adresse":{"street":"118 avenue du Général-de-Gaulle","postalCode":"94700","city":"Maisons-Alfort","country":"France"},"contacts":{"email":"ville@maisons-alfort.fr","telephone":"0143967700"},"horaires":"Du Lundi au Vendredi : de 08h30 à 12h00 de 13h30 à 18h00\nLe Samedi : de 08h30 à 12h00\n\nAccueil ouvert sur rendez-vous de préférence.","latitude":48.80129,"longitude":2.431096,"website":"https://maisons-alfort.fr/","hasWebsite":true,"hasHoraires":true,"url":"https://lannuaire.service-public.gouv.fr/ile-de-france/val-de-marne/96ca4e13-4197-4df9-a5af-70d36c537d5b"}
{"nom":"Mandres-les-Roses","nomNormalise":"mandreslesroses","typeCollectivite":"Commune","region":"Île-de-France","departement":"Val-de-Marne","departementCode":"94","adresse":{"street":"4 rue du Général-Leclerc","postalCode":"94520","city":"Mandres-les-Roses","country":"France"},"contacts":{"email":"service.population@mandreslesroses.fr","telephone":"0145988834"},"horaires":"Du Lundi au Mardi : de 08h45 à 12h00 de 14h00 à 17h30\nLe Mercredi : de 08h45 à 12h00\nDu Jeudi au Vendredi : de 08h45 à 12h00 de 14h00 à 17h30\nLe Samedi : de 08h45 à 12h00","latitude":48.7015,"longitude":2.54274,"website":"https://www.mandreslesroses.fr/","hasWebsite":true,"hasHoraires":true,"url":"https://lannuaire.service-public.gouv.fr/ile-de-france/val-de-marne/f795f52b-4eaf-4c77-aa90-5a6e6b3ae4e4"}
{"nom":"Marolles-en-Brie","nomNormalise":"marollesenbrie","typeCollectivite":"Commune","region":"Île-de-France","departement":"Val-de-Marne","departementCode":"94","adresse":{"street":"Place Charles-de-Gaulle","postalCode":"94440","city":"Marolles-en-Brie","country":"France"},"contacts":{"email":"accueil@marollesenbrie.fr","telephone":"0145103838"},"horaires":"Le Lundi : de 09h00 à 12h00 de 13h30 à 19h00\nDu Mardi au Jeudi : de 09h00 à 12h00 de 13h30 à 18h00\nDu Vendredi au Samedi : de 09h00 à 12h00","latitude":48.73421,"longitude":2.551714,"website":"http://www.mairie-marolles.fr/","hasWebsite":true,"hasHoraires":true,"url":"https://lannuaire.service-public.gouv.fr/ile-de-france/val-de-marne/3aa6feab-9740-4259-9911-f973f2fee22f"}
{"nom":"Nogent-sur-Marne","nomNormalise":"nogentsurmarne","typeCollectivite":"Commune","region":"Île-de-France","departement":"Val-de-Marne","departementCode":"94","adresse":{"street":"Place Roland-Nungesser","postalCode":"94130","city":"Nogent-sur-Marne","country":"France"},"contacts":{"email":"lesite@ville-nogentsurmarne.fr","telephone":"0143246200"},"horaires":"Du Lundi au Jeudi : de 08h30 à 12h00 de 13h00 à 17h30\nLe Vendredi : de 08h30 à 12h00 de 13h00 à 17h00\nLe Samedi : de 08h30 à 12h00\n\nAccueil ouvert uniquement pour les services des élections, 'état civil et affaires générales, permanence pour les affaires de la famille le 1er samedi de chaque mois.","latitude":48.8371,"longitude":2.48797,"website":"https://ville-nogentsurmarne.com/","hasWebsite":true,"hasHoraires":true,"url":"https://lannuaire.service-public.gouv.fr/ile-de-france/val-de-marne/31e5e522-16d2-4da5-bb2c-45e35e6ff585"}
{"nom":"Noiseau","nomNormalise":"noiseau","typeCollectivite":"Commune","region":"Île-de-France","departement":"Val-de-Marne","departementCode":"94","adresse":{"street":"2 rue Pierre-Viénot","postalCode":"94880","city":"Noiseau","country":"France"},"contacts":{"email":"mairie@noiseau.fr","telephone":"0156741570"},"horaires":"Le Lundi : de 14h00 à 17h30\nDu Mardi au Vendredi : de 09h00 à 12h30 de 14h00 à 17h30\nLe Samedi : de 09h00 à 12h30\n\nAccueil ouvert uniquement pour l'état civil et l'agence postale.","latitude":48.7745,"longitude":2.548929,"website":"http://www.noiseau.fr/","hasWebsite":true,"hasHoraires":true,"url":"https://lannuaire.service-public.gouv.fr/ile-de-france/val-de-marne/89f6214b-cf0f-4ade-92b5-a4278f480e14"}
{"nom":"Orly","nomNormalise":"orly","typeCollectivite":"Commune","region":"Île-de-France","departement":"Val-de-Marne","departementCode":"94","adresse":{"street":"1 place François-Mitterrand","postalCode":"94310","city":"Orly","country":"France"},"contacts":{"email":"service.information@mairie-orly.fr","telephone":"0148902000"},"horaires":"Du Lundi au Mercredi : de 08h45 à 12h30 de 14h00 à 17h30\nLe Jeudi : de 14h00 à 17h30\nLe Vendredi : de 08h45 à 12h30 de 14h00 à 17h30\nLe Samedi : de 08h45 à 11h45","latitude":48.74346,"longitude":2.403051,"website":"https://www.mairie-orly.fr/","hasWebsite":true,"hasHoraires":true,"url":"https://lannuaire.service-public.gouv.fr/ile-de-france/val-de-marne/605b6864-7701-4531-80ba-624be68fcbec"}
{"nom":"Ormesson-sur-Marne","nomNormalise":"ormessonsurmarne","typeCollectivite":"Commune","region":"Île-de-France","departement":"Val-de-Marne","departementCode":"94","adresse":{"street":"10 avenue Wladimir-d'Ormesson","postalCode":"94490","city":"Ormesson-sur-Marne","country":"France"},"contacts":{"email":"contact@ormesson.fr","telephone":"0145769528"},"horaires":"Le Lundi : de 08h30 à 12h00 de 13h30 à 18h00\nLe Mardi : de 08h30 à 12h00 de 13h30 à 19h00\nDu Mercredi au Vendredi : de 08h30 à 12h00 de 13h30 à 18h00\nLe Samedi : de 08h30 à 12h00","latitude":48.785744,"longitude":2.540624,"website":"https://www.ormesson.fr/","hasWebsite":true,"hasHoraires":true,"url":"https://lannuaire.service-public.gouv.fr/ile-de-france/val-de-marne/9ad9df0b-2600-42e4-ac72-c1442c91a012"}
{"nom":"Périgny-sur-Yerres","nomNormalise":"perignysuryerres","typeCollectivite":"Commune","region":"Île-de-France","departement":"Val-de-Marne","departementCode":"94","adresse":{"street":"Rue Paul-Doumer","postalCode":"94520","city":"Périgny-sur-Yerres","country":"France"},"contacts":{"email":"mairie@perigny-sur-yerres.org","telephone":"0145989045"},"horaires":"Du Lundi au Mardi : de 08h15 à 12h30 de 14h00 à 17h30\nLe Mercredi : de 08h00 à 12h30\nDu Jeudi au Vendredi : de 08h15 à 12h30 de 14h00 à 17h30\n\nAccueil fermé pendant les vacances scolaires les après-midi, mais l'accueil téléphonique est maintenu.","latitude":48.7033,"longitude":2.53543,"website":"https://perigny-sur-yerres.fr/","hasWebsite":true,"hasHoraires":true,"url":"https://lannuaire.service-public.gouv.fr/ile-de-france/val-de-marne/e449f075-091d-4a98-b2a5-e7d3fe524af8"}
{"nom":"Rungis","nomNormalise":"rungis","typeCollectivite":"Commune","region":"Île-de-France","departement":"Val-de-Marne","departementCode":"94","adresse":{"street":"5 rue Sainte-Geneviève","postalCode":"94150","city":"Rungis","country":"France"},"contacts":{"email":"","telephone":"0145128000"},"horaires":"Du Lundi au Vendredi : de 09h00 à 12h00 de 13h30 à 17h00\n\nAccueil ouvert le mardi jusqu'à 19h, uniquement pour l'administration générale.\nLe Samedi : de 09h00 à 12h00","latitude":48.7487,"longitude":2.34744,"website":"https://www.rungis.fr/","hasWebsite":true,"hasHoraires":true,"url":"https://lannuaire.service-public.gouv.fr/ile-de-france/val-de-marne/89c7071a-82b5-46ea-9759-1e264dea64ba"}
{"nom":"Saint-Mandé","nomNormalise":"saintmande","typeCollectivite":"Commune","region":"Île-de-France","departement":"Val-de-Marne","departementCode":"94","adresse":{"street":"10 place Charles-Digeon","postalCode":"94160","city":"Saint-Mandé","country":"France"},"contacts":{"email":"rp@mairie-saint-mande.fr","telephone":"0149577800"},"horaires":"Du Lundi au Jeudi : de 08h30 à 18h00\nLe Vendredi : de 08h30 à 17h00\nLe Samedi : de 09h15 à 12h30","latitude":48.843533,"longitude":2.418959,"website":"https://www.saintmande.fr/","hasWebsite":true,"hasHoraires":true,"url":"https://lannuaire.service-public.gouv.fr/ile-de-france/val-de-marne/d4e96674-1d57-40ec-9a9b-9eede7a61f94"}
{"nom":"Saint-Maur-des-Fossés","nomNormalise":"saintmaurdesfosses","typeCollectivite":"Commune","region":"Île-de-France","departement":"Val-de-Marne","departementCode":"94","adresse":{"street":"Place Charles-de-Gaulle","postalCode":"94100","city":"Saint-Maur-des-Fossés","country":"France"},"contacts":{"email":"nouscontacter@mairie-saint-maur.com","telephone":"0145116565"},"horaires":"Le Lundi : de 08h30 à 12h00 de 13h30 à 18h00\nLe Mardi : de 08h30 à 12h00 de 13h30 à 20h00\nLe Mercredi : de 08h30 à 12h00 de 13h30 à 18h00\nLe Jeudi : de 08h30 à 18h00\nLe Vendredi : de 08h30 à 12h00 de 13h30 à 17h00\nLe Samedi : de 08h30 à 12h00","latitude":48.802975,"longitude":2.485283,"website":"https://www.saint-maur.com/","hasWebsite":true,"hasHoraires":true,"url":"https://lannuaire.service-public.gouv.fr/ile-de-france/val-de-marne/fdbc95e4-79f7-45e4-9a1f-f2463d07a26a"}
{"nom":"Saint-Maurice","nomNormalise":"saintmaurice","typeCollectivite":"Commune","region":"Île-de-France","departement":"Val-de-Marne","departementCode":"94","adresse":{"street":"55 rue du Maréchal-Leclerc","postalCode":"94410","city":"Saint-Maurice","country":"France"},"contacts":{"email":"communication@ville-saint-maurice.fr","telephone":"0145188210"},"horaires":"Du Lundi au Mercredi : de 08h30 à 11h45 de 13h30 à 17h30\nLe Jeudi : de 08h30 à 11h45 de 13h30 à 18h30\nLe Vendredi : de 08h30 à 11h45 de 13h30 à 16h30","latitude":48.818363,"longitude":2.4228635,"website":"https://www.ville-saint-maurice.com/","hasWebsite":true,"hasHoraires":true,"url":"https://lannuaire.service-public.gouv.fr/ile-de-france/val-de-marne/9049999d-0998-42c8-b94c-c44d41104098"}
{"nom":"Santeny","nomNormalise":"santeny","typeCollectivite":"Commune","region":"Île-de-France","departement":"Val-de-Marne","departementCode":"94","adresse":{"street":"Place du Général-de-Gaulle","postalCode":"94440","city":"Santeny","country":"France"},"contacts":{"email":"mairie@mairie-santeny.fr","telephone":"0156323232"},"horaires":"Du Lundi au Vendredi : de 08h30 à 12h00 de 13h30 à 17h30\nLe Samedi : de 08h30 à 12h00","latitude":48.7255,"longitude":2.569509,"website":"http://www.mairie-santeny.fr/","hasWebsite":true,"hasHoraires":true,"url":"https://lannuaire.service-public.gouv.fr/ile-de-france/val-de-marne/a7ea59de-9060-4279-82c8-e6e2cf2f4e85"}
{"nom":"Sucy-en-Brie","nomNormalise":"sucyenbrie","typeCollectivite":"Commune","region":"Île-de-France","departement":"Val-de-Marne","departementCode":"94","adresse":{"street":"2 avenue Georges Pompidou","postalCode":"94370","city":"Sucy-en-Brie","country":"France"},"contacts":{"email":"","telephone":"0149822450"},"horaires":"Du Lundi au Vendredi : de 08h30 à 12h00 de 13h30 à 17h30\nLe Samedi : de 08h30 à 12h30","latitude":48.770893,"longitude":2.5238,"website":"http://www.ville-sucy.fr/","hasWebsite":true,"hasHoraires":true,"url":"https://lannuaire.service-public.gouv.fr/ile-de-france/val-de-marne/c5fd3587-8c4f-4da0-b099-7297191b0051"}
{"nom":"Thiais","nomNormalise":"thiais","typeCollectivite":"Commune","region":"Île-de-France","departement":"Val-de-Marne","departementCode":"94","adresse":{"street":"1 rue Maurepas","postalCode":"94320","city":"Thiais","country":"France"},"contacts":{"email":"contact@ville-thiais.fr","telephone":"0148924242"},"horaires":"Du Lundi au Vendredi : de 08h45 à 12h00 de 13h30 à 17h15\nLe Samedi : de 09h00 à 11h45","latitude":48.7653,"longitude":2.38883,"website":"https://www.ville-thiais.fr/","hasWebsite":true,"hasHoraires":true,"url":"https://lannuaire.service-public.gouv.fr/ile-de-france/val-de-marne/36fc9079-e913-47c1-97aa-382aad941eee"}
{"nom":"Valenton","nomNormalise":"valenton","typeCollectivite":"Commune","region":"Île-de-France","departement":"Val-de-Marne","departementCode":"94","adresse":{"street":"48 rue du Colonel-Fabien","postalCode":"94460","city":"Valenton","country":"France"},"contacts":{"email":"mairie.dg@ville-valenton.fr","telephone":"0143863737"},"horaires":"Le Lundi : de 13h30 à 17h00\nLe Mardi : de 08h30 à 12h15 de 13h30 à 17h30\nDu Mercredi au Vendredi : de 08h30 à 12h15 de 13h30 à 17h00\n\nLe jeudi le service accueil de la population est ouvert jusqu'à 20h.\nLe Samedi : de 08h30 à 12h00\n\nAccueil ouvert le samedi uniquement pour l'état civil et les affaires générales.","latitude":48.744427,"longitude":2.470271,"website":"http://www.valenton.fr/","hasWebsite":true,"hasHoraires":true,"url":"https://lannuaire.service-public.gouv.fr/ile-de-france/val-de-marne/6adbd78b-6478-4a5f-9871-c1284dc2a795"}
{"nom":"Villecresnes","nomNormalise":"villecresnes","typeCollectivite":"Commune","region":"Île-de-France","departement":"Val-de-Marne","departementCode":"94","adresse":{"street":"Place Charles-de-Gaulles","postalCode":"94440","city":"Villecresnes","country":"France"},"contacts":{"email":"mairie@villecresnes.fr","telephone":"0145103900"},"horaires":"Du Lundi au Jeudi : de 08h30 à 12h00 de 13h30 à 17h30\n\nFermé le mardi matin.\nLe Vendredi : de 08h30 à 12h00 de 13h30 à 17h00\nLe Samedi : de 08h30 à 12h00","latitude":48.7218,"longitude":2.53364,"website":"https://www.villecresnes.fr/fr/","hasWebsite":true,"hasHoraires":true,"url":"https://lannuaire.service-public.gouv.fr/ile-de-france/val-de-marne/9be84551-9001-404d-92ee-ab88ac8c775b"}
{"nom":"Villejuif","nomNormalise":"villejuif","typeCollectivite":"Commune","region":"Île-de-France","departement":"Val-de-Marne","departementCode":"94","adresse":{"street":"1 esplanade Pierre-Yves-Cosnier","postalCode":"94807","city":"Villejuif Cedex","country":"France"},"contacts":{"email":"mairie@villejuif.fr","telephone":"0145592000"},"horaires":"Du Lundi au Jeudi : de 08h30 à 12h00 de 13h30 à 18h00\nLe Vendredi : de 08h30 à 12h00 de 13h30 à 17h00\nLe Samedi : de 08h30 à 12h00","latitude":48.847935,"longitude":2.439684,"website":"https://www.villejuif.fr/","hasWebsite":true,"hasHoraires":true,"url":"https://lannuaire.service-public.gouv.fr/ile-de-france/val-de-marne/734b028d-38ae-47be-8549-641968a0aaa1"}
{"nom":"Villeneuve-le-Roi","nomNormalise":"villeneuveleroi","typeCollectivite":"Commune","region":"Île-de-France","departement":"Val-de-Marne","departementCode":"94","adresse":{"street":"154 ter avenue de la République","postalCode":"94290","city":"Villeneuve-le-Roi","country":"France"},"contacts":{"email":"","telephone":"0149614242"},"horaires":"Du Lundi au Jeudi : de 08h30 à 12h30 de 13h30 à 17h00\nLe Vendredi : de 08h30 à 12h00 de 13h30 à 17h00\nLe Samedi : de 09h00 à 12h00","latitude":48.732624,"longitude":2.410083,"website":"http://www.villeneuve-le-roi.fr/","hasWebsite":true,"hasHoraires":true,"url":"https://lannuaire.service-public.gouv.fr/ile-de-france/val-de-marne/f35d276e-79a2-496b-ad68-e7f53be7e9a7"}
{"nom":"Villeneuve-Saint-Georges","nomNormalise":"villeneuvesaintgeorges","typeCollectivite":"Commune","region":"Île-de-France","departement":"Val-de-Marne","departementCode":"94","adresse":{"street":"20 place Pierre-Sémard","postalCode":"94190","city":"Villeneuve-Saint-Georges","country":"France"},"contacts":{"email":"contactmairie@villeneuve-saint-georges.fr","telephone":"0143863800"},"horaires":"Du Lundi au Vendredi : de 08h30 à 12h00 de 13h30 à 17h30\n\nAccueil de l'état civil fermé le jeudi matin.","latitude":48.729366,"longitude":2.4471817,"website":"https://www.villeneuve-saint-georges.fr/","hasWebsite":true,"hasHoraires":true,"url":"https://lannuaire.service-public.gouv.fr/ile-de-france/val-de-marne/f01dcc70-1cc3-4d30-88e5-69c70c23ad61"}
{"nom":"Vincennes","nomNormalise":"vincennes","typeCollectivite":"Commune","region":"Île-de-France","departement":"Val-de-Marne","departementCode":"94","adresse":{"street":"53 bis rue de Fontenay","postalCode":"94300","city":"Vincennes","country":"France"},"contacts":{"email":"","telephone":"0143986500"},"horaires":"Du Lundi au Mercredi : de 08h30 à 18h00\nLe Jeudi : de 12h00 à 19h30\nLe Vendredi : de 08h30 à 17h00\nLe Samedi : de 08h30 à 12h00","latitude":48.847935,"longitude":2.439684,"website":"https://www.vincennes.fr/","hasWebsite":true,"hasHoraires":true,"url":"https://lannuaire.service-public.gouv.fr/ile-de-france/val-de-marne/d29d393e-ed35-458c-9fb8-af0cffbd37cb"}
{"nom":"Vitry-sur-Seine","nomNormalise":"vitrysurseine","typeCollectivite":"Commune","region":"Île-de-France","departement":"Val-de-Marne","departementCode":"94","adresse":{"street":"2 avenue Youri-Gagarine","postalCode":"94407","city":"Vitry-sur-Seine Cedex","country":"France"},"contacts":{"email":"","telephone":"0146828000"},"horaires":"Du Lundi au Vendredi : de 09h00 à 12h00 de 13h30 à 17h30\nLe Samedi : de 09h00 à 12h00\n\nAccueil ouvert uniquement pour les services État civil et Réglementation.","latitude":48.788803,"longitude":2.389415,"website":"https://www.vitry94.fr/","hasWebsite":true,"hasHoraires":true,"url":"https://lannuaire.service-public.gouv.fr/ile-de-france/val-de-marne/a5a8409d-f4ce-42cf-9f23-a4001fbaac90"}
