{"nom":"Communauté d'agglomération - Cergy-Pontoise","nomNormalise":"communautedagglomerationcergypontoise","typeCollectivite":"EPCI","typeEpci":"Communauté d’agglomération","adresse":{"street":"Hôtel d'agglomération","postalCode":"95027","city":"Cergy-Pontoise Cedex","country":"France"},"contacts":{"email":"courrier@cergypontoise.fr","telephone":"0134414243"},"horaires":"Du Lundi au Jeudi : de 08h30 à 12h30 de 13h30 à 17h30 | Le Vendredi : de 08h30 à 12h30 de 13h30 à 16h30","website":"http://www.cergypontoise.fr/","hasWebsite":true,"hasEmail":true,"hasTelephone":true,"latitude":49.035618,"longitude":2.060325,"url":"https://lannuaire.service-public.gouv.fr/ile-de-france/val-d-oise/1d37d547-4812-4ef0-a59d-4b03b2d9a9ea"}
{"nom":"Communauté d'agglomération - Coeur d'Essonne","nomNormalise":"communautedagglomerationcoeurdessonne","typeCollectivite":"EPCI","typeEpci":"Communauté d’agglomération","adresse":{"street":"1 place Saint-Exupéry","postalCode":"91700","city":"Sainte-Geneviève-des-Bois","country":"France"},"contacts":{"email":"communaute@coeuressonne.fr","telephone":"0169721800"},"horaires":"Du Lundi au Vendredi : de 08h30 à 12h00 de 13h30 à 18h00","website":"https://www.coeuressonne.fr/","hasWebsite":true,"hasEmail":true,"hasTelephone":true,"latitude":48.640396,"longitude":2.32687,"url":"https://lannuaire.service-public.gouv.fr/ile-de-france/essonne/7a59e3bb-f911-48b8-abc3-29a576caf321"}
{"nom":"Communauté d'agglomération - Coulommiers Pays de Brie","nomNormalise":"communautedagglomerationcoulommierspaysdebrie","typeCollectivite":"EPCI","typeEpci":"Communauté d’agglomération","adresse":{"street":"13 rue du Général-de-Gaulle","postalCode":"77120","city":"Coulommiers","country":"France"},"contacts":{"email":"accueil@coulommierspaysdebrie.fr","telephone":"0164753890"},"horaires":"Du Lundi au Vendredi : de 08h30 à 12h30 de 13h30 à 17h00","website":"https://www.coulommierspaysdebrie.fr/","hasWebsite":true,"hasEmail":true,"hasTelephone":true,"latitude":48.811993,"longitude":3.085012,"url":"https://lannuaire.service-public.gouv.fr/ile-de-france/seine-et-marne/3af84158-b16e-4a65-a3b3-384e547ed38f"}
{"nom":"Communauté d'agglomération - Étampois Sud-Essonne","nomNormalise":"communautedagglomerationetampoissudessonne","typeCollectivite":"EPCI","typeEpci":"Communauté d’agglomération","adresse":{"street":"76 rue Saint-Jacques","postalCode":"91150","city":"Étampes","country":"France"},"contacts":{"email":"contact@caese.fr","telephone":"0164592672"},"horaires":"Le Lundi : de 08h30 à 12h30 de 13h30 à 17h30 | Le Mardi : de 08h30 à 12h30 | Du Mercredi au Vendredi : de 08h30 à 12h30 de 13h30 à 17h30","website":"https://www.caese.fr/","hasWebsite":true,"hasEmail":true,"hasTelephone":true,"latitude":48.434418,"longitude":2.16142,"url":"https://lannuaire.service-public.gouv.fr/ile-de-france/essonne/e1a0f770-0bb1-4543-b787-8df2a511781a"}
{"nom":"Communauté d'agglomération - Grand Paris Sud Seine Essonne Sénart","nomNormalise":"communautedagglomerationgrandparissudseineessonnesenart","typeCollectivite":"EPCI","typeEpci":"Communauté d’agglomération","adresse":{"street":"Hôtel d'agglomération","postalCode":"91080","city":"Evry-Courcouronnes","country":"France"},"contacts":{"email":"contact@grandparissud.fr","telephone":"0169915858"},"horaires":"Du Lundi au Vendredi : de 08h30 à 12h30 de 13h30 à 18h00","website":"https://www.grandparissud.fr/","hasWebsite":true,"hasEmail":true,"hasTelephone":true,"latitude":48.631207,"longitude":2.4415398,"url":"https://lannuaire.service-public.gouv.fr/ile-de-france/essonne/8f840c86-548d-46f7-bd03-0595ef774235"}
{"nom":"Communauté d'agglomération - Marne et Gondoire","nomNormalise":"communautedagglomerationmarneetgondoire","typeCollectivite":"EPCI","typeEpci":"Communauté d’agglomération","adresse":{"street":"1 rue de l'Étang","postalCode":"77600","city":"Bussy-Saint-Martin","country":"France"},"contacts":{"email":"accueil@marneetgondoire.fr","telephone":"0160354350"},"horaires":"Du Lundi au Vendredi : de 09h00 à 12h00 de 13h30 à 17h30","website":"https://www.marneetgondoire.fr/","hasWebsite":true,"hasEmail":true,"hasTelephone":true,"latitude":48.846954,"longitude":2.672824,"url":"https://lannuaire.service-public.gouv.fr/ile-de-france/seine-et-marne/d6316e54-b310-4104-9e23-85e9d31b1593"}
{"nom":"Communauté d'agglomération - Melun Val de Seine","nomNormalise":"communautedagglomerationmelunvaldeseine","typeCollectivite":"EPCI","typeEpci":"Communauté d’agglomération","adresse":{"street":"297 rue Rousseau-Vaudran","postalCode":"77198","city":"Dammarie-les-Lys","country":"France"},"contacts":{"email":"","telephone":"0164792525"},"horaires":"Du Lundi au Vendredi : de 08h30 à 12h15 de 13h30 à 17h30","website":"https://www.melunvaldeseine.fr/","hasWebsite":true,"hasEmail":false,"hasTelephone":true,"latitude":48.522385,"longitude":2.651662,"url":"https://lannuaire.service-public.gouv.fr/ile-de-france/seine-et-marne/e470bd88-2b3e-423b-8978-d93935df66d2"}
{"nom":"Communauté d'agglomération - Paris Saclay","nomNormalise":"communautedagglomerationparissaclay","typeCollectivite":"EPCI","typeEpci":"Communauté d’agglomération","adresse":{"street":"21 rue Jean-Rostand","postalCode":"91898","city":"Orsay","country":"France"},"contacts":{"email":"contact@paris-saclay.com","telephone":"0169356060"},"horaires":"Du Lundi au Jeudi : de 08h30 à 12h30 de 13h30 à 17h30 | Le Vendredi : de 08h30 à 12h30 de 13h30 à 16h30","website":"https://www.paris-saclay.com/accueil-3.html","hasWebsite":true,"hasEmail":true,"hasTelephone":true,"latitude":48.7098,"longitude":2.1754148,"url":"https://lannuaire.service-public.gouv.fr/ile-de-france/essonne/1cf28bfe-a8f1-4340-83b4-d3bd46acf644"}
{"nom":"Communauté d'agglomération - Paris Vallée de la Marne","nomNormalise":"communautedagglomerationparisvalleedelamarne","typeCollectivite":"EPCI","typeEpci":"Communauté d’agglomération","adresse":{"street":"5 cours de l'Arche-Guédon","postalCode":"77207","city":"Marne-la-Vallée","country":"France"},"contacts":{"email":"contact@agglo-pvm.fr","telephone":"0160372424"},"horaires":"Du Lundi au Vendredi : de 08h30 à 12h30 de 13h30 à 18h00","website":"https://www.agglo-pvm.fr/","hasWebsite":true,"hasEmail":true,"hasTelephone":true,"latitude":48.849854,"longitude":2.6381779,"url":"https://lannuaire.service-public.gouv.fr/ile-de-france/seine-et-marne/67d8ec99-6e9b-440b-aa5f-2fb5370b8e3c"}
{"nom":"Communauté d'agglomération - Pays de Fontainebleau","nomNormalise":"communautedagglomerationpaysdefontainebleau","typeCollectivite":"EPCI","typeEpci":"Communauté d’agglomération","adresse":{"street":"80 route de Valvins","postalCode":"77920","city":"Samois-sur-Seine","country":"France"},"contacts":{"email":"accueil@pays-fontainebleau.fr","telephone":"0164701080"},"horaires":"Du Lundi au Vendredi : de 08h30 à 12h15 de 13h45 à 17h30","website":"https://www.pays-fontainebleau.fr/","hasWebsite":true,"hasEmail":true,"hasTelephone":true,"latitude":48.427624,"longitude":2.743106,"url":"https://lannuaire.service-public.gouv.fr/ile-de-france/seine-et-marne/64e07ac1-11d9-40a6-8e99-88166648641c"}
{"nom":"Communauté d'agglomération - Pays de Meaux","nomNormalise":"communautedagglomerationpaysdemeaux","typeCollectivite":"EPCI","typeEpci":"Communauté d’agglomération","adresse":{"street":"2 place de lHôtel-de-Ville-Jacques-Chirac","postalCode":"77100","city":"Meaux","country":"France"},"contacts":{"email":"contact@meaux.fr","telephone":"0160099700"},"horaires":"Du Lundi au Vendredi : de 08h30 à 18h00 | Le Samedi : de 09h00 à 12h00","website":"https://www.agglo-paysdemeaux.fr/","hasWebsite":true,"hasEmail":true,"hasTelephone":true,"latitude":48.958237,"longitude":2.87753,"url":"https://lannuaire.service-public.gouv.fr/ile-de-france/seine-et-marne/83a9e8af-91bb-4b18-bee7-5b62efaf2866"}
{"nom":"Communauté d'agglomération - Plaine Vallée","nomNormalise":"communautedagglomerationplainevallee","typeCollectivite":"EPCI","typeEpci":"Communauté d’agglomération","adresse":{"street":"1 rue de lÉgalité","postalCode":"95230","city":"Soisy-sous-Montmorency","country":"France"},"contacts":{"email":"contact@agglo-plainevallee.fr","telephone":"0130109161"},"horaires":"Du Lundi au Mercredi : de 08h30 à 12h00 de 13h30 à 17h30 | Du Jeudi au Vendredi : de 08h30 à 12h00 de 13h30 à 17h00","website":"https://www.agglo-plainevallee.fr/","hasWebsite":true,"hasEmail":true,"hasTelephone":true,"latitude":48.990746,"longitude":2.296648,"url":"https://lannuaire.service-public.gouv.fr/ile-de-france/val-d-oise/8c33ac93-a890-4ce7-8faf-65e0d09c9634"}
{"nom":"Communauté d'agglomération - Rambouillet Territoires","nomNormalise":"communautedagglomerationrambouilletterritoires","typeCollectivite":"EPCI","typeEpci":"Communauté d’agglomération","adresse":{"street":"ZA du Bel Air","postalCode":"78511","city":"Rambouillet Cedex","country":"France"},"contacts":{"email":"accueil@rt78.fr","telephone":"0134572061"},"horaires":"Du Lundi au Vendredi : de 09h00 à 12h00 de 14h00 à 17h00","website":"https://www.rt78.fr/","hasWebsite":true,"hasEmail":true,"hasTelephone":true,"latitude":48.62516,"longitude":1.824807,"url":"https://lannuaire.service-public.gouv.fr/ile-de-france/yvelines/f26b30cd-3a03-44f9-bed0-b05878e56266"}
{"nom":"Communauté d'agglomération - Roissy Pays de France","nomNormalise":"communautedagglomerationroissypaysdefrance","typeCollectivite":"EPCI","typeEpci":"Communauté d’agglomération","adresse":{"street":"6 bis avenue Charles-de-Gaulle","postalCode":"95700","city":"Roissy-en-France","country":"France"},"contacts":{"email":"info@roissypaysdefrance.fr","telephone":"0134290306"},"horaires":"Du Lundi au Jeudi : de 08h30 à 12h30 de 13h30 à 17h30 | Le Vendredi : de 08h30 à 12h30 de 13h30 à 16h30","website":"https://www.roissypaysdefrance.fr/","hasWebsite":true,"hasEmail":true,"hasTelephone":true,"latitude":48.999184,"longitude":2.512734,"url":"https://lannuaire.service-public.gouv.fr/ile-de-france/val-d-oise/95e36cb4-6046-46b8-95d5-1397a63520ab"}
{"nom":"Communauté d'agglomération - Saint-Germain Boucles de Seine","nomNormalise":"communautedagglomerationsaintgermainbouclesdeseine","typeCollectivite":"EPCI","typeEpci":"Communauté d’agglomération","adresse":{"street":"Parc des Érables","postalCode":"78230","city":"Le Pecq","country":"France"},"contacts":{"email":"contact@casgbs.fr","telephone":"0130097530"},"horaires":"Du Lundi au Jeudi : de 08h30 à 12h30 de 13h30 à 17h30 | Le Vendredi : de 08h30 à 12h30 de 13h30 à 17h00","website":"https://www.saintgermainbouclesdeseine.fr/","hasWebsite":true,"hasEmail":true,"hasTelephone":true,"latitude":48.9037,"longitude":2.115071,"url":"https://lannuaire.service-public.gouv.fr/ile-de-france/yvelines/9cb9c2f1-3519-422e-bc2e-76bc8b5216cf"}
{"nom":"Communauté d'agglomération - Saint-Quentin-en-Yvelines","nomNormalise":"communautedagglomerationsaintquentinenyvelines","typeCollectivite":"EPCI","typeEpci":"Communauté d’agglomération","adresse":{"street":"1 rue Eugène-Hénaff","postalCode":"78190","city":"Trappes","country":"France"},"contacts":{"email":"","telephone":"0139448080"},"horaires":"Du Lundi au Vendredi : de 09h00 à 12h00 de 14h00 à 17h00","website":"https://www.saint-quentin-en-yvelines.fr/","hasWebsite":true,"hasEmail":false,"hasTelephone":true,"latitude":48.76923,"longitude":2.004673,"url":"https://lannuaire.service-public.gouv.fr/ile-de-france/yvelines/2270fd07-f2a2-4f69-92be-df1dcac32303"}
{"nom":"Communauté d'agglomération - Val d'Europe Agglomération","nomNormalise":"communautedagglomerationvaldeuropeagglomeration","typeCollectivite":"EPCI","typeEpci":"Communauté d’agglomération","adresse":{"street":"Château de Chessy","postalCode":"77700","city":"Marne-la-Vallée Cedex 4","country":"France"},"contacts":{"email":"contact@vdeagglo.fr","telephone":"0160438080"},"horaires":"Du Lundi au Vendredi : de 08h30 à 12h30 de 13h30 à 17h30","website":"https://www.valdeuropeagglo.fr/","hasWebsite":true,"hasEmail":true,"hasTelephone":true,"latitude":48.876144,"longitude":2.764906,"url":"https://lannuaire.service-public.gouv.fr/ile-de-france/seine-et-marne/fb913f9f-2b02-4073-b84c-e0b69618a823"}
{"nom":"Communauté d'agglomération - Val Parisis","nomNormalise":"communautedagglomerationvalparisis","typeCollectivite":"EPCI","typeEpci":"Communauté d’agglomération","adresse":{"street":"271 chaussée Jules-César","postalCode":"95250","city":"Beauchamp","country":"France"},"contacts":{"email":"","telephone":"0130263941"},"horaires":"Du Lundi au Jeudi : de 08h30 à 12h30 de 13h30 à 17h45 | Le Vendredi : de 08h30 à 12h30","website":"https://valparisis.fr/","hasWebsite":true,"hasEmail":false,"hasTelephone":true,"latitude":48.992004,"longitude":2.243905,"url":"https://lannuaire.service-public.gouv.fr/ile-de-france/val-d-oise/a0c620c2-2687-4f3f-b06d-6ead390d41d0"}
{"nom":"Communauté d'agglomération - Val d'Yerres Val de Seine","nomNormalise":"communautedagglomerationvaldyerresvaldeseine","typeCollectivite":"EPCI","typeEpci":"Communauté d’agglomération","adresse":{"street":"78 route nationale 6","postalCode":"91805","city":"Brunoy","country":"France"},"contacts":{"email":"accueil@vyvs.fr","telephone":"0160479420"},"horaires":"Du Lundi au Vendredi : de 08h30 à 12h00 de 13h30 à 17h30","website":"https://www.vyvs.fr/","hasWebsite":true,"hasEmail":true,"hasTelephone":true,"latitude":48.697533,"longitude":2.5040245,"url":"https://lannuaire.service-public.gouv.fr/ile-de-france/essonne/a2294a3e-a979-45ea-b8f7-75910e11ea67"}
{"nom":"Communauté d'agglomération - Versailles Grand Parc","nomNormalise":"communautedagglomerationversaillesgrandparc","typeCollectivite":"EPCI","typeEpci":"Communauté d’agglomération","adresse":{"street":"6 avenue de Paris","postalCode":"78000","city":"Versailles","country":"France"},"contacts":{"email":"contact@agglovgp.fr","telephone":"0139663000"},"horaires":"Du Lundi au Vendredi : de 09h00 à 12h00 de 14h00 à 17h00","website":"https://www.versaillesgrandparc.fr/","hasWebsite":true,"hasEmail":true,"hasTelephone":true,"latitude":48.801342,"longitude":2.1308472,"url":"https://lannuaire.service-public.gouv.fr/ile-de-france/yvelines/440915fa-991f-4ca9-963d-c1dc232f9a1d"}
{"nom":"Communauté de communes - 2 Vallées - Milly-la-Forêt","nomNormalise":"communautedecommunesvalleesmillylaforet","typeCollectivite":"EPCI","typeEpci":"Communauté de communes","adresse":{"street":"23 rue de la Chapelle-Saint-Blaise","postalCode":"91490","city":"Milly-la-Forêt","country":"France"},"contacts":{"email":"cc2v@cc2v91.fr","telephone":"0164988519"},"horaires":"Du Lundi au Vendredi : de 09h00 à 12h00 de 13h30 à 17h30","website":"https://cc2v91.fr/fr/","hasWebsite":true,"hasEmail":true,"hasTelephone":true,"latitude":48.399662,"longitude":2.4757552,"url":"https://lannuaire.service-public.gouv.fr/ile-de-france/essonne/6bb5e8ee-12d5-44c1-b0e6-ce3179bc682a"}
{"nom":"Communauté de communes - Bassée-Montois","nomNormalise":"communautedecommunesbasseemontois","typeCollectivite":"EPCI","typeEpci":"Communauté de communes","adresse":{"street":"80 rue de la Fontaine","postalCode":"77480","city":"Bray-sur-Seine","country":"France"},"contacts":{"email":"contact@cc-basseemontois.fr","telephone":"0160670910"},"horaires":"Du Lundi au Jeudi : de 09h00 à 12h00 de 14h00 à 17h00 | Le Vendredi : de 09h00 à 12h00","website":"https://www.cc-basseemontois.fr/fr","hasWebsite":true,"hasEmail":true,"hasTelephone":true,"latitude":48.415497,"longitude":3.240306,"url":"https://lannuaire.service-public.gouv.fr/ile-de-france/seine-et-marne/ff281616-4a6e-41f4-a82b-261e5ec5c4f9"}
{"nom":"Communauté de communes - Brie des Rivières et Châteaux","nomNormalise":"communautedecommunesbriedesrivieresetchateaux","typeCollectivite":"EPCI","typeEpci":"Communauté de communes","adresse":{"street":"1 rue des Petits-Champs","postalCode":"77820","city":"Le Châtelet-en-Brie","country":"France"},"contacts":{"email":"accueil@ccbrc.fr","telephone":"0160666710"},"horaires":"Du Lundi au Vendredi : de 08h30 à 12h30 de 13h30 à 17h00","website":"https://www.briedesrivieresetchateaux.fr/","hasWebsite":true,"hasEmail":true,"hasTelephone":true,"latitude":48.504944,"longitude":2.792095,"url":"https://lannuaire.service-public.gouv.fr/ile-de-france/seine-et-marne/f8eed306-cd17-4691-9c5c-b2b170d85fde"}
{"nom":"Communauté de communes - Carnelle Pays de France","nomNormalise":"communautedecommunescarnellepaysdefrance","typeCollectivite":"EPCI","typeEpci":"Communauté de communes","adresse":{"street":"3 rue François-de-Ganay","postalCode":"95270","city":"Luzarches","country":"France"},"contacts":{"email":"contact@c3pf.fr","telephone":"0134719406"},"horaires":"Du Lundi au Vendredi : de 08h30 à 17h30","website":"https://carnelle-pays-de-france.fr/","hasWebsite":true,"hasEmail":true,"hasTelephone":true,"latitude":49.112453,"longitude":2.428499,"url":"https://lannuaire.service-public.gouv.fr/ile-de-france/val-d-oise/2f584dfe-1d35-4a11-a390-a9ce74e0d6ee"}
{"nom":"Communauté de communes - Coeur d'Yvelines","nomNormalise":"communautedecommunescoeurdyvelines","typeCollectivite":"EPCI","typeEpci":"Communauté de communes","adresse":{"street":"49 rue de Paris","postalCode":"78490","city":"Montfort l'Amaury","country":"France"},"contacts":{"email":"accueil@cccy.fr","telephone":"0134892317"},"horaires":"Du Lundi au Vendredi : de 08h30 à 12h00 de 13h00 à 17h00 | Pas d'accueil physique du public, permanence téléphonique uniquement.","website":"https://www.coeur-yvelines.fr/","hasWebsite":true,"hasEmail":true,"hasTelephone":true,"latitude":48.77857,"longitude":1.8092227,"url":"https://lannuaire.service-public.gouv.fr/ile-de-france/yvelines/183e8079-bb74-4f10-8eb7-3f5324000b2b"}
{"nom":"Communauté de communes - Deux Morin","nomNormalise":"communautedecommunesdeuxmorin","typeCollectivite":"EPCI","typeEpci":"Communauté de communes","adresse":{"street":"1 rue Robert-Legraverend","postalCode":"77320","city":"La Ferté-Gaucher","country":"France"},"contacts":{"email":"accueil@cc2m.fr","telephone":"0164032580"},"horaires":"Du Lundi au Vendredi : de 08h30 à 12h30 de 14h00 à 17h00","website":"https://www.cc2morin.fr/","hasWebsite":true,"hasEmail":true,"hasTelephone":true,"latitude":48.78818,"longitude":3.304251,"url":"https://lannuaire.service-public.gouv.fr/ile-de-france/seine-et-marne/b2a2ab59-2a1d-4910-8d6b-bfbf24cfb6ad"}
{"nom":"Communauté de communes - Entre Juine et Renarde (CCEJR)","nomNormalise":"communautedecommunesentrejuineetrenardeccejr","typeCollectivite":"EPCI","typeEpci":"Communauté de communes","adresse":{"street":"2 rue des Hêtres-Pourpres","postalCode":"91580","city":"Étréchy","country":"France"},"contacts":{"email":"accueil@ccejr.org","telephone":"0183637090"},"horaires":"Le Lundi : de 14h00 à 17h00 | Du Mardi au Vendredi : de 09h00 à 12h00 de 14h00 à 17h00","website":"https://www.entrejuineetrenarde.org/","hasWebsite":true,"hasEmail":true,"hasTelephone":true,"latitude":48.49807,"longitude":2.20397,"url":"https://lannuaire.service-public.gouv.fr/ile-de-france/essonne/b26b7247-ef84-4783-b487-30ad4e1a78cf"}
{"nom":"Communauté de communes - Gally Mauldre","nomNormalise":"communautedecommunesgallymauldre","typeCollectivite":"EPCI","typeEpci":"Communauté de communes","adresse":{"street":"39 Grande Rue","postalCode":"78810","city":"Feucherolles","country":"France"},"contacts":{"email":"ccgm@cc-gallymauldre.fr","telephone":"0186360151"},"horaires":"Du Lundi au Vendredi : de 09h00 à 12h00 de 14h00 à 17h00 | Le Samedi : de 09h00 à 12h00","website":"https://cc-gallymauldre.fr/","hasWebsite":true,"hasEmail":true,"hasTelephone":true,"latitude":48.87444,"longitude":1.9753414,"url":"https://lannuaire.service-public.gouv.fr/ile-de-france/yvelines/a96819e9-2a53-4dcf-8f52-24a57c8b2ef3"}
{"nom":"Communauté de communes - Gâtinais Val de Loing","nomNormalise":"communautedecommunesgatinaisvaldeloing","typeCollectivite":"EPCI","typeEpci":"Communauté de communes","adresse":{"street":"16 route de Souppes","postalCode":"77570","city":"Château-Landon","country":"France"},"contacts":{"email":"ccgvl@ccgvl77.fr","telephone":"0164292048"},"horaires":"Du Lundi au Vendredi : de 09h00 à 12h30 de 13h30 à 17h00","website":"https://www.ccgvl77.fr/","hasWebsite":true,"hasEmail":true,"hasTelephone":true,"latitude":48.156918,"longitude":2.708321,"url":"https://lannuaire.service-public.gouv.fr/ile-de-france/seine-et-marne/c35c863e-600d-48fb-bc8e-87508e0b1949"}
{"nom":"Communauté de communes - Haut-Val d'Oise","nomNormalise":"communautedecommuneshautvaldoise","typeCollectivite":"EPCI","typeEpci":"Communauté de communes","adresse":{"street":"16 rue Nationale","postalCode":"95260","city":"Beaumont-sur-Oise","country":"France"},"contacts":{"email":"accueil@cchvo.com","telephone":"0139375970"},"horaires":"Du Lundi au Vendredi : de 09h00 à 12h00 de 13h30 à 17h30 | Téléphoner avant de se déplacer.","website":"https://cc-hautvaldoise.fr/fr/","hasWebsite":true,"hasEmail":true,"hasTelephone":true,"latitude":49.14466,"longitude":2.2858949,"url":"https://lannuaire.service-public.gouv.fr/ile-de-france/val-d-oise/7682524d-c84d-4e47-8009-5ece035ba07c"}
{"nom":"Communauté de communes - L'Orée de la Brie","nomNormalise":"communautedecommunesloreedelabrie","typeCollectivite":"EPCI","typeEpci":"Communauté de communes","adresse":{"street":"1 place de la Gare","postalCode":"77170","city":"Brie-Comte-Robert","country":"France"},"contacts":{"email":"communaute@loreedelabrie.fr","telephone":"0160621581"},"horaires":"Du Lundi au Vendredi : de 09h00 à 12h30 de 13h30 à 17h30","website":"https://www.loreedelabrie.fr/","hasWebsite":true,"hasEmail":true,"hasTelephone":true,"latitude":48.697254,"longitude":2.614652,"url":"https://lannuaire.service-public.gouv.fr/ile-de-france/seine-et-marne/f33215d7-7b1f-4d8b-8819-ed68d6fa12fc"}
{"nom":"Communauté de communes - La Brie Nangissienne","nomNormalise":"communautedecommuneslabrienangissienne","typeCollectivite":"EPCI","typeEpci":"Communauté de communes","adresse":{"street":"4 rue René-Cassin","postalCode":"77370","city":"Nangis","country":"France"},"contacts":{"email":"secretariat@brienangissienne.fr","telephone":"0164011382"},"horaires":"Du Lundi au Jeudi : de 09h00 à 12h30 de 13h30 à 17h00 | Le Vendredi : de 09h00 à 12h00 de 13h30 à 16h00","website":"http://www.brienangissienne.fr/","hasWebsite":true,"hasEmail":true,"hasTelephone":true,"latitude":48.560905,"longitude":3.0370903,"url":"https://lannuaire.service-public.gouv.fr/ile-de-france/seine-et-marne/0573aadb-a597-4173-8f2d-07558a7e982a"}
{"nom":"Communauté de communes - La Haute Vallée de Chevreuse","nomNormalise":"communautedecommuneslahautevalleedechevreuse","typeCollectivite":"EPCI","typeEpci":"Communauté de communes","adresse":{"street":"9 Grande-Rue","postalCode":"78720","city":"Dampierre-en-Yvelines","country":"France"},"contacts":{"email":"cchvc78@orange.fr","telephone":"0130528383"},"horaires":"Accueil téléphonique uniquement.","website":"https://www.cchvc.fr/","hasWebsite":true,"hasEmail":true,"hasTelephone":true,"latitude":48.70517,"longitude":1.985961,"url":"https://lannuaire.service-public.gouv.fr/ile-de-france/yvelines/aa3ea9d6-f1bb-4220-b9fa-e09530587ca7"}
{"nom":"Communauté de communes - La Vallée de l'Oise et des Trois Forêts","nomNormalise":"communautedecommuneslavalleedeloiseetdestroisforets","typeCollectivite":"EPCI","typeEpci":"Communauté de communes","adresse":{"street":"1 avenue Jules-Dupré","postalCode":"95290","city":"L'Isle-Adam","country":"France"},"contacts":{"email":"contact@ccvo3f.fr","telephone":"0134691206"},"horaires":"Du Lundi au Vendredi : de 09h00 à 12h00 de 14h00 à 17h00","website":"https://www.ccvo3f.fr/fr/","hasWebsite":true,"hasEmail":true,"hasTelephone":true,"latitude":49.10545,"longitude":2.2134604,"url":"https://lannuaire.service-public.gouv.fr/ile-de-france/val-d-oise/dfba97ae-a5f8-4f2e-b855-8fbfb8f19cbe"}
{"nom":"Communauté de communes - Le Dourdannais en Hurepoix","nomNormalise":"communautedecommunesledourdannaisenhurepoix","typeCollectivite":"EPCI","typeEpci":"Communauté de communes","adresse":{"street":"17 rue Pierre-Ceccaldi","postalCode":"91410","city":"Dourdan","country":"France"},"contacts":{"email":"contact@ccdourdannais.com","telephone":"0160811220"},"horaires":"Du Lundi au Vendredi : de 08h30 à 12h00 de 13h30 à 17h00","website":"https://www.ccdourdannais.com/","hasWebsite":true,"hasEmail":true,"hasTelephone":true,"latitude":48.529366,"longitude":2.0157857,"url":"https://lannuaire.service-public.gouv.fr/ile-de-france/essonne/60658850-d285-4f05-8510-f17a3711c5d3"}
{"nom":"Communauté de communes - Les Portes Briardes - Entre Villes et Forêts","nomNormalise":"communautedecommuneslesportesbriardesentrevillesetforets","typeCollectivite":"EPCI","typeEpci":"Communauté de communes","adresse":{"street":"43 avenue du Général-de-Gaulle","postalCode":"77330","city":"Ozoir-la-Ferrière Cedex","country":"France"},"contacts":{"email":"contact@lesportesbriardes.fr","telephone":"0164433526"},"horaires":"","website":"https://www.lesportesbriardes.fr/","hasWebsite":true,"hasEmail":true,"hasTelephone":true,"latitude":48.76256,"longitude":2.671857,"url":"https://lannuaire.service-public.gouv.fr/ile-de-france/seine-et-marne/cc42b7f8-3b62-4d79-8550-2eeea730d1dc"}
{"nom":"Communauté de communes - Les Portes de l'Île-de-France","nomNormalise":"communautedecommuneslesportesdeliledefrance","typeCollectivite":"EPCI","typeEpci":"Communauté de communes","adresse":{"street":"ZA le Clos Prieur","postalCode":"78840","city":"Freneuse","country":"France"},"contacts":{"email":"accueil@ccpif.fr","telephone":"0130931672"},"horaires":"Du Lundi au Vendredi : de 08h30 à 12h00 de 13h30 à 17h00","website":"https://www.ccpif.fr/","hasWebsite":true,"hasEmail":true,"hasTelephone":true,"latitude":49.040234,"longitude":1.5891176,"url":"https://lannuaire.service-public.gouv.fr/ile-de-france/yvelines/80bf6773-3d4f-498b-8275-e24dc653bf1d"}
{"nom":"Communauté de communes - Pays Houdanais (CCPH)","nomNormalise":"communautedecommunespayshoudanaisccph","typeCollectivite":"EPCI","typeEpci":"Communauté de communes","adresse":{"street":"22 porte d'Epernon","postalCode":"78550","city":"Maulette","country":"France"},"contacts":{"email":"ccph@cc-payshoudanais.fr","telephone":"0130468280"},"horaires":"Du Lundi au Mercredi : de 08h30 à 12h30 de 13h30 à 17h30 | Le Jeudi : de 13h30 à 19h00 | Le Vendredi : de 08h30 à 12h30 de 13h30 à 17h30","website":"https://www.cc-payshoudanais.fr/","hasWebsite":true,"hasEmail":true,"hasTelephone":true,"latitude":48.78732,"longitude":1.606303,"url":"https://lannuaire.service-public.gouv.fr/ile-de-france/yvelines/e46b86f5-aa86-477d-9839-0965492089c4"}
{"nom":"Communauté de communes - Pays de l'Ourcq","nomNormalise":"communautedecommunespaysdelourcq","typeCollectivite":"EPCI","typeEpci":"Communauté de communes","adresse":{"street":"2 avenue Louis-Delahaye","postalCode":"77440","city":"Ocquerre","country":"France"},"contacts":{"email":"ccpo@paysdelourcq.fr","telephone":"0160615500"},"horaires":"Du Lundi au Vendredi : de 09h00 à 12h00 de 14h00 à 17h00","website":"https://www.paysdelourcq.fr/accueil","hasWebsite":true,"hasEmail":true,"hasTelephone":true,"latitude":49.02389,"longitude":3.031287,"url":"https://lannuaire.service-public.gouv.fr/ile-de-france/seine-et-marne/c2e3c31c-dffc-4775-ba21-76effc360a37"}
{"nom":"Communauté de communes - Pays de Limours (CCPL)","nomNormalise":"communautedecommunespaysdelimoursccpl","typeCollectivite":"EPCI","typeEpci":"Communauté de communes","adresse":{"street":"615 rue Fontaine-de-Ville","postalCode":"91640","city":"Briis-sous-Forges","country":"France"},"contacts":{"email":"accueil@cc-paysdelimours.fr","telephone":"0164907900"},"horaires":"Du Lundi au Jeudi : de 09h00 à 12h30 de 13h30 à 17h30 | Le Vendredi : de 09h00 à 12h30 de 13h30 à 17h00","website":"https://www.cc-paysdelimours.fr/","hasWebsite":true,"hasEmail":true,"hasTelephone":true,"latitude":48.62542,"longitude":2.121048,"url":"https://lannuaire.service-public.gouv.fr/ile-de-france/essonne/9b8c9bc2-a523-4d97-8ab2-b550196270f5"}
{"nom":"Communauté de communes - Pays de Montereau","nomNormalise":"communautedecommunespaysdemontereau","typeCollectivite":"EPCI","typeEpci":"Communauté de communes","adresse":{"street":"29 avenue du Général-De-Gaulle","postalCode":"77130","city":"Montereau-Fault-Yonne","country":"France"},"contacts":{"email":"contact@paysdemontereau.fr","telephone":"0160734400"},"horaires":"Du Lundi au Vendredi : de 09h00 à 12h00 de 14h00 à 17h00","website":"https://paysdemontereau77.fr/","hasWebsite":true,"hasEmail":true,"hasTelephone":true,"latitude":48.38123,"longitude":2.9490936,"url":"https://lannuaire.service-public.gouv.fr/ile-de-france/seine-et-marne/20ba5899-f6b9-44c1-bf32-d0d95b71d470"}
{"nom":"Communauté de communes - Pays de Nemours","nomNormalise":"communautedecommunespaysdenemours","typeCollectivite":"EPCI","typeEpci":"Communauté de communes","adresse":{"street":"41 quai Victor-Hugo","postalCode":"77140","city":"Nemours","country":"France"},"contacts":{"email":"secretariat@paysdenemours.fr","telephone":"0164786905"},"horaires":"Du Lundi au Jeudi : de 09h00 à 12h00 de 13h30 à 17h00 | Le Vendredi : de 09h00 à 12h00 de 13h30 à 16h30 Accueil ouvert sur rendez-vous de préférence.","website":"https://www.paysdenemours.fr/","hasWebsite":true,"hasEmail":true,"hasTelephone":true,"latitude":48.26571,"longitude":2.693678,"url":"https://lannuaire.service-public.gouv.fr/ile-de-france/seine-et-marne/f29a5c35-b951-407b-91d9-52231c26d655"}
{"nom":"Communauté de communes - Plaines et Monts de France","nomNormalise":"communautedecommunesplainesetmontsdefrance","typeCollectivite":"EPCI","typeEpci":"Communauté de communes","adresse":{"street":"6 rue du Général-de-Gaulle","postalCode":"77230","city":"Dammartin-en-Goële","country":"France"},"contacts":{"email":"contact@cc-pmf.fr","telephone":"0160546840"},"horaires":"Du Lundi au Jeudi : de 09h00 à 12h30 de 13h30 à 17h30 | Le Vendredi : de 09h00 à 12h30 de 13h30 à 16h45","website":"http://www.cc-pmf.fr/","hasWebsite":true,"hasEmail":true,"hasTelephone":true,"latitude":49.053123,"longitude":2.674706,"url":"https://lannuaire.service-public.gouv.fr/ile-de-france/seine-et-marne/4fa013ed-00ec-464a-a25b-ac1e58e0afbc"}
{"nom":"Communauté de communes - Provinois","nomNormalise":"communautedecommunesprovinois","typeCollectivite":"EPCI","typeEpci":"Communauté de communes","adresse":{"street":"7 cour des Bénédictins","postalCode":"77160","city":"Provins","country":"France"},"contacts":{"email":"accueil@cc-du-provinois.fr","telephone":"0160586058"},"horaires":"Du Lundi au Jeudi : de 08h30 à 12h30 de 13h30 à 17h30 | Le Vendredi : de 08h30 à 12h30","website":"https://www.cc-provinois.fr/","hasWebsite":true,"hasEmail":true,"hasTelephone":true,"latitude":48.55991,"longitude":3.3010483,"url":"https://lannuaire.service-public.gouv.fr/ile-de-france/seine-et-marne/c6f1f8c3-1fb7-4593-9f11-fa794bce20fc"}
{"nom":"Communauté de communes - Sausseron Impressionnistes","nomNormalise":"communautedecommunessausseronimpressionnistes","typeCollectivite":"EPCI","typeEpci":"Communauté de communes","adresse":{"street":"Mairie","postalCode":"95430","city":"Auvers-sur-Oise","country":"France"},"contacts":{"email":"secretariat@sausseron-impressionnistes.fr","telephone":"0185380370"},"horaires":"Du Lundi au Vendredi : de 08h30 à 12h00 de 13h30 à 17h00","website":"http://www.sausseron-impressionnistes.fr/","hasWebsite":true,"hasEmail":true,"hasTelephone":true,"latitude":49.070354,"longitude":2.171411,"url":"https://lannuaire.service-public.gouv.fr/ile-de-france/val-d-oise/0c63942b-b5a0-40dc-9111-78e93e55543c"}
{"nom":"Communauté de communes - Val Briard","nomNormalise":"communautedecommunesvalbriard","typeCollectivite":"EPCI","typeEpci":"Communauté de communes","adresse":{"street":"2 rue des Vieilles-Chapelles","postalCode":"77610","city":"Les Chapelles-Bourbon","country":"France"},"contacts":{"email":"contact@valbriard.fr","telephone":"0164513326"},"horaires":"Du Lundi au Vendredi : de 09h00 à 12h30 de 13h30 à 17h00","website":"https://valbriard.fr/","hasWebsite":true,"hasEmail":true,"hasTelephone":true,"latitude":48.736248,"longitude":2.8420093,"url":"https://lannuaire.service-public.gouv.fr/ile-de-france/seine-et-marne/2fe015f7-a85d-497b-9888-e92d430e8602"}
{"nom":"Communauté de communes - Val d'Essonne","nomNormalise":"communautedecommunesvaldessonne","typeCollectivite":"EPCI","typeEpci":"Communauté de communes","adresse":{"street":"Parvis des communautés","postalCode":"91610","city":"Ballancourt-sur-Essonne","country":"France"},"contacts":{"email":"ccve@ccvalessonne.com","telephone":"0164932120"},"horaires":"Du Lundi au Jeudi : de 09h00 à 12h00 de 14h00 à 18h00 | Le Vendredi : de 09h00 à 12h00 de 14h00 à 17h30","website":"https://valessonne.fr/","hasWebsite":true,"hasEmail":true,"hasTelephone":true,"latitude":48.526646,"longitude":2.3795316,"url":"https://lannuaire.service-public.gouv.fr/ile-de-france/essonne/2717b775-fd05-4756-b130-c43f246ba8a7"}
{"nom":"Communauté de communes - Vexin Centre","nomNormalise":"communautedecommunesvexincentre","typeCollectivite":"EPCI","typeEpci":"Communauté de communes","adresse":{"street":"1 rue de Rouen","postalCode":"95450","city":"Vigny","country":"France"},"contacts":{"email":"administration@ccvexincentre.fr","telephone":"0130392334"},"horaires":"Du Lundi au Vendredi : de 08h30 à 12h30 de 13h30 à 17h30","website":"https://ccvexincentre.fr/","hasWebsite":true,"hasEmail":true,"hasTelephone":true,"latitude":49.08637,"longitude":1.9226255,"url":"https://lannuaire.service-public.gouv.fr/ile-de-france/val-d-oise/7fbccef9-cd26-465f-82d0-771156eee9e6"}
{"nom":"Communauté de communes - Vexin-Val de Seine","nomNormalise":"communautedecommunesvexinvaldeseine","typeCollectivite":"EPCI","typeEpci":"Communauté de communes","adresse":{"street":"12 rue des Frères-Montgolfier","postalCode":"95420","city":"Magny-en-Vexin","country":"France"},"contacts":{"email":"secretariat@vexinvaldeseine.fr","telephone":"0186350036"},"horaires":"Du Lundi au Vendredi : de 09h30 à 12h30 de 14h00 à 17h00","website":"https://vexinvaldeseine.fr/","hasWebsite":true,"hasEmail":true,"hasTelephone":true,"latitude":49.146515,"longitude":1.783503,"url":"https://lannuaire.service-public.gouv.fr/ile-de-france/val-d-oise/31862daa-7cdf-44ad-a4cf-911c1c97782e"}
{"nom":"Communauté urbaine - Grand Paris Seine et Oise","nomNormalise":"communauteurbainegrandparisseineetoise","typeCollectivite":"EPCI","typeEpci":"Communauté urbaine","adresse":{"street":"Immeuble Autoneum","postalCode":"78410","city":"Aubergenville","country":"France"},"contacts":{"email":"","telephone":"0182860086"},"horaires":"Du Lundi au Vendredi : de 08h30 à 12h00 de 13h30 à 17h00","website":"https://www.gpseo.fr/","hasWebsite":true,"hasEmail":false,"hasTelephone":true,"latitude":48.95843,"longitude":1.8558348,"url":"https://lannuaire.service-public.gouv.fr/ile-de-france/yvelines/3213b523-3f7e-4a6f-9912-303add774cbb"}
{"nom":"France services - Communauté de communes de Moret Seine et Loing (multisites)","nomNormalise":"franceservicescommunautedecommunesdemoretseineetloingmultisites","typeCollectivite":"EPCI","typeEpci":"Communauté de communes","adresse":{"street":"Allée Gustave Prugnat","postalCode":"77250","city":"Moret-Loing-et-Orvanne","country":"France"},"contacts":{"email":"ccmsl@ccmsl.com","telephone":"0160706614"},"horaires":"Du Lundi au Vendredi : de 09h00 à 12h00 de 13h30 à 17h00","website":"https://www.ccmsl.fr/","hasWebsite":true,"hasEmail":true,"hasTelephone":true,"latitude":48.373028,"longitude":2.815915,"url":"https://lannuaire.service-public.gouv.fr/ile-de-france/seine-et-marne/82ffaf4c-b38e-404f-8d16-5c464cd4bc1f"}
{"nom":"Métropole - Grand Paris","nomNormalise":"metropolegrandparis","typeCollectivite":"EPCI","typeEpci":"","adresse":{"street":"15-19 avenue Pierre-Mendès-France","postalCode":"75013","city":"Paris","country":"France"},"contacts":{"email":"contact@metropolegrandparis.fr","telephone":"0182287800"},"horaires":"Accueil téléphonique uniquement.","website":"https://www.metropolegrandparis.fr/fr","hasWebsite":true,"hasEmail":true,"hasTelephone":true,"latitude":48.83755,"longitude":2.370824,"url":"https://lannuaire.service-public.gouv.fr/ile-de-france/paris/cd6d613b-65e4-4392-932a-58e98aaaa933"}
