{"nom":"Communauté d'agglomération - Blois","nomNormalise":"communautedagglomerationblois","typeCollectivite":"EPCI","typeEpci":"Communauté d’agglomération","adresse":{"street":"Hôtel d'agglomération","postalCode":"41043","city":"Blois Cedex","country":"France"},"contacts":{"email":"contact@agglopolys.fr","telephone":"0254903535"},"horaires":"Du Lundi au Mardi : de 08h30 à 17h30 | Le Mercredi : de 08h30 à 17h00 | Du Jeudi au Vendredi : de 08h30 à 17h30","website":"http://www.agglopolys.fr/","hasWebsite":true,"hasEmail":true,"hasTelephone":true,"latitude":47.58795,"longitude":1.3362719,"url":"https://lannuaire.service-public.gouv.fr/centre-val-de-loire/loir-et-cher/f2045ea3-baa1-414c-b50b-4ce49de959f5"}
{"nom":"Communauté d'agglomération - Bourges Plus","nomNormalise":"communautedagglomerationbourgesplus","typeCollectivite":"EPCI","typeEpci":"Communauté d’agglomération","adresse":{"street":"4 boulevard de l'Avenir","postalCode":"18000","city":"Bourges","country":"France"},"contacts":{"email":"service.clientele@agglo-bourgesplus.fr","telephone":"0800897730"},"horaires":"Le Lundi : de 09h00 à 12h00 de 13h30 à 17h00 | Le Mardi : de 10h00 à 12h00 de 13h30 à 17h00 | Du Mercredi au Vendredi : de 09h00 à 12h00 de 13h30 à 17h00","website":"https://www.agglo-bourgesplus.fr/","hasWebsite":true,"hasEmail":true,"hasTelephone":true,"latitude":47.08202,"longitude":2.3837526,"url":"https://lannuaire.service-public.gouv.fr/centre-val-de-loire/cher/32a6d646-b93b-48d9-8505-06664035e126"}
{"nom":"Communauté d'agglomération - Chartres Métropole","nomNormalise":"communautedagglomerationchartresmetropole","typeCollectivite":"EPCI","typeEpci":"Communauté d’agglomération","adresse":{"street":"Place des Halles","postalCode":"28000","city":"Chartres","country":"France"},"contacts":{"email":"contact@agglo-ville.chartres.fr","telephone":"0237234000"},"horaires":"Du Lundi au Vendredi : de 09h00 à 18h00 | Le Samedi : de 09h00 à 12h30 Accueil ouvert uniquement pour les démarches administratives.","website":"https://www.chartres-metropole.fr/","hasWebsite":true,"hasEmail":true,"hasTelephone":true,"latitude":48.443962,"longitude":1.487633,"url":"https://lannuaire.service-public.gouv.fr/centre-val-de-loire/eure-et-loir/eb9313cf-a218-4554-aed0-17171be25368"}
{"nom":"Communauté d'agglomération - Châteauroux Métropole","nomNormalise":"communautedagglomerationchateaurouxmetropole","typeCollectivite":"EPCI","typeEpci":"Communauté d’agglomération","adresse":{"street":"Place de la République","postalCode":"36012","city":"Châteauroux Cedex","country":"France"},"contacts":{"email":"communication@chateauroux-metropole.fr","telephone":"0254083300"},"horaires":"Du Lundi au Vendredi : de 09h00 à 17h00","website":"https://www.chateauroux-metropole.fr/","hasWebsite":true,"hasEmail":true,"hasTelephone":true,"latitude":46.811623,"longitude":1.692253,"url":"https://lannuaire.service-public.gouv.fr/centre-val-de-loire/indre/faa707af-c1e9-473b-ab40-d1f521b8b10e"}
{"nom":"Communauté d'agglomération - Montargoise et Rives du Loing (AME)","nomNormalise":"communautedagglomerationmontargoiseetrivesduloingame","typeCollectivite":"EPCI","typeEpci":"Communauté d’agglomération","adresse":{"street":"1 rue du Faubourg-de-la-Chaussée","postalCode":"45125","city":"Montargis","country":"France"},"contacts":{"email":"contact@agglo-montargoise.fr","telephone":"0238950202"},"horaires":"Du Lundi au Vendredi : de 09h00 à 12h00 de 14h00 à 17h00","website":"https://www.agglo-montargoise.fr/","hasWebsite":true,"hasEmail":true,"hasTelephone":true,"latitude":47.99775,"longitude":2.7365787,"url":"https://lannuaire.service-public.gouv.fr/centre-val-de-loire/loiret/37f4e54c-54a9-4b47-a056-5f7edb3712b4"}
{"nom":"Communauté d'agglomération - Pays de Dreux","nomNormalise":"communautedagglomerationpaysdedreux","typeCollectivite":"EPCI","typeEpci":"Communauté d’agglomération","adresse":{"street":"4 rue de Châteaudun","postalCode":"28100","city":"Dreux","country":"France"},"contacts":{"email":"contact@dreux-agglomeration.fr","telephone":"0237648200"},"horaires":"Du Lundi au Jeudi : de 09h00 à 12h00 de 13h30 à 17h00 | Le Vendredi : de 09h00 à 12h00 de 13h30 à 16h30","website":"https://www.dreux-agglomeration.fr/","hasWebsite":true,"hasEmail":true,"hasTelephone":true,"latitude":48.736584,"longitude":1.3700916,"url":"https://lannuaire.service-public.gouv.fr/centre-val-de-loire/eure-et-loir/cd135617-cbf4-49e4-9221-a83f5942243f"}
{"nom":"Communauté d'agglomération - Territoires Vendômois","nomNormalise":"communautedagglomerationterritoiresvendomois","typeCollectivite":"EPCI","typeEpci":"Communauté d’agglomération","adresse":{"street":"Parc Ronsard","postalCode":"41100","city":"Vendôme","country":"France"},"contacts":{"email":"courrier@catv41.fr","telephone":"0254894200"},"horaires":"Le Lundi : de 08h30 à 12h00 de 13h30 à 17h30 | Le Mardi : de 13h30 à 17h30 | Du Mercredi au Jeudi : de 08h30 à 12h00 de 13h30 à 17h30 | Le Vendredi : de 08h30 à 17h30","website":"https://www.territoiresvendomois.fr/","hasWebsite":true,"hasEmail":true,"hasTelephone":true,"latitude":47.819225,"longitude":1.021848,"url":"https://lannuaire.service-public.gouv.fr/centre-val-de-loire/loir-et-cher/6ec56d5c-8925-4eb5-8b68-ba5ba265a6cc"}
{"nom":"Communauté de communes - Arnon Boischaut Cher","nomNormalise":"communautedecommunesarnonboischautcher","typeCollectivite":"EPCI","typeEpci":"Communauté de communes","adresse":{"street":"2 rue Brune","postalCode":"18190","city":"Châteauneuf-sur-Cher","country":"France"},"contacts":{"email":"comcom.abc@orange.fr","telephone":"0248604274"},"horaires":"Du Lundi au Jeudi : de 08h30 à 12h00 de 13h30 à 17h30 | Le Vendredi : de 08h30 à 12h00 de 13h30 à 16h30","website":"https://www.comcomabc.fr/","hasWebsite":true,"hasEmail":true,"hasTelephone":true,"latitude":46.857746,"longitude":2.319948,"url":"https://lannuaire.service-public.gouv.fr/centre-val-de-loire/cher/66080191-8942-4bec-bf50-44cd8c6185a6"}
{"nom":"Communauté de communes - Beauce Val de Loire","nomNormalise":"communautedecommunesbeaucevaldeloire","typeCollectivite":"EPCI","typeEpci":"Communauté de communes","adresse":{"street":"9 rue Nationale","postalCode":"41500","city":"Mer","country":"France"},"contacts":{"email":"contact@beaucevaldeloire.fr","telephone":"0254814080"},"horaires":"Du Lundi au Mercredi : de 08h30 à 12h30 de 13h30 à 17h30 | Le Jeudi : de 10h30 à 12h30 de 13h30 à 17h30 | Le Vendredi : de 08h30 à 12h30 de 13h30 à 17h30","website":"https://www.beaucevaldeloire.fr/","hasWebsite":true,"hasEmail":true,"hasTelephone":true,"latitude":47.6997,"longitude":1.5087956,"url":"https://lannuaire.service-public.gouv.fr/centre-val-de-loire/loir-et-cher/f5646667-ab43-497e-b222-2dc572278cea"}
{"nom":"Communauté de communes - Berry Grand Sud","nomNormalise":"communautedecommunesberrygrandsud","typeCollectivite":"EPCI","typeEpci":"Communauté de communes","adresse":{"street":"6 Grande rue","postalCode":"18170","city":"Le Châtelet","country":"France"},"contacts":{"email":"contact@cdc-berry-grand-sud.fr","telephone":"0248563792"},"horaires":"Du Lundi au Vendredi : de 08h30 à 12h30 de 13h30 à 16h30","website":"https://cdc-berry-grand-sud.fr/","hasWebsite":true,"hasEmail":true,"hasTelephone":true,"latitude":46.641777,"longitude":2.2844527,"url":"https://lannuaire.service-public.gouv.fr/centre-val-de-loire/cher/46eace04-0ff0-4fa3-8806-b2eb1b7794ae"}
{"nom":"Communauté de communes - Berry Loire Puisaye","nomNormalise":"communautedecommunesberryloirepuisaye","typeCollectivite":"EPCI","typeEpci":"Communauté de communes","adresse":{"street":"42 rue des Prés-Gris","postalCode":"45250","city":"Briare","country":"France"},"contacts":{"email":"contact@cc-berryloirepuisaye.fr","telephone":"0238370384"},"horaires":"Du Lundi au Jeudi : de 09h00 à 12h00 de 14h00 à 17h00 | Le Vendredi : de 09h00 à 12h00 de 14h00 à 16h30","website":"https://cc-berryloirepuisaye.fr/fr/","hasWebsite":true,"hasEmail":true,"hasTelephone":true,"latitude":47.641796,"longitude":2.7319546,"url":"https://lannuaire.service-public.gouv.fr/centre-val-de-loire/loiret/50a3d8c1-3477-48b3-9af2-9c55b5902194"}
{"nom":"Communauté de communes - Berry Loire Vauvise","nomNormalise":"communautedecommunesberryloirevauvise","typeCollectivite":"EPCI","typeEpci":"Communauté de communes","adresse":{"street":"6 rue Hubert-Gouvernel","postalCode":"18140","city":"Sancergues","country":"France"},"contacts":{"email":"cdc.berryloirevauvise@gmail.com","telephone":"0248793835"},"horaires":"Du Lundi au Vendredi : de 08h00 à 12h00","website":"http://www.cdc-berryloirevauvise.fr/","hasWebsite":true,"hasEmail":true,"hasTelephone":true,"latitude":47.156433,"longitude":2.917474,"url":"https://lannuaire.service-public.gouv.fr/centre-val-de-loire/cher/12c37d3d-2b60-4e70-a5fc-6814174295aa"}
{"nom":"Communauté de communes - Bléré Val de Cher","nomNormalise":"communautedecommunesblerevaldecher","typeCollectivite":"EPCI","typeEpci":"Communauté de communes","adresse":{"street":"39 rue Gambetta","postalCode":"37150","city":"Bléré","country":"France"},"contacts":{"email":"info@cc-autourdechenonceaux.fr","telephone":"0247235863"},"horaires":"Du Lundi au Vendredi : de 09h00 à 17h00","website":"https://www.cc-autourdechenonceaux.fr/","hasWebsite":true,"hasEmail":true,"hasTelephone":true,"latitude":47.335674,"longitude":0.9905306,"url":"https://lannuaire.service-public.gouv.fr/centre-val-de-loire/indre-et-loire/eb1a1b5a-6a23-47d1-a8fe-de23b56ed687"}
{"nom":"Communauté de communes - Bonnevalais","nomNormalise":"communautedecommunesbonnevalais","typeCollectivite":"EPCI","typeEpci":"Communauté de communes","adresse":{"street":"19 rue Saint-Roch","postalCode":"28800","city":"Bonneval","country":"France"},"contacts":{"email":"accueil@cdcdubonnevalais.fr","telephone":"0237473256"},"horaires":"Le Lundi : de 08h30 à 12h00 de 13h45 à 17h00 | Du Mercredi au Vendredi : de 08h30 à 12h00 de 13h45 à 17h00","website":"https://www.comcomdubonnevalais.com/","hasWebsite":true,"hasEmail":true,"hasTelephone":true,"latitude":48.184807,"longitude":1.3888468,"url":"https://lannuaire.service-public.gouv.fr/centre-val-de-loire/eure-et-loir/2647a571-faf0-49ee-a84f-d018ce45499f"}
{"nom":"Communauté de communes - Brenne Val de Creuse","nomNormalise":"communautedecommunesbrennevaldecreuse","typeCollectivite":"EPCI","typeEpci":"Communauté de communes","adresse":{"street":"5 rue de l'Église","postalCode":"36300","city":"Ruffec","country":"France"},"contacts":{"email":"contact@cc-brennevaldecreuse.fr","telephone":"0254283360"},"horaires":"Du Lundi au Jeudi : de 08h00 à 12h00 de 13h30 à 17h30 | Le Vendredi : de 08h00 à 12h00 de 13h30 à 16h30","website":"https://www.cc-brennevaldecreuse.fr/","hasWebsite":true,"hasEmail":true,"hasTelephone":true,"latitude":46.629074,"longitude":1.1707987,"url":"https://lannuaire.service-public.gouv.fr/centre-val-de-loire/indre/1857b010-b436-4d1d-8d1f-1d4098d47aa6"}
{"nom":"Communauté de communes - Canaux et Forêts en Gâtinais","nomNormalise":"communautedecommunescanauxetforetsengatinais","typeCollectivite":"EPCI","typeEpci":"Communauté de communes","adresse":{"street":"155 rue des Érables","postalCode":"45260","city":"Lorris","country":"France"},"contacts":{"email":"accueil@comcomcfg.fr","telephone":"0238923111"},"horaires":"Du Lundi au Vendredi : de 09h00 à 12h45 de 13h45 à 17h00","website":"https://www.comcomcfg.fr/","hasWebsite":true,"hasEmail":true,"hasTelephone":true,"latitude":47.88943,"longitude":2.513268,"url":"https://lannuaire.service-public.gouv.fr/centre-val-de-loire/loiret/2fd36bdf-ac79-4781-8189-0f4ab0aaa1b1"}
{"nom":"Communauté de communes - Castelrenaudais","nomNormalise":"communautedecommunescastelrenaudais","typeCollectivite":"EPCI","typeEpci":"Communauté de communes","adresse":{"street":"5 rue du Four-Brûlé","postalCode":"37110","city":"Château-Renault","country":"France"},"contacts":{"email":"contact@cc-castelrenaudais.fr","telephone":"0247295740"},"horaires":"Du Lundi au Jeudi : de 09h00 à 12h00 de 13h30 à 17h00 | Le Vendredi : de 09h00 à 12h00 de 13h30 à 16h00","website":"https://www.cc-castelrenaudais.fr/","hasWebsite":true,"hasEmail":true,"hasTelephone":true,"latitude":47.590054,"longitude":0.907767,"url":"https://lannuaire.service-public.gouv.fr/centre-val-de-loire/indre-et-loire/b581007e-68f1-4caa-b3da-40d112762f85"}
{"nom":"Communauté de communes - Chabris Pays de Bazelle","nomNormalise":"communautedecommuneschabrispaysdebazelle","typeCollectivite":"EPCI","typeEpci":"Communauté de communes","adresse":{"street":"8 place Albert-Boivin","postalCode":"36210","city":"Chabris","country":"France"},"contacts":{"email":"contact@chabris-bazelle.fr","telephone":"0254401588"},"horaires":"Du Lundi au Vendredi : de 09h00 à 12h15 de 14h00 à 17h15","website":"https://www.chabris-bazelle.fr/","hasWebsite":true,"hasEmail":true,"hasTelephone":true,"latitude":47.255,"longitude":1.6538807,"url":"https://lannuaire.service-public.gouv.fr/centre-val-de-loire/indre/86fded55-d7c1-4c37-9afa-ecf5a2a3ac78"}
{"nom":"Communauté de communes - Champagne Boischauts","nomNormalise":"communautedecommuneschampagneboischauts","typeCollectivite":"EPCI","typeEpci":"Communauté de communes","adresse":{"street":"24 rue de la République","postalCode":"36150","city":"Vatan","country":"France"},"contacts":{"email":"accueil@cc-champagne-boischauts.fr","telephone":"0254497707"},"horaires":"Du Lundi au Mardi : de 08h00 à 12h00 de 13h00 à 16h30 | Le Mercredi : de 08h00 à 12h00 | Le Jeudi : de 08h00 à 12h00 de 13h00 à 16h30 | Le Vendredi : de 08h00 à 12h00","website":"https://www.cc-champagne-boischauts.fr/","hasWebsite":true,"hasEmail":true,"hasTelephone":true,"latitude":47.069298,"longitude":1.8150926,"url":"https://lannuaire.service-public.gouv.fr/centre-val-de-loire/indre/9c535081-7522-4c6d-997a-b1add2809bab"}
{"nom":"Communauté de communes - Châtillonnais en Berry","nomNormalise":"communautedecommuneschatillonnaisenberry","typeCollectivite":"EPCI","typeEpci":"Communauté de communes","adresse":{"street":"1 rue Maurice-Davaillon","postalCode":"36700","city":"Chatillon-sur-Indre","country":"France"},"contacts":{"email":"accueil@chatillonnais-en-berry.fr","telephone":"0254390116"},"horaires":"Du Lundi au Mardi : de 09h00 à 12h00 de 14h00 à 17h00 | Le Mercredi : de 09h00 à 12h00 | Le Jeudi : de 09h00 à 12h00 de 14h00 à 17h00 | Le Vendredi : de 09h00 à 12h00","website":"https://chatillonnais-en-berry.fr/","hasWebsite":true,"hasEmail":true,"hasTelephone":true,"latitude":46.98754,"longitude":1.173442,"url":"https://lannuaire.service-public.gouv.fr/centre-val-de-loire/indre/48a68787-1b62-46a2-a3cd-2590a6ede86a"}
{"nom":"Communauté de communes - Chinon Vienne et Loire","nomNormalise":"communautedecommuneschinonvienneetloire","typeCollectivite":"EPCI","typeEpci":"Communauté de communes","adresse":{"street":"32 rue Marcel-Vignaud","postalCode":"37420","city":"Avoine","country":"France"},"contacts":{"email":"communication@cc-cvl.fr","telephone":"0247937878"},"horaires":"Du Lundi au Jeudi : de 08h30 à 12h30 de 14h00 à 17h30 | Le Vendredi : de 08h30 à 12h30 de 14h00 à 16h30","website":"https://www.chinon-vienne-loire.fr/","hasWebsite":true,"hasEmail":true,"hasTelephone":true,"latitude":47.205704,"longitude":0.181923,"url":"https://lannuaire.service-public.gouv.fr/centre-val-de-loire/indre-et-loire/a36af3ad-32b3-4010-80a7-0ce69675aef9"}
{"nom":"Communauté de communes - Coeur de Beauce","nomNormalise":"communautedecommunescoeurdebeauce","typeCollectivite":"EPCI","typeEpci":"Communauté de communes","adresse":{"street":"ZA de l'Ermitage","postalCode":"28310","city":"Janville","country":"France"},"contacts":{"email":"contact@coeurdebeauce.fr","telephone":"0237901541"},"horaires":"Du Lundi au Vendredi : de 09h00 à 12h00 de 14h00 à 18h00","website":"https://www.coeurdebeauce.fr/","hasWebsite":true,"hasEmail":true,"hasTelephone":true,"latitude":48.203014,"longitude":1.872299,"url":"https://lannuaire.service-public.gouv.fr/centre-val-de-loire/eure-et-loir/2f603f8d-0d05-4352-be94-7c2dc3863cd0"}
{"nom":"Communauté de communes - Coeur de Berry","nomNormalise":"communautedecommunescoeurdeberry","typeCollectivite":"EPCI","typeEpci":"Communauté de communes","adresse":{"street":"13 rue des Tours","postalCode":"18120","city":"Lury-sur-Arnon","country":"France"},"contacts":{"email":"coeurdeberry@orange.fr","telephone":"0248511373"},"horaires":"Du Lundi au Vendredi : de 09h00 à 12h00 de 13h30 à 17h00","website":"https://www.coeurdeberry.fr/","hasWebsite":true,"hasEmail":true,"hasTelephone":true,"latitude":47.145638,"longitude":2.217346,"url":"https://lannuaire.service-public.gouv.fr/centre-val-de-loire/cher/a90d2785-ace4-42f2-8142-891ec1387b8e"}
{"nom":"Communauté de communes - Coeur de Brenne","nomNormalise":"communautedecommunescoeurdebrenne","typeCollectivite":"EPCI","typeEpci":"Communauté de communes","adresse":{"street":"1 rue du Prieuré","postalCode":"36290","city":"Saint-Michel-en-Brenne","country":"France"},"contacts":{"email":"cdc@coeurdebrenne.fr","telephone":"0254381860"},"horaires":"Du Lundi au Mardi : de 09h00 à 12h00 de 13h30 à 17h30 | Le Mercredi : de 09h00 à 12h00 de 14h00 à 17h00 | Le Jeudi : de 09h00 à 12h00 de 13h30 à 17h30 | Le Vendredi : de 09h00 à 12h00 de 13h30 à 16h30","website":"https://www.coeurdebrenne.fr/","hasWebsite":true,"hasEmail":true,"hasTelephone":true,"latitude":46.80778,"longitude":1.159776,"url":"https://lannuaire.service-public.gouv.fr/centre-val-de-loire/indre/dbe4cfad-ec31-4026-9a50-5019c889c426"}
{"nom":"Communauté de communes - Coeur de France","nomNormalise":"communautedecommunescoeurdefrance","typeCollectivite":"EPCI","typeEpci":"Communauté de communes","adresse":{"street":"1 rue Philibert-Audebrand","postalCode":"18200","city":"Saint-Amand-Montrond","country":"France"},"contacts":{"email":"contact@cc-coeurdefrance.fr","telephone":"0248821146"},"horaires":"Du Lundi au Vendredi : de 08h30 à 12h00 de 14h00 à 17h00","website":"https://cc-coeurdefrance.fr/","hasWebsite":true,"hasEmail":true,"hasTelephone":true,"latitude":46.721745,"longitude":2.5068078,"url":"https://lannuaire.service-public.gouv.fr/centre-val-de-loire/cher/89b4843f-2621-4872-9219-5e069e3c5d4f"}
{"nom":"Communauté de communes - Coeur de Sologne","nomNormalise":"communautedecommunescoeurdesologne","typeCollectivite":"EPCI","typeEpci":"Communauté de communes","adresse":{"street":"Place Simone-Veil","postalCode":"41600","city":"Lamotte-Beuvron","country":"France"},"contacts":{"email":"contact@coeurdesologne.com","telephone":"0254830992"},"horaires":"Du Lundi au Mercredi : de 09h00 à 12h00 de 13h30 à 17h30 | Le Jeudi : de 09h00 à 12h00 | Le Vendredi : de 09h00 à 12h00 de 13h30 à 17h30","website":"","hasWebsite":false,"hasEmail":true,"hasTelephone":true,"latitude":47.587337,"longitude":2.015581,"url":"https://lannuaire.service-public.gouv.fr/centre-val-de-loire/loir-et-cher/47f5514b-2401-49dc-94d3-cd14c4eece86"}
{"nom":"Communauté de communes - Collines du Perche","nomNormalise":"communautedecommunescollinesduperche","typeCollectivite":"EPCI","typeEpci":"Communauté de communes","adresse":{"street":"36 rue Gheerbrant","postalCode":"41170","city":"Mondoubleau","country":"France"},"contacts":{"email":"dgs@cc-collinesperche.fr","telephone":"0254897114"},"horaires":"Du Lundi au Vendredi : de 08h30 à 12h00 de 13h30 à 17h00","website":"https://www.cc-collinesperche.fr/","hasWebsite":true,"hasEmail":true,"hasTelephone":true,"latitude":47.98171,"longitude":0.895512,"url":"https://lannuaire.service-public.gouv.fr/centre-val-de-loire/loir-et-cher/2b2f19e4-aa7a-44c8-95b8-64d3613d77cc"}
{"nom":"Communauté de communes - Écueillé Valençay","nomNormalise":"communautedecommunesecueillevalencay","typeCollectivite":"EPCI","typeEpci":"Communauté de communes","adresse":{"street":"23 avenue de la Résistance","postalCode":"36600","city":"Valençay","country":"France"},"contacts":{"email":"accueil@ccev.fr","telephone":"0254003238"},"horaires":"Du Lundi au Jeudi : de 09h00 à 12h00 de 13h30 à 17h00 | Le Vendredi : de 09h00 à 12h00 de 13h30 à 16h30","website":"https://cc-ecueille-valencay.fr/","hasWebsite":true,"hasEmail":true,"hasTelephone":true,"latitude":47.16409,"longitude":1.5589579,"url":"https://lannuaire.service-public.gouv.fr/centre-val-de-loire/indre/b8f37db2-16e3-460d-ab0e-7d438ff15784"}
{"nom":"Communauté de communes - Éguzon Argenton Vallée de la Creuse","nomNormalise":"communautedecommuneseguzonargentonvalleedelacreuse","typeCollectivite":"EPCI","typeEpci":"Communauté de communes","adresse":{"street":"8 rue Simone-de-Beauvoir","postalCode":"36200","city":"Argenton-sur-Creuse","country":"France"},"contacts":{"email":"info@cc-valleedelacreuse.fr","telephone":"0254010900"},"horaires":"Du Lundi au Vendredi : de 08h30 à 12h00 de 13h30 à 17h30","website":"https://lavalleedelacreuse.fr/","hasWebsite":true,"hasEmail":true,"hasTelephone":true,"latitude":46.58616,"longitude":1.525379,"url":"https://lannuaire.service-public.gouv.fr/centre-val-de-loire/indre/1c6e3600-c126-41c5-b417-bdc62a0f3de5"}
{"nom":"Communauté de communes - Entre Beauce et Perche","nomNormalise":"communautedecommunesentrebeauceetperche","typeCollectivite":"EPCI","typeEpci":"Communauté de communes","adresse":{"street":"2 rue du Pavillon","postalCode":"28120","city":"Illiers-Combray","country":"France"},"contacts":{"email":"contact@entrebeauceetperche.fr","telephone":"0237243847"},"horaires":"Du Lundi au Vendredi : de 09h00 à 12h30 de 13h30 à 17h00","website":"https://entrebeauceetperche.fr/","hasWebsite":true,"hasEmail":true,"hasTelephone":true,"latitude":48.29819,"longitude":1.2462827,"url":"https://lannuaire.service-public.gouv.fr/centre-val-de-loire/eure-et-loir/3b7bd96f-42a6-4e80-bd12-690db6c49991"}
{"nom":"Communauté de communes - Fercher Pays Florentais","nomNormalise":"communautedecommunesfercherpaysflorentais","typeCollectivite":"EPCI","typeEpci":"Communauté de communes","adresse":{"street":"Place de la République","postalCode":"18400","city":"Saint-Florent-sur-Cher","country":"France"},"contacts":{"email":"paysflorentais@cc-fercher.fr","telephone":"0248232208"},"horaires":"Du Lundi au Jeudi : de 08h30 à 12h00 de 13h30 à 17h30 | Le Vendredi : de 08h30 à 12h00 de 13h30 à 17h00","website":"https://www.ccfercher.fr/","hasWebsite":true,"hasEmail":true,"hasTelephone":true,"latitude":46.99297,"longitude":2.2445893,"url":"https://lannuaire.service-public.gouv.fr/centre-val-de-loire/cher/90e97dce-f69e-4dbe-89f3-f7f85c29d8c0"}
{"nom":"Communauté de communes - Forêts du Perche","nomNormalise":"communautedecommunesforetsduperche","typeCollectivite":"EPCI","typeEpci":"Communauté de communes","adresse":{"street":"Mairie","postalCode":"28250","city":"Senonches","country":"France"},"contacts":{"email":"contact@foretsduperche.fr","telephone":"0237373728"},"horaires":"Du Lundi au Jeudi : de 09h00 à 12h00 de 14h00 à 18h00 | Le Vendredi : de 09h00 à 12h00 de 14h00 à 17h00","website":"http://www.foretsduperche.fr/","hasWebsite":true,"hasEmail":true,"hasTelephone":true,"latitude":48.56057,"longitude":1.0330724,"url":"https://lannuaire.service-public.gouv.fr/centre-val-de-loire/eure-et-loir/8ba81e2e-2e5c-4133-b1f3-5fd6153acb7a"}
{"nom":"Communauté de communes - Gâtine-Racan","nomNormalise":"communautedecommunesgatineracan","typeCollectivite":"EPCI","typeEpci":"Communauté de communes","adresse":{"street":"6 rue du Chêne-Baudet","postalCode":"37360","city":"Saint-Antoine-du-Rocher","country":"France"},"contacts":{"email":"accueil@gatine-racan.fr","telephone":"0247298100"},"horaires":"Le Lundi : de 08h30 à 12h00 de 14h00 à 17h15 | Le Mardi : de 08h30 à 12h00 | Du Mercredi au Vendredi : de 08h30 à 12h00 de 14h00 à 17h15","website":"https://www.gatine-racan.fr/","hasWebsite":true,"hasEmail":true,"hasTelephone":true,"latitude":47.50424,"longitude":0.620742,"url":"https://lannuaire.service-public.gouv.fr/centre-val-de-loire/indre-et-loire/71f09065-1991-4510-ae71-2da9c9a4d665"}
{"nom":"Communauté de communes - Giennoises","nomNormalise":"communautedecommunesgiennoises","typeCollectivite":"EPCI","typeEpci":"Communauté de communes","adresse":{"street":"3 chemin de Montfort","postalCode":"45500","city":"Gien","country":"France"},"contacts":{"email":"direction@cc-giennoises.fr","telephone":"0238298000"},"horaires":"Du Lundi au Jeudi : de 08h30 à 12h00 de 13h30 à 17h00 | Le Vendredi : de 08h30 à 12h00 de 13h30 à 16h30","website":"https://www.legiennois.fr/","hasWebsite":true,"hasEmail":true,"hasTelephone":true,"latitude":47.697544,"longitude":2.624489,"url":"https://lannuaire.service-public.gouv.fr/centre-val-de-loire/loiret/715aa30c-67fd-4348-9016-46d19cd1e5d9"}
{"nom":"Communauté de communes - Grand Chambord","nomNormalise":"communautedecommunesgrandchambord","typeCollectivite":"EPCI","typeEpci":"Communauté de communes","adresse":{"street":"22 avenue de la Sablière","postalCode":"41250","city":"Bracieux","country":"France"},"contacts":{"email":"contact@grandchambord.fr","telephone":"0254465380"},"horaires":"Le Lundi : de 14h00 à 17h00 | Du Mardi au Jeudi : de 09h15 à 12h15 de 14h00 à 17h00 | Le Vendredi : de 09h15 à 12h15 de 14h00 à 16h00","website":"https://www.grandchambord.fr/","hasWebsite":true,"hasEmail":true,"hasTelephone":true,"latitude":47.551914,"longitude":1.5501812,"url":"https://lannuaire.service-public.gouv.fr/centre-val-de-loire/loir-et-cher/0746a14a-affb-43f7-a6db-92cd10ff06bb"}
{"nom":"Communauté de communes - Grand Châteaudun","nomNormalise":"communautedecommunesgrandchateaudun","typeCollectivite":"EPCI","typeEpci":"Communauté de communes","adresse":{"street":"2 route de Blois","postalCode":"28200","city":"Châteaudun","country":"France"},"contacts":{"email":"contact@grandchateaudun.fr","telephone":"0237449894"},"horaires":"Du Lundi au Vendredi : de 08h30 à 12h30 de 13h45 à 17h00","website":"https://www.grandchateaudun.fr/","hasWebsite":true,"hasEmail":true,"hasTelephone":true,"latitude":48.070972,"longitude":1.3279192,"url":"https://lannuaire.service-public.gouv.fr/centre-val-de-loire/eure-et-loir/3d22665f-7143-4f2e-8bc4-7e13064efc13"}
{"nom":"Communauté de communes - La Beauce Loirétaine","nomNormalise":"communautedecommuneslabeauceloiretaine","typeCollectivite":"EPCI","typeEpci":"Communauté de communes","adresse":{"street":"Chemin des ouches","postalCode":"45410","city":"Sougy","country":"France"},"contacts":{"email":"contact@cc-beauceloiretaine.fr","telephone":"0219230050"},"horaires":"Du Lundi au Mardi : de 08h30 à 12h00 de 13h30 à 16h45 | Le Mercredi : de 08h30 à 12h00 | Du Jeudi au Vendredi : de 08h30 à 12h00 de 13h30 à 16h45","website":"https://www.cc-beauceloiretaine.fr/","hasWebsite":true,"hasEmail":true,"hasTelephone":true,"latitude":48.05435,"longitude":1.792769,"url":"https://lannuaire.service-public.gouv.fr/centre-val-de-loire/loiret/1e0f58ad-6231-49a5-b7e0-e4202dcbcee7"}
{"nom":"Communauté de communes - La Châtre et Sainte Sévère","nomNormalise":"communautedecommuneslachatreetsaintesevere","typeCollectivite":"EPCI","typeEpci":"Communauté de communes","adresse":{"street":"22 place du Général-de-Gaulle","postalCode":"36400","city":"La Châtre","country":"France"},"contacts":{"email":"s.administratif@cdc-lcss.fr","telephone":"0254621010"},"horaires":"Du Lundi au Jeudi : de 09h00 à 12h00 de 14h00 à 17h00 | Le Vendredi : de 09h00 à 12h00","website":"https://cdc-lcss.fr/","hasWebsite":true,"hasEmail":true,"hasTelephone":true,"latitude":46.577652,"longitude":1.985875,"url":"https://lannuaire.service-public.gouv.fr/centre-val-de-loire/indre/4b465cad-5642-4673-9e43-fb91cb0344ff"}
{"nom":"Communauté de communes - La Cléry du Betz et de l'Ouanne","nomNormalise":"communautedecommuneslaclerydubetzetdelouanne","typeCollectivite":"EPCI","typeEpci":"Communauté de communes","adresse":{"street":"569 route de Châtillon-Colligny","postalCode":"45220","city":"Château-Renard","country":"France"},"contacts":{"email":"accueil@3cbo.fr","telephone":"0238952515"},"horaires":"Du Lundi au Jeudi : de 09h00 à 12h00 de 14h00 à 17h00 | Le Vendredi : de 09h00 à 12h00 de 14h00 à 16h30","website":"https://www.3cbo.fr/","hasWebsite":true,"hasEmail":true,"hasTelephone":true,"latitude":47.922565,"longitude":2.9302638,"url":"https://lannuaire.service-public.gouv.fr/centre-val-de-loire/loiret/d7afa4b9-2de1-452a-9730-55a77b34c139"}
{"nom":"Communauté de communes - La Forêt","nomNormalise":"communautedecommuneslaforet","typeCollectivite":"EPCI","typeEpci":"Communauté de communes","adresse":{"street":"15 rue du Mail-Est","postalCode":"45170","city":"Neuville-aux-Bois","country":"France"},"contacts":{"email":"contact@cc-foret.fr","telephone":"0238915288"},"horaires":"Du Lundi au Mardi : de 09h00 à 12h00 de 14h00 à 17h00 | Le Mercredi : de 09h00 à 12h00 | Le Jeudi : de 09h00 à 12h00 de 14h00 à 17h00 | Le Vendredi : de 09h00 à 12h00","website":"https://www.cc-foret.fr/","hasWebsite":true,"hasEmail":true,"hasTelephone":true,"latitude":48.069855,"longitude":2.056602,"url":"https://lannuaire.service-public.gouv.fr/centre-val-de-loire/loiret/fab2e052-a94f-4590-b98c-06ff6d37cf01"}
{"nom":"Communauté de communes - La Marche Berrichonne","nomNormalise":"communautedecommuneslamarcheberrichonne","typeCollectivite":"EPCI","typeEpci":"Communauté de communes","adresse":{"street":"8 rue Jean-Marien-Messant","postalCode":"36140","city":"Aigurande","country":"France"},"contacts":{"email":"contact@ccmarcheberrichonne.fr","telephone":"0254063733"},"horaires":"Du Lundi au Vendredi : de 08h15 à 12h15 de 14h00 à 18h00 | Le Samedi : de 08h15 à 12h15","website":"https://www.ccmarcheberrichonne.fr/site/","hasWebsite":true,"hasEmail":true,"hasTelephone":true,"latitude":46.43264,"longitude":1.825623,"url":"https://lannuaire.service-public.gouv.fr/centre-val-de-loire/indre/4ecbd536-488d-466a-901f-c751f51161ad"}
{"nom":"Communauté de communes - La Plaine du Nord Loiret","nomNormalise":"communautedecommuneslaplainedunordloiret","typeCollectivite":"EPCI","typeEpci":"Communauté de communes","adresse":{"street":"3 rue de l'Avenir","postalCode":"45480","city":"Bazoches-les-Gallerandes","country":"France"},"contacts":{"email":"accueil@cc-plaine-nord-loiret.fr","telephone":"0238396038"},"horaires":"Du Lundi au Vendredi : de 08h30 à 12h00 de 13h30 à 17h00","website":"https://cc-plaine-nord-loiret.fr/","hasWebsite":true,"hasEmail":true,"hasTelephone":true,"latitude":48.161507,"longitude":2.0442314,"url":"https://lannuaire.service-public.gouv.fr/centre-val-de-loire/loiret/93e3d19d-4255-441d-bf45-1348d23f6216"}
{"nom":"Communauté de communes - La Septaine","nomNormalise":"communautedecommuneslaseptaine","typeCollectivite":"EPCI","typeEpci":"Communauté de communes","adresse":{"street":"ZAC Les Alouettes","postalCode":"18520","city":"Avord","country":"France"},"contacts":{"email":"cclaseptaine@cc-laseptaine.fr","telephone":"0248698077"},"horaires":"Du Lundi au Jeudi : de 08h30 à 17h30 | Le Vendredi : de 08h30 à 17h00","website":"http://cc-laseptaine.fr/","hasWebsite":true,"hasEmail":true,"hasTelephone":true,"latitude":47.035625,"longitude":2.653254,"url":"https://lannuaire.service-public.gouv.fr/centre-val-de-loire/cher/6367e3f6-0f95-4398-a7c8-1cc55104be3d"}
{"nom":"Communauté de communes - La Sologne des Etangs","nomNormalise":"communautedecommuneslasolognedesetangs","typeCollectivite":"EPCI","typeEpci":"Communauté de communes","adresse":{"street":"Domaine de Villemorant","postalCode":"41210","city":"Neung-sur-Beuvron","country":"France"},"contacts":{"email":"contact@sologne-des-etangs.fr","telephone":"0254946200"},"horaires":"Du Lundi au Vendredi : de 09h00 à 12h30 de 13h30 à 17h00","website":"https://www.sologne-des-etangs.fr/","hasWebsite":true,"hasEmail":true,"hasTelephone":true,"latitude":47.5342,"longitude":1.8057638,"url":"https://lannuaire.service-public.gouv.fr/centre-val-de-loire/loir-et-cher/0f8bded0-705c-44ba-9290-032087f1504c"}
{"nom":"Communauté de communes - La Sologne des Rivières","nomNormalise":"communautedecommuneslasolognedesrivieres","typeCollectivite":"EPCI","typeEpci":"Communauté de communes","adresse":{"street":"33 boulevard de la République","postalCode":"41300","city":"Salbris","country":"France"},"contacts":{"email":"solognedesrivieres@ccsr.fr","telephone":"0254971040"},"horaires":"Le Lundi : de 13h30 à 17h30 | Du Mardi au Mercredi : de 09h00 à 12h00 de 13h30 à 17h00 | Le Jeudi : de 09h00 à 12h00 | Le Vendredi : de 09h00 à 12h00 de 13h30 à 17h00 | Le Samedi : de 09h00 à 12h00","website":"https://sologne-des-rivieres.fr/","hasWebsite":true,"hasEmail":true,"hasTelephone":true,"latitude":47.42464,"longitude":2.053284,"url":"https://lannuaire.service-public.gouv.fr/centre-val-de-loire/loir-et-cher/86399de6-2317-47e7-80fc-dc72d64a8f7c"}
{"nom":"Communauté de communes - Le Dunois","nomNormalise":"communautedecommunesledunois","typeCollectivite":"EPCI","typeEpci":"Communauté de communes","adresse":{"street":"Place du Champ-de-Foire","postalCode":"18130","city":"Dun-sur-Auron","country":"France"},"contacts":{"email":"contact@cdcledunois.fr","telephone":"0248591632"},"horaires":"Le Lundi : de 13h30 à 17h30 | Du Mardi au Jeudi : de 08h30 à 12h00 de 13h30 à 17h30 | Le Vendredi : de 08h30 à 12h00 de 13h30 à 17h00","website":"","hasWebsite":false,"hasEmail":true,"hasTelephone":true,"latitude":46.88752,"longitude":2.5727725,"url":"https://lannuaire.service-public.gouv.fr/centre-val-de-loire/cher/10cb3b9b-928f-4d2c-b14b-42c8ba2d83e3"}
{"nom":"Communauté de communes - Les Trois Provinces","nomNormalise":"communautedecommuneslestroisprovinces","typeCollectivite":"EPCI","typeEpci":"Communauté de communes","adresse":{"street":"21 rue Pierre-Caldi","postalCode":"18600","city":"Sancoins","country":"France"},"contacts":{"email":"contact@cc3p.fr","telephone":"0248800928"},"horaires":"Du Lundi au Vendredi : de 09h00 à 12h00 de 13h00 à 16h00","website":"https://www.cc3p.fr/","hasWebsite":true,"hasEmail":true,"hasTelephone":true,"latitude":46.83378,"longitude":2.928581,"url":"https://lannuaire.service-public.gouv.fr/centre-val-de-loire/cher/7ca0ed72-f637-4f65-9029-88f9af27ade0"}
{"nom":"Communauté de communes - Levroux-Boischaut-Champagne","nomNormalise":"communautedecommuneslevrouxboischautchampagne","typeCollectivite":"EPCI","typeEpci":"Communauté de communes","adresse":{"street":"10 place de l'Hôtel-de-Ville","postalCode":"36110","city":"Levroux","country":"France"},"contacts":{"email":"accueil@levroux.fr","telephone":"0254357054"},"horaires":"Du Lundi au Jeudi : de 09h00 à 12h00 de 14h00 à 17h00 | Le Vendredi : de 09h00 à 12h00 de 14h00 à 16h00","website":"https://www.ville-levroux.fr/interco.html","hasWebsite":true,"hasEmail":true,"hasTelephone":true,"latitude":46.97967,"longitude":1.6145419,"url":"https://lannuaire.service-public.gouv.fr/centre-val-de-loire/indre/81a1a97c-ca46-4ce4-a380-48bc29327eb6"}
{"nom":"Communauté de communes - Loches Sud Touraine","nomNormalise":"communautedecommuneslochessudtouraine","typeCollectivite":"EPCI","typeEpci":"Communauté de communes","adresse":{"street":"12 avenue de la Liberté","postalCode":"37600","city":"Loches","country":"France"},"contacts":{"email":"accueil@lochessudtouraine.com","telephone":"0247911920"},"horaires":"Du Lundi au Vendredi : de 08h30 à 12h30 de 14h00 à 17h00","website":"https://www.lochessudtouraine.com/","hasWebsite":true,"hasEmail":true,"hasTelephone":true,"latitude":47.12773,"longitude":0.9990692,"url":"https://lannuaire.service-public.gouv.fr/centre-val-de-loire/indre-et-loire/1a0a6d88-b4f2-4f16-b2b5-2c69934e06d5"}
{"nom":"Communauté de communes - Loges","nomNormalise":"communautedecommunesloges","typeCollectivite":"EPCI","typeEpci":"Communauté de communes","adresse":{"street":"54 rue du Clos-Renard","postalCode":"45110","city":"Châteauneuf-sur-Loire","country":"France"},"contacts":{"email":"secretariat@cc-loges.fr","telephone":"0238469966"},"horaires":"Du Lundi au Jeudi : de 09h00 à 12h00 de 14h00 à 17h00 | Le Vendredi : de 09h00 à 12h00 de 14h00 à 16h00","website":"https://www.cc-loges.fr/","hasWebsite":true,"hasEmail":true,"hasTelephone":true,"latitude":47.86489,"longitude":2.204741,"url":"https://lannuaire.service-public.gouv.fr/centre-val-de-loire/loiret/a3767d4d-7666-4c6a-bbd8-4728297ef8d8"}
{"nom":"Communauté de communes - Marche Occitane Val d'Anglin","nomNormalise":"communautedecommunesmarcheoccitanevaldanglin","typeCollectivite":"EPCI","typeEpci":"Communauté de communes","adresse":{"street":"2 place Saint-Christophe","postalCode":"36370","city":"Lignac","country":"France"},"contacts":{"email":"contact@cdcmova.fr","telephone":"0254243140"},"horaires":"Du Lundi au Vendredi : de 09h00 à 12h00 de 14h00 à 17h00","website":"https://cdc-mova.fr/","hasWebsite":true,"hasEmail":true,"hasTelephone":true,"latitude":46.46665,"longitude":1.21766,"url":"https://lannuaire.service-public.gouv.fr/centre-val-de-loire/indre/3ec0cc7e-0cb4-4013-98fd-f4023b16cf93"}
{"nom":"Communauté de communes - Pays Fort Sancerrois Val de Loire","nomNormalise":"communautedecommunespaysfortsancerroisvaldeloire","typeCollectivite":"EPCI","typeEpci":"Communauté de communes","adresse":{"street":"41 rue Basse-des-Remparts","postalCode":"18300","city":"Sancerre","country":"France"},"contacts":{"email":"secretariat@cdc-du-sancerrois.fr","telephone":"0248547434"},"horaires":"Du Lundi au Vendredi : de 08h30 à 12h00 de 13h30 à 17h00","website":"https://www.comcompsv.fr/","hasWebsite":true,"hasEmail":true,"hasTelephone":true,"latitude":47.330013,"longitude":2.836669,"url":"https://lannuaire.service-public.gouv.fr/centre-val-de-loire/cher/e2b89a70-4ec8-482e-94fb-dd6a23d8cf11"}
{"nom":"Communauté de communes - Pays d'Issoudun","nomNormalise":"communautedecommunespaysdissoudun","typeCollectivite":"EPCI","typeEpci":"Communauté de communes","adresse":{"street":"Place des Droits-de-l'Homme","postalCode":"36100","city":"Issoudun","country":"France"},"contacts":{"email":"ccpi@issoudun.fr","telephone":"0254033636"},"horaires":"Le Lundi : de 13h30 à 18h00 | Du Mardi au Vendredi : de 08h30 à 12h00 de 13h30 à 18h00 | Le Samedi : de 08h30 à 12h00","website":"https://www.issoudun.fr/vivre-a-issoudun/ccpi/","hasWebsite":true,"hasEmail":true,"hasTelephone":true,"latitude":46.94785,"longitude":1.988218,"url":"https://lannuaire.service-public.gouv.fr/centre-val-de-loire/indre/4b9575d2-70d4-470a-a622-0b79613ca1fa"}
{"nom":"Communauté de communes - Pays de Nérondes","nomNormalise":"communautedecommunespaysdenerondes","typeCollectivite":"EPCI","typeEpci":"Communauté de communes","adresse":{"street":"27 route de Saint-Amand","postalCode":"18350","city":"Nérondes","country":"France"},"contacts":{"email":"accueil@cdcpaysnerondes.com","telephone":"0248776204"},"horaires":"Du Mardi au Vendredi : de 08h30 à 12h30 de 13h30 à 17h00","website":"https://cdcpaysnerondes.com/","hasWebsite":true,"hasEmail":true,"hasTelephone":true,"latitude":46.994312,"longitude":2.8178086,"url":"https://lannuaire.service-public.gouv.fr/centre-val-de-loire/cher/3369c1f9-70e6-4998-9198-560dc67be1c3"}
{"nom":"Communauté de communes - Perche","nomNormalise":"communautedecommunesperche","typeCollectivite":"EPCI","typeEpci":"Communauté de communes","adresse":{"street":"3 rue Doullay","postalCode":"28400","city":"Nogent-le-Rotrou","country":"France"},"contacts":{"email":"contact@cc-perche.fr","telephone":"0237521882"},"horaires":"Du Lundi au Vendredi : de 08h30 à 12h15 de 13h45 à 17h00","website":"https://www.cc-perche.fr/","hasWebsite":true,"hasEmail":true,"hasTelephone":true,"latitude":48.32275,"longitude":0.825085,"url":"https://lannuaire.service-public.gouv.fr/centre-val-de-loire/eure-et-loir/ff4cca9c-0bed-466d-90a3-b2e166e2f897"}
{"nom":"Communauté de communes - Perche et Haut Vendômois","nomNormalise":"communautedecommunespercheethautvendomois","typeCollectivite":"EPCI","typeEpci":"Communauté de communes","adresse":{"street":"Place Pierre-Genevée","postalCode":"41160","city":"Freteval","country":"France"},"contacts":{"email":"cchv@cchv41.fr","telephone":"0254827491"},"horaires":"Du Lundi au Vendredi : de 09h00 à 12h00 de 14h00 à 17h00","website":"https://cphv41.fr/","hasWebsite":true,"hasEmail":true,"hasTelephone":true,"latitude":47.889458,"longitude":1.208877,"url":"https://lannuaire.service-public.gouv.fr/centre-val-de-loire/loir-et-cher/48f284d1-650a-41ab-b5ef-287623247236"}
{"nom":"Communauté de communes - Pithiverais","nomNormalise":"communautedecommunespithiverais","typeCollectivite":"EPCI","typeEpci":"Communauté de communes","adresse":{"street":"5 route de Toury","postalCode":"45300","city":"Pithiviers-le-Vieil","country":"France"},"contacts":{"email":"accueil@ccdp.fr","telephone":"0238327610"},"horaires":"Le Lundi : de 13h30 à 16h30 | Le Mardi : de 08h30 à 12h00 de 13h30 à 16h30 | Le Mercredi : de 08h30 à 12h00 | Du Jeudi au Vendredi : de 08h30 à 12h00 de 13h30 à 16h30","website":"https://www.ccdp.fr/","hasWebsite":true,"hasEmail":true,"hasTelephone":true,"latitude":48.1697,"longitude":2.23064,"url":"https://lannuaire.service-public.gouv.fr/centre-val-de-loire/loiret/9da445e5-9bf3-4785-a0c2-872039854cce"}
{"nom":"Communauté de communes - Pithiverais-Gâtinais","nomNormalise":"communautedecommunespithiveraisgatinais","typeCollectivite":"EPCI","typeEpci":"Communauté de communes","adresse":{"street":"3 bis rue des Déportés","postalCode":"45340","city":"Beaune-la-Rolande","country":"France"},"contacts":{"email":"accueil.beaunois@pithiveraisgatinais.fr","telephone":"0238339268"},"horaires":"Du Lundi au Jeudi : de 09h00 à 12h30 de 13h30 à 17h30 | Le Vendredi : de 09h00 à 12h30 de 13h30 à 16h30","website":"https://www.pithiveraisgatinais.fr/","hasWebsite":true,"hasEmail":true,"hasTelephone":true,"latitude":48.071205,"longitude":2.433774,"url":"https://lannuaire.service-public.gouv.fr/centre-val-de-loire/loiret/97726be2-fe54-4048-8ac2-90d34977d916"}
{"nom":"Communauté de communes - Portes du Berry entre Loire et Val d'Aubois","nomNormalise":"communautedecommunesportesduberryentreloireetvaldaubois","typeCollectivite":"EPCI","typeEpci":"Communauté de communes","adresse":{"street":"54 route de Nevers","postalCode":"18320","city":"Jouet-sur-l'Aubois","country":"France"},"contacts":{"email":"cdcportesduberry@orange.fr","telephone":"0248775550"},"horaires":"Du Lundi au Mardi : de 09h00 à 12h00 de 13h30 à 17h00 | Le Mercredi : de 09h00 à 12h00 | Le Jeudi : de 09h00 à 12h00 de 13h30 à 17h00 | Le Vendredi : de 09h00 à 12h00 de 13h30 à 17h00","website":"https://www.cdc-portesduberry.fr/","hasWebsite":true,"hasEmail":true,"hasTelephone":true,"latitude":47.04,"longitude":2.9970925,"url":"https://lannuaire.service-public.gouv.fr/centre-val-de-loire/cher/93d007d2-03af-444c-a879-1fa24bc5b533"}
{"nom":"Communauté de communes - Portes Euréliennes d'Île-de-France","nomNormalise":"communautedecommunesporteseureliennesdiledefrance","typeCollectivite":"EPCI","typeEpci":"Communauté de communes","adresse":{"street":"22 rue de savonniere","postalCode":"28230","city":"Épernon","country":"France"},"contacts":{"email":"contact@porteseureliennesidf.fr","telephone":"0237834933"},"horaires":"Du Lundi au Jeudi : de 09h00 à 12h30 de 13h30 à 17h30 | Le Vendredi : de 09h00 à 12h30 de 13h30 à 17h00","website":"https://www.porteseureliennesidf.fr/","hasWebsite":true,"hasEmail":true,"hasTelephone":true,"latitude":48.60279,"longitude":1.676289,"url":"https://lannuaire.service-public.gouv.fr/centre-val-de-loire/eure-et-loir/de59be2a-5052-4f01-acb5-cc302ec7a33a"}
{"nom":"Communauté de communes - Portes de Sologne","nomNormalise":"communautedecommunesportesdesologne","typeCollectivite":"EPCI","typeEpci":"Communauté de communes","adresse":{"street":"Mairie","postalCode":"45240","city":"La Ferté-Saint-Aubin","country":"France"},"contacts":{"email":"ccps@ccportesdesologne.fr","telephone":"0238648391"},"horaires":"Le Lundi : de 09h00 à 11h45 de 13h30 à 17h15 | Le Mardi : de 09h00 à 11h45 | Le Mercredi : de 09h00 à 11h45 de 13h30 à 17h15 | Le Jeudi : de 09h00 à 11h45 | Le Vendredi : de 09h00 à 11h45 de 13h30 à 17h15","website":"https://www.ccportesdesologne.fr/","hasWebsite":true,"hasEmail":true,"hasTelephone":true,"latitude":47.71366,"longitude":1.9229648,"url":"https://lannuaire.service-public.gouv.fr/centre-val-de-loire/loiret/33558b18-417f-41af-978a-81911a2c8a11"}
{"nom":"Communauté de communes - Quatre Vallées","nomNormalise":"communautedecommunesquatrevallees","typeCollectivite":"EPCI","typeEpci":"Communauté de communes","adresse":{"street":"4 place Saint-Macé","postalCode":"45210","city":"Ferrières-en-Gâtinais","country":"France"},"contacts":{"email":"secretariatcc4v@cc4v.fr","telephone":"0238260270"},"horaires":"Du Lundi au Jeudi : de 09h00 à 12h00 de 14h00 à 17h00 | Le Vendredi : de 09h00 à 12h00 de 14h00 à 16h00","website":"https://www.cc4v.fr/","hasWebsite":true,"hasEmail":true,"hasTelephone":true,"latitude":48.089966,"longitude":2.7914853,"url":"https://lannuaire.service-public.gouv.fr/centre-val-de-loire/loiret/842534ea-55e1-4d40-9d67-b8beeb6944e6"}
{"nom":"Communauté de communes - Romorantinais et du Monestois","nomNormalise":"communautedecommunesromorantinaisetdumonestois","typeCollectivite":"EPCI","typeEpci":"Communauté de communes","adresse":{"street":"Rue Normant","postalCode":"41200","city":"Romorantin-Lanthenay","country":"France"},"contacts":{"email":"direction.generale@ccrm41.fr","telephone":"0254944161"},"horaires":"Le Lundi : de 09h00 à 12h00 de 13h30 à 17h30 | Du Mardi au Jeudi : de 08h00 à 12h00 de 13h30 à 17h30 | Le Vendredi : de 08h00 à 12h00 de 13h30 à 16h30","website":"https://ccrm41.fr/","hasWebsite":true,"hasEmail":true,"hasTelephone":true,"latitude":47.357338,"longitude":1.748529,"url":"https://lannuaire.service-public.gouv.fr/centre-val-de-loire/loir-et-cher/dc6b0502-a130-430f-8e68-b89ec96cb0dc"}
{"nom":"Communauté de communes - Sauldre et Sologne","nomNormalise":"communautedecommunessauldreetsologne","typeCollectivite":"EPCI","typeEpci":"Communauté de communes","adresse":{"street":"7 rue du 4-Septembre","postalCode":"18410","city":"Argent-sur-Sauldre","country":"France"},"contacts":{"email":"contact@sauldre-sologne.fr","telephone":"0248738522"},"horaires":"Du Lundi au Mercredi : de 09h00 à 12h00 de 13h00 à 17h00 | Le Jeudi : de 09h00 à 12h00 | Le Vendredi : de 09h00 à 12h00 de 13h00 à 17h00","website":"https://www.sauldre-sologne.fr/","hasWebsite":true,"hasEmail":true,"hasTelephone":true,"latitude":47.559322,"longitude":2.444462,"url":"https://lannuaire.service-public.gouv.fr/centre-val-de-loire/cher/98664bfd-73fe-4874-a2c4-67a75a48b2f3"}
{"nom":"Communauté de communes - Terres du Haut Berry","nomNormalise":"communautedecommunesterresduhautberry","typeCollectivite":"EPCI","typeEpci":"Communauté de communes","adresse":{"street":"31 bis route de Rians","postalCode":"18220","city":"Les Aix-d'Angillon","country":"France"},"contacts":{"email":"contact@terresduhautberry.fr","telephone":"0248647575"},"horaires":"Du Lundi au Vendredi : de 09h00 à 12h00 de 14h00 à 17h00","website":"https://terresduhautberry.fr/","hasWebsite":true,"hasEmail":true,"hasTelephone":true,"latitude":47.19887,"longitude":2.579564,"url":"https://lannuaire.service-public.gouv.fr/centre-val-de-loire/cher/c7ae270d-3b00-46ba-828a-db0fc7934e97"}
{"nom":"Communauté de communes - Terres de Perche","nomNormalise":"communautedecommunesterresdeperche","typeCollectivite":"EPCI","typeEpci":"Communauté de communes","adresse":{"street":"Place de l'Hôtel-de-Ville","postalCode":"28240","city":"La Loupe","country":"France"},"contacts":{"email":"cdc@terresdeperche.fr","telephone":"0237812959"},"horaires":"Du Lundi au Mardi : de 08h30 à 12h00 de 13h30 à 17h30 | Le Jeudi : de 08h30 à 12h00 de 13h30 à 17h30 | Le Vendredi : de 08h30 à 12h00 de 13h30 à 16h30","website":"https://www.terresdeperche.fr/","hasWebsite":true,"hasEmail":true,"hasTelephone":true,"latitude":48.471745,"longitude":1.0139353,"url":"https://lannuaire.service-public.gouv.fr/centre-val-de-loire/eure-et-loir/9d0b7414-fca0-4419-a998-22df8e738bd0"}
{"nom":"Communauté de communes - Terres du Val de Loire","nomNormalise":"communautedecommunesterresduvaldeloire","typeCollectivite":"EPCI","typeEpci":"Communauté de communes","adresse":{"street":"32 rue du Général-de-Gaulle","postalCode":"45130","city":"Meung-sur-Loire","country":"France"},"contacts":{"email":"accueil@ccterresduvaldeloire.fr","telephone":"0238451111"},"horaires":"Du Lundi au Vendredi : de 08h30 à 12h30 de 13h30 à 16h30","website":"https://www.ccterresduvaldeloire.fr/","hasWebsite":true,"hasEmail":true,"hasTelephone":true,"latitude":47.828587,"longitude":1.69815,"url":"https://lannuaire.service-public.gouv.fr/centre-val-de-loire/loiret/aca18a15-0241-4886-81f7-c048e4b5846f"}
{"nom":"Communauté de communes - Touraine Est Vallées","nomNormalise":"communautedecommunestouraineestvallees","typeCollectivite":"EPCI","typeEpci":"Communauté de communes","adresse":{"street":"48 rue de la Frelonnerie","postalCode":"37270","city":"Montlouis-sur-Loire","country":"France"},"contacts":{"email":"contact@touraineestvallees.fr","telephone":"0247508094"},"horaires":"Du Lundi au Jeudi : de 08h30 à 12h30 de 14h00 à 17h00 | Le Vendredi : de 08h30 à 12h30 de 14h00 à 16h30","website":"https://www.touraineestvallees.fr/","hasWebsite":true,"hasEmail":true,"hasTelephone":true,"latitude":47.37852,"longitude":0.8187845,"url":"https://lannuaire.service-public.gouv.fr/centre-val-de-loire/indre-et-loire/130842cd-8f92-44ba-b451-f6fbcfe7037d"}
{"nom":"Communauté de communes - Touraine Ouest Val de Loire","nomNormalise":"communautedecommunestouraineouestvaldeloire","typeCollectivite":"EPCI","typeEpci":"Communauté de communes","adresse":{"street":"2 rue des Sablons","postalCode":"37340","city":"Cléré-les-Pins","country":"France"},"contacts":{"email":"contact@cctoval.fr","telephone":"0247240632"},"horaires":"Du Lundi au Jeudi : de 08h30 à 12h30 de 13h30 à 17h30 | Le Vendredi : de 08h30 à 12h30 de 13h30 à 16h30","website":"https://cctoval.fr/","hasWebsite":true,"hasEmail":true,"hasTelephone":true,"latitude":47.4191,"longitude":0.3916781,"url":"https://lannuaire.service-public.gouv.fr/centre-val-de-loire/indre-et-loire/8ee26224-c2bd-4c0a-ad3d-2586841e2fa1"}
{"nom":"Communauté de communes - Touraine Vallée de l'Indre","nomNormalise":"communautedecommunestourainevalleedelindre","typeCollectivite":"EPCI","typeEpci":"Communauté de communes","adresse":{"street":"6 place Antoine-de-Saint-Exupéry","postalCode":"37250","city":"Sorigny","country":"France"},"contacts":{"email":"contact@tourainevalleedelindre.fr","telephone":"0247342900"},"horaires":"Du Lundi au Vendredi : de 09h00 à 12h00 de 14h00 à 17h00","website":"https://www.tourainevalleedelindre.fr/","hasWebsite":true,"hasEmail":true,"hasTelephone":true,"latitude":47.25672,"longitude":0.693381,"url":"https://lannuaire.service-public.gouv.fr/centre-val-de-loire/indre-et-loire/f5a5f10f-f4f1-47ee-8150-98f5460db5a3"}
{"nom":"Communauté de communes - Touraine Val de Vienne","nomNormalise":"communautedecommunestourainevaldevienne","typeCollectivite":"EPCI","typeEpci":"Communauté de communes","adresse":{"street":"14 route de Chinon","postalCode":"37220","city":"Panzoult","country":"France"},"contacts":{"email":"contact@cc-tvv.fr","telephone":"0247970326"},"horaires":"Du Lundi au Vendredi : de 09h00 à 12h30 de 14h00 à 17h00","website":"https://www.cc-tvv.fr/","hasWebsite":true,"hasEmail":true,"hasTelephone":true,"latitude":47.120113,"longitude":0.4247862,"url":"https://lannuaire.service-public.gouv.fr/centre-val-de-loire/indre-et-loire/788ff095-f031-4dde-84bb-aec870f45f34"}
{"nom":"Communauté de communes - Val d'Amboise","nomNormalise":"communautedecommunesvaldamboise","typeCollectivite":"EPCI","typeEpci":"Communauté de communes","adresse":{"street":"9 bis rue d'Amboise","postalCode":"37530","city":"Nazelles-Négron","country":"France"},"contacts":{"email":"accueil@cc-valdamboise.fr","telephone":"0247234744"},"horaires":"Du Lundi au Vendredi : de 09h00 à 12h00","website":"http://www.cc-valdamboise.fr/","hasWebsite":true,"hasEmail":true,"hasTelephone":true,"latitude":47.41883,"longitude":0.9754994,"url":"https://lannuaire.service-public.gouv.fr/centre-val-de-loire/indre-et-loire/06eced13-422f-4cd5-b815-3565870eefec"}
{"nom":"Communauté de communes - Val de Bouzanne","nomNormalise":"communautedecommunesvaldebouzanne","typeCollectivite":"EPCI","typeEpci":"Communauté de communes","adresse":{"street":"20 rue Émile-Forichon","postalCode":"36230","city":"Neuvy-Saint-Sépulcre","country":"France"},"contacts":{"email":"cdsbouzanne@orange.fr","telephone":"0254312006"},"horaires":"Du Lundi au Vendredi : de 08h30 à 12h00 de 13h30 à 17h30","website":"https://www.valdebouzanne.fr/","hasWebsite":true,"hasEmail":true,"hasTelephone":true,"latitude":46.59679,"longitude":1.8069403,"url":"https://lannuaire.service-public.gouv.fr/centre-val-de-loire/indre/dd15c5ab-032d-4c7f-8cae-75cdd2ab1639"}
{"nom":"Communauté de communes - Val de Cher Controis","nomNormalise":"communautedecommunesvaldechercontrois","typeCollectivite":"EPCI","typeEpci":"Communauté de communes","adresse":{"street":"ZI des Barreliers","postalCode":"41700","city":"Le-Controis-en-Sologne","country":"France"},"contacts":{"email":"contact@val2c.fr","telephone":"0254791550"},"horaires":"Du Lundi au Vendredi : de 09h00 à 12h00 de 14h00 à 17h00","website":"https://www.val2c.fr/","hasWebsite":true,"hasEmail":true,"hasTelephone":true,"latitude":47.431843,"longitude":1.446342,"url":"https://lannuaire.service-public.gouv.fr/centre-val-de-loire/loir-et-cher/8ee96140-871c-4db8-8edf-e5223bd24bf6"}
{"nom":"Communauté de communes - Val de l'Indre - Brenne","nomNormalise":"communautedecommunesvaldelindrebrenne","typeCollectivite":"EPCI","typeEpci":"Communauté de communes","adresse":{"street":"1 rue Jean-Jaurès","postalCode":"36320","city":"Villedieu-sur-Indre","country":"France"},"contacts":{"email":"cdc.valdelindre-brenne@wanadoo.fr","telephone":"0254269111"},"horaires":"Du Lundi au Jeudi : de 08h30 à 12h30 de 13h30 à 17h30 | Le Vendredi : de 08h30 à 12h30 de 13h30 à 16h30","website":"https://www.valdelindrebrenne.com/","hasWebsite":true,"hasEmail":true,"hasTelephone":true,"latitude":46.847282,"longitude":1.538136,"url":"https://lannuaire.service-public.gouv.fr/centre-val-de-loire/indre/44a81c2d-0a39-4922-919b-eb96985cc907"}
{"nom":"Communauté de communes - Val de Sully","nomNormalise":"communautedecommunesvaldesully","typeCollectivite":"EPCI","typeEpci":"Communauté de communes","adresse":{"street":"28 route des Bordes","postalCode":"45460","city":"Bonnée","country":"France"},"contacts":{"email":"accueil@valdesully.fr","telephone":"0238350558"},"horaires":"Du Lundi au Vendredi : de 09h00 à 12h30 de 13h30 à 17h00","website":"https://valdesully.fr/","hasWebsite":true,"hasEmail":true,"hasTelephone":true,"latitude":47.79854,"longitude":2.3869805,"url":"https://lannuaire.service-public.gouv.fr/centre-val-de-loire/loiret/268be038-b2bf-4d16-ba64-fe0fb41bba11"}
{"nom":"Communauté de communes - Vierzon Sologne Berry","nomNormalise":"communautedecommunesvierzonsologneberry","typeCollectivite":"EPCI","typeEpci":"Communauté de communes","adresse":{"street":"2 rue Blanche-Baron","postalCode":"18100","city":"Vierzon","country":"France"},"contacts":{"email":"contact@cc-vierzon.fr","telephone":"0248713578"},"horaires":"Du Lundi au Vendredi : de 09h00 à 12h00 de 14h00 à 17h30","website":"https://www.cc-vierzon.fr/","hasWebsite":true,"hasEmail":true,"hasTelephone":true,"latitude":47.22144,"longitude":2.069791,"url":"https://lannuaire.service-public.gouv.fr/centre-val-de-loire/cher/c40b9076-b5d3-4d52-9ec6-0aa4f4ac8e03"}
{"nom":"Métropole - Orléans","nomNormalise":"metropoleorleans","typeCollectivite":"EPCI","typeEpci":"","adresse":{"street":"5 place du 6-Juin-1944","postalCode":"45000","city":"Orléans","country":"France"},"contacts":{"email":"info@orleans-metropole.fr","telephone":"0238787575"},"horaires":"Du Lundi au Vendredi : de 08h30 à 12h00 de 13h30 à 17h30","website":"https://www.orleans-metropole.fr/","hasWebsite":true,"hasEmail":true,"hasTelephone":true,"latitude":47.902966,"longitude":1.909251,"url":"https://lannuaire.service-public.gouv.fr/centre-val-de-loire/loiret/f3ad88f1-9969-49dd-993b-1881d0defb50"}
{"nom":"Métropole - Tours Val de Loire","nomNormalise":"metropoletoursvaldeloire","typeCollectivite":"EPCI","typeEpci":"","adresse":{"street":"60 avenue Marcel-Dassault","postalCode":"37206","city":"Tours","country":"France"},"contacts":{"email":"","telephone":"0247801111"},"horaires":"Du Lundi au Vendredi : de 08h15 à 12h30 de 13h30 à 17h00","website":"https://www.tours-metropole.fr/","hasWebsite":true,"hasEmail":false,"hasTelephone":true,"latitude":47.363857,"longitude":0.676654,"url":"https://lannuaire.service-public.gouv.fr/centre-val-de-loire/indre-et-loire/b6a8d424-7c48-4e0e-aa0e-ce5e8e3c9c35"}
