{"nom":"Agglomération - Espace communautaire Lons","nomNormalise":"agglomerationespacecommunautairelons","typeCollectivite":"EPCI","typeEpci":"Communauté d’agglomération","adresse":{"street":"4 avenue du 44e-Régiment-d'Infanterie","postalCode":"39000","city":"Lons-le-Saunier","country":"France"},"contacts":{"email":"contact@ecla-jura.fr","telephone":"0384244606"},"horaires":"Du Lundi au Vendredi : de 08h00 à 12h00 de 13h30 à 17h00","website":"https://www.ecla-jura.fr/","hasWebsite":true,"hasEmail":true,"hasTelephone":true,"latitude":46.67123,"longitude":5.552902,"url":"https://lannuaire.service-public.gouv.fr/bourgogne-franche-comte/jura/b1989671-90c3-483a-a536-fa0a33d70dab"}
{"nom":"Communauté d'agglomération - Auxerrois","nomNormalise":"communautedagglomerationauxerrois","typeCollectivite":"EPCI","typeEpci":"Communauté d’agglomération","adresse":{"street":"6 bis du Maréchal-Leclerc","postalCode":"89010","city":"Auxerre Cedex","country":"France"},"contacts":{"email":"contact@agglo-auxerrois.fr","telephone":"0386724300"},"horaires":"Permanence téléphonique uniquement.","website":"https://www.agglo-auxerrois.fr/","hasWebsite":true,"hasEmail":true,"hasTelephone":true,"latitude":47.795757,"longitude":3.570292,"url":"https://lannuaire.service-public.gouv.fr/bourgogne-franche-comte/yonne/a113637f-5ba3-48d7-8ea2-148d4e0099c1"}
{"nom":"Communauté d'agglomération - Beaune Côte et Sud","nomNormalise":"communautedagglomerationbeaunecoteetsud","typeCollectivite":"EPCI","typeEpci":"Communauté d’agglomération","adresse":{"street":"14 rue Philippe-Trinquet","postalCode":"21200","city":"Beaune","country":"France"},"contacts":{"email":"dgs@beaunecoteetsud.com","telephone":"0380245680"},"horaires":"Du Lundi au Vendredi : de 08h30 à 12h30 de 14h00 à 18h00","website":"https://www.beaunecoteetsud.com/","hasWebsite":true,"hasEmail":true,"hasTelephone":true,"latitude":47.017567,"longitude":4.8470626,"url":"https://lannuaire.service-public.gouv.fr/bourgogne-franche-comte/cote-d-or/2541a6a7-3b3e-461e-bb52-9edfc742f593"}
{"nom":"Communauté d'agglomération - Grand Belfort","nomNormalise":"communautedagglomerationgrandbelfort","typeCollectivite":"EPCI","typeEpci":"Communauté d’agglomération","adresse":{"street":"Place d'Armes","postalCode":"90020","city":"Belfort","country":"France"},"contacts":{"email":"courrier@grandbelfort.fr","telephone":"0384542424"},"horaires":"Du Lundi au Vendredi : de 08h30 à 12h00 de 13h00 à 17h30 | Le Samedi : de 08h30 à 12h00","website":"https://www.grandbelfort.fr/","hasWebsite":true,"hasEmail":true,"hasTelephone":true,"latitude":47.638264,"longitude":6.8627567,"url":"https://lannuaire.service-public.gouv.fr/bourgogne-franche-comte/territoire-de-belfort/70434e10-3df2-45fe-9ec3-04c4570d03f4"}
{"nom":"Communauté d'agglomération - Grand Dole","nomNormalise":"communautedagglomerationgranddole","typeCollectivite":"EPCI","typeEpci":"Communauté d’agglomération","adresse":{"street":"Place de l'Europe","postalCode":"39100","city":"Dole","country":"France"},"contacts":{"email":"info@grand-dole.fr","telephone":"0384797840"},"horaires":"Du Lundi au Vendredi : de 08h00 à 12h00 de 13h30 à 17h30 | Le Samedi : de 09h00 à 12h00 Accueil ouvert le samedi uniquement pour l'état civil et tous les jours sur rendez-vous de préférence.","website":"https://www.grand-dole.fr/","hasWebsite":true,"hasEmail":true,"hasTelephone":true,"latitude":47.090885,"longitude":5.489149,"url":"https://lannuaire.service-public.gouv.fr/bourgogne-franche-comte/jura/b93534f5-828e-4838-b8d5-789934968e04"}
{"nom":"Communauté d'agglomération - Grand Sénonais","nomNormalise":"communautedagglomerationgrandsenonais","typeCollectivite":"EPCI","typeEpci":"Communauté d’agglomération","adresse":{"street":"21 boulevard du 14-Juillet","postalCode":"89105","city":"Sens Cedex","country":"France"},"contacts":{"email":"courrier@grand-senonais.fr","telephone":"0386658900"},"horaires":"Du Lundi au Vendredi : de 08h30 à 12h00 de 14h00 à 17h30 | Accueil ouvert sur rendez-vous uniquement.","website":"https://www.grand-senonais.fr/","hasWebsite":true,"hasEmail":true,"hasTelephone":true,"latitude":48.19535,"longitude":3.285477,"url":"https://lannuaire.service-public.gouv.fr/bourgogne-franche-comte/yonne/931df22e-72d8-4d50-8245-52ca90c884fc"}
{"nom":"Communauté d'agglomération - Le Grand Chalon","nomNormalise":"communautedagglomerationlegrandchalon","typeCollectivite":"EPCI","typeEpci":"Communauté d’agglomération","adresse":{"street":"23 avenue Georges-Pompidou","postalCode":"71100","city":"Chalon-sur-Saône","country":"France"},"contacts":{"email":"contact@legrandchalon.fr","telephone":"0385941515"},"horaires":"Du Lundi au Vendredi : de 08h30 à 12h15 de 13h30 à 17h30","website":"https://www.legrandchalon.fr/","hasWebsite":true,"hasEmail":true,"hasTelephone":true,"latitude":46.779716,"longitude":4.844876,"url":"https://lannuaire.service-public.gouv.fr/bourgogne-franche-comte/saone-et-loire/9d0bcc3b-d74d-420b-ae45-56b211071546"}
{"nom":"Communauté d'agglomération - Mâconnais Beaujolais Agglomération","nomNormalise":"communautedagglomerationmaconnaisbeaujolaisagglomeration","typeCollectivite":"EPCI","typeEpci":"Communauté d’agglomération","adresse":{"street":"67 esplanade du Breuil","postalCode":"71011","city":"Mâcon Cedex","country":"France"},"contacts":{"email":"accueil@mb-agglo.com","telephone":"0385210770"},"horaires":"Du Lundi au Vendredi : de 09h00 à 12h00 de 14h00 à 17h00","website":"https://www.mb-agglo.com/","hasWebsite":true,"hasEmail":true,"hasTelephone":true,"latitude":46.314808,"longitude":4.837408,"url":"https://lannuaire.service-public.gouv.fr/bourgogne-franche-comte/saone-et-loire/d3196a02-46c9-4f45-a8b9-903c09238373"}
{"nom":"Communauté d'agglomération - Nevers","nomNormalise":"communautedagglomerationnevers","typeCollectivite":"EPCI","typeEpci":"Communauté d’agglomération","adresse":{"street":"124 route de Marzy","postalCode":"58027","city":"Nevers Cedex","country":"France"},"contacts":{"email":"contact@agglo-nevers.fr","telephone":"0386618160"},"horaires":"Du Lundi au Jeudi : de 08h30 à 12h00 de 13h30 à 18h00 | Le Vendredi : de 08h30 à 12h00 de 13h30 à 17h00","website":"https://www.agglo-nevers.net/","hasWebsite":true,"hasEmail":true,"hasTelephone":true,"latitude":46.987595,"longitude":3.118033,"url":"https://lannuaire.service-public.gouv.fr/bourgogne-franche-comte/nievre/18336d96-68cb-4ef1-baa8-ad9539e44501"}
{"nom":"Communauté d'agglomération - Pays de Montbéliard Agglomération","nomNormalise":"communautedagglomerationpaysdemontbeliardagglomeration","typeCollectivite":"EPCI","typeEpci":"Communauté d’agglomération","adresse":{"street":"8 avenue des Alliés","postalCode":"25208","city":"Montbéliard","country":"France"},"contacts":{"email":"","telephone":"0381318888"},"horaires":"Du Lundi au Vendredi : de 08h00 à 12h00 de 13h30 à 17h30","website":"https://www.agglo-montbeliard.fr/","hasWebsite":true,"hasEmail":false,"hasTelephone":true,"latitude":47.51454,"longitude":6.798327,"url":"https://lannuaire.service-public.gouv.fr/bourgogne-franche-comte/doubs/391918a0-18bb-467f-8c91-d94088efcde8"}
{"nom":"Communauté d'agglomération - Vesoul","nomNormalise":"communautedagglomerationvesoul","typeCollectivite":"EPCI","typeEpci":"Communauté d’agglomération","adresse":{"street":"9 rue des Casernes","postalCode":"70000","city":"Vesoul","country":"France"},"contacts":{"email":"agglomerationvesoul@vesoul.fr","telephone":"0384971297"},"horaires":"Du Lundi au Vendredi : de 08h30 à 12h00 de 13h30 à 17h00","website":"https://www.vesoul.fr/","hasWebsite":true,"hasEmail":true,"hasTelephone":true,"latitude":47.620106,"longitude":6.154192,"url":"https://lannuaire.service-public.gouv.fr/bourgogne-franche-comte/haute-saone/7c05b07f-7585-460b-acfd-5965891c2ccb"}
{"nom":"Communauté de communes - 1000 Étangs - Mélisey","nomNormalise":"communautedecommunesetangsmelisey","typeCollectivite":"EPCI","typeEpci":"Communauté de communes","adresse":{"street":"14 place du Marché","postalCode":"70270","city":"Mélisey","country":"France"},"contacts":{"email":"melisey.ccme@orange.fr","telephone":"0384200553"},"horaires":"Du Lundi au Jeudi : de 09h00 à 12h00 de 14h00 à 17h00 | Le Vendredi : de 09h00 à 12h00","website":"https://www.cc-1000etangs.fr/","hasWebsite":true,"hasEmail":true,"hasTelephone":true,"latitude":47.753143,"longitude":6.5815506,"url":"https://lannuaire.service-public.gouv.fr/bourgogne-franche-comte/haute-saone/a61ea15b-ffdf-4b5e-ac9a-a6955a8002b8"}
{"nom":"Communauté de communes - Agglomération Migennoise","nomNormalise":"communautedecommunesagglomerationmigennoise","typeCollectivite":"EPCI","typeEpci":"Communauté d’agglomération","adresse":{"street":"1 bis rue des Écoles","postalCode":"89400","city":"Migennes","country":"France"},"contacts":{"email":"ccam@migennois.fr","telephone":"0386926685"},"horaires":"Du Lundi au Vendredi : de 08h30 à 12h00 de 13h30 à 17h00","website":"https://www.migennois.fr/","hasWebsite":true,"hasEmail":true,"hasTelephone":true,"latitude":47.964684,"longitude":3.5219772,"url":"https://lannuaire.service-public.gouv.fr/bourgogne-franche-comte/yonne/9bc86382-27cb-424b-8f60-e226d938ee48"}
{"nom":"Communauté de communes - Aillantais en Bourgogne","nomNormalise":"communautedecommunesaillantaisenbourgogne","typeCollectivite":"EPCI","typeEpci":"Communauté de communes","adresse":{"street":"Aillant-sur-Tholon","postalCode":"89110","city":"Montholon","country":"France"},"contacts":{"email":"contact@ccaillantais.fr","telephone":"0386635663"},"horaires":"Du Lundi au Vendredi : de 09h00 à 12h00 de 14h00 à 17h00","website":"https://www.ccaillantais.fr/","hasWebsite":true,"hasEmail":true,"hasTelephone":true,"latitude":47.87466,"longitude":3.3505588,"url":"https://lannuaire.service-public.gouv.fr/bourgogne-franche-comte/yonne/75ed7bbb-56fe-4e71-8504-aea4223fd04e"}
{"nom":"Communauté de communes - Altitude 800","nomNormalise":"communautedecommunesaltitude","typeCollectivite":"EPCI","typeEpci":"Communauté de communes","adresse":{"street":"7 B place Bugnet","postalCode":"25270","city":"Levier","country":"France"},"contacts":{"email":"cca@cca800.fr","telephone":"0381382750"},"horaires":"Du Lundi au Mardi : de 08h00 à 12h00 de 13h30 à 17h00 | Le Mercredi : de 08h30 à 12h00 de 13h30 à 16h00 | Le Jeudi : de 08h00 à 12h00 de 13h30 à 17h00 | Le Vendredi : de 08h00 à 12h00 de 13h30 à 16h00","website":"https://cca800.fr/fr/","hasWebsite":true,"hasEmail":true,"hasTelephone":true,"latitude":46.954292,"longitude":6.11694,"url":"https://lannuaire.service-public.gouv.fr/bourgogne-franche-comte/doubs/5bffaaa9-0d3a-4452-bdcb-78ba38d7a5a0"}
{"nom":"Communauté de communes - Amognes Coeur du Nivernais","nomNormalise":"communautedecommunesamognescoeurdunivernais","typeCollectivite":"EPCI","typeEpci":"Communauté de communes","adresse":{"street":"1 place de la République","postalCode":"58270","city":"Saint-Benin-d'Azy","country":"France"},"contacts":{"email":"contact@ccacn.fr","telephone":"0386584622"},"horaires":"Du Lundi au Vendredi : de 09h00 à 12h00 de 14h00 à 16h00","website":"https://cc-amognescoeurdunivernais.fr/","hasWebsite":true,"hasEmail":true,"hasTelephone":true,"latitude":46.999046,"longitude":3.392705,"url":"https://lannuaire.service-public.gouv.fr/bourgogne-franche-comte/nievre/dd0926c6-1e1c-44d8-bb75-d14c2527ada0"}
{"nom":"Communauté de communes - Arbois Poligny Salins Coeur du Jura","nomNormalise":"communautedecommunesarboispolignysalinscoeurdujura","typeCollectivite":"EPCI","typeEpci":"Communauté de communes","adresse":{"street":"Pôle administratif Coeur du Jura","postalCode":"39800","city":"Poligny","country":"France"},"contacts":{"email":"contact@ville-poligny.fr","telephone":"0384737171"},"horaires":"Du Lundi au Vendredi : de 08h30 à 12h00 de 13h30 à 17h00","website":"https://www.cc-coeurdujura.fr/","hasWebsite":true,"hasEmail":true,"hasTelephone":true,"latitude":46.834183,"longitude":5.70346,"url":"https://lannuaire.service-public.gouv.fr/bourgogne-franche-comte/jura/39350034-45aa-4227-8bf6-28b2a481fba8"}
{"nom":"Communauté de communes - Auxonne Pontailler Val de Saône","nomNormalise":"communautedecommunesauxonnepontaillervaldesaone","typeCollectivite":"EPCI","typeEpci":"Communauté de communes","adresse":{"street":"Ancienne route Nationale","postalCode":"21130","city":"Auxonne","country":"France"},"contacts":{"email":"contact@capvaldesaone.fr","telephone":"0380270320"},"horaires":"Du Lundi au Vendredi : de 09h00 à 12h00 de 13h30 à 17h00","website":"https://www.capvaldesaone.fr/","hasWebsite":true,"hasEmail":true,"hasTelephone":true,"latitude":47.19167,"longitude":5.3937573,"url":"https://lannuaire.service-public.gouv.fr/bourgogne-franche-comte/cote-d-or/839ea5de-7eb9-4319-8f1c-95d3cf469a67"}
{"nom":"Communauté de communes - Avallon Vézelay Morvan","nomNormalise":"communautedecommunesavallonvezelaymorvan","typeCollectivite":"EPCI","typeEpci":"Communauté de communes","adresse":{"street":"9 rue Carnot","postalCode":"89200","city":"Avallon","country":"France"},"contacts":{"email":"contact@cc-avm.fr","telephone":"0386343806"},"horaires":"Du Lundi au Mercredi : de 08h30 à 12h00 de 13h30 à 17h00 | Le Jeudi : de 13h30 à 17h00 | Le Vendredi : de 08h30 à 12h00 de 13h30 à 17h00","website":"https://cc-avm.com/","hasWebsite":true,"hasEmail":true,"hasTelephone":true,"latitude":47.49155,"longitude":3.911018,"url":"https://lannuaire.service-public.gouv.fr/bourgogne-franche-comte/yonne/b67e8260-3570-48f2-a22d-6b30d98384bf"}
{"nom":"Communauté de communes - Bazois Loire Morvan","nomNormalise":"communautedecommunesbazoisloiremorvan","typeCollectivite":"EPCI","typeEpci":"Communauté de communes","adresse":{"street":"11 place Lafayette","postalCode":"58290","city":"Moulins-Engilbert","country":"France"},"contacts":{"email":"contact@bazoisloiremorvan.fr","telephone":"0386843355"},"horaires":"Du Lundi au Vendredi : de 09h00 à 12h00 de 14h00 à 17h00","website":"https://www.bazoisloiremorvan.fr/","hasWebsite":true,"hasEmail":true,"hasTelephone":true,"latitude":46.987907,"longitude":3.8090663,"url":"https://lannuaire.service-public.gouv.fr/bourgogne-franche-comte/nievre/e0e23cd0-c8e6-4c25-8b74-66a8f7ce2bff"}
{"nom":"Communauté de communes - Bresse Haute Seille","nomNormalise":"communautedecommunesbressehauteseille","typeCollectivite":"EPCI","typeEpci":"Communauté de communes","adresse":{"street":"1 place de la Mairie","postalCode":"39140","city":"Bletterans","country":"France"},"contacts":{"email":"accueil@bressehauteseille.fr","telephone":"0384444680"},"horaires":"Du Lundi au Vendredi : de 09h00 à 12h00 de 14h00 à 17h00","website":"https://www.bressehauteseille.fr/","hasWebsite":true,"hasEmail":true,"hasTelephone":true,"latitude":46.763847,"longitude":5.4743757,"url":"https://lannuaire.service-public.gouv.fr/bourgogne-franche-comte/jura/2009d45f-40ad-42ce-a70e-f62aeb66d950"}
{"nom":"Communauté de communes - Bresse Louhannaise Intercom","nomNormalise":"communautedecommunesbresselouhannaiseintercom","typeCollectivite":"EPCI","typeEpci":"Communauté de communes","adresse":{"street":"1 place Saint-Jean","postalCode":"71500","city":"Louhans‑Châteaurenaud","country":"France"},"contacts":{"email":"contact@blintercom.fr","telephone":"0385601095"},"horaires":"Du Lundi au Vendredi : de 09h00 à 12h00 de 14h00 à 17h00","website":"https://www.bresselouhannaiseintercom.fr/","hasWebsite":true,"hasEmail":true,"hasTelephone":true,"latitude":46.63023,"longitude":5.2257,"url":"https://lannuaire.service-public.gouv.fr/bourgogne-franche-comte/saone-et-loire/75acc33f-e068-4433-8a62-474922532f2e"}
{"nom":"Communauté de communes - Bresse Revermont 71","nomNormalise":"communautedecommunesbresserevermont","typeCollectivite":"EPCI","typeEpci":"Communauté de communes","adresse":{"street":"8 rue Pontpierre","postalCode":"71330","city":"Saint-Germain-du-Bois","country":"France"},"contacts":{"email":"ccbr71@orange.fr","telephone":"0385720219"},"horaires":"Du Lundi au Vendredi : de 08h00 à 12h00 de 14h00 à 17h00","website":"https://www.ccbresserevermont71.fr/","hasWebsite":true,"hasEmail":true,"hasTelephone":true,"latitude":46.753445,"longitude":5.24607,"url":"https://lannuaire.service-public.gouv.fr/bourgogne-franche-comte/saone-et-loire/c2f751b7-2297-4296-b53f-c312a61873ed"}
{"nom":"Communauté de communes - Canton de Pierre-de-Bresse","nomNormalise":"communautedecommunescantondepierredebresse","typeCollectivite":"EPCI","typeEpci":"Communauté de communes","adresse":{"street":"4 rue du Château","postalCode":"71270","city":"Pierre-de-Bresse","country":"France"},"contacts":{"email":"accueil@bressenordintercom.fr","telephone":"0379570760"},"horaires":"Du Lundi au Vendredi : de 08h30 à 12h00","website":"https://www.bressenordintercom.fr/","hasWebsite":true,"hasEmail":true,"hasTelephone":true,"latitude":46.886726,"longitude":5.2612686,"url":"https://lannuaire.service-public.gouv.fr/bourgogne-franche-comte/saone-et-loire/602c57e8-36f3-45c0-af98-b681eb49b01d"}
{"nom":"Communauté de communes - Canton de Semur-en-Brionnais","nomNormalise":"communautedecommunescantondesemurenbrionnais","typeCollectivite":"EPCI","typeEpci":"Communauté de communes","adresse":{"street":"5 rue des Ébaulais","postalCode":"71800","city":"Saint-Christophe-en-Brionnais","country":"France"},"contacts":{"email":"contact@ccsemur.fr","telephone":"0385258647"},"horaires":"Du Lundi au Mardi : de 08h00 à 17h00 | Du Jeudi au Vendredi : de 08h00 à 17h00","website":"https://www.cc-semur-en-brionnais.fr/","hasWebsite":true,"hasEmail":true,"hasTelephone":true,"latitude":46.289104,"longitude":4.175838,"url":"https://lannuaire.service-public.gouv.fr/bourgogne-franche-comte/saone-et-loire/fe2b1626-1ee4-460b-adf3-53e328c2f293"}
{"nom":"Communauté de communes - Chablis Villages et Terroirs","nomNormalise":"communautedecommuneschablisvillagesetterroirs","typeCollectivite":"EPCI","typeEpci":"Communauté de communes","adresse":{"street":"2 rue du Serein","postalCode":"89800","city":"Chablis","country":"France"},"contacts":{"email":"secretariat.direction@3cvt.fr","telephone":"0386189116"},"horaires":"Du Lundi au Vendredi : de 09h00 à 12h30 de 14h00 à 17h00","website":"https://www.3cvt.fr/","hasWebsite":true,"hasEmail":true,"hasTelephone":true,"latitude":47.81634,"longitude":3.7897687,"url":"https://lannuaire.service-public.gouv.fr/bourgogne-franche-comte/yonne/7ffd30df-c070-4492-ab4f-bff9f42d1d0b"}
{"nom":"Communauté de communes - Champagnole Nozeroy Jura","nomNormalise":"communautedecommuneschampagnolenozeroyjura","typeCollectivite":"EPCI","typeEpci":"Communauté de communes","adresse":{"street":"3 rue Victor-Bérard","postalCode":"39300","city":"Champagnole","country":"France"},"contacts":{"email":"contact@champagnolenozeroyjura.fr","telephone":"0384520620"},"horaires":"Du Lundi au Jeudi : de 08h30 à 12h00 de 13h30 à 17h30 | Le Vendredi : de 08h30 à 12h00 de 13h30 à 17h00","website":"https://www.champagnolenozeroyjura.fr/","hasWebsite":true,"hasEmail":true,"hasTelephone":true,"latitude":46.749104,"longitude":5.901797,"url":"https://lannuaire.service-public.gouv.fr/bourgogne-franche-comte/jura/df7f979f-d349-4ca6-b54a-98a5dcac9a7e"}
{"nom":"Communauté de communes - Clunisois","nomNormalise":"communautedecommunesclunisois","typeCollectivite":"EPCI","typeEpci":"Communauté de communes","adresse":{"street":"5 place du Marché","postalCode":"71250","city":"Cluny","country":"France"},"contacts":{"email":"contact@enclunisois.fr","telephone":"0385200011"},"horaires":"Du Lundi au Mercredi : de 09h00 à 12h30 de 13h30 à 17h00 | Le Jeudi : de 10h30 à 12h30 de 13h30 à 17h00 | Le Vendredi : de 09h00 à 12h30 de 13h30 à 17h00","website":"https://enclunisois.fr/","hasWebsite":true,"hasEmail":true,"hasTelephone":true,"latitude":46.435085,"longitude":4.656656,"url":"https://lannuaire.service-public.gouv.fr/bourgogne-franche-comte/saone-et-loire/21eb2109-21c5-4803-83f3-0dbe6b15bb77"}
{"nom":"Communauté de communes - Coeur de Loire","nomNormalise":"communautedecommunescoeurdeloire","typeCollectivite":"EPCI","typeEpci":"Communauté de communes","adresse":{"street":"4 place Georges-Clemenceau","postalCode":"58203","city":"Cosne-Cours-sur-Loire Cedex","country":"France"},"contacts":{"email":"contact@coeurdeloire.fr","telephone":"0386289292"},"horaires":"Du Lundi au Jeudi : de 08h30 à 12h00 de 13h30 à 17h30 | Le Vendredi : de 08h30 à 12h00","website":"https://www.coeurdeloire.fr/","hasWebsite":true,"hasEmail":true,"hasTelephone":true,"latitude":47.40912,"longitude":2.9252892,"url":"https://lannuaire.service-public.gouv.fr/bourgogne-franche-comte/nievre/49ec768b-c110-4a94-9e77-3b52dddeccbe"}
{"nom":"Communauté de communes - Combes","nomNormalise":"communautedecommunescombes","typeCollectivite":"EPCI","typeEpci":"Communauté de communes","adresse":{"street":"Mairie","postalCode":"70360","city":"Scey-sur-Saône-et-Saint-Albin","country":"France"},"contacts":{"email":"lescombes@wanadoo.fr","telephone":"0384927212"},"horaires":"Du Lundi au Jeudi : de 09h30 à 12h15 de 14h00 à 17h00 | Le Vendredi : de 09h30 à 12h00","website":"http://www.cc-descombes.fr/","hasWebsite":true,"hasEmail":true,"hasTelephone":true,"latitude":47.665905,"longitude":5.9666357,"url":"https://lannuaire.service-public.gouv.fr/bourgogne-franche-comte/haute-saone/e911e692-1be4-464d-980d-4c8602f99dd9"}
{"nom":"Communauté de communes - Deux Vallées Vertes","nomNormalise":"communautedecommunesdeuxvalleesvertes","typeCollectivite":"EPCI","typeEpci":"Communauté de communes","adresse":{"street":"23 avenue Gaston-Renaud","postalCode":"25340","city":"Pays-de-Clerval","country":"France"},"contacts":{"email":"contact@cc2vv.fr","telephone":"0381978510"},"horaires":"Le Lundi : de 09h00 à 12h00 | Du Mardi au Mercredi : de 09h00 à 12h00 de 14h00 à 17h00 | Le Jeudi : de 09h00 à 12h00 | Le Vendredi : de 09h00 à 12h00 de 14h00 à 16h00","website":"https://www.cc2vv.fr/","hasWebsite":true,"hasEmail":true,"hasTelephone":true,"latitude":47.39524,"longitude":6.493475,"url":"https://lannuaire.service-public.gouv.fr/bourgogne-franche-comte/doubs/10ba482e-6f1a-45dc-9fc1-ea2acb236d70"}
{"nom":"Communauté de communes - Doubs Baumois","nomNormalise":"communautedecommunesdoubsbaumois","typeCollectivite":"EPCI","typeEpci":"Communauté de communes","adresse":{"street":"4 rue des Terreaux","postalCode":"25110","city":"Baume-les-Dames","country":"France"},"contacts":{"email":"contact@doubsbaumois.org","telephone":"0381847590"},"horaires":"Du Lundi au Jeudi : de 08h00 à 12h30 de 13h30 à 17h00 | Le Vendredi : de 08h00 à 12h00","website":"https://doubsbaumois.org/","hasWebsite":true,"hasEmail":true,"hasTelephone":true,"latitude":47.348248,"longitude":6.359803,"url":"https://lannuaire.service-public.gouv.fr/bourgogne-franche-comte/doubs/52eb697d-7755-415b-af00-205b8b98f8af"}
{"nom":"Communauté de communes - Entre Arroux Loire et Somme","nomNormalise":"communautedecommunesentrearrouxloireetsomme","typeCollectivite":"EPCI","typeEpci":"Communauté de communes","adresse":{"street":"1 rue Pasteur","postalCode":"71130","city":"Gueugnon","country":"France"},"contacts":{"email":"accueil@cceals.fr","telephone":"0385851292"},"horaires":"Du Lundi au Jeudi : de 09h00 à 12h00 de 14h00 à 17h00 | Le Vendredi : de 09h00 à 12h00 de 14h00 à 16h00","website":"https://cceals.fr/","hasWebsite":true,"hasEmail":true,"hasTelephone":true,"latitude":46.600403,"longitude":4.059993,"url":"https://lannuaire.service-public.gouv.fr/bourgogne-franche-comte/saone-et-loire/1454e4dc-bb66-4aa7-af25-7806b53ac98e"}
{"nom":"Communauté de communes - Entre Saône et Grosne","nomNormalise":"communautedecommunesentresaoneetgrosne","typeCollectivite":"EPCI","typeEpci":"Communauté de communes","adresse":{"street":"30 rue des Mûriers","postalCode":"71240","city":"Sennecey-le-Grand","country":"France"},"contacts":{"email":"","telephone":"0385449192"},"horaires":"Du Lundi au Vendredi : de 08h30 à 12h00 de 14h00 à 17h00","website":"https://www.cc-entresaoneetgrosne.fr/","hasWebsite":true,"hasEmail":false,"hasTelephone":true,"latitude":46.643997,"longitude":4.861845,"url":"https://lannuaire.service-public.gouv.fr/bourgogne-franche-comte/saone-et-loire/fd7dedb1-3ef7-4673-aee4-605710dbe47a"}
{"nom":"Communauté de communes - Forêts Seine et Suzon","nomNormalise":"communautedecommunesforetsseineetsuzon","typeCollectivite":"EPCI","typeEpci":"Communauté de communes","adresse":{"street":"4 bis rue des Écoles","postalCode":"21380","city":"Messigny-et-Vantoux","country":"France"},"contacts":{"email":"ccfss@ccfss.fr","telephone":"0380429900"},"horaires":"Le Lundi : de 09h00 à 12h00 | Le Jeudi : de 14h00 à 17h00 | Le Vendredi : de 09h00 à 12h00","website":"https://cc-forets-seine-suzon.fr/","hasWebsite":true,"hasEmail":true,"hasTelephone":true,"latitude":47.406334,"longitude":5.017772,"url":"https://lannuaire.service-public.gouv.fr/bourgogne-franche-comte/cote-d-or/412b03f1-7991-4da3-9fab-d7aa4f6ce927"}
{"nom":"Communauté de communes - Gâtinais en Bourgogne","nomNormalise":"communautedecommunesgatinaisenbourgogne","typeCollectivite":"EPCI","typeEpci":"Communauté de communes","adresse":{"street":"6 rue Danton","postalCode":"89690","city":"Chéroy","country":"France"},"contacts":{"email":"contact@gatinais-bourgogne.fr","telephone":"0386977194"},"horaires":"Du Lundi au Vendredi : de 09h00 à 12h00 de 14h00 à 17h00","website":"http://www.gatinais-bourgogne.fr/","hasWebsite":true,"hasEmail":true,"hasTelephone":true,"latitude":48.200855,"longitude":2.9979103,"url":"https://lannuaire.service-public.gouv.fr/bourgogne-franche-comte/yonne/f3215eaa-a826-4457-b36c-fd9bf6983d6f"}
{"nom":"Communauté de communes - Gevrey-Chambertin et de Nuits-Saint-Georges","nomNormalise":"communautedecommunesgevreychambertinetdenuitssaintgeorges","typeCollectivite":"EPCI","typeEpci":"Communauté de communes","adresse":{"street":"3 rue Jean-Moulin","postalCode":"21701","city":"Nuits-Saint-Georges Cedex","country":"France"},"contacts":{"email":"contact@ccgevrey-nuits.com","telephone":"0380270470"},"horaires":"Du Lundi au Vendredi : de 08h00 à 12h00 de 13h30 à 17h00","website":"https://www.ccgevrey-chambertin-et-nuits-saint-georges.com/","hasWebsite":true,"hasEmail":true,"hasTelephone":true,"latitude":47.13973,"longitude":4.954921,"url":"https://lannuaire.service-public.gouv.fr/bourgogne-franche-comte/cote-d-or/c96458e1-76c9-42d6-8a64-bc89ef9909b4"}
{"nom":"Communauté de communes - Grand Autunois Morvan","nomNormalise":"communautedecommunesgrandautunoismorvan","typeCollectivite":"EPCI","typeEpci":"Communauté de communes","adresse":{"street":"7 route du Bois-de-Sapin","postalCode":"71400","city":"Autun","country":"France"},"contacts":{"email":"contact@grandautunoismorvan.fr","telephone":"0385868052"},"horaires":"Du Lundi au Jeudi : de 08h30 à 12h00 de 14h00 à 17h30 | Le Vendredi : de 08h30 à 12h00 de 14h00 à 17h00","website":"https://www.grandautunoismorvan.fr/","hasWebsite":true,"hasEmail":true,"hasTelephone":true,"latitude":46.948006,"longitude":4.283496,"url":"https://lannuaire.service-public.gouv.fr/bourgogne-franche-comte/saone-et-loire/5b8c552f-1cc8-4ce9-8f06-f8edcf4910d4"}
{"nom":"Communauté de communes - Grand Pontarlier","nomNormalise":"communautedecommunesgrandpontarlier","typeCollectivite":"EPCI","typeEpci":"Communauté de communes","adresse":{"street":"Maison de l'intercommunalité","postalCode":"25300","city":"Pontarlier","country":"France"},"contacts":{"email":"contact@grandpontarlier.fr","telephone":"0381394002"},"horaires":"Du Lundi au Vendredi : de 08h30 à 12h00 de 14h00 à 18h00","website":"https://www.grandpontarlier.fr/","hasWebsite":true,"hasEmail":true,"hasTelephone":true,"latitude":46.90127,"longitude":6.332695,"url":"https://lannuaire.service-public.gouv.fr/bourgogne-franche-comte/doubs/8a77d268-8902-4b1a-9ac2-12e93a0e5e6e"}
{"nom":"Communauté de communes - Haut-Jura Arcade","nomNormalise":"communautedecommuneshautjuraarcade","typeCollectivite":"EPCI","typeEpci":"Communauté de communes","adresse":{"street":"112 rue de la République","postalCode":"39400","city":"Hauts-de-Bienne","country":"France"},"contacts":{"email":"secretariat@arcade-cchj.fr","telephone":"0384341130"},"horaires":"Du Lundi au Jeudi : de 08h30 à 12h00 de 14h00 à 16h30 | Le Vendredi : de 08h30 à 12h00","website":"https://www.hautjura-arcade.com/","hasWebsite":true,"hasEmail":true,"hasTelephone":true,"latitude":46.52136,"longitude":6.0226316,"url":"https://lannuaire.service-public.gouv.fr/bourgogne-franche-comte/jura/dc6c092d-05eb-437a-b078-e7e48874b523"}
{"nom":"Communauté de communes - Haut-Jura Saint-Claude","nomNormalise":"communautedecommuneshautjurasaintclaude","typeCollectivite":"EPCI","typeEpci":"Communauté de communes","adresse":{"street":"13 bis boulevard de la République","postalCode":"39200","city":"Saint-Claude","country":"France"},"contacts":{"email":"contact@hautjurasaintclaude.fr","telephone":"0384458900"},"horaires":"Du Lundi au Vendredi : de 09h00 à 12h30 de 13h30 à 17h30","website":"https://www.hautjurasaintclaude.fr/","hasWebsite":true,"hasEmail":true,"hasTelephone":true,"latitude":46.392292,"longitude":5.864122,"url":"https://lannuaire.service-public.gouv.fr/bourgogne-franche-comte/jura/e8c0a63e-106b-4f39-8d82-213179176b6f"}
{"nom":"Communauté de communes - Haut Nivernais Val d'Yonne","nomNormalise":"communautedecommuneshautnivernaisvaldyonne","typeCollectivite":"EPCI","typeEpci":"Communauté de communes","adresse":{"street":"35 avenue de la République","postalCode":"58500","city":"Clamecy","country":"France"},"contacts":{"email":"contact@cchnvy.fr","telephone":"0386271265"},"horaires":"Du Lundi au Jeudi : de 08h30 à 12h00 de 13h30 à 17h00 | Le Vendredi : de 08h30 à 12h00 de 13h30 à 16h00","website":"https://www.cchnvy.fr/","hasWebsite":true,"hasEmail":true,"hasTelephone":true,"latitude":47.462574,"longitude":3.520738,"url":"https://lannuaire.service-public.gouv.fr/bourgogne-franche-comte/nievre/d00b025f-6f16-415a-8c89-d643ee483ed2"}
{"nom":"Communauté de communes - Hauts du Val de Saône","nomNormalise":"communautedecommuneshautsduvaldesaone","typeCollectivite":"EPCI","typeEpci":"Communauté de communes","adresse":{"street":"Pré Jean-Roche","postalCode":"70500","city":"Jussey","country":"France"},"contacts":{"email":"cchvs@cchvs.fr","telephone":"0384771990"},"horaires":"Le Lundi : de 08h30 à 12h00 de 14h00 à 17h00 | Le Mardi : de 08h30 à 12h00 | Le Mercredi : de 08h30 à 12h00 | Le Jeudi : de 08h30 à 12h00 de 14h00 à 17h00","website":"https://www.cchvs.fr/","hasWebsite":true,"hasEmail":true,"hasTelephone":true,"latitude":47.82607,"longitude":5.9030647,"url":"https://lannuaire.service-public.gouv.fr/bourgogne-franche-comte/haute-saone/c18336d5-c79b-4bb5-b730-12fcfbc1a6c0"}
{"nom":"Communauté de communes - Jovinien","nomNormalise":"communautedecommunesjovinien","typeCollectivite":"EPCI","typeEpci":"Communauté de communes","adresse":{"street":"11 quai du 1er-Dragons","postalCode":"89300","city":"Joigny","country":"France"},"contacts":{"email":"accueil@ccjovinien.fr","telephone":"0386624795"},"horaires":"Le Lundi : de 08h30 à 12h00 de 13h30 à 17h30 | Le Mardi : de 13h30 à 17h30 | Le Mercredi : de 08h30 à 12h00 de 13h30 à 17h30 | Le Jeudi : de 13h30 à 18h30 | Le Vendredi : de 08h30 à 12h00 de 13h30 à 17h00","website":"https://www.ccjovinien.fr/","hasWebsite":true,"hasEmail":true,"hasTelephone":true,"latitude":47.980698,"longitude":3.4005203,"url":"https://lannuaire.service-public.gouv.fr/bourgogne-franche-comte/yonne/fe12ee36-5e0b-4272-b755-24353d5dc66d"}
{"nom":"Communauté de communes - Jura Nord","nomNormalise":"communautedecommunesjuranord","typeCollectivite":"EPCI","typeEpci":"Communauté de communes","adresse":{"street":"1 rue du Tissage","postalCode":"39700","city":"Dampierre","country":"France"},"contacts":{"email":"contact@jura-nord.com","telephone":"0384711217"},"horaires":"Du Lundi au Vendredi : de 08h30 à 12h00 de 13h30 à 16h30","website":"https://www.jura-nord.com/","hasWebsite":true,"hasEmail":true,"hasTelephone":true,"latitude":47.155964,"longitude":5.7401667,"url":"https://lannuaire.service-public.gouv.fr/bourgogne-franche-comte/jura/05e2ff87-9b59-44ba-b7a5-6d5439dbcd5b"}
{"nom":"Communauté de communes - La Clayette Chauffailles en Brionnais","nomNormalise":"communautedecommuneslaclayettechauffaillesenbrionnais","typeCollectivite":"EPCI","typeEpci":"Communauté de communes","adresse":{"street":"4 rue Elie-Maurette","postalCode":"71170","city":"Chauffailles","country":"France"},"contacts":{"email":"cc@brionnaissudbourgogne.fr","telephone":"0385265220"},"horaires":"Du Lundi au Jeudi : de 09h00 à 12h00 de 13h30 à 17h00 | Le Vendredi : de 09h00 à 12h00","website":"https://brionnaissudbourgogne.fr/","hasWebsite":true,"hasEmail":true,"hasTelephone":true,"latitude":46.206856,"longitude":4.3394494,"url":"https://lannuaire.service-public.gouv.fr/bourgogne-franche-comte/saone-et-loire/1e391588-b861-43ba-8955-2482970b3d6a"}
{"nom":"Communauté de communes - Lacs et Montagnes du Haut Doubs","nomNormalise":"communautedecommuneslacsetmontagnesduhautdoubs","typeCollectivite":"EPCI","typeEpci":"Communauté de communes","adresse":{"street":"5 rue de la Caserne","postalCode":"25370","city":"Les Hopitaux-Vieux","country":"France"},"contacts":{"email":"accueil@cclmhd.fr","telephone":"0381491030"},"horaires":"Du Lundi au Jeudi : de 08h30 à 12h00 de 13h30 à 17h30 | Le Vendredi : de 08h30 à 12h00","website":"https://www.cclmhd.fr/","hasWebsite":true,"hasEmail":true,"hasTelephone":true,"latitude":46.79033,"longitude":6.3716555,"url":"https://lannuaire.service-public.gouv.fr/bourgogne-franche-comte/doubs/d77da0b8-ec15-4493-bb14-8af1c2e53e6e"}
{"nom":"Communauté de communes - La Grandvallière","nomNormalise":"communautedecommuneslagrandvalliere","typeCollectivite":"EPCI","typeEpci":"Communauté de communes","adresse":{"street":"31 rue du de Paris","postalCode":"39150","city":"Saint- Laurent-Grandvaux","country":"France"},"contacts":{"email":"secretariat@lagrandvalliere.fr","telephone":"0384602063"},"horaires":"Du Lundi au Mardi : de 08h30 à 12h30 de 13h00 à 17h00 | Du Mercredi au Vendredi : de 08h30 à 12h30","website":"http://www.lagrandvalliere.fr/","hasWebsite":true,"hasEmail":true,"hasTelephone":true,"latitude":46.604897,"longitude":5.904271,"url":"https://lannuaire.service-public.gouv.fr/bourgogne-franche-comte/jura/1f3d682e-6ffb-4855-be70-34752026b549"}
{"nom":"Communauté de communes - La Haute Comté","nomNormalise":"communautedecommuneslahautecomte","typeCollectivite":"EPCI","typeEpci":"Communauté de communes","adresse":{"street":"57 rue des Ballastières","postalCode":"70320","city":"Corbenay","country":"France"},"contacts":{"email":"contact@cchc.fr","telephone":"0384941793"},"horaires":"Du Lundi au Vendredi : de 08h30 à 12h00 de 13h30 à 16h30","website":"https://www.cchc.fr/","hasWebsite":true,"hasEmail":true,"hasTelephone":true,"latitude":47.885067,"longitude":6.2907124,"url":"https://lannuaire.service-public.gouv.fr/bourgogne-franche-comte/haute-saone/4dc6bce0-c9fd-49e7-a513-04e0437f6357"}
{"nom":"Communauté de communes - La Plaine Dijonnaise","nomNormalise":"communautedecommuneslaplainedijonnaise","typeCollectivite":"EPCI","typeEpci":"Communauté de communes","adresse":{"street":"12 rue Ampère","postalCode":"21110","city":"Genlis","country":"France"},"contacts":{"email":"accueil@plainedijonnaise.fr","telephone":"0380377012"},"horaires":"Du Lundi au Vendredi : de 08h30 à 12h00 de 13h30 à 16h30","website":"https://www.plainedijonnaise.fr/","hasWebsite":true,"hasEmail":true,"hasTelephone":true,"latitude":47.233555,"longitude":5.233748,"url":"https://lannuaire.service-public.gouv.fr/bourgogne-franche-comte/cote-d-or/30fb735e-e19f-40eb-9e19-012413ceb864"}
{"nom":"Communauté de communes - La Plaine Jurassienne","nomNormalise":"communautedecommuneslaplainejurassienne","typeCollectivite":"EPCI","typeEpci":"Communauté de communes","adresse":{"street":"3 place du Collège","postalCode":"39120","city":"Chaussin","country":"France"},"contacts":{"email":"administration@cc-laplaine-jurassienne.com","telephone":"0384817022"},"horaires":"Du Lundi au Jeudi : de 09h00 à 12h00 de 14h00 à 17h00 | Le Vendredi : de 09h00 à 12h00 de 14h00 à 16h00","website":"https://www.cc-laplaine-jurassienne.fr/","hasWebsite":true,"hasEmail":true,"hasTelephone":true,"latitude":46.969803,"longitude":5.407636,"url":"https://lannuaire.service-public.gouv.fr/bourgogne-franche-comte/jura/210060a0-4c1f-4fd8-9663-0821c7c20f47"}
{"nom":"Communauté de communes - La Station des Rousses","nomNormalise":"communautedecommuneslastationdesrousses","typeCollectivite":"EPCI","typeEpci":"Communauté de communes","adresse":{"street":"Fort des Rousses","postalCode":"39220","city":"Les Rousses","country":"France"},"contacts":{"email":"contact@cc-stationdesrousses.fr","telephone":"0384605260"},"horaires":"Du Lundi au Mercredi : de 09h00 à 12h30 de 14h00 à 17h00 | Le Vendredi : de 09h00 à 12h30 de 14h00 à 17h00","website":"https://www.cc-stationdesrousses.fr/","hasWebsite":true,"hasEmail":true,"hasTelephone":true,"latitude":46.483856,"longitude":6.05999,"url":"https://lannuaire.service-public.gouv.fr/bourgogne-franche-comte/jura/0f10504b-5482-4e73-83d0-e1aede2b228f"}
{"nom":"Communauté de communes - La Vanne et du Pays d'Othe","nomNormalise":"communautedecommuneslavanneetdupaysdothe","typeCollectivite":"EPCI","typeEpci":"Communauté de communes","adresse":{"street":"36-38 rue de la République","postalCode":"89190","city":"Villeneuve-l'Archevêque","country":"France"},"contacts":{"email":"accueil@ccvpo.fr","telephone":"0386867099"},"horaires":"Du Lundi au Vendredi : de 09h00 à 12h00 de 14h00 à 17h00","website":"https://ccvannepaysothe.fr/","hasWebsite":true,"hasEmail":true,"hasTelephone":true,"latitude":48.235287,"longitude":3.558583,"url":"https://lannuaire.service-public.gouv.fr/bourgogne-franche-comte/yonne/4cdec979-1d16-4e95-9f7d-0c5515fc86e9"}
{"nom":"Communauté de communes - Le Grand Charolais","nomNormalise":"communautedecommuneslegrandcharolais","typeCollectivite":"EPCI","typeEpci":"Communauté de communes","adresse":{"street":"32 rue Louis-Desrichard","postalCode":"71600","city":"Paray-le-Monial","country":"France"},"contacts":{"email":"contact@legrandcharolais.fr","telephone":"0971169595"},"horaires":"Du Lundi au Vendredi : de 09h00 à 12h00 de 13h30 à 16h30","website":"https://www.legrandcharolais.fr/","hasWebsite":true,"hasEmail":true,"hasTelephone":true,"latitude":46.454586,"longitude":4.116541,"url":"https://lannuaire.service-public.gouv.fr/bourgogne-franche-comte/saone-et-loire/b2002776-dd3e-4db2-a0b2-7b3884b70ff4"}
{"nom":"Communauté de communes - Les Bertranges","nomNormalise":"communautedecommuneslesbertranges","typeCollectivite":"EPCI","typeEpci":"Communauté de communes","adresse":{"street":"14 avenue Henri-Dunant","postalCode":"58400","city":"La Charité-sur-Loire","country":"France"},"contacts":{"email":"mathilde.adrien@lesbertranges.fr","telephone":"0386696906"},"horaires":"Du Lundi au Vendredi : de 08h30 à 12h00 de 13h30 à 17h30","website":"https://www.lesbertranges.fr/","hasWebsite":true,"hasEmail":true,"hasTelephone":true,"latitude":47.185757,"longitude":3.014171,"url":"https://lannuaire.service-public.gouv.fr/bourgogne-franche-comte/nievre/8b336b0c-a53b-4157-b45c-47e404f35b1e"}
{"nom":"Communauté de communes - Le Tonnerrois en Bourgogne","nomNormalise":"communautedecommunesletonnerroisenbourgogne","typeCollectivite":"EPCI","typeEpci":"Communauté de communes","adresse":{"street":"2 avenue de la Gare","postalCode":"89700","city":"Tonnerre","country":"France"},"contacts":{"email":"contact@ccltb.fr","telephone":"0386548611"},"horaires":"Du Lundi au Vendredi : de 08h30 à 12h00 de 13h30 à 17h00","website":"https://www.letonnerroisenbourgogne.fr/","hasWebsite":true,"hasEmail":true,"hasTelephone":true,"latitude":47.858395,"longitude":3.9747536,"url":"https://lannuaire.service-public.gouv.fr/bourgogne-franche-comte/yonne/2ed681da-f374-4a7f-a3dd-9e0e8489ac85"}
{"nom":"Communauté de communes - Loire et Allier","nomNormalise":"communautedecommunesloireetallier","typeCollectivite":"EPCI","typeEpci":"Communauté de communes","adresse":{"street":"Avenue de la Mairie","postalCode":"58490","city":"Saint-Parize-le-Châtel","country":"France"},"contacts":{"email":"administratif@cc-loire-allier.fr","telephone":"0386210849"},"horaires":"Du Lundi au Vendredi : de 09h00 à 12h30 de 13h30 à 17h00","website":"http://www.cc-loire-allier.fr/","hasWebsite":true,"hasEmail":true,"hasTelephone":true,"latitude":46.854034,"longitude":3.1780362,"url":"https://lannuaire.service-public.gouv.fr/bourgogne-franche-comte/nievre/08e97c1c-a502-4d5c-b2be-da20653ad377"}
{"nom":"Communauté de communes - Loue Lison","nomNormalise":"communautedecommuneslouelison","typeCollectivite":"EPCI","typeEpci":"Communauté de communes","adresse":{"street":"7 rue Édouard-Bastide","postalCode":"25290","city":"Ornans","country":"France"},"contacts":{"email":"contact@cclouelison.fr","telephone":"0381571633"},"horaires":"Du Lundi au Vendredi : de 08h30 à 12h00 de 13h30 à 17h00","website":"https://cclouelison.fr/fr/","hasWebsite":true,"hasEmail":true,"hasTelephone":true,"latitude":47.1026,"longitude":6.1545024,"url":"https://lannuaire.service-public.gouv.fr/bourgogne-franche-comte/doubs/2d1e88bf-eabe-4dce-a43e-2d2639037784"}
{"nom":"Communauté de communes - Mâconnais Tournugeois","nomNormalise":"communautedecommunesmaconnaistournugeois","typeCollectivite":"EPCI","typeEpci":"Communauté de communes","adresse":{"street":"ZA du Pas-Fleury","postalCode":"71700","city":"Tournus","country":"France"},"contacts":{"email":"accueil@ccmt71.fr","telephone":"0385510556"},"horaires":"Du Lundi au Vendredi : de 08h30 à 12h00 de 14h00 à 17h00","website":"https://maconnais-tournugeois.fr/","hasWebsite":true,"hasEmail":true,"hasTelephone":true,"latitude":46.561817,"longitude":4.911953,"url":"https://lannuaire.service-public.gouv.fr/bourgogne-franche-comte/saone-et-loire/ce230276-0e90-4cdd-b845-1472f0e743e8"}
{"nom":"Communauté de communes - Marcigny","nomNormalise":"communautedecommunesmarcigny","typeCollectivite":"EPCI","typeEpci":"Communauté de communes","adresse":{"street":"5 place du Cours","postalCode":"71110","city":"Marcigny","country":"France"},"contacts":{"email":"contact@ccmarcigny.fr","telephone":"0385253708"},"horaires":"Du Lundi au Mardi : de 09h00 à 12h00 de 14h00 à 17h00 | Le Mercredi : de 09h00 à 12h00 | Le Jeudi : de 09h00 à 12h00 de 14h00 à 17h00 | Le Vendredi : de 09h00 à 12h00","website":"https://www.cc-marcigny.fr/","hasWebsite":true,"hasEmail":true,"hasTelephone":true,"latitude":46.27525,"longitude":4.040238,"url":"https://lannuaire.service-public.gouv.fr/bourgogne-franche-comte/saone-et-loire/1d833994-b964-4beb-9f5f-f6bf7fdf2bc1"}
{"nom":"Communauté de communes - Mirebellois et Fontenois","nomNormalise":"communautedecommunesmirebelloisetfontenois","typeCollectivite":"EPCI","typeEpci":"Communauté de communes","adresse":{"street":"8 place Général-Viard","postalCode":"21310","city":"Mirebeau-sur-Bèze","country":"France"},"contacts":{"email":"contact@mfcc.fr","telephone":"0380365351"},"horaires":"Du Lundi au Vendredi : de 08h30 à 12h00 de 13h30 à 17h30","website":"https://www.mfcc.fr/","hasWebsite":true,"hasEmail":true,"hasTelephone":true,"latitude":47.396973,"longitude":5.314645,"url":"https://lannuaire.service-public.gouv.fr/bourgogne-franche-comte/cote-d-or/dc823169-a7e5-47bb-813a-c41a18b5d50d"}
{"nom":"Communauté de communes - Montbardois","nomNormalise":"communautedecommunesmontbardois","typeCollectivite":"EPCI","typeEpci":"Communauté de communes","adresse":{"street":"14 avenue Maréchal-de-Lattre-de-Tassigny","postalCode":"21500","city":"Montbard","country":"France"},"contacts":{"email":"contact@cc-montbardois.fr","telephone":"0380921543"},"horaires":"Du Lundi au Jeudi : de 09h00 à 12h00 de 14h00 à 17h00 | Le Vendredi : de 09h00 à 12h00","website":"https://www.cc-montbardois.fr/","hasWebsite":true,"hasEmail":true,"hasTelephone":true,"latitude":47.62433,"longitude":4.337495,"url":"https://lannuaire.service-public.gouv.fr/bourgogne-franche-comte/cote-d-or/f3742968-1ee4-4a84-a6ee-a5c72cee9182"}
{"nom":"Communauté de communes - Monts de Gy","nomNormalise":"communautedecommunesmontsdegy","typeCollectivite":"EPCI","typeEpci":"Communauté de communes","adresse":{"street":"2 rue du Grand-Mont","postalCode":"70700","city":"Gy","country":"France"},"contacts":{"email":"ccmgy@wanadoo.fr","telephone":"0384329761"},"horaires":"Du Lundi au Vendredi : de 09h00 à 12h00 de 14h00 à 16h30","website":"https://montsdegy.fr/","hasWebsite":true,"hasEmail":true,"hasTelephone":true,"latitude":47.406036,"longitude":5.813283,"url":"https://lannuaire.service-public.gouv.fr/bourgogne-franche-comte/haute-saone/fa80aede-ec43-4316-ad64-1e93bf72aff7"}
{"nom":"Communauté de communes - Morvan Sommets et Grands Lacs","nomNormalise":"communautedecommunesmorvansommetsetgrandslacs","typeCollectivite":"EPCI","typeEpci":"Communauté de communes","adresse":{"street":"Place François-Mitterrand","postalCode":"58120","city":"Château-Chinon","country":"France"},"contacts":{"email":"contact@ccmorvan.fr","telephone":"0386794399"},"horaires":"Du Lundi au Vendredi : de 09h00 à 12h00","website":"https://www.ccmorvan.fr/","hasWebsite":true,"hasEmail":true,"hasTelephone":true,"latitude":47.06473,"longitude":3.932902,"url":"https://lannuaire.service-public.gouv.fr/bourgogne-franche-comte/nievre/fbce022e-eaaa-4119-a3ee-6338966b2e1c"}
{"nom":"Communauté de communes - Nivernais Bourbonnais","nomNormalise":"communautedecommunesnivernaisbourbonnais","typeCollectivite":"EPCI","typeEpci":"Communauté de communes","adresse":{"street":"2 rue Lieutenant-Paul-Theurier","postalCode":"58240","city":"Saint-Pierre-le-Moûtier","country":"France"},"contacts":{"email":"accueilccnb@orange.fr","telephone":"0386908076"},"horaires":"Du Lundi au Vendredi : de 09h00 à 12h00 de 14h00 à 17h00","website":"https://www.nivernais-bourbonnais.com/","hasWebsite":true,"hasEmail":true,"hasTelephone":true,"latitude":46.790558,"longitude":3.1180358,"url":"https://lannuaire.service-public.gouv.fr/bourgogne-franche-comte/nievre/be5b7e77-a409-488b-a809-bcd89f4035c9"}
{"nom":"Communauté de communes - Norge et Tille","nomNormalise":"communautedecommunesnorgeettille","typeCollectivite":"EPCI","typeEpci":"Communauté de communes","adresse":{"street":"47 route de Norges","postalCode":"21490","city":"Bretigny","country":"France"},"contacts":{"email":"contact@norgeettille.fr","telephone":"0380355399"},"horaires":"Du Lundi au Mercredi : de 09h00 à 12h00 de 14h00 à 17h00 | Du Jeudi au Vendredi : de 09h00 à 12h00","website":"https://www.norgeettille.fr/","hasWebsite":true,"hasEmail":true,"hasTelephone":true,"latitude":47.402534,"longitude":5.089212,"url":"https://lannuaire.service-public.gouv.fr/bourgogne-franche-comte/cote-d-or/b9c4fe2e-d80c-48b9-8cbd-5416133b925b"}
{"nom":"Communauté de communes - Ouche et Montagne","nomNormalise":"communautedecommunesoucheetmontagne","typeCollectivite":"EPCI","typeEpci":"Communauté de communes","adresse":{"street":"Hameau Pont-de-Pany","postalCode":"21410","city":"Sainte-Marie-sur-Ouche","country":"France"},"contacts":{"email":"accueil@ouche-montagne.fr","telephone":"0380497743"},"horaires":"Du Lundi au Jeudi : de 09h00 à 12h00 de 13h30 à 17h00 | Le Vendredi : de 09h00 à 12h00 de 13h30 à 16h00","website":"https://ouche-montagne.fr/","hasWebsite":true,"hasEmail":true,"hasTelephone":true,"latitude":47.29679,"longitude":4.807818,"url":"https://lannuaire.service-public.gouv.fr/bourgogne-franche-comte/cote-d-or/22135d97-cf72-4e4a-856b-c2f4392799c4"}
{"nom":"Communauté de communes - Pays d'Alésia et de la Seine","nomNormalise":"communautedecommunespaysdalesiaetdelaseine","typeCollectivite":"EPCI","typeEpci":"Communauté de communes","adresse":{"street":"18 avenue Jean-Jaurès","postalCode":"21150","city":"Venarey-les-Laumes","country":"France"},"contacts":{"email":"contact@cc-alesia-seine.fr","telephone":"0380960683"},"horaires":"Du Lundi au Jeudi : de 10h00 à 12h00 de 14h00 à 17h30 | Le Vendredi : de 10h00 à 12h00 Accueil possible sur rendez-vous le vendredi après-midi.","website":"https://www.cc-alesia-seine.fr/","hasWebsite":true,"hasEmail":true,"hasTelephone":true,"latitude":47.542526,"longitude":4.4493613,"url":"https://lannuaire.service-public.gouv.fr/bourgogne-franche-comte/cote-d-or/bdd94f38-5772-466c-9cfc-baaaf1bd74a1"}
{"nom":"Communauté de communes - Pays Arnay Liernais","nomNormalise":"communautedecommunespaysarnayliernais","typeCollectivite":"EPCI","typeEpci":"Communauté de communes","adresse":{"street":"1 rue de la Gare","postalCode":"21230","city":"Arnay-le-Duc","country":"France"},"contacts":{"email":"cc.arnay-liernais@ccarnayliernais.fr","telephone":"0380901836"},"horaires":"Du Lundi au Jeudi : de 09h00 à 12h00 de 13h30 à 17h00 | Le Vendredi : de 09h00 à 12h00 de 13h30 à 16h30","website":"https://cc-pays-arnay.fr/","hasWebsite":true,"hasEmail":true,"hasTelephone":true,"latitude":47.13139,"longitude":4.491071,"url":"https://lannuaire.service-public.gouv.fr/bourgogne-franche-comte/cote-d-or/f1243926-74a5-4ae3-811f-9f1033bbf784"}
{"nom":"Communauté de communes - Pays Châtillonnais","nomNormalise":"communautedecommunespayschatillonnais","typeCollectivite":"EPCI","typeEpci":"Communauté de communes","adresse":{"street":"9-11 rue de la Libération","postalCode":"21400","city":"Châtillon-sur-Seine","country":"France"},"contacts":{"email":"contact@cc-chatillonnais.fr","telephone":"0380815757"},"horaires":"Du Lundi au Mercredi : de 08h30 à 12h00 de 13h00 à 17h30 | Le Jeudi : de 08h30 à 12h00 de 13h00 à 17h00 | Le Vendredi : de 08h30 à 12h00","website":"https://www.chatillonnais.fr/","hasWebsite":true,"hasEmail":true,"hasTelephone":true,"latitude":47.862038,"longitude":4.574684,"url":"https://lannuaire.service-public.gouv.fr/bourgogne-franche-comte/cote-d-or/c11e35d9-a820-4d49-90da-b17efedd36a7"}
{"nom":"Communauté de communes - Pays de Héricourt","nomNormalise":"communautedecommunespaysdehericourt","typeCollectivite":"EPCI","typeEpci":"Communauté de communes","adresse":{"street":"Maison du territoire","postalCode":"70400","city":"Héricourt","country":"France"},"contacts":{"email":"contact@payshericourt.fr","telephone":"0384469870"},"horaires":"Du Lundi au Vendredi : de 08h30 à 11h45 de 13h45 à 17h00","website":"https://www.payshericourt.fr/","hasWebsite":true,"hasEmail":true,"hasTelephone":true,"latitude":47.573864,"longitude":6.7598534,"url":"https://lannuaire.service-public.gouv.fr/bourgogne-franche-comte/haute-saone/c6b3c529-d97b-43e7-a8f6-db70d290ce34"}
{"nom":"Communauté de communes - Pays de Lure","nomNormalise":"communautedecommunespaysdelure","typeCollectivite":"EPCI","typeEpci":"Communauté de communes","adresse":{"street":"ZA de la Saline","postalCode":"70200","city":"Lure","country":"France"},"contacts":{"email":"contact@pays-de-lure.fr","telephone":"0384890030"},"horaires":"Du Lundi au Mercredi : de 08h00 à 12h00 de 13h30 à 17h30 | Du Jeudi au Vendredi : de 08h00 à 12h00 de 13h30 à 17h00","website":"https://www.pays-de-lure.fr/","hasWebsite":true,"hasEmail":true,"hasTelephone":true,"latitude":47.671127,"longitude":6.510464,"url":"https://lannuaire.service-public.gouv.fr/bourgogne-franche-comte/haute-saone/9231a4ca-7fa8-44c6-9969-46ea904fd157"}
{"nom":"Communauté de communes - Pays de Luxeuil","nomNormalise":"communautedecommunespaysdeluxeuil","typeCollectivite":"EPCI","typeEpci":"Communauté de communes","adresse":{"street":"22 rue Jules-Jeanneney","postalCode":"70300","city":"Luxeuil-les-Bains","country":"France"},"contacts":{"email":"accueil@paysdeluxeuil.fr","telephone":"0384406300"},"horaires":"Du Lundi au Vendredi : de 08h00 à 12h00 de 13h30 à 16h30","website":"https://www.paysdeluxeuil.fr/","hasWebsite":true,"hasEmail":true,"hasTelephone":true,"latitude":47.81476,"longitude":6.381228,"url":"https://lannuaire.service-public.gouv.fr/bourgogne-franche-comte/haute-saone/9b075301-2670-4662-8aef-e62ae6f9c051"}
{"nom":"Communauté de communes - Pays de Maîche","nomNormalise":"communautedecommunespaysdemaiche","typeCollectivite":"EPCI","typeEpci":"Communauté de communes","adresse":{"street":"24 rue Montalembert","postalCode":"25120","city":"Maîche","country":"France"},"contacts":{"email":"contact@ccpm-maiche.com","telephone":"0381641706"},"horaires":"Le Lundi : de 09h00 à 12h00 de 14h00 à 17h00 | Le Mardi : de 09h00 à 12h00 de 14h00 à 18h00 | Le Mercredi : de 09h00 à 12h00 de 14h00 à 17h00 | Le Jeudi : de 09h00 à 12h00 de 14h00 à 18h00 | Le Vendredi : de 09h00 à 12h00","website":"http://www.ccpaysmaiche.fr/","hasWebsite":true,"hasEmail":true,"hasTelephone":true,"latitude":47.252388,"longitude":6.803454,"url":"https://lannuaire.service-public.gouv.fr/bourgogne-franche-comte/doubs/b7785555-3f4e-44ee-8f41-ea944ddeedd8"}
{"nom":"Communauté de communes - Pays de Montbenoit","nomNormalise":"communautedecommunespaysdemontbenoit","typeCollectivite":"EPCI","typeEpci":"Communauté de communes","adresse":{"street":"4 rue du Val-Saugeais","postalCode":"25650","city":"Montbenoît","country":"France"},"contacts":{"email":"contact@doubs-loue.fr","telephone":"0381381771"},"horaires":"Du Lundi au Vendredi : de 08h30 à 12h00 de 14h00 à 18h00","website":"https://www.cc-montbenoit.fr/","hasWebsite":true,"hasEmail":true,"hasTelephone":true,"latitude":46.992134,"longitude":6.46209,"url":"https://lannuaire.service-public.gouv.fr/bourgogne-franche-comte/doubs/362a5337-b2f8-43a4-98bc-b02d973bc152"}
{"nom":"Communauté de communes - Pays de Montbozon et du Chanois","nomNormalise":"communautedecommunespaysdemontbozonetduchanois","typeCollectivite":"EPCI","typeEpci":"Communauté de communes","adresse":{"street":"ZA Le Vay-du-Soleil","postalCode":"70230","city":"Montbozon","country":"France"},"contacts":{"email":"contact@ccpmc.fr","telephone":"0384923470"},"horaires":"Du Lundi au Mardi : de 09h00 à 12h00 de 13h30 à 16h30 | Le Mercredi : de 09h00 à 12h00 | Du Jeudi au Vendredi : de 09h00 à 12h00 de 13h30 à 16h30","website":"https://www.ccpmc.fr/","hasWebsite":true,"hasEmail":true,"hasTelephone":true,"latitude":47.466553,"longitude":6.258872,"url":"https://lannuaire.service-public.gouv.fr/bourgogne-franche-comte/haute-saone/355766bd-791d-4588-8d95-cfb24d0f3694"}
{"nom":"Communauté de communes - Pays Riolais","nomNormalise":"communautedecommunespaysriolais","typeCollectivite":"EPCI","typeEpci":"Communauté de communes","adresse":{"street":"Rue des Frères-Lumière","postalCode":"70190","city":"Rioz","country":"France"},"contacts":{"email":"communaute-communes@cc-pays-riolais.fr","telephone":"0384918494"},"horaires":"Du Lundi au Jeudi : de 08h30 à 12h30 de 13h30 à 17h00 | Le Vendredi : de 08h30 à 12h30 de 13h30 à 16h30","website":"https://www.cc-pays-riolais.fr/","hasWebsite":true,"hasEmail":true,"hasTelephone":true,"latitude":47.425274,"longitude":6.069263,"url":"https://lannuaire.service-public.gouv.fr/bourgogne-franche-comte/haute-saone/35922041-379f-4463-82d3-6166c0805a7b"}
{"nom":"Communauté de communes du Pays de Sancey-Belleherbe","nomNormalise":"communautedecommunesdupaysdesanceybelleherbe","typeCollectivite":"EPCI","typeEpci":"Communauté de communes","adresse":{"street":"14 bis rue de Lattre de Tassigny","postalCode":"25430","city":"Sancey","country":"France"},"contacts":{"email":"contact@payssancey-belleherbe.fr","telephone":"0381868762"},"horaires":"Du Lundi au Jeudi : de 09h00 à 12h00 de 13h30 à 17h00 | Le Vendredi : de 09h00 à 12h00 de 13h30 à 16h00","website":"http://www.payssancey-belleherbe.fr/","hasWebsite":true,"hasEmail":true,"hasTelephone":true,"latitude":47.30311,"longitude":6.59121,"url":"https://lannuaire.service-public.gouv.fr/bourgogne-franche-comte/doubs/209cf3d2-cc2d-42ae-bd63-cf7a3c25198f"}
{"nom":"Communauté de communes - Pays de Villersexel","nomNormalise":"communautedecommunespaysdevillersexel","typeCollectivite":"EPCI","typeEpci":"Communauté de communes","adresse":{"street":"144 rue de la Prairie","postalCode":"70110","city":"Villersexel","country":"France"},"contacts":{"email":"accueil@cc-villersexel.fr","telephone":"0384205450"},"horaires":"Du Lundi au Vendredi : de 09h00 à 12h00 de 13h30 à 16h00","website":"https://cc-villersexel.fr/","hasWebsite":true,"hasEmail":true,"hasTelephone":true,"latitude":47.54943,"longitude":6.428238,"url":"https://lannuaire.service-public.gouv.fr/bourgogne-franche-comte/haute-saone/fff137ad-a7e5-4c3c-8c8a-934c41293b5b"}
{"nom":"Communauté de communes - Plateau de Frasne et du Val de Drugeon (CFD)","nomNormalise":"communautedecommunesplateaudefrasneetduvaldedrugeoncfd","typeCollectivite":"EPCI","typeEpci":"Communauté de communes","adresse":{"street":"3 rue de la Gare","postalCode":"25560","city":"Frasne","country":"France"},"contacts":{"email":"secretariat@frasnedrugeon-cfd.fr","telephone":"0381498884"},"horaires":"Du Lundi au Vendredi : de 08h30 à 11h45 de 13h45 à 17h30","website":"https://www.frasnedrugeon-cfd.fr/","hasWebsite":true,"hasEmail":true,"hasTelephone":true,"latitude":46.85694,"longitude":6.161821,"url":"https://lannuaire.service-public.gouv.fr/bourgogne-franche-comte/doubs/69b3ebf7-b06d-466f-b028-d6bd38b0c6a1"}
{"nom":"Communauté de communes - Plateau de Russey","nomNormalise":"communautedecommunesplateauderussey","typeCollectivite":"EPCI","typeEpci":"Communauté de communes","adresse":{"street":"17 avenue De-Lattre-de-Tassigny","postalCode":"25210","city":"Le Russey","country":"France"},"contacts":{"email":"contact@cc-russey.fr","telephone":"0381438126"},"horaires":"Du Lundi au Vendredi : de 08h30 à 12h00 de 13h30 à 17h00","website":"https://cc-russey.fr/fr/","hasWebsite":true,"hasEmail":true,"hasTelephone":true,"latitude":47.16208,"longitude":6.7278028,"url":"https://lannuaire.service-public.gouv.fr/bourgogne-franche-comte/doubs/9c948202-41df-475c-ac8b-36e0f583e4ef"}
{"nom":"Communauté de communes - Porte du Jura","nomNormalise":"communautedecommunesportedujura","typeCollectivite":"EPCI","typeEpci":"Communauté de communes","adresse":{"street":"10 Grande rue","postalCode":"39190","city":"Beaufort-Orbagna","country":"France"},"contacts":{"email":"accueil@ccportedujura.fr","telephone":"0384489667"},"horaires":"Du Lundi au Vendredi : de 10h00 à 12h00 de 14h00 à 17h00","website":"https://www.ccportedujura.fr/","hasWebsite":true,"hasEmail":true,"hasTelephone":true,"latitude":46.57314,"longitude":5.4385214,"url":"https://lannuaire.service-public.gouv.fr/bourgogne-franche-comte/jura/38b74bec-9779-433b-82d5-ed15d44a7e8c"}
{"nom":"Communauté de communes - Portes du Haut Doubs","nomNormalise":"communautedecommunesportesduhautdoubs","typeCollectivite":"EPCI","typeEpci":"Communauté de communes","adresse":{"street":"7 rue Denis-Papin","postalCode":"25800","city":"Valdahon","country":"France"},"contacts":{"email":"contact@portes-haut-doubs.fr","telephone":"0381651515"},"horaires":"Du Lundi au Jeudi : de 08h30 à 12h00 de 13h30 à 17h30 | Le Vendredi : de 08h30 à 12h00 de 13h30 à 16h30","website":"https://www.portes-haut-doubs.com/","hasWebsite":true,"hasEmail":true,"hasTelephone":true,"latitude":47.147594,"longitude":6.345523,"url":"https://lannuaire.service-public.gouv.fr/bourgogne-franche-comte/doubs/91d35ecd-d694-4758-a28c-1496caff22d6"}
{"nom":"Communauté de communes - Pouilly en Auxois Bligny sur Ouche","nomNormalise":"communautedecommunespouillyenauxoisblignysurouche","typeCollectivite":"EPCI","typeEpci":"Communauté de communes","adresse":{"street":"Maison de Pays","postalCode":"21320","city":"Pouilly-en-Auxois","country":"France"},"contacts":{"email":"contact@ccpouillybligny.fr","telephone":"0380908044"},"horaires":"Du Lundi au Vendredi : de 08h30 à 12h00 de 14h00 à 17h00","website":"https://ccpouillybligny.fr/","hasWebsite":true,"hasEmail":true,"hasTelephone":true,"latitude":47.262493,"longitude":4.556286,"url":"https://lannuaire.service-public.gouv.fr/bourgogne-franche-comte/cote-d-or/3b7a2119-c361-4b2c-a217-6256e7d01772"}
{"nom":"Communauté de communes - Puisaye-Forterre","nomNormalise":"communautedecommunespuisayeforterre","typeCollectivite":"EPCI","typeEpci":"Communauté de communes","adresse":{"street":"4 avenue du Général-Leclerc","postalCode":"89170","city":"Saint-Fargeau","country":"France"},"contacts":{"email":"contact@cc-puisayeforterre.fr","telephone":"0386442350"},"horaires":"Du Lundi au Vendredi : de 09h00 à 12h00 de 14h00 à 17h00","website":"https://www.puisaye-forterre.com/","hasWebsite":true,"hasEmail":true,"hasTelephone":true,"latitude":47.640957,"longitude":3.071184,"url":"https://lannuaire.service-public.gouv.fr/bourgogne-franche-comte/yonne/455c3c62-1a45-4707-8b9c-533e18a31108"}
{"nom":"Communauté de communes - Quatre Rivières","nomNormalise":"communautedecommunesquatrerivieres","typeCollectivite":"EPCI","typeEpci":"Communauté de communes","adresse":{"street":"8 rue Jean-Mourey","postalCode":"70180","city":"Dampierre-sur-Salon","country":"France"},"contacts":{"email":"secretariat@cc4r.eu","telephone":"0384671374"},"horaires":"Du Lundi au Vendredi : de 08h30 à 12h00 de 13h30 à 17h00","website":"https://communaute.4rivieres.fr/","hasWebsite":true,"hasEmail":true,"hasTelephone":true,"latitude":47.556698,"longitude":5.678444,"url":"https://lannuaire.service-public.gouv.fr/bourgogne-franche-comte/haute-saone/67f4702d-ddd1-4aa0-88ac-29d0770e3bd2"}
{"nom":"Communauté de communes - Rahin et Cherimont","nomNormalise":"communautedecommunesrahinetcherimont","typeCollectivite":"EPCI","typeEpci":"Communauté de communes","adresse":{"street":"20 rue Paul-Strauss","postalCode":"70250","city":"Ronchamp","country":"France"},"contacts":{"email":"ccrahincherimont@wanadoo.fr","telephone":"0384279315"},"horaires":"Du Lundi au Vendredi : de 08h30 à 12h00 de 13h30 à 17h00","website":"https://www.ccrc70.fr/","hasWebsite":true,"hasEmail":true,"hasTelephone":true,"latitude":47.700253,"longitude":6.633119,"url":"https://lannuaire.service-public.gouv.fr/bourgogne-franche-comte/haute-saone/28b1f71e-b9fd-40e0-a193-3d15ece5f8a5"}
{"nom":"Communauté de communes - Rives de Saône","nomNormalise":"communautedecommunesrivesdesaone","typeCollectivite":"EPCI","typeEpci":"Communauté de communes","adresse":{"street":"15 bis grande rue du Faubourg-Saint-Michel","postalCode":"21250","city":"Seurre","country":"France"},"contacts":{"email":"secretariat@rivesdesaone.fr","telephone":"0380204854"},"horaires":"Du Lundi au Vendredi : de 09h00 à 12h00 de 14h00 à 17h00","website":"https://www.rivesdesaone.fr/","hasWebsite":true,"hasEmail":true,"hasTelephone":true,"latitude":47.000206,"longitude":5.150434,"url":"https://lannuaire.service-public.gouv.fr/bourgogne-franche-comte/cote-d-or/bf6fcc3b-1b3a-4ec2-8810-c14a4c65ba55"}
{"nom":"Communauté de communes - Saint-Cyr Mère Boitier entre Charolais et Mâconnais","nomNormalise":"communautedecommunessaintcyrmereboitierentrecharolaisetmaconnais","typeCollectivite":"EPCI","typeEpci":"Communauté de communes","adresse":{"street":"Communauté de Communes Saint Cyr Mère Boitier","postalCode":"71520","city":"Trambly","country":"France"},"contacts":{"email":"contact@scmb71.com","telephone":"0385502645"},"horaires":"Du Lundi au Jeudi : de 09h00 à 12h00 de 13h30 à 17h00 | Le Vendredi : de 09h00 à 12h00","website":"https://www.scmb71.com/","hasWebsite":true,"hasEmail":true,"hasTelephone":true,"latitude":46.328033,"longitude":4.531484,"url":"https://lannuaire.service-public.gouv.fr/bourgogne-franche-comte/saone-et-loire/59cc6119-59b6-4b56-b436-159b90ebbb76"}
{"nom":"Communauté de communes - Saône Doubs Bresse","nomNormalise":"communautedecommunessaonedoubsbresse","typeCollectivite":"EPCI","typeEpci":"Communauté de communes","adresse":{"street":"16 rue de la République","postalCode":"71350","city":"Verdun-Ciel","country":"France"},"contacts":{"email":"contact@saonedoubsbresse.fr","telephone":"0385916616"},"horaires":"Du Lundi au Vendredi : de 08h45 à 12h15 de 13h30 à 17h00","website":"http://www.saonedoubsbresse.fr/","hasWebsite":true,"hasEmail":true,"hasTelephone":true,"latitude":46.895695,"longitude":5.024234,"url":"https://lannuaire.service-public.gouv.fr/bourgogne-franche-comte/saone-et-loire/2a93461c-76a7-455b-b3c3-7feea66dc160"}
{"nom":"Communauté de communes - Saulieu","nomNormalise":"communautedecommunessaulieu","typeCollectivite":"EPCI","typeEpci":"Communauté de communes","adresse":{"street":"15 place Charles-de-Gaulle","postalCode":"21210","city":"Saulieu","country":"France"},"contacts":{"email":"contact@saulieu-morvan.fr","telephone":"0380647744"},"horaires":"Du Lundi au Vendredi : de 09h00 à 12h00 de 14h00 à 17h00","website":"https://www.saulieu-morvan.fr/","hasWebsite":true,"hasEmail":true,"hasTelephone":true,"latitude":47.281635,"longitude":4.228908,"url":"https://lannuaire.service-public.gouv.fr/bourgogne-franche-comte/cote-d-or/9674baa7-3f42-43b9-92ad-4eea18168bb0"}
{"nom":"Communauté de communes - Serein","nomNormalise":"communautedecommunesserein","typeCollectivite":"EPCI","typeEpci":"Communauté de communes","adresse":{"street":"1 place Saint-Georges","postalCode":"89440","city":"L'Isle-sur-Serein","country":"France"},"contacts":{"email":"accueil@ccduserein.fr","telephone":"0386333399"},"horaires":"Le Lundi : de 13h30 à 16h30 | Du Mardi au Vendredi : de 09h00 à 12h30 de 13h30 à 17h00","website":"https://www.ccduserein.fr/","hasWebsite":true,"hasEmail":true,"hasTelephone":true,"latitude":47.586773,"longitude":4.0029044,"url":"https://lannuaire.service-public.gouv.fr/bourgogne-franche-comte/yonne/ecb5ddb1-6fc5-49af-81d6-afa9a681bddb"}
{"nom":"Communauté de communes - Serein et Armance","nomNormalise":"communautedecommunessereinetarmance","typeCollectivite":"EPCI","typeEpci":"Communauté de communes","adresse":{"street":"37 avenue du Général-Leclerc","postalCode":"89600","city":"Saint-Florentin","country":"France"},"contacts":{"email":"contact@cc-sereinarmance.fr","telephone":"0386805050"},"horaires":"Du Lundi au Vendredi : de 09h00 à 12h00 de 14h00 à 17h00","website":"https://cc-sereinarmance.fr/","hasWebsite":true,"hasEmail":true,"hasTelephone":true,"latitude":48.000553,"longitude":3.729512,"url":"https://lannuaire.service-public.gouv.fr/bourgogne-franche-comte/yonne/54c1f0bb-c349-4a85-b390-23f93d3d6c06"}
{"nom":"Communauté de communes - Sud Côte Chalonnaise","nomNormalise":"communautedecommunessudcotechalonnaise","typeCollectivite":"EPCI","typeEpci":"Communauté de communes","adresse":{"street":"3 impasse des Marbres","postalCode":"71390","city":"Buxy","country":"France"},"contacts":{"email":"secretariat@ccscc.fr","telephone":"0385450526"},"horaires":"Du Lundi au Vendredi : de 09h00 à 12h00","website":"https://www.cc-sud-cote-chalonnaise.fr/","hasWebsite":true,"hasEmail":true,"hasTelephone":true,"latitude":46.714577,"longitude":4.704979,"url":"https://lannuaire.service-public.gouv.fr/bourgogne-franche-comte/saone-et-loire/98e65ad2-cd9d-44ce-a853-98fe0b12583d"}
{"nom":"Communauté de communes - Sud Nivernais","nomNormalise":"communautedecommunessudnivernais","typeCollectivite":"EPCI","typeEpci":"Communauté de communes","adresse":{"street":"2 rue du Port de la Jonction","postalCode":"58300","city":"Decize","country":"France"},"contacts":{"email":"accueil@ccsn.fr","telephone":"0386770945"},"horaires":"Le Lundi : de 08h30 à 12h00 de 13h30 à 17h00 | Le Mardi : de 08h30 à 12h00 | Le Mercredi : de 08h30 à 12h00 de 13h30 à 17h00 | Le Jeudi : de 08h30 à 12h00 | Le Vendredi : de 08h30 à 12h00 de 13h30 à 17h00","website":"https://www.sud-nivernais-communaute.fr/","hasWebsite":true,"hasEmail":true,"hasTelephone":true,"latitude":46.821766,"longitude":3.454447,"url":"https://lannuaire.service-public.gouv.fr/bourgogne-franche-comte/nievre/2306bbfa-0f13-45a2-ba72-4ba73f452f12"}
{"nom":"Communauté de communes - Sud Territoire","nomNormalise":"communautedecommunessudterritoire","typeCollectivite":"EPCI","typeEpci":"Communauté de communes","adresse":{"street":"8 place Raymond-Forni","postalCode":"90100","city":"Delle","country":"France"},"contacts":{"email":"ccst90@cc-sud-territoire.fr","telephone":"0384562607"},"horaires":"Du Lundi au Jeudi : de 08h30 à 12h00 de 14h00 à 17h00 | Le Vendredi : de 08h30 à 12h00 de 14h00 à 16h30","website":"https://www.cc-sud-territoire.fr/","hasWebsite":true,"hasEmail":true,"hasTelephone":true,"latitude":47.50752,"longitude":6.997808,"url":"https://lannuaire.service-public.gouv.fr/bourgogne-franche-comte/territoire-de-belfort/c7530b17-24e5-4333-ab12-0a0bd2d7946f"}
{"nom":"Communauté de communes - Tannay Brinon Corbigny","nomNormalise":"communautedecommunestannaybrinoncorbigny","typeCollectivite":"EPCI","typeEpci":"Communauté de communes","adresse":{"street":"3 Grande rue","postalCode":"58800","city":"Corbigny","country":"France"},"contacts":{"email":"accueil@cctbc.fr","telephone":"0386202203"},"horaires":"Du Lundi au Vendredi : de 09h00 à 12h00 de 13h30 à 17h30","website":"https://www.tannay-brinon-corbigny.fr/","hasWebsite":true,"hasEmail":true,"hasTelephone":true,"latitude":47.257618,"longitude":3.684328,"url":"https://lannuaire.service-public.gouv.fr/bourgogne-franche-comte/nievre/fd3f40ff-96ea-4c52-b637-2ff65e1269eb"}
{"nom":"Communauté de communes - Terre d'Émeraude Communauté","nomNormalise":"communautedecommunesterredemeraudecommunaute","typeCollectivite":"EPCI","typeEpci":"Communauté de communes","adresse":{"street":"4 chemin du Quart","postalCode":"39270","city":"Orgelet","country":"France"},"contacts":{"email":"contact@terredemeraude.fr","telephone":"0384254113"},"horaires":"Le Lundi : de 10h00 à 12h00 de 14h00 à 17h30 | Du Mardi au Jeudi : de 08h30 à 12h00 de 14h00 à 17h30 | Le Mercredi : de 08h30 à 12h00 de 14h00 à 17h00 | Le Jeudi : de 08h30 à 12h00 de 14h00 à 17h30 | Le Vendredi : de 08h30 à 12h00","website":"https://www.terredemeraude.fr/","hasWebsite":true,"hasEmail":true,"hasTelephone":true,"latitude":46.52061,"longitude":5.61129,"url":"https://lannuaire.service-public.gouv.fr/bourgogne-franche-comte/jura/9a91597d-92a6-4e94-99ad-5a5ba2c7a089"}
{"nom":"Communauté de communes - Terres d'Auxois","nomNormalise":"communautedecommunesterresdauxois","typeCollectivite":"EPCI","typeEpci":"Communauté de communes","adresse":{"street":"3 place de la Gare","postalCode":"21140","city":"Semur-en-Auxois","country":"France"},"contacts":{"email":"contact@ccterres-auxois.fr","telephone":"0380972665"},"horaires":"Du Lundi au Vendredi : de 09h00 à 12h00 de 13h30 à 17h30","website":"https://ccterres-auxois.fr/","hasWebsite":true,"hasEmail":true,"hasTelephone":true,"latitude":47.48867,"longitude":4.3428516,"url":"https://lannuaire.service-public.gouv.fr/bourgogne-franche-comte/cote-d-or/e1ad3cd8-f32f-4a27-94ad-c133e473971d"}
{"nom":"Communauté de communes - Terres de Bresse","nomNormalise":"communautedecommunesterresdebresse","typeCollectivite":"EPCI","typeEpci":"Communauté de communes","adresse":{"street":"Rue Wachenheim","postalCode":"71290","city":"Cuisery","country":"France"},"contacts":{"email":"comcom@terresdebresse.fr","telephone":"0385323007"},"horaires":"Du Lundi au Jeudi : de 09h00 à 12h00 de 14h00 à 17h00 | Le Vendredi : de 09h00 à 12h00 de 14h00 à 16h00","website":"https://www.terresdebresse.fr/","hasWebsite":true,"hasEmail":true,"hasTelephone":true,"latitude":46.558712,"longitude":4.999977,"url":"https://lannuaire.service-public.gouv.fr/bourgogne-franche-comte/saone-et-loire/378b1fe1-8104-4dce-b3ca-30b6e33e6de0"}
{"nom":"Communauté de communes - Terres de Saône","nomNormalise":"communautedecommunesterresdesaone","typeCollectivite":"EPCI","typeEpci":"Communauté de communes","adresse":{"street":"73 rue François-Mitterrand","postalCode":"70170","city":"Port-sur-Saône","country":"France"},"contacts":{"email":"contact@cctds.fr","telephone":"0384916600"},"horaires":"Du Lundi au Vendredi : de 08h30 à 12h00 de 13h30 à 17h00","website":"https://www.cctds.fr/","hasWebsite":true,"hasEmail":true,"hasTelephone":true,"latitude":47.688244,"longitude":6.0464644,"url":"https://lannuaire.service-public.gouv.fr/bourgogne-franche-comte/haute-saone/a22bbfdd-2d27-4b1e-a32d-71f59d72413d"}
{"nom":"Communauté de communes - Tille et Venelle","nomNormalise":"communautedecommunestilleetvenelle","typeCollectivite":"EPCI","typeEpci":"Communauté de communes","adresse":{"street":"20 rue de la Patenée","postalCode":"21260","city":"Selongey","country":"France"},"contacts":{"email":"bonjour@tille-venelle.fr","telephone":"0380755111"},"horaires":"Du Lundi au Vendredi : de 08h30 à 12h00 de 12h45 à 17h30","website":"https://www.tille-venelle.fr/","hasWebsite":true,"hasEmail":true,"hasTelephone":true,"latitude":47.588207,"longitude":5.183793,"url":"https://lannuaire.service-public.gouv.fr/bourgogne-franche-comte/cote-d-or/0a1e53da-ee35-4e08-8448-81b79a49c68f"}
{"nom":"Communauté de communes - Triangle Vert","nomNormalise":"communautedecommunestrianglevert","typeCollectivite":"EPCI","typeEpci":"Communauté de communes","adresse":{"street":"27 Grande rue","postalCode":"70240","city":"Saulx","country":"France"},"contacts":{"email":"contact@cctv70.fr","telephone":"0384958990"},"horaires":"Du Lundi au Jeudi : de 09h00 à 12h00 de 13h30 à 18h00","website":"https://cctv70.fr/fr/","hasWebsite":true,"hasEmail":true,"hasTelephone":true,"latitude":47.69583,"longitude":6.278879,"url":"https://lannuaire.service-public.gouv.fr/bourgogne-franche-comte/haute-saone/2310fba1-01c9-47e6-a5b9-8a83114baa59"}
{"nom":"Communauté de communes - Val d'Amour","nomNormalise":"communautedecommunesvaldamour","typeCollectivite":"EPCI","typeEpci":"Communauté de communes","adresse":{"street":"74 Grande rue","postalCode":"39380","city":"Chamblay","country":"France"},"contacts":{"email":"contact@valdamour.com","telephone":"0384377474"},"horaires":"Du Lundi au Vendredi : de 09h00 à 12h00 de 13h30 à 17h00","website":"https://www.valdamour.com/","hasWebsite":true,"hasEmail":true,"hasTelephone":true,"latitude":46.997593,"longitude":5.7089505,"url":"https://lannuaire.service-public.gouv.fr/bourgogne-franche-comte/jura/1b3563e3-a2cd-46cd-bf75-09fadaa41d29"}
{"nom":"Communauté de communes - Val de Gray","nomNormalise":"communautedecommunesvaldegray","typeCollectivite":"EPCI","typeEpci":"Communauté de communes","adresse":{"street":"Rue André-Marie-Ampère","postalCode":"70100","city":"Gray","country":"France"},"contacts":{"email":"secretariat@cc-valdegray.fr","telephone":"0384655869"},"horaires":"Du Lundi au Vendredi : de 08h30 à 12h00 de 13h30 à 16h30","website":"https://www.cc-valdegray.fr/","hasWebsite":true,"hasEmail":true,"hasTelephone":true,"latitude":47.43738,"longitude":5.6011944,"url":"https://lannuaire.service-public.gouv.fr/bourgogne-franche-comte/haute-saone/dc4faf37-30c3-42ff-b73d-a8a9adc800c4"}
{"nom":"Communauté de communes - Vallées de la Tille et de l'Ignon","nomNormalise":"communautedecommunesvalleesdelatilleetdelignon","typeCollectivite":"EPCI","typeEpci":"Communauté de communes","adresse":{"street":"4 allée Jean-Moulin","postalCode":"21120","city":"Is-sur-Tille","country":"France"},"contacts":{"email":"covati@covati.fr","telephone":"0380953241"},"horaires":"Du Lundi au Jeudi : de 09h00 à 12h00 de 14h00 à 17h00 | Le Vendredi : de 09h00 à 12h00","website":"https://www.covati.fr/","hasWebsite":true,"hasEmail":true,"hasTelephone":true,"latitude":47.521263,"longitude":5.112725,"url":"https://lannuaire.service-public.gouv.fr/bourgogne-franche-comte/cote-d-or/1014f99d-9607-40f3-9fdb-b2e85ed9b77e"}
{"nom":"Communauté de communes - Val Marnaysien","nomNormalise":"communautedecommunesvalmarnaysien","typeCollectivite":"EPCI","typeEpci":"Communauté de communes","adresse":{"street":"21 place de lHôtel-de-Ville","postalCode":"70150","city":"Marnay","country":"France"},"contacts":{"email":"cc@valmarnaysien.com","telephone":"0384319484"},"horaires":"Du Lundi au Jeudi : de 08h30 à 12h30 de 14h00 à 17h00 | Le Vendredi : de 08h30 à 12h30","website":"https://valmarnaysien.com/","hasWebsite":true,"hasEmail":true,"hasTelephone":true,"latitude":47.294918,"longitude":5.773138,"url":"https://lannuaire.service-public.gouv.fr/bourgogne-franche-comte/haute-saone/2aa73826-fc01-43f2-9498-b4d69019ce55"}
{"nom":"Communauté de communes - Val de Morteau","nomNormalise":"communautedecommunesvaldemorteau","typeCollectivite":"EPCI","typeEpci":"Communauté de communes","adresse":{"street":"Mairie","postalCode":"25500","city":"Morteau","country":"France"},"contacts":{"email":"morteau@morteau.org","telephone":"0381685656"},"horaires":"Du Lundi au Vendredi : de 08h30 à 12h00 de 14h00 à 18h00","website":"https://www.cc-valdemorteau.fr/","hasWebsite":true,"hasEmail":true,"hasTelephone":true,"latitude":47.056053,"longitude":6.5966763,"url":"https://lannuaire.service-public.gouv.fr/bourgogne-franche-comte/doubs/dc5467e4-8e34-407b-b254-35dc3f0c7228"}
{"nom":"Communauté de communes - Vosges du Sud","nomNormalise":"communautedecommunesvosgesdusud","typeCollectivite":"EPCI","typeEpci":"Communauté de communes","adresse":{"street":"26 bis Grande rue","postalCode":"90170","city":"Etueffont","country":"France"},"contacts":{"email":"contact@ccvosgesdusud.fr","telephone":"0384547080"},"horaires":"Du Lundi au Jeudi : de 08h30 à 12h00 de 13h30 à 16h30 | Le Vendredi : de 08h30 à 12h00 de 13h30 à 16h00","website":"https://www.ccvosgesdusud.fr/","hasWebsite":true,"hasEmail":true,"hasTelephone":true,"latitude":47.721653,"longitude":6.9205832,"url":"https://lannuaire.service-public.gouv.fr/bourgogne-franche-comte/territoire-de-belfort/dce39bac-5cd1-4595-9cf9-bb7e1d707c34"}
{"nom":"Communauté de communes - Yonne Nord","nomNormalise":"communautedecommunesyonnenord","typeCollectivite":"EPCI","typeEpci":"Communauté de communes","adresse":{"street":"52 faubourg de Villeperrot","postalCode":"89140","city":"Pont-sur-Yonne","country":"France"},"contacts":{"email":"ccyn@ccyn.fr","telephone":"0386679900"},"horaires":"Du Lundi au Jeudi : de 09h00 à 12h00 de 14h00 à 17h00 | Le Vendredi : de 09h00 à 12h00 de 14h00 à 16h30","website":"https://yonne-nord.fr/","hasWebsite":true,"hasEmail":true,"hasTelephone":true,"latitude":48.276825,"longitude":3.2172778,"url":"https://lannuaire.service-public.gouv.fr/bourgogne-franche-comte/yonne/436403ba-e7c9-45b9-9448-8efcde0818d5"}
{"nom":"Communauté urbaine - Creusot Montceau","nomNormalise":"communauteurbainecreusotmontceau","typeCollectivite":"EPCI","typeEpci":"Communauté urbaine","adresse":{"street":"Château de la Verrerie","postalCode":"71206","city":"Le Creusot Cedex","country":"France"},"contacts":{"email":"info@creusot-montceau.org","telephone":"0385775151"},"horaires":"Du Lundi au Vendredi : de 08h30 à 12h00 de 13h30 à 17h00","website":"https://www.creusot-montceau.org/","hasWebsite":true,"hasEmail":true,"hasTelephone":true,"latitude":46.8067,"longitude":4.427961,"url":"https://lannuaire.service-public.gouv.fr/bourgogne-franche-comte/saone-et-loire/1474feb1-b2fe-4f62-a473-9e01c48baf8e"}
{"nom":"Communauté urbaine - Grand Besançon Métropole","nomNormalise":"communauteurbainegrandbesanconmetropole","typeCollectivite":"EPCI","typeEpci":"Communauté urbaine","adresse":{"street":"La City","postalCode":"25043","city":"Besançon Cedex","country":"France"},"contacts":{"email":"contact.gbm@grandbesancon.fr","telephone":"0381878889"},"horaires":"Du Lundi au Jeudi : de 08h00 à 12h00 de 13h30 à 17h30 | Le Vendredi : de 08h00 à 12h00 de 13h30 à 17h00","website":"https://www.grandbesancon.fr/","hasWebsite":true,"hasEmail":true,"hasTelephone":true,"latitude":47.233868,"longitude":6.014996,"url":"https://lannuaire.service-public.gouv.fr/bourgogne-franche-comte/doubs/4a954010-1afe-472b-9d3f-f471cf546500"}
{"nom":"Métropole - Dijon","nomNormalise":"metropoledijon","typeCollectivite":"EPCI","typeEpci":"","adresse":{"street":"40 avenue du Drapeau","postalCode":"21075","city":"Dijon","country":"France"},"contacts":{"email":"contact@metropole-dijon.fr","telephone":"0380503535"},"horaires":"Du Lundi au Vendredi : de 08h30 à 12h00 de 13h30 à 17h30","website":"https://www.dijon-metropole.fr/","hasWebsite":true,"hasEmail":true,"hasTelephone":true,"latitude":47.33258,"longitude":5.0439315,"url":"https://lannuaire.service-public.gouv.fr/bourgogne-franche-comte/cote-d-or/5e1cd4d6-055a-4c7f-a09c-4c18ff3b944a"}
