{"nom":"Agglomération - Caux - Seine","nomNormalise":"agglomerationcauxseine","typeCollectivite":"EPCI","typeEpci":"Communauté d’agglomération","adresse":{"street":"1 allée du Catillon","postalCode":"76170","city":"Lillebonne","country":"France"},"contacts":{"email":"accueil@cauxseine.fr","telephone":"0232844040"},"horaires":"Du Lundi au Vendredi : de 08h45 à 12h00 de 13h30 à 17h45","website":"https://www.cauxseine.fr/","hasWebsite":true,"hasEmail":true,"hasTelephone":true,"latitude":49.5114,"longitude":0.539098,"url":"https://lannuaire.service-public.gouv.fr/normandie/seine-maritime/43afec30-2190-44fb-b0bc-1972de247156"}
{"nom":"Agglomération - Flers","nomNormalise":"agglomerationflers","typeCollectivite":"EPCI","typeEpci":"Communauté d’agglomération","adresse":{"street":"41 rue de la Boule","postalCode":"61100","city":"Flers","country":"France"},"contacts":{"email":"accueil@flers-agglo.fr","telephone":"0233646600"},"horaires":"Du Lundi au Vendredi : de 08h15 à 12h15 de 13h30 à 17h30","website":"https://www.flers-agglo.fr/","hasWebsite":true,"hasEmail":true,"hasTelephone":true,"latitude":48.750324,"longitude":-0.570099,"url":"https://lannuaire.service-public.gouv.fr/normandie/orne/49558ef4-24ad-444c-b343-a655e03e15fb"}
{"nom":"Communauté d'agglomération - Cotentin","nomNormalise":"communautedagglomerationcotentin","typeCollectivite":"EPCI","typeEpci":"Communauté d’agglomération","adresse":{"street":"Hôtel Atlantique","postalCode":"50100","city":"Cherbourg-en-Cotentin","country":"France"},"contacts":{"email":"contact@lecotentin.fr","telephone":"0250791610"},"horaires":"Du Lundi au Jeudi : de 08h30 à 12h00 de 13h30 à 17h30 | Le Vendredi : de 08h30 à 12h00 de 13h30 à 17h00","website":"https://www.lecotentin.fr/","hasWebsite":true,"hasEmail":true,"hasTelephone":true,"latitude":49.642475,"longitude":-1.611337,"url":"https://lannuaire.service-public.gouv.fr/normandie/manche/5114b30a-d0f4-4ee7-b622-595d90a8268d"}
{"nom":"Communauté d'agglomération - Dieppe Maritime","nomNormalise":"communautedagglomerationdieppemaritime","typeCollectivite":"EPCI","typeEpci":"Communauté d’agglomération","adresse":{"street":"4 boulevard du Général-de-Gaulle","postalCode":"76200","city":"Dieppe","country":"France"},"contacts":{"email":"contact@agglodieppe-maritime.com","telephone":"0232902025"},"horaires":"Du Lundi au Jeudi : de 09h00 à 12h00 de 14h00 à 17h00 | Le Vendredi : de 09h00 à 12h00 de 14h00 à 16h00","website":"http://www.agglodieppe-maritime.com/","hasWebsite":true,"hasEmail":true,"hasTelephone":true,"latitude":49.92368,"longitude":1.080507,"url":"https://lannuaire.service-public.gouv.fr/normandie/seine-maritime/0a48d46c-64ee-4c14-a15d-0cdfce4cdfe6"}
{"nom":"Communauté d'agglomération - Évreux Portes de Normandie","nomNormalise":"communautedagglomerationevreuxportesdenormandie","typeCollectivite":"EPCI","typeEpci":"Communauté d’agglomération","adresse":{"street":"9 rue Voltaire","postalCode":"27004","city":"Évreux Cedex","country":"France"},"contacts":{"email":"dgs@epn-agglo.fr","telephone":"0232319292"},"horaires":"Du Lundi au Vendredi : de 08h30 à 12h30 de 13h30 à 17h00","website":"https://evreuxportesdenormandie.fr/","hasWebsite":true,"hasEmail":true,"hasTelephone":true,"latitude":49.00834,"longitude":1.1579703,"url":"https://lannuaire.service-public.gouv.fr/normandie/eure/cff36589-4122-4ced-906f-cae5af481abe"}
{"nom":"Communauté d'agglomération - Fécamp Caux Littoral","nomNormalise":"communautedagglomerationfecampcauxlittoral","typeCollectivite":"EPCI","typeEpci":"Communauté d’agglomération","adresse":{"street":"825 route de Valmont","postalCode":"76400","city":"Fécamp","country":"France"},"contacts":{"email":"contact@agglo-fecampcauxlittoral.fr","telephone":"0235104848"},"horaires":"Du Lundi au Vendredi : de 09h00 à 12h00 de 13h30 à 17h00","website":"https://www.agglo-fecampcauxlittoral.fr/","hasWebsite":true,"hasEmail":true,"hasTelephone":true,"latitude":49.75109,"longitude":0.414625,"url":"https://lannuaire.service-public.gouv.fr/normandie/seine-maritime/e7581982-9224-4d32-993c-47d683135ff9"}
{"nom":"Communauté d'agglomération - Lisieux Normandie","nomNormalise":"communautedagglomerationlisieuxnormandie","typeCollectivite":"EPCI","typeEpci":"Communauté d’agglomération","adresse":{"street":"11 place François-Mitterrand","postalCode":"14100","city":"Lisieux","country":"France"},"contacts":{"email":"secretariat@agglo-lisieux.fr","telephone":"0231616600"},"horaires":"Du Lundi au Jeudi : de 09h00 à 12h00 de 14h00 à 17h00 | Le Vendredi : de 09h00 à 12h00 de 14h00 à 16h00","website":"https://lisieux-normandie.fr/","hasWebsite":true,"hasEmail":true,"hasTelephone":true,"latitude":49.14618,"longitude":0.2249,"url":"https://lannuaire.service-public.gouv.fr/normandie/calvados/d340c45c-a8c3-452a-9dd2-fcbbe77ad842"}
{"nom":"Communauté d'agglomération - Mont-Saint-Michel Normandie","nomNormalise":"communautedagglomerationmontsaintmichelnormandie","typeCollectivite":"EPCI","typeEpci":"Communauté d’agglomération","adresse":{"street":"1 rue Général-Ruel","postalCode":"50305","city":"Avranches Cedex","country":"France"},"contacts":{"email":"accueil@msm-normandie.fr","telephone":"0233896700"},"horaires":"Du Lundi au Jeudi : de 08h30 à 12h30 de 13h30 à 17h30 | Le Vendredi : de 08h30 à 12h30 de 13h30 à 16h30","website":"https://www.msm-normandie.fr/fr/","hasWebsite":true,"hasEmail":true,"hasTelephone":true,"latitude":48.68452,"longitude":-1.351648,"url":"https://lannuaire.service-public.gouv.fr/normandie/manche/97fbe4c4-351b-4f0e-a41d-a6f9dfb558b7"}
{"nom":"Communauté d'agglomération - Saint-Lô Agglo","nomNormalise":"communautedagglomerationsaintloagglo","typeCollectivite":"EPCI","typeEpci":"Communauté d’agglomération","adresse":{"street":"70 rue du Neufbourg","postalCode":"50000","city":"Saint-Lô","country":"France"},"contacts":{"email":"contact@saint-lo-agglo.fr","telephone":"0214290000"},"horaires":"Du Lundi au Jeudi : de 08h30 à 12h00 de 13h30 à 17h30 | Le Vendredi : de 08h30 à 12h00 de 13h00 à 17h00","website":"https://www.saint-lo-agglo.fr/fr","hasWebsite":true,"hasEmail":true,"hasTelephone":true,"latitude":49.102386,"longitude":-1.076249,"url":"https://lannuaire.service-public.gouv.fr/normandie/manche/4c5d2a3c-a8df-4d05-b44d-34133b59a05b"}
{"nom":"Communauté d'agglomération - Seine-Eure","nomNormalise":"communautedagglomerationseineeure","typeCollectivite":"EPCI","typeEpci":"Communauté d’agglomération","adresse":{"street":"1 place Ernest-Thorel","postalCode":"27405","city":"Louviers","country":"France"},"contacts":{"email":"agglo@seine-eure.com","telephone":"0232508550"},"horaires":"Du Lundi au Jeudi : de 08h30 à 12h30 de 13h30 à 17h30 | Le Vendredi : de 08h30 à 12h30 de 13h30 à 16h30","website":"https://www.agglo-seine-eure.fr/","hasWebsite":true,"hasEmail":true,"hasTelephone":true,"latitude":49.21499,"longitude":1.168218,"url":"https://lannuaire.service-public.gouv.fr/normandie/eure/6bff501d-4cd5-49a7-9151-746c6196eda5"}
{"nom":"Communauté d'agglomération - Seine Normandie Agglomération","nomNormalise":"communautedagglomerationseinenormandieagglomeration","typeCollectivite":"EPCI","typeEpci":"Communauté d’agglomération","adresse":{"street":"12 rue de la Mare-à-Jouy","postalCode":"27120","city":"Douains","country":"France"},"contacts":{"email":"accueil@sna27.fr","telephone":"0232535003"},"horaires":"Du Lundi au Jeudi : de 08h30 à 12h00 de 13h30 à 17h30 | Le Vendredi : de 08h30 à 12h00 de 13h30 à 17h00","website":"https://www.sna27.fr/","hasWebsite":true,"hasEmail":true,"hasTelephone":true,"latitude":49.061028,"longitude":1.4195857,"url":"https://lannuaire.service-public.gouv.fr/normandie/eure/b073eb56-dc96-426b-bfda-389f0bf4950c"}
{"nom":"Communauté de communes - 4 Rivières","nomNormalise":"communautedecommunesrivieres","typeCollectivite":"EPCI","typeEpci":"Communauté de communes","adresse":{"street":"communauté de commune des 4 rivières en Bray","postalCode":"76220","city":"Gournay-en-Bray","country":"France"},"contacts":{"email":"contact@cc4rivieres.com","telephone":"0235098569"},"horaires":"Du Lundi au Vendredi : de 09h00 à 12h00 de 13h30 à 17h00","website":"https://cc4rivieres.com/","hasWebsite":true,"hasEmail":true,"hasTelephone":true,"latitude":49.470825,"longitude":1.724118,"url":"https://lannuaire.service-public.gouv.fr/normandie/seine-maritime/0b461098-0a5b-45b2-b830-6e58c763d88e"}
{"nom":"Communauté de communes - Andaine Passais","nomNormalise":"communautedecommunesandainepassais","typeCollectivite":"EPCI","typeEpci":"Communauté de communes","adresse":{"street":"26 avenue Léopold-Barré","postalCode":"61140","city":"Juvigny-Val-d'Andaine","country":"France"},"contacts":{"email":"accueilsiege@ccandainepassais.fr","telephone":"0233379515"},"horaires":"Du Lundi au Jeudi : de 09h00 à 12h00 de 14h00 à 17h00 | Le Vendredi : de 09h00 à 12h00","website":"https://ccandainepassais.org/","hasWebsite":true,"hasEmail":true,"hasTelephone":true,"latitude":48.551125,"longitude":-0.5068823,"url":"https://lannuaire.service-public.gouv.fr/normandie/orne/76398fc4-3c1a-49dd-b9c3-3aab4be48eff"}
{"nom":"Communauté de communes - Argentan Intercom","nomNormalise":"communautedecommunesargentanintercom","typeCollectivite":"EPCI","typeEpci":"Communauté de communes","adresse":{"street":"12 route de Sées","postalCode":"61200","city":"Argentan","country":"France"},"contacts":{"email":"informations@terresdargentan.fr","telephone":"0233122525"},"horaires":"Du Lundi au Vendredi : de 09h00 à 12h00 de 14h00 à 17h00","website":"https://terresdargentan.fr/","hasWebsite":true,"hasEmail":true,"hasTelephone":true,"latitude":48.724453,"longitude":-0.0132925,"url":"https://lannuaire.service-public.gouv.fr/normandie/orne/934eec5b-e7ad-42f3-a3d6-2f19541b7694"}
{"nom":"Communauté de communes - Bayeux Intercom","nomNormalise":"communautedecommunesbayeuxintercom","typeCollectivite":"EPCI","typeEpci":"Communauté de communes","adresse":{"street":"4 place Gauquelin-des-Pallières","postalCode":"14400","city":"Bayeux","country":"France"},"contacts":{"email":"siege@bayeux-intercom.fr","telephone":"0231516300"},"horaires":"Du Lundi au Vendredi : de 08h30 à 12h00 de 13h30 à 17h00","website":"https://www.bayeux-intercom.fr/","hasWebsite":true,"hasEmail":true,"hasTelephone":true,"latitude":49.280163,"longitude":-0.706959,"url":"https://lannuaire.service-public.gouv.fr/normandie/calvados/8687d9bd-03c6-44ba-a679-fe8c86ce8717"}
{"nom":"Communauté de communes - Bray Eawy","nomNormalise":"communautedecommunesbrayeawy","typeCollectivite":"EPCI","typeEpci":"Communauté de communes","adresse":{"street":"7 rue du Pot-d'Étain","postalCode":"76270","city":"Neufchâtel-en-Bray","country":"France"},"contacts":{"email":"contact@brayeawy.fr","telephone":"0232974565"},"horaires":"Du Lundi au Vendredi : de 09h00 à 12h00 de 14h00 à 17h00","website":"https://brayeawy.fr/","hasWebsite":true,"hasEmail":true,"hasTelephone":true,"latitude":49.73298,"longitude":1.4407175,"url":"https://lannuaire.service-public.gouv.fr/normandie/seine-maritime/4619bbff-9f96-41cd-a903-14d82e816eb3"}
{"nom":"Communauté de communes - Campagne de Caux","nomNormalise":"communautedecommunescampagnedecaux","typeCollectivite":"EPCI","typeEpci":"Communauté de communes","adresse":{"street":"52 impasse du Lin","postalCode":"76110","city":"Goderville","country":"France"},"contacts":{"email":"accueil@campagne-de-caux.fr","telephone":"0235296585"},"horaires":"Du Lundi au Vendredi : de 09h00 à 12h30 de 13h30 à 17h00","website":"https://www.campagne-de-caux.fr/","hasWebsite":true,"hasEmail":true,"hasTelephone":true,"latitude":49.64236,"longitude":0.3743504,"url":"https://lannuaire.service-public.gouv.fr/normandie/seine-maritime/fff00d09-d41e-4ad6-aee2-c9cddfae36a1"}
{"nom":"Communauté de communes - Caux Austreberthe","nomNormalise":"communautedecommunescauxaustreberthe","typeCollectivite":"EPCI","typeEpci":"Communauté de communes","adresse":{"street":"103 Allée des Vergers","postalCode":"76360","city":"Barentin","country":"France"},"contacts":{"email":"accueil@cc-caux-austreberthe.fr","telephone":"0232949215"},"horaires":"Du Lundi au Mardi : de 08h30 à 12h00 de 13h30 à 17h00 | Le Mercredi : de 08h30 à 12h00 | Du Jeudi au Vendredi : de 08h30 à 12h00 de 13h30 à 17h00","website":"https://www.caux-austreberthe.fr/","hasWebsite":true,"hasEmail":true,"hasTelephone":true,"latitude":49.557045,"longitude":0.940546,"url":"https://lannuaire.service-public.gouv.fr/normandie/seine-maritime/6a3f7687-fb64-4594-8159-6d515d607ac6"}
{"nom":"Communauté de communes - Cingal Suisse Normande","nomNormalise":"communautedecommunescingalsuissenormande","typeCollectivite":"EPCI","typeEpci":"Communauté de communes","adresse":{"street":"4 rue Docteur-Gourdin","postalCode":"14220","city":"Thury-Harcourt-le-Hom","country":"France"},"contacts":{"email":"cdc@cingal-suissenormande.fr","telephone":"0231796161"},"horaires":"Du Lundi au Mardi : de 08h30 à 12h00 de 13h30 à 17h00 | Le Mercredi : de 08h30 à 12h00 | Le Jeudi : de 08h30 à 12h00 de 13h30 à 17h00 | Le Vendredi : de 08h30 à 12h00","website":"https://www.suisse-normande.com/","hasWebsite":true,"hasEmail":true,"hasTelephone":true,"latitude":48.98553,"longitude":-0.478593,"url":"https://lannuaire.service-public.gouv.fr/normandie/calvados/301a9d4a-3b3c-4f7e-ad6c-a48c018f76fe"}
{"nom":"Communauté de communes - Coeur Côte Fleurie","nomNormalise":"communautedecommunescoeurcotefleurie","typeCollectivite":"EPCI","typeEpci":"Communauté de communes","adresse":{"street":"12 rue Robert-Fossorier","postalCode":"14803","city":"Deauville Cedex","country":"France"},"contacts":{"email":"info@coeurcotefleurie.org","telephone":"0231885449"},"horaires":"Du Lundi au Vendredi : de 09h00 à 12h00 de 14h00 à 17h00","website":"https://www.coeurcotefleurie.org/","hasWebsite":true,"hasEmail":true,"hasTelephone":true,"latitude":49.354427,"longitude":0.07621765,"url":"https://lannuaire.service-public.gouv.fr/normandie/calvados/4dd72523-f656-4b6b-82e6-7693dd451106"}
{"nom":"Communauté de communes - Coeur de Nacre","nomNormalise":"communautedecommunescoeurdenacre","typeCollectivite":"EPCI","typeEpci":"Communauté de communes","adresse":{"street":"7 rue de l'Église","postalCode":"14440","city":"Douvres-la-Délivrande","country":"France"},"contacts":{"email":"contact@coeurdenacre.fr","telephone":"0231974332"},"horaires":"Du Lundi au Mercredi : de 09h00 à 12h00 de 14h00 à 17h00 | Le Jeudi : de 09h00 à 12h00 | Le Vendredi : de 09h00 à 12h00 de 14h00 à 17h00","website":"https://www.coeurdenacre.fr/web/index.php","hasWebsite":true,"hasEmail":true,"hasTelephone":true,"latitude":49.295017,"longitude":-0.3769533,"url":"https://lannuaire.service-public.gouv.fr/normandie/calvados/2d6b02bd-b9fc-467b-a94b-a737596fa647"}
{"nom":"Communauté de communes - Coeur du Perche","nomNormalise":"communautedecommunescoeurduperche","typeCollectivite":"EPCI","typeEpci":"Communauté de communes","adresse":{"street":"ZA Saint-Marc-Ouest","postalCode":"61110","city":"Rémalard-en-Perche","country":"France"},"contacts":{"email":"administration@coeurduperche.fr","telephone":"0233254485"},"horaires":"Du Lundi au Mardi : de 09h00 à 12h30 de 14h00 à 17h30 | Le Mercredi : de 09h00 à 12h30 de 14h00 à 17h00 | Le Jeudi : de 09h00 à 12h30 de 14h00 à 17h30 | Le Vendredi : de 09h00 à 12h30 de 14h00 à 17h00","website":"https://www.coeurduperche.com/","hasWebsite":true,"hasEmail":true,"hasTelephone":true,"latitude":48.427227,"longitude":0.7855002,"url":"https://lannuaire.service-public.gouv.fr/normandie/orne/fedbab45-8bca-4b94-91bc-c6e04c01cf98"}
{"nom":"Communauté de communes - Collines du Perche Normand","nomNormalise":"communautedecommunescollinesduperchenormand","typeCollectivite":"EPCI","typeEpci":"Communauté de communes","adresse":{"street":"Le Theil-sur-Huisne","postalCode":"61260","city":"Val-au-Perche","country":"France"},"contacts":{"email":"accueil@perchenormand.fr","telephone":"0237496351"},"horaires":"Le Lundi : de 13h30 à 16h45 | Du Mardi au Vendredi : de 08h45 à 12h00 de 13h30 à 16h45","website":"https://www.perchenormand.fr/","hasWebsite":true,"hasEmail":true,"hasTelephone":true,"latitude":48.264393,"longitude":0.6888964,"url":"https://lannuaire.service-public.gouv.fr/normandie/orne/abf1985f-437a-4e73-8bea-9b97ae695e74"}
{"nom":"Communauté de communes - Côte d'Albâtre","nomNormalise":"communautedecommunescotedalbatre","typeCollectivite":"EPCI","typeEpci":"Communauté de communes","adresse":{"street":"48 bis route de Veulettes","postalCode":"76450","city":"Cany-Barville","country":"France"},"contacts":{"email":"email@cote-albatre.com","telephone":"0235578500"},"horaires":"Du Lundi au Jeudi : de 08h30 à 12h30 de 13h30 à 17h30 | Le Vendredi : de 08h30 à 12h30 de 13h30 à 16h30","website":"https://cote-albatre.fr/","hasWebsite":true,"hasEmail":true,"hasTelephone":true,"latitude":49.792984,"longitude":0.639035,"url":"https://lannuaire.service-public.gouv.fr/normandie/seine-maritime/dc830fb1-f735-460b-8d10-3a2f3c00c543"}
{"nom":"Communauté de communes - Côte Ouest Centre Manche","nomNormalise":"communautedecommunescoteouestcentremanche","typeCollectivite":"EPCI","typeEpci":"Communauté de communes","adresse":{"street":"20 rue des Aubépines","postalCode":"50250","city":"La Haye","country":"France"},"contacts":{"email":"contact@cocm.fr","telephone":"0233071179"},"horaires":"Du Lundi au Jeudi : de 08h45 à 12h00 de 13h30 à 17h30 | Le Vendredi : de 08h45 à 12h00 de 13h30 à 16h30","website":"https://www.cocm.fr/fr/","hasWebsite":true,"hasEmail":true,"hasTelephone":true,"latitude":49.293976,"longitude":-1.5412428,"url":"https://lannuaire.service-public.gouv.fr/normandie/manche/68bbdd4c-4e6d-4a29-9a4f-24d282dfe407"}
{"nom":"Communauté de communes - Coutances Mer et Bocage","nomNormalise":"communautedecommunescoutancesmeretbocage","typeCollectivite":"EPCI","typeEpci":"Communauté de communes","adresse":{"street":"Place du Parvis-Notre-Dame","postalCode":"50207","city":"Coutances Cedex","country":"France"},"contacts":{"email":"contact@communaute-coutances.fr","telephone":"0233765555"},"horaires":"Du Lundi au Mardi : de 08h30 à 12h00 de 13h30 à 17h30 | Le Mercredi : de 08h30 à 12h00 | Du Jeudi au Vendredi : de 08h30 à 12h00 de 13h30 à 17h30","website":"https://www.coutancesmeretbocage.fr/","hasWebsite":true,"hasEmail":true,"hasTelephone":true,"latitude":49.049168,"longitude":-1.444356,"url":"https://lannuaire.service-public.gouv.fr/normandie/manche/b1a68414-6d3e-4cc3-afa1-66de23b708a4"}
{"nom":"Communauté de communes - Domfront Tinchebray Interco","nomNormalise":"communautedecommunesdomfronttinchebrayinterco","typeCollectivite":"EPCI","typeEpci":"Communauté de communes","adresse":{"street":"Tinchebray","postalCode":"61800","city":"Tinchebray-Bocage","country":"France"},"contacts":{"email":"mairie@tinchebray.fr","telephone":"0233642552"},"horaires":"Du Lundi au Mardi : de 08h30 à 12h30 de 13h30 à 17h00 | Du Jeudi au Vendredi : de 08h30 à 12h30 de 13h30 à 17h00","website":"http://www.domfront-tinchebray-interco.fr/","hasWebsite":true,"hasEmail":true,"hasTelephone":true,"latitude":48.765484,"longitude":-0.7277711,"url":"https://lannuaire.service-public.gouv.fr/normandie/orne/9db14464-b333-43dd-b99c-ecf5b0c91085"}
{"nom":"Communauté de communes - Falaises du Talou","nomNormalise":"communautedecommunesfalaisesdutalou","typeCollectivite":"EPCI","typeEpci":"Communauté de communes","adresse":{"street":"46 bis rue du Général-de-Gaulle","postalCode":"76630","city":"Envermeu","country":"France"},"contacts":{"email":"contact@falaisesdutalou.fr","telephone":"0235048510"},"horaires":"Du Lundi au Vendredi : de 09h00 à 12h00 de 13h30 à 17h00","website":"https://www.falaisesdutalou.fr/","hasWebsite":true,"hasEmail":true,"hasTelephone":true,"latitude":49.89408,"longitude":1.2678849,"url":"https://lannuaire.service-public.gouv.fr/normandie/seine-maritime/beed9173-8998-4c08-8fed-5655c1ac1b33"}
{"nom":"Communauté de communes - Granville Terre et Mer","nomNormalise":"communautedecommunesgranvilleterreetmer","typeCollectivite":"EPCI","typeEpci":"Communauté de communes","adresse":{"street":"197 avenue des Vendéens","postalCode":"50402","city":"Granville Cedex","country":"France"},"contacts":{"email":"contact@granville-terre-mer.fr","telephone":"0233913860"},"horaires":"Du Lundi au Jeudi : de 08h30 à 12h30 de 13h30 à 17h30 | Le Vendredi : de 08h30 à 12h30 de 13h30 à 16h30","website":"https://www.granville-terre-mer.fr/","hasWebsite":true,"hasEmail":true,"hasTelephone":true,"latitude":48.837154,"longitude":-1.5930176,"url":"https://lannuaire.service-public.gouv.fr/normandie/manche/9c8a8123-e412-4286-957f-04ed72d1c85a"}
{"nom":"Communauté de communes - Hauts du Perche","nomNormalise":"communautedecommuneshautsduperche","typeCollectivite":"EPCI","typeEpci":"Communauté de communes","adresse":{"street":"Longny-au-Perche","postalCode":"61290","city":"Longny les Villages","country":"France"},"contacts":{"email":"accueil@cdchautsperche.fr","telephone":"0233255600"},"horaires":"Du Lundi au Vendredi : de 08h30 à 12h30 de 14h00 à 17h30","website":"https://www.leshautsduperche.fr/","hasWebsite":true,"hasEmail":true,"hasTelephone":true,"latitude":48.530243,"longitude":0.7546419,"url":"https://lannuaire.service-public.gouv.fr/normandie/orne/127a9782-bb2f-4b56-9301-e2aa2a9057b6"}
{"nom":"Communauté de communes - Inter Caux Vexin","nomNormalise":"communautedecommunesintercauxvexin","typeCollectivite":"EPCI","typeEpci":"Communauté de communes","adresse":{"street":"252 route de Rouen","postalCode":"76750","city":"Buchy","country":"France"},"contacts":{"email":"contact@intercauxvexin.fr","telephone":"0235347374"},"horaires":"Du Lundi au Vendredi : de 09h00 à 12h00 de 14h00 à 17h00","website":"https://www.intercauxvexin.fr/fr/","hasWebsite":true,"hasEmail":true,"hasTelephone":true,"latitude":49.584106,"longitude":1.3548423,"url":"https://lannuaire.service-public.gouv.fr/normandie/seine-maritime/23754a28-37bd-418f-9933-2a6a3c1e2a1d"}
{"nom":"Communauté de communes - Intercom Bernay Terres de Normandie","nomNormalise":"communautedecommunesintercombernayterresdenormandie","typeCollectivite":"EPCI","typeEpci":"Communauté de communes","adresse":{"street":"1025 route de Broglie","postalCode":"27300","city":"Bernay","country":"France"},"contacts":{"email":"accueil@bernaynormandie.fr","telephone":"0232435006"},"horaires":"Du Lundi au Jeudi : de 08h30 à 12h30 de 14h00 à 17h30 | Le Vendredi : de 08h30 à 12h30 de 14h00 à 16h00","website":"https://bernaynormandie.fr/","hasWebsite":true,"hasEmail":true,"hasTelephone":true,"latitude":49.07707,"longitude":0.583139,"url":"https://lannuaire.service-public.gouv.fr/normandie/eure/103df6a6-cc46-466a-92e8-d957b10b39ce"}
{"nom":"Communauté de communes - Interrégionale Aumale Blangy-sur-Bresle","nomNormalise":"communautedecommunesinterregionaleaumaleblangysurbresle","typeCollectivite":"EPCI","typeEpci":"Communauté de communes","adresse":{"street":"20 rue de Barbentane","postalCode":"76340","city":"Blangy-sur-Bresle","country":"France"},"contacts":{"email":"contact@cciabb.fr","telephone":"0235940276"},"horaires":"Du Lundi au Vendredi : de 08h00 à 12h15 de 13h00 à 16h30","website":"https://www.cc-aumale-blangy.fr/","hasWebsite":true,"hasEmail":true,"hasTelephone":true,"latitude":49.93359,"longitude":1.6275845,"url":"https://lannuaire.service-public.gouv.fr/normandie/seine-maritime/2d529986-cd37-487d-bab7-7d923ba64df4"}
{"nom":"Communauté de communes - Isigny Omaha Intercom","nomNormalise":"communautedecommunesisignyomahaintercom","typeCollectivite":"EPCI","typeEpci":"Communauté de communes","adresse":{"street":"1336 route de Balleroy","postalCode":"14330","city":"Le Molay-Littry","country":"France"},"contacts":{"email":"accueil@isigny-omaha-intercom.fr","telephone":"0231214227"},"horaires":"Du Lundi au Vendredi : de 09h00 à 13h00","website":"https://isigny-omaha-intercom.fr/","hasWebsite":true,"hasEmail":true,"hasTelephone":true,"latitude":49.230797,"longitude":-0.8715869,"url":"https://lannuaire.service-public.gouv.fr/normandie/calvados/d6f33c2e-5f65-482f-8bed-9393253d3da0"}
{"nom":"Communauté de communes - La Baie du Cotentin","nomNormalise":"communautedecommuneslabaieducotentin","typeCollectivite":"EPCI","typeEpci":"Communauté de communes","adresse":{"street":"2 le Haut-Dick","postalCode":"50500","city":"Carentan-les-Marais","country":"France"},"contacts":{"email":"contact@ccbdc.fr","telephone":"0233719090"},"horaires":"Du Lundi au Vendredi : de 08h30 à 12h30 de 13h30 à 17h15","website":"https://www.ccbdc.fr/","hasWebsite":true,"hasEmail":true,"hasTelephone":true,"latitude":49.311436,"longitude":-1.2394528,"url":"https://lannuaire.service-public.gouv.fr/normandie/manche/de79e2d5-5f42-4257-9653-447aa9d6b68c"}
{"nom":"Communauté de communes - La Vallée de la Haute Sarthe","nomNormalise":"communautedecommuneslavalleedelahautesarthe","typeCollectivite":"EPCI","typeEpci":"Communauté de communes","adresse":{"street":"21 avenue de Falkenstein","postalCode":"61170","city":"Le Mêle-sur-Sarthe","country":"France"},"contacts":{"email":"accueil@ccvhs.fr","telephone":"0233276102"},"horaires":"Du Lundi au Mardi : de 14h00 à 17h00 | Le Mercredi : de 10h00 à 12h00 | Le Jeudi : de 14h00 à 17h00","website":"http://www.ccvhs.fr/","hasWebsite":true,"hasEmail":true,"hasTelephone":true,"latitude":48.51097,"longitude":0.3522682,"url":"https://lannuaire.service-public.gouv.fr/normandie/orne/d819105e-f4d0-4a9b-a871-5bdf375b87f8"}
{"nom":"Communauté de communes - Lieuvin Pays d'Auge","nomNormalise":"communautedecommuneslieuvinpaysdauge","typeCollectivite":"EPCI","typeEpci":"Communauté de communes","adresse":{"street":"21 bis rue de Lisieux","postalCode":"27230","city":"Thiberville","country":"France"},"contacts":{"email":"accueil@lieuvinpaysdauge.fr","telephone":"0232468088"},"horaires":"Du Lundi au Jeudi : de 09h00 à 12h00 de 13h30 à 17h30 | Le Vendredi : de 09h00 à 12h00 de 13h30 à 16h30","website":"https://www.lieuvinpaysdauge.fr/","hasWebsite":true,"hasEmail":true,"hasTelephone":true,"latitude":49.1382,"longitude":0.454625,"url":"https://lannuaire.service-public.gouv.fr/normandie/eure/31b3d4b7-02c7-4344-a092-921bbcbbca4c"}
{"nom":"Communauté de communes - Londinières","nomNormalise":"communautedecommuneslondinieres","typeCollectivite":"EPCI","typeEpci":"Communauté de communes","adresse":{"street":"9 rue des Granges","postalCode":"76660","city":"Londinières","country":"France"},"contacts":{"email":"secretariat@comcom-londinieres.fr","telephone":"0235170471"},"horaires":"Le Mardi : de 10h00 à 12h30 | Du Jeudi au Vendredi : de 10h00 à 12h30","website":"https://www.comcom-londinieres.fr/","hasWebsite":true,"hasEmail":true,"hasTelephone":true,"latitude":49.831852,"longitude":1.400356,"url":"https://lannuaire.service-public.gouv.fr/normandie/seine-maritime/1b43fa41-5a07-41cd-a4be-eb2a1a8c3c31"}
{"nom":"Communauté de communes - Lyons Andelle","nomNormalise":"communautedecommuneslyonsandelle","typeCollectivite":"EPCI","typeEpci":"Communauté de communes","adresse":{"street":"La Vente-Cartier","postalCode":"27380","city":"Charleval","country":"France"},"contacts":{"email":"contact@cdcla.fr","telephone":"0232496127"},"horaires":"Du Lundi au Jeudi : de 08h30 à 12h30 de 13h30 à 17h30 | Le Vendredi : de 08h30 à 12h30 de 13h30 à 16h30","website":"https://www.cdcla.fr/","hasWebsite":true,"hasEmail":true,"hasTelephone":true,"latitude":49.36989,"longitude":1.381115,"url":"https://lannuaire.service-public.gouv.fr/normandie/eure/a5d41f46-eabd-40a3-a739-0e0652fd6144"}
{"nom":"Communauté de communes - Normandie Cabourg Pays d'Auge","nomNormalise":"communautedecommunesnormandiecabourgpaysdauge","typeCollectivite":"EPCI","typeEpci":"Communauté de communes","adresse":{"street":"ZAC de la Vignerie","postalCode":"14160","city":"Dives-sur-Mer","country":"France"},"contacts":{"email":"accueil@normandiecabourgpaysdauge.fr","telephone":"0231283997"},"horaires":"Du Lundi au Vendredi : de 09h00 à 12h00 de 14h00 à 17h00","website":"https://www.normandiecabourgpaysdauge.fr/#modal","hasWebsite":true,"hasEmail":true,"hasTelephone":true,"latitude":49.284603,"longitude":-0.0920105,"url":"https://lannuaire.service-public.gouv.fr/normandie/calvados/b09f9e02-def0-46c3-919b-2b5e37aebbd5"}
{"nom":"Communauté de communes - Pays de Conches","nomNormalise":"communautedecommunespaysdeconches","typeCollectivite":"EPCI","typeEpci":"Communauté de communes","adresse":{"street":"Rue de l'Hôtel-de-Ville","postalCode":"27190","city":"Conches-en-Ouche","country":"France"},"contacts":{"email":"angelique.fontaine@conchesenouche.com","telephone":"0232301142"},"horaires":"Du Lundi au Vendredi : de 09h00 à 12h15 de 13h45 à 16h00","website":"https://www.conches-en-ouche.fr/","hasWebsite":true,"hasEmail":true,"hasTelephone":true,"latitude":48.96182,"longitude":0.942638,"url":"https://lannuaire.service-public.gouv.fr/normandie/eure/dcb48c18-0bdf-431f-8273-cf3d555e4abe"}
{"nom":"Communauté de communes - Pays de Falaise","nomNormalise":"communautedecommunespaysdefalaise","typeCollectivite":"EPCI","typeEpci":"Communauté de communes","adresse":{"street":"Rue de l'Industrie","postalCode":"14700","city":"Falaise","country":"France"},"contacts":{"email":"accueil@paysdefalaise.fr","telephone":"0231904218"},"horaires":"Du Lundi au Vendredi : de 09h00 à 12h00 de 14h00 à 17h00","website":"https://www.paysdefalaise.fr/","hasWebsite":true,"hasEmail":true,"hasTelephone":true,"latitude":48.889336,"longitude":-0.182171,"url":"https://lannuaire.service-public.gouv.fr/normandie/calvados/96e52221-71b0-4e5f-b25f-f7beed394447"}
{"nom":"Communauté de communes - Pays Fertois et du Bocage Carrougien","nomNormalise":"communautedecommunespaysfertoisetdubocagecarrougien","typeCollectivite":"EPCI","typeEpci":"Communauté de communes","adresse":{"street":"Le Bourg","postalCode":"61600","city":"Magny-le-Désert","country":"France"},"contacts":{"email":"contact@ccpfbc.fr","telephone":"0233306540"},"horaires":"Du Lundi au Vendredi : de 09h00 à 12h15 de 14h00 à 17h00 | Fermeture à 16h15 le Vendredi","website":"https://www.ccpfbc.fr/","hasWebsite":true,"hasEmail":true,"hasTelephone":true,"latitude":48.569687,"longitude":-0.326983,"url":"https://lannuaire.service-public.gouv.fr/normandie/orne/76aea0fc-84a0-4d31-9b51-27b7d1d3c1f2"}
{"nom":"Communauté de communes - Pays de Honfleur Beuzeville","nomNormalise":"communautedecommunespaysdehonfleurbeuzeville","typeCollectivite":"EPCI","typeEpci":"Communauté de communes","adresse":{"street":"33 cours des Fossés","postalCode":"14600","city":"Honfleur","country":"France"},"contacts":{"email":"contact@ccphb.fr","telephone":"0231142930"},"horaires":"Du Lundi au Vendredi : de 08h30 à 12h00 de 13h30 à 17h30","website":"https://www.ccphb.fr/","hasWebsite":true,"hasEmail":true,"hasTelephone":true,"latitude":49.419003,"longitude":0.235165,"url":"https://lannuaire.service-public.gouv.fr/normandie/calvados/bd821f66-9c8a-47b5-bc80-1c72331aaf45"}
{"nom":"Communauté de communes - Pays de L'Aigle","nomNormalise":"communautedecommunespaysdelaigle","typeCollectivite":"EPCI","typeEpci":"Communauté de communes","adresse":{"street":"Pôle administratif","postalCode":"61300","city":"L'Aigle","country":"France"},"contacts":{"email":"cdc@paysdelaigle.fr","telephone":"0233845040"},"horaires":"Du Lundi au Vendredi : de 08h30 à 12h00 de 13h30 à 17h00","website":"https://www.paysdelaigle.com/","hasWebsite":true,"hasEmail":true,"hasTelephone":true,"latitude":48.761887,"longitude":0.6345328,"url":"https://lannuaire.service-public.gouv.fr/normandie/orne/0973b541-2971-4317-b59f-f3e049edc38c"}
{"nom":"Communauté de communes - Pays de Mortagne au Perche","nomNormalise":"communautedecommunespaysdemortagneauperche","typeCollectivite":"EPCI","typeEpci":"Communauté de communes","adresse":{"street":"Maison des Territoire","postalCode":"61400","city":"Mortagne-au-Perche","country":"France"},"contacts":{"email":"info@cdc-mortagne-au-perche.com","telephone":"0233853580"},"horaires":"Du Lundi au Vendredi : de 08h30 à 12h30 de 14h00 à 17h00","website":"https://www.cdc-mortagne-au-perche.com/","hasWebsite":true,"hasEmail":true,"hasTelephone":true,"latitude":48.52022,"longitude":0.545142,"url":"https://lannuaire.service-public.gouv.fr/normandie/orne/e5927e20-d264-497b-a162-09da08984453"}
{"nom":"Communauté de communes - Pays du Neubourg","nomNormalise":"communautedecommunespaysduneubourg","typeCollectivite":"EPCI","typeEpci":"Communauté de communes","adresse":{"street":"1 chemin Saint-Célerin","postalCode":"27110","city":"Le Neubourg","country":"France"},"contacts":{"email":"contact@paysduneubourg.fr","telephone":"0232340441"},"horaires":"Du Lundi au Vendredi : de 09h00 à 12h00 de 14h00 à 17h00","website":"https://www.paysduneubourg.fr/","hasWebsite":true,"hasEmail":true,"hasTelephone":true,"latitude":49.15439,"longitude":0.9114235,"url":"https://lannuaire.service-public.gouv.fr/normandie/eure/9ec0042c-4567-44c9-a1b2-3445c99f82d5"}
{"nom":"Communauté de communes - Plateau de Caux Doudeville Yerville","nomNormalise":"communautedecommunesplateaudecauxdoudevilleyerville","typeCollectivite":"EPCI","typeEpci":"Communauté de communes","adresse":{"street":"2 place du Général-de-Gaulle","postalCode":"76560","city":"Doudeville","country":"France"},"contacts":{"email":"contact@plateaudecaux.fr","telephone":"0235950725"},"horaires":"Du Lundi au Vendredi : de 09h00 à 12h00 de 14h00 à 17h00","website":"https://www.plateaudecaux.fr/","hasWebsite":true,"hasEmail":true,"hasTelephone":true,"latitude":49.721664,"longitude":0.7851479,"url":"https://lannuaire.service-public.gouv.fr/normandie/seine-maritime/f3dfe825-a2c8-4e7a-807f-660f074667d2"}
{"nom":"Communauté de communes - Pont-Audemer Val de Risle","nomNormalise":"communautedecommunespontaudemervalderisle","typeCollectivite":"EPCI","typeEpci":"Communauté de communes","adresse":{"street":"2 place de Verdun","postalCode":"27504","city":"Pont-Audemer","country":"France"},"contacts":{"email":"info@cc-pont-audemer.fr","telephone":"0232410815"},"horaires":"Du Lundi au Vendredi : de 08h30 à 12h30 de 13h30 à 17h30","website":"https://www.ville-pont-audemer.fr/votre-territoire/communaute-de-communes/","hasWebsite":true,"hasEmail":true,"hasTelephone":true,"latitude":49.357666,"longitude":0.5165997,"url":"https://lannuaire.service-public.gouv.fr/normandie/eure/4d583b2c-e57b-4944-a471-583cb88648cc"}
{"nom":"Communauté de communes - Pré Bocage Intercom","nomNormalise":"communautedecommunesprebocageintercom","typeCollectivite":"EPCI","typeEpci":"Communauté de communes","adresse":{"street":"Aunay-sur-Odon","postalCode":"14260","city":"Les-Monts-d'Aunay","country":"France"},"contacts":{"email":"contact@pbi14.fr","telephone":"0231775748"},"horaires":"Du Lundi au Mercredi : de 09h00 à 12h30 de 13h30 à 17h00 | Le Jeudi : de 09h00 à 12h30 | Le Vendredi : de 09h00 à 12h30 de 13h30 à 17h00 Accueil ouvert sur rendez-vous de préférence.","website":"https://prebocageintercom.fr/","hasWebsite":true,"hasEmail":true,"hasTelephone":true,"latitude":49.016495,"longitude":-0.637196,"url":"https://lannuaire.service-public.gouv.fr/normandie/calvados/14d1674b-92d5-44c2-8f22-6c07c0406f7c"}
{"nom":"Communauté de communes - Région d'Yvetot","nomNormalise":"communautedecommunesregiondyvetot","typeCollectivite":"EPCI","typeEpci":"Communauté de communes","adresse":{"street":"4 rue de la Brême","postalCode":"76193","city":"Yvetot","country":"France"},"contacts":{"email":"contact@yvetot-normandie.fr","telephone":"0235561414"},"horaires":"Le Lundi : de 08h30 à 12h00 de 14h30 à 17h00 | Du Mardi au Jeudi : de 08h30 à 12h00 de 13h30 à 17h00 | Le Vendredi : de 08h30 à 12h00 de 13h30 à 16h30","website":"https://www.yvetot-normandie.fr/","hasWebsite":true,"hasEmail":true,"hasTelephone":true,"latitude":49.619537,"longitude":0.76755,"url":"https://lannuaire.service-public.gouv.fr/normandie/seine-maritime/2c0b4ee4-14ea-4a04-9bda-f4af0ba5b766"}
{"nom":"Communauté de communes - Roumois Seine","nomNormalise":"communautedecommunesroumoisseine","typeCollectivite":"EPCI","typeEpci":"Communauté de communes","adresse":{"street":"666 rue Adolphe-Coquelin","postalCode":"27310","city":"Bourg-Achard","country":"France"},"contacts":{"email":"contact@roumoiseine.fr","telephone":"0232579528"},"horaires":"Du Lundi au Vendredi : de 08h30 à 12h30 de 13h30 à 17h00","website":"https://www.roumoiseine.fr/","hasWebsite":true,"hasEmail":true,"hasTelephone":true,"latitude":49.35374,"longitude":0.8299422,"url":"https://lannuaire.service-public.gouv.fr/normandie/eure/e6a0bbae-eb2a-40f1-a539-c9ad04a08039"}
{"nom":"Communauté de communes - Seulles Terre et Mer","nomNormalise":"communautedecommunesseullesterreetmer","typeCollectivite":"EPCI","typeEpci":"Communauté de communes","adresse":{"street":"10 place Edmond-Paillaud","postalCode":"14480","city":"Creully-sur-Seulles","country":"France"},"contacts":{"email":"contact@cdc-stm.fr","telephone":"0231777277"},"horaires":"Du Lundi au Vendredi : de 09h00 à 12h00 de 14h00 à 17h00","website":"https://www.seulles-terre-mer.fr/","hasWebsite":true,"hasEmail":true,"hasTelephone":true,"latitude":49.285824,"longitude":-0.538691,"url":"https://lannuaire.service-public.gouv.fr/normandie/calvados/87b7a1ae-638a-45a1-8d98-d14488371d14"}
{"nom":"Communauté de communes - Sources de l'Orne","nomNormalise":"communautedecommunessourcesdelorne","typeCollectivite":"EPCI","typeEpci":"Communauté de communes","adresse":{"street":"2 rue Auguste-Loutreuil","postalCode":"61500","city":"Sées","country":"France"},"contacts":{"email":"cc-sourcesdelorne@orange.fr","telephone":"0233288887"},"horaires":"Du Lundi au Vendredi : de 08h30 à 12h30 de 14h00 à 18h00","website":"https://www.cdc-sourcesdelorne.fr/","hasWebsite":true,"hasEmail":true,"hasTelephone":true,"latitude":48.607,"longitude":0.1729048,"url":"https://lannuaire.service-public.gouv.fr/normandie/orne/339a5951-0f25-4dba-9516-c2a0828b6932"}
{"nom":"Communauté de communes - Terre d'Auge","nomNormalise":"communautedecommunesterredauge","typeCollectivite":"EPCI","typeEpci":"Communauté de communes","adresse":{"street":"9 rue de l'Hippodrome","postalCode":"14130","city":"Pont-l'Évêque","country":"France"},"contacts":{"email":"accueil@terredauge.fr","telephone":"0231650475"},"horaires":"Du Lundi au Vendredi : de 09h00 à 12h30 de 13h30 à 17h00","website":"https://www.terredauge.fr/","hasWebsite":true,"hasEmail":true,"hasTelephone":true,"latitude":49.29097,"longitude":0.1968439,"url":"https://lannuaire.service-public.gouv.fr/normandie/calvados/f7754cf2-bbe4-4e33-bd3d-f89c723b9877"}
{"nom":"Communauté de communes - Terroir de Caux","nomNormalise":"communautedecommunesterroirdecaux","typeCollectivite":"EPCI","typeEpci":"Communauté de communes","adresse":{"street":"11 route de Dieppe","postalCode":"76730","city":"Bacqueville-en-Caux","country":"France"},"contacts":{"email":"contact@terroirdecaux.net","telephone":"0235854669"},"horaires":"Du Lundi au Jeudi : de 09h00 à 12h00 de 14h00 à 17h30 | Le Vendredi : de 09h00 à 12h00","website":"https://www.terroirdecaux.fr/","hasWebsite":true,"hasEmail":true,"hasTelephone":true,"latitude":49.79045,"longitude":0.998678,"url":"https://lannuaire.service-public.gouv.fr/normandie/seine-maritime/7aada417-f11e-4ff5-9c05-41ea70a0fc3d"}
{"nom":"Communauté de communes - Val ès Dunes","nomNormalise":"communautedecommunesvalesdunes","typeCollectivite":"EPCI","typeEpci":"Communauté de communes","adresse":{"street":"1 rue de Guéritot","postalCode":"14370","city":"Argences","country":"France"},"contacts":{"email":"cdc@valesdunes.fr","telephone":"0231156370"},"horaires":"Du Lundi au Mardi : de 09h00 à 12h30 de 14h00 à 17h30 | Le Mercredi : de 09h00 à 12h30 | Le Jeudi : de 09h00 à 12h30 de 14h00 à 17h30 | Le Vendredi : de 09h00 à 12h30","website":"https://www.valesdunes.fr/","hasWebsite":true,"hasEmail":true,"hasTelephone":true,"latitude":49.126804,"longitude":-0.1643627,"url":"https://lannuaire.service-public.gouv.fr/normandie/calvados/37f77977-5027-4527-8ff1-d27d53bfdce7"}
{"nom":"Communauté de communes - Vallées d'Auge et du Merlerault","nomNormalise":"communautedecommunesvalleesdaugeetdumerlerault","typeCollectivite":"EPCI","typeEpci":"Communauté de communes","adresse":{"street":"15 rue Pernelle","postalCode":"61120","city":"Vimoutiers","country":"France"},"contacts":{"email":"contact@cdcvam.fr","telephone":"0233675485"},"horaires":"Du Lundi au Jeudi : de 08h30 à 12h30 de 13h30 à 17h00 | Le Vendredi : de 08h30 à 12h30 de 13h30 à 16h00","website":"https://www.cdcvam.fr/","hasWebsite":true,"hasEmail":true,"hasTelephone":true,"latitude":48.923073,"longitude":0.1996532,"url":"https://lannuaire.service-public.gouv.fr/normandie/orne/968ff783-cf5c-4f09-88e3-c4aa47517444"}
{"nom":"Communauté de communes - Vallées de l'Orne et de l'Odon","nomNormalise":"communautedecommunesvalleesdelorneetdelodon","typeCollectivite":"EPCI","typeEpci":"Communauté de communes","adresse":{"street":"4 Rue du Colonel Arnaud Beltrame","postalCode":"14210","city":"Évrecy","country":"France"},"contacts":{"email":"contact@vallees-orne-odon.fr","telephone":"0231731198"},"horaires":"Du Lundi au Vendredi : de 09h00 à 12h30 de 14h00 à 17h30","website":"https://cdc.vallees-orne-odon.fr/","hasWebsite":true,"hasEmail":true,"hasTelephone":true,"latitude":49.27483,"longitude":-0.57725745,"url":"https://lannuaire.service-public.gouv.fr/normandie/calvados/42b1e277-6e97-4327-9b01-77e72570390a"}
{"nom":"Communauté de communes - Val d'Orne","nomNormalise":"communautedecommunesvaldorne","typeCollectivite":"EPCI","typeEpci":"Communauté de communes","adresse":{"street":"12 Place de l'Hotel de Ville","postalCode":"61210","city":"Putanges-le-Lac","country":"France"},"contacts":{"email":"cdc@cdcvaldorne.fr","telephone":"0233369373"},"horaires":"Le Lundi : de 09h00 à 12h00 de 14h00 à 17h00 | Le Mardi : de 09h00 à 12h00 | Le Mercredi : de 09h00 à 12h00 de 14h00 à 17h00","website":"https://www.cc-valdorne.fr/","hasWebsite":true,"hasEmail":true,"hasTelephone":true,"latitude":48.76435,"longitude":-0.245564,"url":"https://lannuaire.service-public.gouv.fr/normandie/orne/1bd7e340-0ea8-4f98-b1e3-a6d5f9b5246c"}
{"nom":"Communauté de communes - Vexin Normand","nomNormalise":"communautedecommunesvexinnormand","typeCollectivite":"EPCI","typeEpci":"Communauté de communes","adresse":{"street":"5 rue Albert-Leroy","postalCode":"27140","city":"Gisors","country":"France"},"contacts":{"email":"contact@ccvexin-normand.fr","telephone":"0232278950"},"horaires":"Du Lundi au Vendredi : de 08h30 à 12h30 de 13h30 à 17h30","website":"https://www.cdc-vexin-normand.fr/","hasWebsite":true,"hasEmail":true,"hasTelephone":true,"latitude":49.281685,"longitude":1.7720412,"url":"https://lannuaire.service-public.gouv.fr/normandie/eure/283770cd-91b0-43a4-8ed3-190b0de82e12"}
{"nom":"Communauté de communes - Villedieu Intercom","nomNormalise":"communautedecommunesvilledieuintercom","typeCollectivite":"EPCI","typeEpci":"Communauté de communes","adresse":{"street":"11 rue Pierre-Paris","postalCode":"50800","city":"Villedieu-les-Poêles-Rouffigny","country":"France"},"contacts":{"email":"accueil@villedieuintercom.fr","telephone":"0233901790"},"horaires":"Du Lundi au Vendredi : de 08h30 à 12h00 de 13h30 à 17h30","website":"https://www.villedieu-intercom.fr/","hasWebsite":true,"hasEmail":true,"hasTelephone":true,"latitude":48.836155,"longitude":-1.2215036,"url":"https://lannuaire.service-public.gouv.fr/normandie/manche/b12873ad-b5e3-4f92-95a1-061d232a8caf"}
{"nom":"Communauté de communes - Villes Soeurs","nomNormalise":"communautedecommunesvillessoeurs","typeCollectivite":"EPCI","typeEpci":"Communauté de communes","adresse":{"street":"12 avenue Jacques-Anquetil","postalCode":"76260","city":"Eu","country":"France"},"contacts":{"email":"contact@villes-soeurs.fr","telephone":"0227282087"},"horaires":"Du Lundi au Vendredi : de 09h00 à 12h00 de 14h00 à 17h00","website":"https://www.villes-soeurs.fr/","hasWebsite":true,"hasEmail":true,"hasTelephone":true,"latitude":50.054237,"longitude":1.413777,"url":"https://lannuaire.service-public.gouv.fr/normandie/seine-maritime/fd113f0e-6599-4b86-a787-fb80f53e8776"}
{"nom":"Communauté urbaine - Alençon","nomNormalise":"communauteurbainealencon","typeCollectivite":"EPCI","typeEpci":"Communauté urbaine","adresse":{"street":"Place du Maréchal-Foch","postalCode":"61014","city":"Alençon Cedex","country":"France"},"contacts":{"email":"cabinet@cu-alencon.fr","telephone":"0233324000"},"horaires":"Du Lundi au Mercredi : de 08h30 à 12h00 de 13h30 à 17h30 | Le Jeudi : de 08h00 à 17h30 | Le Vendredi : de 08h30 à 12h00 de 13h30 à 17h30","website":"https://www.cu-alencon.fr/","hasWebsite":true,"hasEmail":true,"hasTelephone":true,"latitude":48.43008,"longitude":0.082668,"url":"https://lannuaire.service-public.gouv.fr/normandie/orne/813f7994-06aa-4369-96f8-8a81dc707c24"}
{"nom":"Communauté urbaine - Caen la Mer","nomNormalise":"communauteurbainecaenlamer","typeCollectivite":"EPCI","typeEpci":"Communauté urbaine","adresse":{"street":"16 rue Rosa-Parks","postalCode":"14027","city":"Caen Cedex 9","country":"France"},"contacts":{"email":"caenlamer@caenlamer.fr","telephone":"0231394000"},"horaires":"Du Lundi au Jeudi : de 08h30 à 17h30 | Le Vendredi : de 08h30 à 16h30","website":"https://caenlamer.fr/","hasWebsite":true,"hasEmail":true,"hasTelephone":true,"latitude":49.178577,"longitude":-0.3482831,"url":"https://lannuaire.service-public.gouv.fr/normandie/calvados/95128487-1958-49c5-a4ca-3cacf3cd0a05"}
{"nom":"Intercom - La Vire au Noireau","nomNormalise":"intercomlavireaunoireau","typeCollectivite":"EPCI","typeEpci":"","adresse":{"street":"20 rue d'Aignaux","postalCode":"14500","city":"Vire","country":"France"},"contacts":{"email":"accueil.ivn@vireaunoireau.fr","telephone":"0231666655"},"horaires":"Du Lundi au Vendredi : de 08h30 à 12h00 de 13h30 à 16h30","website":"https://www.vireaunoireau.fr/","hasWebsite":true,"hasEmail":true,"hasTelephone":true,"latitude":48.840023,"longitude":-0.892405,"url":"https://lannuaire.service-public.gouv.fr/normandie/calvados/7d836e95-d9fa-49c3-b60d-d4efc9d33203"}
{"nom":"Interco Normandie Sud Eure","nomNormalise":"interconormandiesudeure","typeCollectivite":"EPCI","typeEpci":"","adresse":{"street":"84 rue du Canon","postalCode":"27130","city":"Verneuil-d'Avre-et-d'Iton","country":"France"},"contacts":{"email":"communication@inse27.fr","telephone":"0232329301"},"horaires":"","website":"https://www.inse27.fr/","hasWebsite":true,"hasEmail":true,"hasTelephone":true,"latitude":48.73688,"longitude":0.9299878,"url":"https://lannuaire.service-public.gouv.fr/normandie/eure/d28bbe90-f972-46a7-b329-3c97d168fa8a"}
{"nom":"Le Havre Seine Métropole (communauté urbaine)","nomNormalise":"lehavreseinemetropolecommunauteurbaine","typeCollectivite":"EPCI","typeEpci":"Communauté urbaine","adresse":{"street":"Hôtel de la Communauté","postalCode":"76085","city":"Le Havre Cedex","country":"France"},"contacts":{"email":"","telephone":"0235222525"},"horaires":"Du Lundi au Vendredi : de 08h00 à 18h00","website":"https://www.lehavreseinemetropole.fr/","hasWebsite":true,"hasEmail":false,"hasTelephone":true,"latitude":49.495026,"longitude":0.105117,"url":"https://lannuaire.service-public.gouv.fr/normandie/seine-maritime/15ae2e5a-dce1-4835-96c5-d9099d677f64"}
{"nom":"Métropole - Rouen Normandie","nomNormalise":"metropolerouennormandie","typeCollectivite":"EPCI","typeEpci":"","adresse":{"street":"108 allée François-Mitterrand","postalCode":"76000","city":"Rouen","country":"France"},"contacts":{"email":"","telephone":"0235526810"},"horaires":"Du Lundi au Vendredi : de 08h00 à 17h00","website":"https://www.metropole-rouen-normandie.fr/","hasWebsite":true,"hasEmail":false,"hasTelephone":true,"latitude":49.402752,"longitude":1.1246188,"url":"https://lannuaire.service-public.gouv.fr/normandie/seine-maritime/c5883058-7a68-4314-98fb-0d07ddee2349"}
