{"nom":"Communauté d'agglomération - Amiens Métropole","nomNormalise":"communautedagglomerationamiensmetropole","typeCollectivite":"EPCI","typeEpci":"Communauté d’agglomération","adresse":{"street":"Place de l'Hôtel-de-Ville","postalCode":"80000","city":"Amiens","country":"France"},"contacts":{"email":"maire-amiens@amiens-metropole.com","telephone":"0322974040"},"horaires":"Du Lundi au Vendredi : de 08h30 à 17h30 | Le Samedi : de 08h30 à 12h00","website":"https://www.amiens.fr/","hasWebsite":true,"hasEmail":true,"hasTelephone":true,"latitude":49.89329,"longitude":2.295553,"url":"https://lannuaire.service-public.gouv.fr/hauts-de-france/somme/efc23c87-0dcf-4537-a78a-5a3185a7eea2"}
{"nom":"Communauté d'agglomération - Beauvaisis","nomNormalise":"communautedagglomerationbeauvaisis","typeCollectivite":"EPCI","typeEpci":"Communauté d’agglomération","adresse":{"street":"48 rue Desgroux","postalCode":"60005","city":"Beauvais Cedex 5","country":"France"},"contacts":{"email":"contact@beauvaisis.fr","telephone":"0344156800"},"horaires":"Du Lundi au Vendredi : de 08h30 à 12h00 de 13h30 à 17h00","website":"https://www.beauvaisis.fr/","hasWebsite":true,"hasEmail":true,"hasTelephone":true,"latitude":49.428226,"longitude":2.0786667,"url":"https://lannuaire.service-public.gouv.fr/hauts-de-france/oise/556c0aac-f6fc-487c-96cd-e1bf24db6acc"}
{"nom":"Communauté d'agglomération - Béthune Bruay Artois Lys Romane","nomNormalise":"communautedagglomerationbethunebruayartoislysromane","typeCollectivite":"EPCI","typeEpci":"Communauté d’agglomération","adresse":{"street":"100 avenue de Londres","postalCode":"62400","city":"Béthune","country":"France"},"contacts":{"email":"contact@bethunebruay.fr","telephone":"0321615000"},"horaires":"Du Lundi au Vendredi : de 08h30 à 12h00 de 13h30 à 17h30","website":"https://www.bethunebruay.fr/","hasWebsite":true,"hasEmail":true,"hasTelephone":true,"latitude":50.51631,"longitude":2.626759,"url":"https://lannuaire.service-public.gouv.fr/hauts-de-france/pas-de-calais/ec3fce83-3fd8-45da-8906-d4f515c839e9"}
{"nom":"Communauté d'agglomération - Boulonnais","nomNormalise":"communautedagglomerationboulonnais","typeCollectivite":"EPCI","typeEpci":"Communauté d’agglomération","adresse":{"street":"1 boulevard du Bassin-Napoléon","postalCode":"62200","city":"Boulogne-sur-Mer","country":"France"},"contacts":{"email":"contact@agglo-boulonnais.fr","telephone":"0321103636"},"horaires":"Du Lundi au Vendredi : de 08h00 à 18h00","website":"https://www.agglo-boulonnais.fr/","hasWebsite":true,"hasEmail":true,"hasTelephone":true,"latitude":50.72238,"longitude":1.5968935,"url":"https://lannuaire.service-public.gouv.fr/hauts-de-france/pas-de-calais/d2d3c836-791d-4cff-a90f-da130f5f4283"}
{"nom":"Communauté d'agglomération - Calaisis","nomNormalise":"communautedagglomerationcalaisis","typeCollectivite":"EPCI","typeEpci":"Communauté d’agglomération","adresse":{"street":"76 boulevard Gambetta","postalCode":"62100","city":"Calais","country":"France"},"contacts":{"email":"info@grandcalais.fr","telephone":"0321195500"},"horaires":"Du Lundi au Vendredi : de 08h30 à 12h00 de 13h30 à 17h00","website":"https://www.grandcalais.fr/","hasWebsite":true,"hasEmail":true,"hasTelephone":true,"latitude":50.951508,"longitude":1.8575478,"url":"https://lannuaire.service-public.gouv.fr/hauts-de-france/pas-de-calais/6957769e-da94-45fb-afac-29ec81b879bd"}
{"nom":"Communauté d'agglomération - Cambrai","nomNormalise":"communautedagglomerationcambrai","typeCollectivite":"EPCI","typeEpci":"Communauté d’agglomération","adresse":{"street":"14 rue Neuve","postalCode":"59407","city":"Cambrai Cedex","country":"France"},"contacts":{"email":"contact@agglo-cambrai.fr","telephone":"0327724000"},"horaires":"Du Lundi au Jeudi : de 08h30 à 12h30 de 14h00 à 18h00 | Le Vendredi : de 08h30 à 12h30 de 14h00 à 17h00","website":"https://www.agglo-cambrai.fr/","hasWebsite":true,"hasEmail":true,"hasTelephone":true,"latitude":50.175205,"longitude":3.2353568,"url":"https://lannuaire.service-public.gouv.fr/hauts-de-france/nord/12093c70-ef1c-49e4-b89c-38d85e8e2f32"}
{"nom":"Communauté d'agglomération - Chauny Tergnier La Fère","nomNormalise":"communautedagglomerationchaunytergnierlafere","typeCollectivite":"EPCI","typeEpci":"Communauté d’agglomération","adresse":{"street":"57 boulevard Gambetta","postalCode":"02300","city":"Chauny","country":"France"},"contacts":{"email":"accueil@ctlf.fr","telephone":"0323399494"},"horaires":"Du Lundi au Vendredi : de 08h30 à 12h00 de 13h30 à 17h30","website":"https://ctlf.fr/","hasWebsite":true,"hasEmail":true,"hasTelephone":true,"latitude":49.612705,"longitude":3.222512,"url":"https://lannuaire.service-public.gouv.fr/hauts-de-france/aisne/c727e91b-1c70-40e2-becd-6749aa7bcd40"}
{"nom":"Communauté d'agglomération - Creil Sud Oise","nomNormalise":"communautedagglomerationcreilsudoise","typeCollectivite":"EPCI","typeEpci":"Communauté d’agglomération","adresse":{"street":"24 rue de la Villageoise","postalCode":"60100","city":"Creil","country":"France"},"contacts":{"email":"contact@creilsudoise.fr","telephone":"0344647474"},"horaires":"Du Lundi au Jeudi : de 08h30 à 12h00 de 13h30 à 17h30 | Le Vendredi : de 08h30 à 12h00 de 13h30 à 17h00","website":"https://www.creilsudoise.fr/","hasWebsite":true,"hasEmail":true,"hasTelephone":true,"latitude":49.261196,"longitude":2.4727821,"url":"https://lannuaire.service-public.gouv.fr/hauts-de-france/oise/2162ab3b-c15e-4994-9fc6-da4872fab180"}
{"nom":"Communauté d'agglomération - Deux Baies en Montreuillois","nomNormalise":"communautedagglomerationdeuxbaiesenmontreuillois","typeCollectivite":"EPCI","typeEpci":"Communauté d’agglomération","adresse":{"street":"11-13 place Gambetta","postalCode":"62170","city":"Montreuil","country":"France"},"contacts":{"email":"contact@ca2bm.fr","telephone":"0321066666"},"horaires":"Du Lundi au Vendredi : de 08h30 à 12h30 de 13h30 à 17h00","website":"https://www.ca2bm.fr/","hasWebsite":true,"hasEmail":true,"hasTelephone":true,"latitude":50.46447,"longitude":1.7632164,"url":"https://lannuaire.service-public.gouv.fr/hauts-de-france/pas-de-calais/ca25a1bc-da52-4f3c-aaa6-e9d6b4e0cbba"}
{"nom":"Communauté d'agglomération - Douaisis","nomNormalise":"communautedagglomerationdouaisis","typeCollectivite":"EPCI","typeEpci":"Communauté d’agglomération","adresse":{"street":"Parc d'activité de Dorignies","postalCode":"59500","city":"Douai","country":"France"},"contacts":{"email":"contact@douaisis-agglo.com","telephone":"0327998989"},"horaires":"Du Lundi au Jeudi : de 08h00 à 12h00 de 14h00 à 17h30 | Le Vendredi : de 08h00 à 12h00 de 14h00 à 16h30","website":"https://www.douaisis-agglo.com/","hasWebsite":true,"hasEmail":true,"hasTelephone":true,"latitude":50.397198,"longitude":3.102187,"url":"https://lannuaire.service-public.gouv.fr/hauts-de-france/nord/be8bfe3b-cd29-4558-94b7-416e62525ef4"}
{"nom":"Communauté d'agglomération - Hénin Carvin","nomNormalise":"communautedagglomerationhenincarvin","typeCollectivite":"EPCI","typeEpci":"Communauté d’agglomération","adresse":{"street":"242 boulevard Albert-Schweitzer","postalCode":"62250","city":"Hénin-Beaumont","country":"France"},"contacts":{"email":"communication@agglo-henincarvin.fr","telephone":"0321791379"},"horaires":"Du Lundi au Jeudi : de 08h30 à 12h00 de 13h30 à 17h30 | Le Vendredi : de 08h30 à 12h00 de 13h30 à 17h00","website":"https://www.agglo-henincarvin.fr/","hasWebsite":true,"hasEmail":true,"hasTelephone":true,"latitude":50.421207,"longitude":2.9474258,"url":"https://lannuaire.service-public.gouv.fr/hauts-de-france/pas-de-calais/1814283b-94c6-42b8-a0be-48ac94a2dae3"}
{"nom":"Communauté d'agglomération - La Baie de Somme","nomNormalise":"communautedagglomerationlabaiedesomme","typeCollectivite":"EPCI","typeEpci":"Communauté d’agglomération","adresse":{"street":"Place de la Gare","postalCode":"80100","city":"Abbeville","country":"France"},"contacts":{"email":"contact@ca-baiedesomme.fr","telephone":"0322240568"},"horaires":"Du Lundi au Vendredi : de 08h30 à 12h00 de 14h00 à 18h00","website":"http://www.baiedesommeagglo.fr/","hasWebsite":true,"hasEmail":true,"hasTelephone":true,"latitude":50.102085,"longitude":1.8251089,"url":"https://lannuaire.service-public.gouv.fr/hauts-de-france/somme/1a93978f-bc9f-46ea-83db-329bee5d1592"}
{"nom":"Communauté d'agglomération - La Porte du Hainaut","nomNormalise":"communautedagglomerationlaporteduhainaut","typeCollectivite":"EPCI","typeEpci":"Communauté d’agglomération","adresse":{"street":"Site minier de Wallers-Arenberg","postalCode":"59135","city":"Wallers-Arenberg","country":"France"},"contacts":{"email":"contact@agglo-porteduhainaut.fr","telephone":"0327090505"},"horaires":"Du Lundi au Vendredi : de 09h00 à 12h00 de 14h00 à 17h00","website":"https://www.agglo-porteduhainaut.fr/","hasWebsite":true,"hasEmail":true,"hasTelephone":true,"latitude":50.383537,"longitude":3.428861,"url":"https://lannuaire.service-public.gouv.fr/hauts-de-france/nord/2cd6860d-259b-4d53-8d32-273a3a42bf99"}
{"nom":"Communauté d'agglomération - La Région de Château-Thierry","nomNormalise":"communautedagglomerationlaregiondechateauthierry","typeCollectivite":"EPCI","typeEpci":"Communauté d’agglomération","adresse":{"street":"LAiguillage","postalCode":"02400","city":"Étampes-sur-Marne","country":"France"},"contacts":{"email":"contact@carct.fr","telephone":"0323697541"},"horaires":"Du Lundi au Vendredi : de 08h30 à 12h30 de 13h30 à 17h00","website":"https://www.carct.fr/","hasWebsite":true,"hasEmail":true,"hasTelephone":true,"latitude":49.037342,"longitude":3.4116817,"url":"https://lannuaire.service-public.gouv.fr/hauts-de-france/aisne/6838c422-6b33-4d95-9982-99d5fadf3cca"}
{"nom":"Communauté d'agglomération - La Région de Compiègne","nomNormalise":"communautedagglomerationlaregiondecompiegne","typeCollectivite":"EPCI","typeEpci":"Communauté d’agglomération","adresse":{"street":"Place de l'Hôtel-de-Ville","postalCode":"60320","city":"Compiègne","country":"France"},"contacts":{"email":"accueil@agglo-compiegne.fr","telephone":"0344407600"},"horaires":"Du Lundi au Vendredi : de 08h30 à 12h00 de 13h30 à 17h00","website":"https://www.agglo-compiegne.fr/","hasWebsite":true,"hasEmail":true,"hasTelephone":true,"latitude":49.417828,"longitude":2.8252652,"url":"https://lannuaire.service-public.gouv.fr/hauts-de-france/oise/aa07aa46-9b6a-4d03-8493-0dee4f481374"}
{"nom":"Communauté d'agglomération - Lens Liévin","nomNormalise":"communautedagglomerationlenslievin","typeCollectivite":"EPCI","typeEpci":"Communauté d’agglomération","adresse":{"street":"21 rue Marcel-Sembat","postalCode":"62300","city":"Lens","country":"France"},"contacts":{"email":"contact@agglo-lenslievin.fr","telephone":"0321790790"},"horaires":"Du Lundi au Jeudi : de 08h00 à 12h00 de 14h00 à 18h00 | Le Vendredi : de 08h00 à 12h00 de 14h00 à 17h00","website":"https://www.agglo-lenslievin.fr/","hasWebsite":true,"hasEmail":true,"hasTelephone":true,"latitude":50.434418,"longitude":2.840028,"url":"https://lannuaire.service-public.gouv.fr/hauts-de-france/pas-de-calais/5544c465-ec24-4b32-a967-adbc5943fca6"}
{"nom":"Communauté d'agglomération - Maubeuge Val de Sambre","nomNormalise":"communautedagglomerationmaubeugevaldesambre","typeCollectivite":"EPCI","typeEpci":"Communauté d’agglomération","adresse":{"street":"18 rue du 145e-Régiment-d'Infanterie","postalCode":"59600","city":"Maubeuge","country":"France"},"contacts":{"email":"amvs@amvs.fr","telephone":"0327530100"},"horaires":"Du Lundi au Jeudi : de 08h30 à 12h30 de 13h30 à 17h30 | Le Vendredi : de 08h30 à 12h30 de 13h30 à 16h30","website":"https://agglo-maubeugevaldesambre.fr/","hasWebsite":true,"hasEmail":true,"hasTelephone":true,"latitude":50.28998,"longitude":3.97781,"url":"https://lannuaire.service-public.gouv.fr/hauts-de-france/nord/0a98fa2b-758f-4dcb-92a5-33b0191c81f9"}
{"nom":"Communauté d'agglomération - Pays de Laon","nomNormalise":"communautedagglomerationpaysdelaon","typeCollectivite":"EPCI","typeEpci":"Communauté d’agglomération","adresse":{"street":"60 rue de Chambry","postalCode":"02000","city":"Aulnois-sous-Laon","country":"France"},"contacts":{"email":"contact@ca-paysdelaon.fr","telephone":"0323223100"},"horaires":"Du Lundi au Vendredi : de 08h30 à 12h15 de 13h15 à 17h30","website":"https://www.ca-paysdelaon.fr/","hasWebsite":true,"hasEmail":true,"hasTelephone":true,"latitude":49.612156,"longitude":3.6112404,"url":"https://lannuaire.service-public.gouv.fr/hauts-de-france/aisne/c5c1d88b-fb06-4679-89d2-11fd865af4de"}
{"nom":"Communauté d'agglomération - Pays de Saint-Omer","nomNormalise":"communautedagglomerationpaysdesaintomer","typeCollectivite":"EPCI","typeEpci":"Communauté d’agglomération","adresse":{"street":"2 rue Albert-Camus","postalCode":"62219","city":"Longuenesse","country":"France"},"contacts":{"email":"contact@ca-pso.fr","telephone":"0374182000"},"horaires":"Du Lundi au Vendredi : de 08h00 à 12h00 de 13h30 à 17h00","website":"https://www.ca-pso.fr/","hasWebsite":true,"hasEmail":true,"hasTelephone":true,"latitude":50.740093,"longitude":2.275745,"url":"https://lannuaire.service-public.gouv.fr/hauts-de-france/pas-de-calais/fdff0965-fc8c-44ea-bec7-9e15e37c9387"}
{"nom":"Communauté d'agglomération - Saint-Quentinois","nomNormalise":"communautedagglomerationsaintquentinois","typeCollectivite":"EPCI","typeEpci":"Communauté d’agglomération","adresse":{"street":"58 boulevard Victor-Hugo","postalCode":"02108","city":"Saint-Quentin","country":"France"},"contacts":{"email":"agglojecoute@casq.fr","telephone":"0323063006"},"horaires":"Du Lundi au Vendredi : de 08h30 à 17h30","website":"https://www.agglo-saintquentinois.fr/","hasWebsite":true,"hasEmail":true,"hasTelephone":true,"latitude":49.841133,"longitude":3.28355,"url":"https://lannuaire.service-public.gouv.fr/hauts-de-france/aisne/66d47899-ac77-4a53-8a68-19569c321150"}
{"nom":"Communauté d'agglomération - Soissonnais","nomNormalise":"communautedagglomerationsoissonnais","typeCollectivite":"EPCI","typeEpci":"Communauté d’agglomération","adresse":{"street":"11 avenue François-Mitterand","postalCode":"02880","city":"Cuffies","country":"France"},"contacts":{"email":"accueilagglo@agglo-soissonnais.com","telephone":"0323538840"},"horaires":"Du Lundi au Vendredi : de 08h30 à 12h15 de 13h30 à 17h15","website":"https://www.grandsoissons.com/","hasWebsite":true,"hasEmail":true,"hasTelephone":true,"latitude":49.39935,"longitude":3.327159,"url":"https://lannuaire.service-public.gouv.fr/hauts-de-france/aisne/c96ebd66-bf83-481a-ab48-1d6e4821cf09"}
{"nom":"Communauté d'agglomération - Valenciennes Métropole","nomNormalise":"communautedagglomerationvalenciennesmetropole","typeCollectivite":"EPCI","typeEpci":"Communauté d’agglomération","adresse":{"street":"2 place de l'Hôpital-Général","postalCode":"59305","city":"Valenciennes","country":"France"},"contacts":{"email":"communication.cavm@valenciennes-metropole.fr","telephone":"0327096096"},"horaires":"Du Lundi au Vendredi : de 08h30 à 12h00 de 13h30 à 17h30","website":"https://www.valenciennes-metropole.fr/","hasWebsite":true,"hasEmail":true,"hasTelephone":true,"latitude":50.36187,"longitude":3.5261724,"url":"https://lannuaire.service-public.gouv.fr/hauts-de-france/nord/3440f7da-c14d-489e-9a85-05ffa3dfde2d"}
{"nom":"Communauté de communes - 7 Vallées","nomNormalise":"communautedecommunesvallees","typeCollectivite":"EPCI","typeEpci":"Communauté de communes","adresse":{"street":"6 rue du Général-Daullé","postalCode":"62140","city":"Hesdin","country":"France"},"contacts":{"email":"contact@7vallees.fr","telephone":"0321904268"},"horaires":"Du Lundi au Vendredi : de 08h30 à 12h30 de 13h30 à 17h30","website":"https://7vallees.fr/","hasWebsite":true,"hasEmail":true,"hasTelephone":true,"latitude":50.372826,"longitude":2.0372088,"url":"https://lannuaire.service-public.gouv.fr/hauts-de-france/pas-de-calais/b1cee102-37ed-4453-92f2-7dbbeda780bc"}
{"nom":"Communauté de communes - Aire Cantilienne","nomNormalise":"communautedecommunesairecantilienne","typeCollectivite":"EPCI","typeEpci":"Communauté de communes","adresse":{"street":"17 bis rue Guilleminot","postalCode":"60500","city":"Chantilly","country":"France"},"contacts":{"email":"contact@ccac.fr","telephone":"0344624660"},"horaires":"Du Lundi au Jeudi : de 08h30 à 12h30 de 13h30 à 17h30 | Le Vendredi : de 08h30 à 12h00","website":"https://www.ccac.fr/","hasWebsite":true,"hasEmail":true,"hasTelephone":true,"latitude":49.19796,"longitude":2.461752,"url":"https://lannuaire.service-public.gouv.fr/hauts-de-france/oise/5e6f1785-ff26-4783-94c3-bca4a970c690"}
{"nom":"Communauté de communes - Avre Luce Noye","nomNormalise":"communautedecommunesavrelucenoye","typeCollectivite":"EPCI","typeEpci":"Communauté de communes","adresse":{"street":"Route de Boves","postalCode":"80250","city":"Ailly-sur-Noye","country":"France"},"contacts":{"email":"secretariat@avrelucenoye.fr","telephone":"0322097532"},"horaires":"Du Lundi au Jeudi : de 09h00 à 12h00 de 14h00 à 17h00 | Le Vendredi : de 09h00 à 12h00 de 14h00 à 16h00","website":"https://www.avrelucenoye.fr/","hasWebsite":true,"hasEmail":true,"hasTelephone":true,"latitude":49.768246,"longitude":2.368408,"url":"https://lannuaire.service-public.gouv.fr/hauts-de-france/somme/d879e2e7-b66e-4f89-b344-6a4165242703"}
{"nom":"Communauté de communes - Campagnes de l'Artois","nomNormalise":"communautedecommunescampagnesdelartois","typeCollectivite":"EPCI","typeEpci":"Communauté de communes","adresse":{"street":"1050 avenue François-Mitterrand","postalCode":"62810","city":"Avesnes-le-Comte","country":"France"},"contacts":{"email":"accueil@campagnesartois.fr","telephone":"0321220200"},"horaires":"Du Lundi au Vendredi : de 09h00 à 12h30 de 14h00 à 17h00","website":"https://campagnesartois.fr/","hasWebsite":true,"hasEmail":true,"hasTelephone":true,"latitude":50.283173,"longitude":2.547846,"url":"https://lannuaire.service-public.gouv.fr/hauts-de-france/pas-de-calais/4268f613-775f-427b-84b8-f4f2ffca273c"}
{"nom":"Communauté de communes - Caudrésis Catésis","nomNormalise":"communautedecommunescaudresiscatesis","typeCollectivite":"EPCI","typeEpci":"Communauté de communes","adresse":{"street":"ZA des Bouts-des-19","postalCode":"59157","city":"Beauvois-en-Cis","country":"France"},"contacts":{"email":"secretariat@caudresis-catesis.fr","telephone":"0327758479"},"horaires":"Du Lundi au Vendredi : de 08h30 à 12h30 de 14h00 à 17h00","website":"https://www.caudresis-catesis.fr/","hasWebsite":true,"hasEmail":true,"hasTelephone":true,"latitude":50.136814,"longitude":3.4000747,"url":"https://lannuaire.service-public.gouv.fr/hauts-de-france/nord/eff253d1-b5bb-4b73-8c09-3cdb35ccdd60"}
{"nom":"Communauté de communes - Champagne Picarde","nomNormalise":"communautedecommuneschampagnepicarde","typeCollectivite":"EPCI","typeEpci":"Communauté de communes","adresse":{"street":"2 route de Montaigu","postalCode":"02820","city":"Saint-Erme-Outre-et-Ramecourt","country":"France"},"contacts":{"email":"info@cc-champagnepicarde.fr","telephone":"0323223680"},"horaires":"Du Lundi au Jeudi : de 09h00 à 12h00 de 13h00 à 16h30 | Le Vendredi : de 09h00 à 12h00 de 13h00 à 16h00","website":"https://www.cc-champagnepicarde.fr/","hasWebsite":true,"hasEmail":true,"hasTelephone":true,"latitude":49.516182,"longitude":3.8429832,"url":"https://lannuaire.service-public.gouv.fr/hauts-de-france/aisne/7f98afca-1ab2-44f6-9b11-ac66219b723c"}
{"nom":"Communauté de communes - Charly-sur-Marne","nomNormalise":"communautedecommunescharlysurmarne","typeCollectivite":"EPCI","typeEpci":"Communauté de communes","adresse":{"street":"2 voie André-Rossi","postalCode":"02310","city":"Charly-sur-Marne","country":"France"},"contacts":{"email":"accueil.c4@c4charly.fr","telephone":"0323822469"},"horaires":"Du Lundi au Vendredi : de 09h00 à 12h00 de 13h00 à 17h00","website":"https://www.c4-charlysurmarne.fr/","hasWebsite":true,"hasEmail":true,"hasTelephone":true,"latitude":48.97952,"longitude":3.2878594,"url":"https://lannuaire.service-public.gouv.fr/hauts-de-france/aisne/d5dc72fc-9c23-4f46-a904-dc15bfea30b6"}
{"nom":"Communauté de communes - Chemin des Dames","nomNormalise":"communautedecommuneschemindesdames","typeCollectivite":"EPCI","typeEpci":"Communauté de communes","adresse":{"street":"1 rue de l'Église","postalCode":"02160","city":"Craonne","country":"France"},"contacts":{"email":"administration@cc-cheminsdesdames.fr","telephone":"0323226972"},"horaires":"Du Lundi au Mardi : de 08h00 à 17h00 | Le Mercredi : de 08h00 à 13h00 | Le Jeudi : de 08h00 à 17h00 | Le Vendredi : de 08h00 à 16h00","website":"https://www.cc-chemindesdames.fr/","hasWebsite":true,"hasEmail":true,"hasTelephone":true,"latitude":49.43923,"longitude":3.7880645,"url":"https://lannuaire.service-public.gouv.fr/hauts-de-france/aisne/8c046bd4-3033-4345-8450-65f23b9f3c24"}
{"nom":"Communauté de communes - Clermontois","nomNormalise":"communautedecommunesclermontois","typeCollectivite":"EPCI","typeEpci":"Communauté de communes","adresse":{"street":"9 rue Henri-Breuil","postalCode":"60600","city":"Clermont","country":"France"},"contacts":{"email":"accueil@pays-clermontois.fr","telephone":"0344508500"},"horaires":"Du Lundi au Vendredi : de 09h00 à 12h00 de 14h00 à 17h00","website":"https://pays-clermontois.fr/","hasWebsite":true,"hasEmail":true,"hasTelephone":true,"latitude":49.384617,"longitude":2.4075294,"url":"https://lannuaire.service-public.gouv.fr/hauts-de-france/oise/b55df963-8412-458e-bc22-a47934ede6d0"}
{"nom":"Communauté de communes - Coeur de l'Avesnois","nomNormalise":"communautedecommunescoeurdelavesnois","typeCollectivite":"EPCI","typeEpci":"Communauté de communes","adresse":{"street":"43 rue Cambrésienne","postalCode":"59362","city":"Avesnes-sur-Helpe","country":"France"},"contacts":{"email":"accueil@coeur-avesnois.fr","telephone":"0327561180"},"horaires":"Du Lundi au Jeudi : de 09h00 à 12h00 de 13h30 à 17h30 | Le Vendredi : de 09h00 à 12h00 de 13h30 à 16h30","website":"https://www.coeur-avesnois.fr/","hasWebsite":true,"hasEmail":true,"hasTelephone":true,"latitude":50.120773,"longitude":3.9269078,"url":"https://lannuaire.service-public.gouv.fr/hauts-de-france/nord/ac272ca6-77f2-47c9-8118-7d490c7a2f20"}
{"nom":"Communauté de communes - Desvres Samer","nomNormalise":"communautedecommunesdesvressamer","typeCollectivite":"EPCI","typeEpci":"Communauté de communes","adresse":{"street":"41 rue des Potiers","postalCode":"62240","city":"Desvres","country":"France"},"contacts":{"email":"com.com@cc-desvressamer.fr","telephone":"0321920720"},"horaires":"Du Lundi au Vendredi : de 08h30 à 12h00 de 14h00 à 17h00","website":"https://www.cc-desvressamer.fr/","hasWebsite":true,"hasEmail":true,"hasTelephone":true,"latitude":50.667934,"longitude":1.8388522,"url":"https://lannuaire.service-public.gouv.fr/hauts-de-france/pas-de-calais/93b98aba-84a3-4ebc-8940-7d46b8343cdd"}
{"nom":"Communauté de communes - Deux Vallées","nomNormalise":"communautedecommunesdeuxvallees","typeCollectivite":"EPCI","typeEpci":"Communauté de communes","adresse":{"street":"9 rue du Maréchal-Juin","postalCode":"60150","city":"Thourotte","country":"France"},"contacts":{"email":"contact@cc2v.fr","telephone":"0344963100"},"horaires":"Du Lundi au Vendredi : de 08h30 à 12h00 de 13h30 à 17h00","website":"https://www.deuxvallees.fr/","hasWebsite":true,"hasEmail":true,"hasTelephone":true,"latitude":49.44025,"longitude":2.8757734,"url":"https://lannuaire.service-public.gouv.fr/hauts-de-france/oise/ae90e5d4-5a57-467c-967f-9398aa76270b"}
{"nom":"Communauté de communes - Est de la Somme","nomNormalise":"communautedecommunesestdelasomme","typeCollectivite":"EPCI","typeEpci":"Communauté de communes","adresse":{"street":"106 rue du Marechal-Leclerc","postalCode":"80400","city":"Eppeville","country":"France"},"contacts":{"email":"contact@estdelasomme.fr","telephone":"0323813321"},"horaires":"Du Lundi au Jeudi : de 09h30 à 12h30 de 13h30 à 16h45 | Le Vendredi : de 09h00 à 12h00","website":"https://estdelasomme.fr/","hasWebsite":true,"hasEmail":true,"hasTelephone":true,"latitude":49.753124,"longitude":3.065919,"url":"https://lannuaire.service-public.gouv.fr/hauts-de-france/somme/889262fe-2f8f-4ed7-aae0-82633096bad4"}
{"nom":"Communauté de communes - Flandre Intérieure","nomNormalise":"communautedecommunesflandreinterieure","typeCollectivite":"EPCI","typeEpci":"Communauté de communes","adresse":{"street":"222 bis rue de Vieux-Berquin","postalCode":"59190","city":"Hazebrouck","country":"France"},"contacts":{"email":"mailccom@cc-flandreinterieure.fr","telephone":"0374540059"},"horaires":"Du Lundi au Vendredi : de 08h30 à 12h30 de 13h30 à 17h30","website":"https://ca-coeurdeflandre.fr/","hasWebsite":true,"hasEmail":true,"hasTelephone":true,"latitude":50.7177,"longitude":2.549649,"url":"https://lannuaire.service-public.gouv.fr/hauts-de-france/nord/7eac9709-b2db-4f4b-be38-c2570faf8b70"}
{"nom":"Communauté de communes - Flandre Lys","nomNormalise":"communautedecommunesflandrelys","typeCollectivite":"EPCI","typeEpci":"Communauté de communes","adresse":{"street":"500 rue de la Lys","postalCode":"59253","city":"La Gorgue","country":"France"},"contacts":{"email":"contact@cc-flandrelys.fr","telephone":"0328501490"},"horaires":"Le Lundi : de 08h30 à 12h00 de 13h30 à 17h00 | Le Mardi : de 08h30 à 12h00 | Le Mercredi : de 08h30 à 12h00 de 13h30 à 17h00 | Le Jeudi : de 08h30 à 12h00 | Le Vendredi : de 08h30 à 12h00 de 13h30 à 17h00","website":"https://www.cc-flandrelys.fr/","hasWebsite":true,"hasEmail":true,"hasTelephone":true,"latitude":50.640785,"longitude":2.741548,"url":"https://lannuaire.service-public.gouv.fr/hauts-de-france/nord/33c65e51-e674-4c01-9b45-19716dd23b2d"}
{"nom":"Communauté de communes - Grand Roye","nomNormalise":"communautedecommunesgrandroye","typeCollectivite":"EPCI","typeEpci":"Communauté de communes","adresse":{"street":"1136 rue Pasteur-Prolongée","postalCode":"80500","city":"Montdidier","country":"France"},"contacts":{"email":"contact@grandroye.fr","telephone":"0322375050"},"horaires":"Du Lundi au Vendredi : de 09h00 à 12h30 de 13h30 à 17h00","website":"https://www.grandroye.fr/","hasWebsite":true,"hasEmail":true,"hasTelephone":true,"latitude":49.654552,"longitude":2.5899408,"url":"https://lannuaire.service-public.gouv.fr/hauts-de-france/somme/bc076ee1-b496-4076-a406-c73e76c9fd77"}
{"nom":"Communauté de communes - Haut Pays du Montreuillois","nomNormalise":"communautedecommuneshautpaysdumontreuillois","typeCollectivite":"EPCI","typeEpci":"Communauté de communes","adresse":{"street":"15 ter rue du Marais","postalCode":"62310","city":"Fruges","country":"France"},"contacts":{"email":"accueil@cchpm.fr","telephone":"0361528005"},"horaires":"Du Lundi au Vendredi : de 08h30 à 12h00 de 13h30 à 17h00","website":"https://www.cchpm.fr/","hasWebsite":true,"hasEmail":true,"hasTelephone":true,"latitude":50.513756,"longitude":2.1340942,"url":"https://lannuaire.service-public.gouv.fr/hauts-de-france/pas-de-calais/27f1f922-2092-4b1f-8817-5569845d538e"}
{"nom":"Communauté de communes - Hauts de Flandre","nomNormalise":"communautedecommuneshautsdeflandre","typeCollectivite":"EPCI","typeEpci":"Communauté de communes","adresse":{"street":"468 rue de la Couronne-de-Bierne","postalCode":"59380","city":"Bergues","country":"France"},"contacts":{"email":"contact@cchf.fr","telephone":"0328290999"},"horaires":"Du Lundi au Vendredi : de 08h00 à 17h00","website":"https://www.cchf.fr/","hasWebsite":true,"hasEmail":true,"hasTelephone":true,"latitude":50.96856,"longitude":2.4325843,"url":"https://lannuaire.service-public.gouv.fr/hauts-de-france/nord/68860c19-0e63-4a48-959c-74fd133efb9f"}
{"nom":"Communauté de communes - La Haute Somme Combles Péronne Roisel","nomNormalise":"communautedecommuneslahautesommecomblesperonneroisel","typeCollectivite":"EPCI","typeEpci":"Communauté de communes","adresse":{"street":"23 avenue de l'Europe","postalCode":"","city":"Péronne","country":"France"},"contacts":{"email":"cchs@cchs.fr","telephone":"0322842751"},"horaires":"Du Lundi au Jeudi : de 08h00 à 12h00 de 13h30 à 17h00 | Le Vendredi : de 08h00 à 12h00 de 13h30 à 16h30","website":"https://www.coeurhautesomme.fr/","hasWebsite":true,"hasEmail":true,"hasTelephone":true,"latitude":49.93288,"longitude":2.9330063,"url":"https://lannuaire.service-public.gouv.fr/hauts-de-france/somme/35fa7871-a479-48e6-9ba9-6253ea8e2f08"}
{"nom":"Communauté de communes - La région d'Audruicq","nomNormalise":"communautedecommuneslaregiondaudruicq","typeCollectivite":"EPCI","typeEpci":"Communauté de communes","adresse":{"street":"66 place du Général-de-Gaulle","postalCode":"62370","city":"Audruicq","country":"France"},"contacts":{"email":"communaute-reg-audruicq@ccra.fr","telephone":"0321008383"},"horaires":"Du Lundi au Vendredi : de 08h30 à 12h00 de 14h00 à 17h30","website":"https://www.ccra.fr/","hasWebsite":true,"hasEmail":true,"hasTelephone":true,"latitude":50.87772,"longitude":2.0800605,"url":"https://lannuaire.service-public.gouv.fr/hauts-de-france/pas-de-calais/c80d6338-573e-474b-8661-49170a59e820"}
{"nom":"Communauté de communes - La Thiérache du Centre","nomNormalise":"communautedecommuneslathieracheducentre","typeCollectivite":"EPCI","typeEpci":"Communauté de communes","adresse":{"street":"13 rue de l'Armistice","postalCode":"02260","city":"La Capelle","country":"France"},"contacts":{"email":"contact@thieracheducentre.fr","telephone":"0323973600"},"horaires":"Du Lundi au Jeudi : de 08h00 à 12h00 de 13h00 à 17h00 | Le Vendredi : de 08h00 à 12h00 de 13h00 à 16h00","website":"","hasWebsite":false,"hasEmail":true,"hasTelephone":true,"latitude":49.97269,"longitude":3.9223802,"url":"https://lannuaire.service-public.gouv.fr/hauts-de-france/aisne/25f43a15-0a87-4620-8849-29b690c94af2"}
{"nom":"Communauté de communes - Liancourtois la Vallée Dorée","nomNormalise":"communautedecommunesliancourtoislavalleedoree","typeCollectivite":"EPCI","typeEpci":"Communauté de communes","adresse":{"street":"1 rue de Nogent","postalCode":"60290","city":"Laigneville","country":"France"},"contacts":{"email":"contact@ccl-valleedoree.fr","telephone":"0344738910"},"horaires":"Du Lundi au Vendredi : de 08h30 à 12h00 de 13h30 à 17h00","website":"https://www.ccl-valleedoree.fr/","hasWebsite":true,"hasEmail":true,"hasTelephone":true,"latitude":49.32999,"longitude":2.440265,"url":"https://lannuaire.service-public.gouv.fr/hauts-de-france/oise/a385ab00-2dec-4154-a21e-a696d195fdc7"}
{"nom":"Communauté de communes - Lisières de l'Oise","nomNormalise":"communautedecommuneslisieresdeloise","typeCollectivite":"EPCI","typeEpci":"Communauté de communes","adresse":{"street":"ZI Les Surcens","postalCode":"60350","city":"Attichy","country":"France"},"contacts":{"email":"contact@ccloise.com","telephone":"0344427225"},"horaires":"Le Lundi : de 09h00 à 12h00 de 13h30 à 17h30 | Le Mardi : de 13h30 à 17h30 | Le Mercredi : de 09h00 à 12h00 de 13h30 à 17h30 | Le Jeudi : de 09h00 à 12h00 de 13h30 à 19h00 | Le Vendredi : de 09h00 à 12h00 de 13h30 à 17h30","website":"https://ccloise.com/","hasWebsite":true,"hasEmail":true,"hasTelephone":true,"latitude":49.405,"longitude":3.046475,"url":"https://lannuaire.service-public.gouv.fr/hauts-de-france/oise/1c21fc62-913a-4a0a-bef7-1cf4c45a9a15"}
{"nom":"Communauté de communes - Nièvre et Somme","nomNormalise":"communautedecommunesnievreetsomme","typeCollectivite":"EPCI","typeEpci":"Communauté de communes","adresse":{"street":"1 allée des Quarantes","postalCode":"80420","city":"Flixecourt","country":"France"},"contacts":{"email":"contact@nievresomme.fr","telephone":"0322394040"},"horaires":"Du Lundi au Jeudi : de 08h30 à 12h00 de 13h30 à 17h00 | Le Vendredi : de 08h30 à 12h30","website":"https://www.nievresomme.fr/","hasWebsite":true,"hasEmail":true,"hasTelephone":true,"latitude":50.029045,"longitude":2.0647175,"url":"https://lannuaire.service-public.gouv.fr/hauts-de-france/somme/9ba2180b-165f-4c50-be40-7eb458be4b88"}
{"nom":"Communauté de communes - Oise Picarde","nomNormalise":"communautedecommunesoisepicarde","typeCollectivite":"EPCI","typeEpci":"Communauté de communes","adresse":{"street":"5 rue Tassart","postalCode":"60120","city":"Breteuil-sur-Noye","country":"France"},"contacts":{"email":"contact@cc-oisepicarde.fr","telephone":"0344808401"},"horaires":"Du Lundi au Vendredi : de 09h00 à 12h00 de 13h30 à 17h00","website":"https://cc-oisepicarde.fr/fr/","hasWebsite":true,"hasEmail":true,"hasTelephone":true,"latitude":49.630726,"longitude":2.296133,"url":"https://lannuaire.service-public.gouv.fr/hauts-de-france/oise/b86c6d6f-c564-486f-8cd8-9b7b94f271b7"}
{"nom":"Communauté de communes - Osartis Marquion","nomNormalise":"communautedecommunesosartismarquion","typeCollectivite":"EPCI","typeEpci":"Communauté de communes","adresse":{"street":"Rue Jean-Monet","postalCode":"62490","city":"Vitry-en-Artois","country":"France"},"contacts":{"email":"administration@cc-osartis.com","telephone":"0321600600"},"horaires":"Le Lundi : de 09h00 à 12h30 de 13h30 à 17h00 | Du Mardi au Vendredi : de 08h30 à 12h30 de 13h30 à 17h00","website":"https://www.cc-osartis.com/","hasWebsite":true,"hasEmail":true,"hasTelephone":true,"latitude":50.326473,"longitude":2.9805448,"url":"https://lannuaire.service-public.gouv.fr/hauts-de-france/pas-de-calais/ade1c496-6ff3-400b-8c42-d7cd85e9ba5a"}
{"nom":"Communauté de communes - Oulchy-le-Château","nomNormalise":"communautedecommunesoulchylechateau","typeCollectivite":"EPCI","typeEpci":"Communauté de communes","adresse":{"street":"17 rue Potel","postalCode":"02210","city":"Oulchy-le-Château","country":"France"},"contacts":{"email":"contact@cc-oulchylechateau.fr","telephone":"0323556520"},"horaires":"Du Lundi au Mercredi : de 09h00 à 13h00 de 14h00 à 17h00 | Le Jeudi : de 14h00 à 17h00 | Le Vendredi : de 09h00 à 13h00 de 14h00 à 17h00","website":"https://www.cc-oulchylechateau.fr/","hasWebsite":true,"hasEmail":true,"hasTelephone":true,"latitude":49.205353,"longitude":3.3668244,"url":"https://lannuaire.service-public.gouv.fr/hauts-de-france/aisne/21e42e96-f87f-484a-ae22-3992807abb25"}
{"nom":"Communauté de communes - Pays de Bray","nomNormalise":"communautedecommunespaysdebray","typeCollectivite":"EPCI","typeEpci":"Communauté de communes","adresse":{"street":"2 rue d'Hodenc","postalCode":"60650","city":"Lachapelle-aux-Pots","country":"France"},"contacts":{"email":"contact@cc-paysdebray.fr","telephone":"0344813520"},"horaires":"Du Lundi au Vendredi : de 08h30 à 12h30 de 13h30 à 17h00","website":"https://cc-paysdebray.com/","hasWebsite":true,"hasEmail":true,"hasTelephone":true,"latitude":49.41124,"longitude":1.8382189,"url":"https://lannuaire.service-public.gouv.fr/hauts-de-france/oise/b88f5193-ba6e-4354-86e4-18bb93181bb6"}
{"nom":"Communauté de communes - Pays du Coquelicot","nomNormalise":"communautedecommunespaysducoquelicot","typeCollectivite":"EPCI","typeEpci":"Communauté de communes","adresse":{"street":"6 rue Émile-Zola","postalCode":"80300","city":"Albert","country":"France"},"contacts":{"email":"comdecom@paysducoquelicot.com","telephone":"0322641030"},"horaires":"Du Lundi au Vendredi : de 09h00 à 12h00 de 13h30 à 17h30","website":"https://www.paysducoquelicot.com/","hasWebsite":true,"hasEmail":true,"hasTelephone":true,"latitude":50.004627,"longitude":2.6452656,"url":"https://lannuaire.service-public.gouv.fr/hauts-de-france/somme/a6f0c180-e33a-4250-9b88-a8d6b6ac78a8"}
{"nom":"Communauté de communes - Pays de la Serre","nomNormalise":"communautedecommunespaysdelaserre","typeCollectivite":"EPCI","typeEpci":"Communauté de communes","adresse":{"street":"1 rue des Telliers","postalCode":"02270","city":"Crécy-sur-Serre","country":"France"},"contacts":{"email":"contact@paysdelaserre.fr","telephone":"0323807722"},"horaires":"Du Lundi au Jeudi : de 09h00 à 12h00 de 14h00 à 17h00 | Le Vendredi : de 09h00 à 12h00 de 14h00 à 16h00","website":"https://paysdelaserre.fr/","hasWebsite":true,"hasEmail":true,"hasTelephone":true,"latitude":49.6962,"longitude":3.6237204,"url":"https://lannuaire.service-public.gouv.fr/hauts-de-france/aisne/5cb550d9-0183-4531-9094-a293f5bfe7dc"}
{"nom":"Communauté de communes - Pays de Lumbres","nomNormalise":"communautedecommunespaysdelumbres","typeCollectivite":"EPCI","typeEpci":"Communauté de communes","adresse":{"street":"1 chemin du Pressart","postalCode":"62380","city":"Lumbres","country":"France"},"contacts":{"email":"accueil@ccplumbres.fr","telephone":"0321129494"},"horaires":"Du Lundi au Vendredi : de 08h30 à 12h00 de 13h30 à 17h00 | Accueil ouvert sur rendez-vous de préférence.","website":"https://cc-paysdelumbres.fr/fr","hasWebsite":true,"hasEmail":true,"hasTelephone":true,"latitude":50.70668,"longitude":2.1104782,"url":"https://lannuaire.service-public.gouv.fr/hauts-de-france/pas-de-calais/e99bd3f4-8102-4840-b8b6-9acc3b2bd26b"}
{"nom":"Communauté de communes - Pays de Mormal","nomNormalise":"communautedecommunespaysdemormal","typeCollectivite":"EPCI","typeEpci":"Communauté de communes","adresse":{"street":"18 rue Chevray","postalCode":"59530","city":"Le Quesnoy","country":"France"},"contacts":{"email":"contact@cc-paysdemormal.fr","telephone":"0327090460"},"horaires":"Du Lundi au Vendredi : de 08h30 à 12h00 de 13h30 à 17h00","website":"https://www.cc-paysdemormal.fr/","hasWebsite":true,"hasEmail":true,"hasTelephone":true,"latitude":50.2478,"longitude":3.6417,"url":"https://lannuaire.service-public.gouv.fr/hauts-de-france/nord/0ff65e15-439f-4e26-a457-fe0c7c73bd87"}
{"nom":"Communauté de communes - Pays Noyonnais","nomNormalise":"communautedecommunespaysnoyonnais","typeCollectivite":"EPCI","typeEpci":"Communauté de communes","adresse":{"street":"Bâtiment 9","postalCode":"60400","city":"Noyon","country":"France"},"contacts":{"email":"courrier@paysnoyonnais.fr","telephone":"0344096040"},"horaires":"Du Lundi au Jeudi : de 09h00 à 12h00 de 13h30 à 17h00 | Le Vendredi : de 09h00 à 12h00 de 13h30 à 16h30","website":"https://www.paysnoyonnais.fr/","hasWebsite":true,"hasEmail":true,"hasTelephone":true,"latitude":49.59634,"longitude":3.00696,"url":"https://lannuaire.service-public.gouv.fr/hauts-de-france/oise/666ac10a-2d02-4fcf-9060-65c0df850a13"}
{"nom":"Communauté de communes - Pays d'Oise et d'Halatte","nomNormalise":"communautedecommunespaysdoiseetdhalatte","typeCollectivite":"EPCI","typeEpci":"Communauté de communes","adresse":{"street":"1 rue d'Halatte","postalCode":"60700","city":"Pont-Sainte-Maxence","country":"France"},"contacts":{"email":"secretariat@ccpoh.fr","telephone":"0344700401"},"horaires":"Du Lundi au Vendredi : de 09h00 à 13h00 de 14h00 à 17h00","website":"https://www.ccpoh.fr/","hasWebsite":true,"hasEmail":true,"hasTelephone":true,"latitude":49.2967,"longitude":2.60528,"url":"https://lannuaire.service-public.gouv.fr/hauts-de-france/oise/ff90b36d-f513-49b0-8733-ce2bdb3b9785"}
{"nom":"Communauté de communes - Pays d'Opale","nomNormalise":"communautedecommunespaysdopale","typeCollectivite":"EPCI","typeEpci":"Communauté de communes","adresse":{"street":"9 avenue de la Libération","postalCode":"62340","city":"Guines","country":"France"},"contacts":{"email":"administration@paysdopale.fr","telephone":"0321008333"},"horaires":"Du Lundi au Vendredi : de 08h00 à 12h30 de 13h30 à 17h00","website":"https://paysdopale.fr/","hasWebsite":true,"hasEmail":true,"hasTelephone":true,"latitude":50.86608,"longitude":1.861395,"url":"https://lannuaire.service-public.gouv.fr/hauts-de-france/pas-de-calais/85518671-a32c-45b8-96f4-f16a29f8dbb6"}
{"nom":"Communauté de communes - Pays Solesmois","nomNormalise":"communautedecommunespayssolesmois","typeCollectivite":"EPCI","typeEpci":"Communauté de communes","adresse":{"street":"ZAE du Pigeon-Blanc","postalCode":"59730","city":"Solesmes","country":"France"},"contacts":{"email":"contact@ccpays-solesmois.fr","telephone":"0327707430"},"horaires":"Du Lundi au Mardi : de 09h00 à 12h30 de 13h30 à 17h00 | Le Mercredi : de 09h00 à 12h30 | Du Jeudi au Vendredi : de 09h00 à 12h30 de 13h30 à 16h00","website":"https://www.ccpays-solesmois.fr/","hasWebsite":true,"hasEmail":true,"hasTelephone":true,"latitude":50.194725,"longitude":3.5034745,"url":"https://lannuaire.service-public.gouv.fr/hauts-de-france/nord/b8d35482-1ecd-4814-934d-9d84ed0ad758"}
{"nom":"Communauté de communes - Pays des Sources","nomNormalise":"communautedecommunespaysdessources","typeCollectivite":"EPCI","typeEpci":"Communauté de communes","adresse":{"street":"408 rue Georges-Latapie","postalCode":"60490","city":"Ressons-sur-Matz","country":"France"},"contacts":{"email":"contact@cc-pays-sources.org","telephone":"0344430957"},"horaires":"Du Lundi au Vendredi : de 09h00 à 12h30 de 14h00 à 17h30","website":"https://www.cc-pays-sources.fr/","hasWebsite":true,"hasEmail":true,"hasTelephone":true,"latitude":49.54429,"longitude":2.7475123,"url":"https://lannuaire.service-public.gouv.fr/hauts-de-france/oise/a0a0a649-6b70-4e9a-9fc9-8097c3610b1e"}
{"nom":"Communauté de communes - Pays de Valois","nomNormalise":"communautedecommunespaysdevalois","typeCollectivite":"EPCI","typeEpci":"Communauté de communes","adresse":{"street":"62 rue de Soissons","postalCode":"60800","city":"Crépy-en-Valois","country":"France"},"contacts":{"email":"info@cc-paysdevalois.fr","telephone":"0344880509"},"horaires":"Du Lundi au Mardi : de 08h30 à 12h15 de 13h30 à 17h30 | Du Mercredi au Jeudi : de 08h30 à 12h00 de 13h30 à 17h30 | Le Vendredi : de 08h30 à 12h00 de 13h30 à 16h30","website":"https://www.cc-paysdevalois.fr/","hasWebsite":true,"hasEmail":true,"hasTelephone":true,"latitude":49.234447,"longitude":2.8999078,"url":"https://lannuaire.service-public.gouv.fr/hauts-de-france/oise/0f4e5bc8-96c2-4faa-a8b6-6b07baaf3bd6"}
{"nom":"Communauté de communes - Pays du Vermandois","nomNormalise":"communautedecommunespaysduvermandois","typeCollectivite":"EPCI","typeEpci":"Communauté de communes","adresse":{"street":"Hameau de Riqueval","postalCode":"02420","city":"Bellicourt","country":"France"},"contacts":{"email":"contact@cc-vermandois.com","telephone":"0323095051"},"horaires":"Du Lundi au Vendredi : de 08h30 à 12h30 de 13h30 à 17h30","website":"https://www.cc-vermandois.com/","hasWebsite":true,"hasEmail":true,"hasTelephone":true,"latitude":49.962254,"longitude":3.235516,"url":"https://lannuaire.service-public.gouv.fr/hauts-de-france/aisne/3e99c6f3-b886-476e-8687-89195cb252be"}
{"nom":"Communauté de communes - Pévèle Carembault","nomNormalise":"communautedecommunespevelecarembault","typeCollectivite":"EPCI","typeEpci":"Communauté de communes","adresse":{"street":"47 Avenue du Général de Gaulle","postalCode":"59710","city":"Pont-à-Marcq","country":"France"},"contacts":{"email":"contact@pevelecarembault.fr","telephone":"0320792080"},"horaires":"Du Lundi au Vendredi : de 09h00 à 12h00 de 13h30 à 17h30","website":"https://www.pevelecarembault.fr/","hasWebsite":true,"hasEmail":true,"hasTelephone":true,"latitude":50.521324,"longitude":3.1140258,"url":"https://lannuaire.service-public.gouv.fr/hauts-de-france/nord/d6113487-2ac1-404a-a53e-c0f4b43d075a"}
{"nom":"Communauté de communes - Picardie des Châteaux","nomNormalise":"communautedecommunespicardiedeschateaux","typeCollectivite":"EPCI","typeEpci":"Communauté de communes","adresse":{"street":"6-8 place Charles-De-Gaulle","postalCode":"02320","city":"Pinon","country":"France"},"contacts":{"email":"accueil@picardiedeschateaux.fr","telephone":"0323801813"},"horaires":"Du Lundi au Vendredi : de 09h00 à 12h00 de 13h30 à 17h00","website":"https://picardiedeschateaux.fr/","hasWebsite":true,"hasEmail":true,"hasTelephone":true,"latitude":49.488983,"longitude":3.4469583,"url":"https://lannuaire.service-public.gouv.fr/hauts-de-france/aisne/39032582-3389-4d71-b35d-c4788cfcacdb"}
{"nom":"Communauté de communes - Picardie Verte","nomNormalise":"communautedecommunespicardieverte","typeCollectivite":"EPCI","typeEpci":"Communauté de communes","adresse":{"street":"3 rue de Grumesnil","postalCode":"60220","city":"Formerie","country":"France"},"contacts":{"email":"ccpv@ccpv.fr","telephone":"0344045390"},"horaires":"Du Lundi au Jeudi : de 09h00 à 12h00 de 13h30 à 17h30 | Le Vendredi : de 09h00 à 12h00 de 13h30 à 16h30","website":"https://www.picardieverte.com/","hasWebsite":true,"hasEmail":true,"hasTelephone":true,"latitude":49.648357,"longitude":1.726734,"url":"https://lannuaire.service-public.gouv.fr/hauts-de-france/oise/31d99002-a90d-44b8-a1c6-e1e80ab15561"}
{"nom":"Communauté de communes - Plaine d'Estrées","nomNormalise":"communautedecommunesplainedestrees","typeCollectivite":"EPCI","typeEpci":"Communauté de communes","adresse":{"street":"1 rue de la Plaine","postalCode":"60190","city":"Estrées-Saint-Denis","country":"France"},"contacts":{"email":"contact@cc-pe.fr","telephone":"0344413143"},"horaires":"Du Lundi au Vendredi : de 09h00 à 12h00 de 14h00 à 17h00","website":"https://www.ccplaine-estrees.com/","hasWebsite":true,"hasEmail":true,"hasTelephone":true,"latitude":49.42932,"longitude":2.636821,"url":"https://lannuaire.service-public.gouv.fr/hauts-de-france/oise/3275e90b-ba7c-4b26-b4e8-c7a155b2fa52"}
{"nom":"Communauté de communes - Plateau Picard","nomNormalise":"communautedecommunesplateaupicard","typeCollectivite":"EPCI","typeEpci":"Communauté de communes","adresse":{"street":"140 rue Verte","postalCode":"60130","city":"Le Plessier-sur-Saint-Just","country":"France"},"contacts":{"email":"accueil@cc-plateaupicard.fr","telephone":"0344787002"},"horaires":"Du Lundi au Vendredi : de 09h00 à 12h30 de 13h30 à 17h00","website":"https://www.plateaupicard.fr/","hasWebsite":true,"hasEmail":true,"hasTelephone":true,"latitude":49.509296,"longitude":2.4488883,"url":"https://lannuaire.service-public.gouv.fr/hauts-de-france/oise/c119919a-73fe-45be-8f04-2b78cb6d20f7"}
{"nom":"Communauté de communes - Ponthieu Marquenterre","nomNormalise":"communautedecommunesponthieumarquenterre","typeCollectivite":"EPCI","typeEpci":"Communauté de communes","adresse":{"street":"33 bis route du Crotoy","postalCode":"80120","city":"Rue","country":"France"},"contacts":{"email":"siege.rue@ponthieu-marquenterre.fr","telephone":"0322278694"},"horaires":"Du Lundi au Vendredi : de 08h30 à 12h00 de 14h00 à 17h30","website":"https://www.ponthieu-marquenterre.fr/","hasWebsite":true,"hasEmail":true,"hasTelephone":true,"latitude":50.26657,"longitude":1.6667387,"url":"https://lannuaire.service-public.gouv.fr/hauts-de-france/somme/74880fe7-ab6a-408d-b76f-8ab2d0069c5e"}
{"nom":"Communauté de communes - Portes de la Thiérache","nomNormalise":"communautedecommunesportesdelathierache","typeCollectivite":"EPCI","typeEpci":"Communauté de communes","adresse":{"street":"320 rue des Verseaux","postalCode":"02360","city":"Rozoy-sur-Serre","country":"France"},"contacts":{"email":"contact@portes-de-thierache.fr","telephone":"0323980454"},"horaires":"Du Lundi au Mardi : de 08h30 à 12h00 de 13h30 à 17h30 | Le Mercredi : de 08h30 à 12h00 | Le Jeudi : de 08h30 à 12h00 de 13h30 à 17h30 | Le Vendredi : de 08h30 à 12h00 de 13h30 à 16h00","website":"https://www.portes-de-thierache.fr/","hasWebsite":true,"hasEmail":true,"hasTelephone":true,"latitude":49.70976,"longitude":4.125071,"url":"https://lannuaire.service-public.gouv.fr/hauts-de-france/aisne/aaf459a6-2f1c-43f1-957e-0a766cccb1c9"}
{"nom":"Communauté de communes - Retz en Valois","nomNormalise":"communautedecommunesretzenvalois","typeCollectivite":"EPCI","typeEpci":"Communauté de communes","adresse":{"street":"9 rue Marx-Dormoy","postalCode":"02600","city":"Villers-Cotterêts","country":"France"},"contacts":{"email":"communautedecommunes@retzenvalois.fr","telephone":"0323961301"},"horaires":"Du Lundi au Jeudi : de 08h30 à 12h15 de 13h30 à 17h30 | Le Vendredi : de 08h30 à 12h00 de 13h30 à 16h30","website":"https://www.cc-retz-en-valois.fr/","hasWebsite":true,"hasEmail":true,"hasTelephone":true,"latitude":49.260464,"longitude":3.0999627,"url":"https://lannuaire.service-public.gouv.fr/hauts-de-france/aisne/8e3e9bb2-ac56-4bde-aead-1b97e57fe3ee"}
{"nom":"Communauté de communes - Sablons","nomNormalise":"communautedecommunessablons","typeCollectivite":"EPCI","typeEpci":"Communauté de communes","adresse":{"street":"2 rue de Méru","postalCode":"60175","city":"Villeneuve-les-Sablons","country":"France"},"contacts":{"email":"contact@cc-sablons.fr","telephone":"0344220160"},"horaires":"Du Lundi au Vendredi : de 08h30 à 12h00 de 13h30 à 17h30","website":"https://cc-sablons.com/","hasWebsite":true,"hasEmail":true,"hasTelephone":true,"latitude":49.238136,"longitude":2.077554,"url":"https://lannuaire.service-public.gouv.fr/hauts-de-france/oise/1874b9dc-c3b6-4552-9926-54d9ee6c6db5"}
{"nom":"Communauté de communes - Senlis Sud Oise","nomNormalise":"communautedecommunessenlissudoise","typeCollectivite":"EPCI","typeEpci":"Communauté de communes","adresse":{"street":"30 avenue Eugène-Gazeau","postalCode":"60300","city":"Senlis","country":"France"},"contacts":{"email":"accueil@ccsso.fr","telephone":"0344990860"},"horaires":"Du Lundi au Jeudi : de 09h00 à 12h30 de 13h30 à 17h00 | Le Vendredi : de 09h00 à 12h30 de 13h30 à 16h00","website":"https://www.ccsso.fr/","hasWebsite":true,"hasEmail":true,"hasTelephone":true,"latitude":49.2076,"longitude":2.60639,"url":"https://lannuaire.service-public.gouv.fr/hauts-de-france/oise/7562730a-b4b1-466b-a68c-ac949ae32822"}
{"nom":"Communauté de communes - Somme Sud Ouest","nomNormalise":"communautedecommunessommesudouest","typeCollectivite":"EPCI","typeEpci":"Communauté de communes","adresse":{"street":"16 bis route d'Aumale","postalCode":"80290","city":"Poix-de-Picardie","country":"France"},"contacts":{"email":"contact@cc2so.fr","telephone":"0322901965"},"horaires":"Du Lundi au Vendredi : de 08h30 à 12h00 de 13h30 à 17h00","website":"https://www.cc2so.fr/","hasWebsite":true,"hasEmail":true,"hasTelephone":true,"latitude":49.78007,"longitude":1.9756655,"url":"https://lannuaire.service-public.gouv.fr/hauts-de-france/somme/82ce2f8a-ea87-416e-b3b2-ddabbdc36c99"}
{"nom":"Communauté de communes - Sud Artois","nomNormalise":"communautedecommunessudartois","typeCollectivite":"EPCI","typeEpci":"Communauté de communes","adresse":{"street":"5 rue Neuve","postalCode":"62452","city":"Bapaume Cedex","country":"France"},"contacts":{"email":"accueil@cc-sudartois.fr","telephone":"0321591717"},"horaires":"Du Lundi au Vendredi : de 08h30 à 12h00 de 14h00 à 17h00","website":"https://www.cc-sudartois.fr/","hasWebsite":true,"hasEmail":true,"hasTelephone":true,"latitude":50.105015,"longitude":2.850057,"url":"https://lannuaire.service-public.gouv.fr/hauts-de-france/pas-de-calais/b9631fd2-a208-4cf6-ae43-5ed454aedea3"}
{"nom":"Communauté de communes - Sud Avesnois","nomNormalise":"communautedecommunessudavesnois","typeCollectivite":"EPCI","typeEpci":"Communauté de communes","adresse":{"street":"2 rue du Général-Raymond-Chaumel","postalCode":"59610","city":"Fourmies","country":"France"},"contacts":{"email":"contact@cc-sudavesnois.fr","telephone":"0327606524"},"horaires":"Du Lundi au Vendredi : de 08h30 à 12h00 de 13h30 à 17h00","website":"https://cc-sudavesnois.fr/","hasWebsite":true,"hasEmail":true,"hasTelephone":true,"latitude":50.02226,"longitude":4.03395,"url":"https://lannuaire.service-public.gouv.fr/hauts-de-france/nord/d9b3db90-127a-4248-b94b-f073a9d61cba"}
{"nom":"Communauté de communes - Ternois","nomNormalise":"communautedecommunesternois","typeCollectivite":"EPCI","typeEpci":"Communauté de communes","adresse":{"street":"ZA Parc des Moulins","postalCode":"62130","city":"Herlin-le-Sec","country":"France"},"contacts":{"email":"contact@ternoiscom.fr","telephone":"0321419845"},"horaires":"Du Lundi au Vendredi : de 08h30 à 12h00 de 14h00 à 17h30","website":"https://www.ternoiscom.fr/","hasWebsite":true,"hasEmail":true,"hasTelephone":true,"latitude":50.362328,"longitude":2.335279,"url":"https://lannuaire.service-public.gouv.fr/hauts-de-france/pas-de-calais/6d5b147c-ce39-4f5a-9551-956077075200"}
{"nom":"Communauté de communes - Terre des 2 Caps","nomNormalise":"communautedecommunesterredescaps","typeCollectivite":"EPCI","typeEpci":"Communauté de communes","adresse":{"street":"Le Cardo","postalCode":"62250","city":"Marquise","country":"France"},"contacts":{"email":"contact@terredes2caps.com","telephone":"0321875757"},"horaires":"Du Lundi au Vendredi : de 08h30 à 12h00 de 13h45 à 17h15","website":"https://www.terredes2caps.fr/","hasWebsite":true,"hasEmail":true,"hasTelephone":true,"latitude":50.81451,"longitude":1.704929,"url":"https://lannuaire.service-public.gouv.fr/hauts-de-france/pas-de-calais/00f5bbfd-f0d5-49bd-9b33-abda3aa5aab3"}
{"nom":"Communauté de communes - Terre de Picardie","nomNormalise":"communautedecommunesterredepicardie","typeCollectivite":"EPCI","typeEpci":"Communauté de communes","adresse":{"street":"10 avenue de Haute-Picardie","postalCode":"80200","city":"Estrées-Deniécourt","country":"France"},"contacts":{"email":"contact@terredepicardie.fr","telephone":"0322851414"},"horaires":"Du Lundi au Jeudi : de 08h00 à 12h00 de 13h30 à 17h00 | Le Vendredi : de 08h00 à 12h00","website":"https://terredepicardie.fr/","hasWebsite":true,"hasEmail":true,"hasTelephone":true,"latitude":49.87486,"longitude":2.822818,"url":"https://lannuaire.service-public.gouv.fr/hauts-de-france/somme/9ed19fdb-92b8-439e-a2fd-21b19a9f1573"}
{"nom":"Communauté de communes - Territoire Nord Picardie","nomNormalise":"communautedecommunesterritoirenordpicardie","typeCollectivite":"EPCI","typeEpci":"Communauté de communes","adresse":{"street":"2 rue des Soeurs-Grises","postalCode":"80600","city":"Doullens","country":"France"},"contacts":{"email":"contact@cctnp.fr","telephone":"0322778000"},"horaires":"Du Lundi au Vendredi : de 08h30 à 12h00 de 13h30 à 17h00","website":"https://www.cctnp.fr/","hasWebsite":true,"hasEmail":true,"hasTelephone":true,"latitude":50.156048,"longitude":2.338887,"url":"https://lannuaire.service-public.gouv.fr/hauts-de-france/somme/6e716b30-1dbc-4a04-9f74-f1d39879f9dc"}
{"nom":"Communauté de communes - Thelloise","nomNormalise":"communautedecommunesthelloise","typeCollectivite":"EPCI","typeEpci":"Communauté de communes","adresse":{"street":"7 avenue de l'Europe","postalCode":"60530","city":"Neuilly-en-Thelle","country":"France"},"contacts":{"email":"contact@thelloise.fr","telephone":"0344269950"},"horaires":"Du Lundi au Jeudi : de 08h30 à 12h00 de 14h00 à 17h00 | Le Vendredi : de 08h30 à 12h00 de 14h00 à 16h30","website":"https://www.thelloise.fr/","hasWebsite":true,"hasEmail":true,"hasTelephone":true,"latitude":49.225334,"longitude":2.294451,"url":"https://lannuaire.service-public.gouv.fr/hauts-de-france/oise/c2db65b0-ce21-46cc-a21d-8c2b903ac8d4"}
{"nom":"Communauté de communes - Thiérache Sambre et Oise","nomNormalise":"communautedecommunesthierachesambreetoise","typeCollectivite":"EPCI","typeEpci":"Communauté de communes","adresse":{"street":"469 rue Sadi-Carnot","postalCode":"02120","city":"Guise","country":"France"},"contacts":{"email":"contact@cctso.fr","telephone":"0323611217"},"horaires":"Du Lundi au Jeudi : de 09h00 à 12h00 de 13h00 à 17h00 | Le Vendredi : de 09h00 à 12h00 de 13h00 à 16h00","website":"https://www.cctso.fr/","hasWebsite":true,"hasEmail":true,"hasTelephone":true,"latitude":49.901447,"longitude":3.626709,"url":"https://lannuaire.service-public.gouv.fr/hauts-de-france/aisne/5576b748-5d51-41a2-8dc6-aa17041c0379"}
{"nom":"Communauté de communes - Trois Rivières","nomNormalise":"communautedecommunestroisrivieres","typeCollectivite":"EPCI","typeEpci":"Communauté de communes","adresse":{"street":"Bâtiment C","postalCode":"02500","city":"Buire","country":"France"},"contacts":{"email":"administratif@cc3r.fr","telephone":"0323993535"},"horaires":"Du Lundi au Vendredi : de 09h00 à 12h00 de 13h30 à 16h30","website":"https://cc3r.fr/","hasWebsite":true,"hasEmail":true,"hasTelephone":true,"latitude":49.90305,"longitude":4.056255,"url":"https://lannuaire.service-public.gouv.fr/hauts-de-france/aisne/afc0adbf-171d-40f4-b571-dd21bdc49032"}
{"nom":"Communauté de communes - Val de l'Aisne","nomNormalise":"communautedecommunesvaldelaisne","typeCollectivite":"EPCI","typeEpci":"Communauté de communes","adresse":{"street":"20 ter rue du Bois-Morin","postalCode":"02370","city":"Presles-et-Boves","country":"France"},"contacts":{"email":"accueil@cc-valdeaisne.fr","telephone":"0323540581"},"horaires":"Du Lundi au Vendredi : de 09h00 à 12h00 de 13h00 à 17h00","website":"http://www.cc-valdeaisne.fr/","hasWebsite":true,"hasEmail":true,"hasTelephone":true,"latitude":49.395027,"longitude":3.5126357,"url":"https://lannuaire.service-public.gouv.fr/hauts-de-france/aisne/1a4ba3af-b3c2-4409-8804-6809875c1502"}
{"nom":"Communauté de communes - Val de l'Oise","nomNormalise":"communautedecommunesvaldeloise","typeCollectivite":"EPCI","typeEpci":"Communauté de communes","adresse":{"street":"1 route d'Itancourt","postalCode":"02240","city":"Mézières-sur-Oise","country":"France"},"contacts":{"email":"contact@ccvo.fr","telephone":"0323667317"},"horaires":"Du Lundi au Vendredi : de 08h00 à 12h00 de 13h30 à 17h30","website":"https://www.ccvo.fr/","hasWebsite":true,"hasEmail":true,"hasTelephone":true,"latitude":49.782272,"longitude":3.3950071,"url":"https://lannuaire.service-public.gouv.fr/hauts-de-france/aisne/0e647563-373e-41fa-b670-06f79ca36401"}
{"nom":"Communauté de communes - Val de Somme","nomNormalise":"communautedecommunesvaldesomme","typeCollectivite":"EPCI","typeEpci":"Communauté de communes","adresse":{"street":"31 ter rue Gambetta","postalCode":"80800","city":"Corbie","country":"France"},"contacts":{"email":"comdecom@valdesomme.com","telephone":"0322960596"},"horaires":"Du Lundi au Vendredi : de 08h30 à 12h00 de 14h00 à 17h00","website":"https://www.valdesomme.com/","hasWebsite":true,"hasEmail":true,"hasTelephone":true,"latitude":49.907677,"longitude":2.511947,"url":"https://lannuaire.service-public.gouv.fr/hauts-de-france/somme/05a77901-f128-4689-bd91-a4a8db957298"}
{"nom":"Communauté de communes - Vexin Thelle","nomNormalise":"communautedecommunesvexinthelle","typeCollectivite":"EPCI","typeEpci":"Communauté de communes","adresse":{"street":"5 espace Vexin-Thelle","postalCode":"60240","city":"Chaumont-en-Vexin","country":"France"},"contacts":{"email":"accueil@vexinthelle.com","telephone":"0344491515"},"horaires":"Du Lundi au Jeudi : de 09h00 à 12h00 de 13h30 à 17h30 | Le Vendredi : de 09h00 à 12h00 de 13h30 à 16h30","website":"https://www.vexinthelle.fr/","hasWebsite":true,"hasEmail":true,"hasTelephone":true,"latitude":49.26216,"longitude":1.882324,"url":"https://lannuaire.service-public.gouv.fr/hauts-de-france/oise/ad98507a-2b0d-4018-97cb-f24b78446f93"}
{"nom":"Communauté de communes - Vimeu","nomNormalise":"communautedecommunesvimeu","typeCollectivite":"EPCI","typeEpci":"Communauté de communes","adresse":{"street":"18 avenue Albert-Thomas","postalCode":"80130","city":"Friville-Escarbotin","country":"France"},"contacts":{"email":"contact@cc-vimeu.fr","telephone":"0322304042"},"horaires":"Du Lundi au Vendredi : de 08h00 à 12h15 de 13h30 à 17h00","website":"https://ccvimeu.fr/","hasWebsite":true,"hasEmail":true,"hasTelephone":true,"latitude":50.081776,"longitude":1.5432427,"url":"https://lannuaire.service-public.gouv.fr/hauts-de-france/somme/237dbc92-e853-4006-8e7e-15d528fcd7bb"}
{"nom":"Communauté d’agglomération - Coeur d'Ostrevent Agglo","nomNormalise":"communautedagglomerationcoeurdostreventagglo","typeCollectivite":"EPCI","typeEpci":"Communauté d’agglomération","adresse":{"street":"Avenue du Bois","postalCode":"59280","city":"Lewarde","country":"France"},"contacts":{"email":"contact@coeurdostreventagglo.fr","telephone":"0327713737"},"horaires":"Du Lundi au Vendredi : de 08h30 à 12h30 de 13h30 à 17h30","website":"https://coeurdostrevent.fr/","hasWebsite":true,"hasEmail":true,"hasTelephone":true,"latitude":50.33823,"longitude":3.168869,"url":"https://lannuaire.service-public.gouv.fr/hauts-de-france/nord/19325ac3-de97-4764-b8bf-02bdbeff871e"}
{"nom":"Communauté urbaine - Arras","nomNormalise":"communauteurbainearras","typeCollectivite":"EPCI","typeEpci":"Communauté urbaine","adresse":{"street":"La Citadelle","postalCode":"62000","city":"Arras","country":"France"},"contacts":{"email":"contact@cu-arras.org","telephone":"0321218700"},"horaires":"Du Lundi au Vendredi : de 08h00 à 12h30 de 13h30 à 17h30","website":"https://www.cu-arras.fr/","hasWebsite":true,"hasEmail":true,"hasTelephone":true,"latitude":50.28238,"longitude":2.761587,"url":"https://lannuaire.service-public.gouv.fr/hauts-de-france/pas-de-calais/2c22fe9e-f835-48fd-a1a9-edbfb18c2276"}
{"nom":"Communauté urbaine - Dunkerque","nomNormalise":"communauteurbainedunkerque","typeCollectivite":"EPCI","typeEpci":"Communauté urbaine","adresse":{"street":"Pertuis de la Marine","postalCode":"59386","city":"Dunkerque","country":"France"},"contacts":{"email":"contact@ville-dunkerque.fr","telephone":"0328627000"},"horaires":"Du Lundi au Vendredi : de 08h00 à 12h30 de 13h30 à 18h00","website":"https://www.communaute-urbaine-dunkerque.fr/","hasWebsite":true,"hasEmail":true,"hasTelephone":true,"latitude":51.03429,"longitude":2.37682,"url":"https://lannuaire.service-public.gouv.fr/hauts-de-france/nord/b5ca3353-de16-4003-ac42-2199d77e2884"}
{"nom":"Métropole - Européenne de Lille","nomNormalise":"metropoleeuropeennedelille","typeCollectivite":"EPCI","typeEpci":"","adresse":{"street":"2 boulevard des Citées-Unies","postalCode":"59000","city":"Lille","country":"France"},"contacts":{"email":"contact@lillemetropole.fr","telephone":"0320212223"},"horaires":"Du Lundi au Vendredi : de 07h30 à 18h30","website":"https://www.lillemetropole.fr/","hasWebsite":true,"hasEmail":true,"hasTelephone":true,"latitude":50.63157,"longitude":3.079422,"url":"https://lannuaire.service-public.gouv.fr/hauts-de-france/nord/11205853-0de1-4cd7-8410-c7cf6f498a3e"}
