{"nom":"Agglomération - Sables-d'Olonne","nomNormalise":"agglomerationsablesdolonne","typeCollectivite":"EPCI","typeEpci":"Communauté d’agglomération","adresse":{"street":"21 place du Poilu-de-France","postalCode":"85100","city":"Les Sables-d'Olonne","country":"France"},"contacts":{"email":"info@lsoagglo.fr","telephone":"0251231600"},"horaires":"Du Lundi au Vendredi : de 08h30 à 12h00 de 13h30 à 17h30","website":"https://www.lsoagglo.fr/","hasWebsite":true,"hasEmail":true,"hasTelephone":true,"latitude":46.497208,"longitude":-1.784006,"url":"https://lannuaire.service-public.gouv.fr/pays-de-la-loire/vendee/1c285ec2-4db7-42c1-9f0d-c05fb8b820a1"}
{"nom":"Communauté d'agglomération - Choletais","nomNormalise":"communautedagglomerationcholetais","typeCollectivite":"EPCI","typeEpci":"Communauté d’agglomération","adresse":{"street":"Rue Saint-Bonaventure","postalCode":"49309","city":"Cholet","country":"France"},"contacts":{"email":"contact@choletagglomeration.fr","telephone":"0272772000"},"horaires":"Du Lundi au Vendredi : de 08h30 à 12h15 de 13h30 à 17h30","website":"https://www.cholet.fr/welcome/","hasWebsite":true,"hasEmail":true,"hasTelephone":true,"latitude":47.059387,"longitude":-0.8769092,"url":"https://lannuaire.service-public.gouv.fr/pays-de-la-loire/maine-et-loire/78ddc726-c889-4b84-aa7f-64a7c83b9379"}
{"nom":"Communauté d'agglomération - Clisson Sèvre et Maine Agglo","nomNormalise":"communautedagglomerationclissonsevreetmaineagglo","typeCollectivite":"EPCI","typeEpci":"Communauté d’agglomération","adresse":{"street":"13 rue des Ajoncs","postalCode":"44190","city":"Clisson","country":"France"},"contacts":{"email":"accueil@clissonsevremaine.fr","telephone":"0240547515"},"horaires":"Du Lundi au Vendredi : de 09h00 à 12h30 de 14h00 à 17h30","website":"https://www.clissonsevremaine.fr/","hasWebsite":true,"hasEmail":true,"hasTelephone":true,"latitude":47.08143,"longitude":-1.28182,"url":"https://lannuaire.service-public.gouv.fr/pays-de-la-loire/loire-atlantique/6c315f8c-c3a7-4370-aba6-e919252dad10"}
{"nom":"Communauté d'agglomération - La presqu'île de Guérande Atlantique - Cap Atlantique","nomNormalise":"communautedagglomerationlapresquiledeguerandeatlantiquecapatlantique","typeCollectivite":"EPCI","typeEpci":"Communauté d’agglomération","adresse":{"street":"3 avenue des Noëlles","postalCode":"44500","city":"La Baule-Escoublac","country":"France"},"contacts":{"email":"accueil@cap-atlantique.fr","telephone":"0251750680"},"horaires":"Du Lundi au Vendredi : de 09h00 à 12h00 de 14h00 à 17h00","website":"https://www.cap-atlantique.fr/","hasWebsite":true,"hasEmail":true,"hasTelephone":true,"latitude":47.290974,"longitude":-2.393816,"url":"https://lannuaire.service-public.gouv.fr/pays-de-la-loire/loire-atlantique/5aa1713e-38e7-489d-bcd3-7e8c9e547225"}
{"nom":"Communauté d'agglomération - La région Nazairienne et de l'Estuaire (CARENE)","nomNormalise":"communautedagglomerationlaregionnazairienneetdelestuairecarene","typeCollectivite":"EPCI","typeEpci":"Communauté d’agglomération","adresse":{"street":"4 avenue du Commandant-l'Herminier","postalCode":"44600","city":"Saint-Nazaire","country":"France"},"contacts":{"email":"carene@agglo-carene.fr","telephone":"0251164848"},"horaires":"Du Lundi au Vendredi : de 08h30 à 12h30 de 13h30 à 18h00","website":"https://www.saintnazaireagglo.fr/","hasWebsite":true,"hasEmail":true,"hasTelephone":true,"latitude":47.285748,"longitude":-2.212411,"url":"https://lannuaire.service-public.gouv.fr/pays-de-la-loire/loire-atlantique/e8062953-63b3-4e4d-af59-c72c0fee0c7b"}
{"nom":"Communauté d'agglomération - La Roche-sur-Yon","nomNormalise":"communautedagglomerationlarochesuryon","typeCollectivite":"EPCI","typeEpci":"Communauté d’agglomération","adresse":{"street":"Place du Théâtre","postalCode":"85000","city":"La Roche-sur-Yon","country":"France"},"contacts":{"email":"accueil@larochesuryon.fr","telephone":"0251474747"},"horaires":"Du Lundi au Jeudi : de 08h30 à 12h30 de 13h30 à 17h30 | Le Vendredi : de 08h30 à 12h30 de 13h30 à 17h00 | Le Samedi : de 08h30 à 12h30","website":"https://www.larochesuryon.fr/","hasWebsite":true,"hasEmail":true,"hasTelephone":true,"latitude":46.652416,"longitude":-1.431407,"url":"https://lannuaire.service-public.gouv.fr/pays-de-la-loire/vendee/b126aee6-75e9-496b-abc8-84b0360de7ce"}
{"nom":"Communauté d'agglomération - Mauges Communauté","nomNormalise":"communautedagglomerationmaugescommunaute","typeCollectivite":"EPCI","typeEpci":"Communauté d’agglomération","adresse":{"street":"La Loge","postalCode":"49600","city":"Beaupréau-en-Mauges","country":"France"},"contacts":{"email":"contact@maugescommunaute.fr","telephone":"0241717710"},"horaires":"Du Lundi au Jeudi : de 09h00 à 12h30 de 14h00 à 17h30 | Le Vendredi : de 09h00 à 12h30 de 14h00 à 17h00","website":"https://www.maugescommunaute.fr/","hasWebsite":true,"hasEmail":true,"hasTelephone":true,"latitude":47.171093,"longitude":-0.9507336,"url":"https://lannuaire.service-public.gouv.fr/pays-de-la-loire/maine-et-loire/a5bf9f84-010d-43aa-a141-77c52f290a0d"}
{"nom":"Communauté d'agglomération - Pornic Agglo Pays de Retz","nomNormalise":"communautedagglomerationpornicagglopaysderetz","typeCollectivite":"EPCI","typeEpci":"Communauté d’agglomération","adresse":{"street":"ZAC de la Chaussée","postalCode":"44210","city":"Pornic","country":"France"},"contacts":{"email":"contact@pornicagglo.fr","telephone":"0251740716"},"horaires":"Du Lundi au Vendredi : de 09h00 à 12h30 de 14h00 à 17h00","website":"https://www.pornicagglo.fr/","hasWebsite":true,"hasEmail":true,"hasTelephone":true,"latitude":47.110725,"longitude":-2.0663598,"url":"https://lannuaire.service-public.gouv.fr/pays-de-la-loire/loire-atlantique/631ce663-3dbf-4eda-84d4-2621a81348e9"}
{"nom":"Communauté d'agglomération - Saumur - Val de Loire","nomNormalise":"communautedagglomerationsaumurvaldeloire","typeCollectivite":"EPCI","typeEpci":"Communauté d’agglomération","adresse":{"street":"11 rue du Maréchal-Leclerc","postalCode":"49400","city":"Saumur","country":"France"},"contacts":{"email":"contact@saumurvaldeloire.fr","telephone":"0241404550"},"horaires":"Du Lundi au Jeudi : de 08h30 à 12h00 de 14h00 à 17h30 | Le Vendredi : de 08h30 à 12h00 de 14h00 à 17h00","website":"https://www.saumurvaldeloire.fr/","hasWebsite":true,"hasEmail":true,"hasTelephone":true,"latitude":47.256203,"longitude":-0.0822991,"url":"https://lannuaire.service-public.gouv.fr/pays-de-la-loire/maine-et-loire/83f2b710-fc54-4325-be9d-5cde5d0998aa"}
{"nom":"Communauté de communes - Anjou Bleu Communauté","nomNormalise":"communautedecommunesanjoubleucommunaute","typeCollectivite":"EPCI","typeEpci":"Communauté de communes","adresse":{"street":"1 Esplanade Antoine Glémain","postalCode":"49501","city":"Segré-en-Anjou Bleu Cedex","country":"France"},"contacts":{"email":"contact@anjoubleucommunaute.fr","telephone":"0241265127"},"horaires":"Du Lundi au Jeudi : de 09h00 à 12h30 de 14h00 à 17h30 | Le Vendredi : de 09h00 à 12h30 de 14h00 à 16h00","website":"https://www.anjoubleucommunaute.fr/","hasWebsite":true,"hasEmail":true,"hasTelephone":true,"latitude":47.685684,"longitude":-0.868662,"url":"https://lannuaire.service-public.gouv.fr/pays-de-la-loire/maine-et-loire/98ea9a55-0ad7-4bad-9b5d-58daf9a3798a"}
{"nom":"Communauté de communes - Anjou Loir et Sarthe","nomNormalise":"communautedecommunesanjouloiretsarthe","typeCollectivite":"EPCI","typeEpci":"Communauté de communes","adresse":{"street":"4 bis rue Val-de-Sarthe","postalCode":"49125","city":"Tiercé","country":"France"},"contacts":{"email":"contact@ccals.fr","telephone":"0252750505"},"horaires":"Du Lundi au Jeudi : de 09h00 à 12h30 de 14h00 à 17h30 | Le Vendredi : de 09h00 à 12h30 de 14h00 à 16h30","website":"https://www.ccals.fr/","hasWebsite":true,"hasEmail":true,"hasTelephone":true,"latitude":47.614258,"longitude":-0.468523,"url":"https://lannuaire.service-public.gouv.fr/pays-de-la-loire/maine-et-loire/dc36b42c-213a-41b9-adda-c2d4c084fc20"}
{"nom":"Communauté de communes - Baugeois Vallée","nomNormalise":"communautedecommunesbaugeoisvallee","typeCollectivite":"EPCI","typeEpci":"Communauté de communes","adresse":{"street":"Baugé","postalCode":"49150","city":"Baugé-en-Anjou","country":"France"},"contacts":{"email":"president@baugeoisvallee.fr","telephone":"0241844949"},"horaires":"Du Lundi au Vendredi : de 09h00 à 12h15 de 13h30 à 17h30","website":"https://www.baugeoisvallee.fr/","hasWebsite":true,"hasEmail":true,"hasTelephone":true,"latitude":47.540497,"longitude":-0.10196686,"url":"https://lannuaire.service-public.gouv.fr/pays-de-la-loire/maine-et-loire/848aea1c-7bef-495d-95f4-567cbe2e0969"}
{"nom":"Communauté de communes - Bocage Mayennais","nomNormalise":"communautedecommunesbocagemayennais","typeCollectivite":"EPCI","typeEpci":"Communauté de communes","adresse":{"street":"1 Grande rue","postalCode":"53120","city":"Gorron","country":"France"},"contacts":{"email":"accueil@bocage-mayennais.fr","telephone":"0243084747"},"horaires":"Le Lundi : de 13h30 à 17h30 | Du Mardi au Vendredi : de 09h00 à 12h00 de 13h30 à 17h30","website":"https://www.bocage-mayennais.fr/","hasWebsite":true,"hasEmail":true,"hasTelephone":true,"latitude":48.41144,"longitude":-0.8128112,"url":"https://lannuaire.service-public.gouv.fr/pays-de-la-loire/mayenne/73ad95d2-c6ec-44f5-9806-7b5b15cef3fd"}
{"nom":"Communauté de communes - Challans Gois communauté","nomNormalise":"communautedecommuneschallansgoiscommunaute","typeCollectivite":"EPCI","typeEpci":"Communauté de communes","adresse":{"street":"16 rue du Parc-de-Pont-Habert","postalCode":"85300","city":"Sallertaine","country":"France"},"contacts":{"email":"contact@challansgois.fr","telephone":"0251935673"},"horaires":"Du Lundi au Vendredi : de 09h00 à 12h30 de 14h00 à 17h30","website":"https://www.challansgois.fr/","hasWebsite":true,"hasEmail":true,"hasTelephone":true,"latitude":46.844803,"longitude":-1.8798153,"url":"https://lannuaire.service-public.gouv.fr/pays-de-la-loire/vendee/bdc2de03-7b2f-4cb1-ab00-c2356343de15"}
{"nom":"Communauté de communes - Châteaubriant Derval","nomNormalise":"communautedecommuneschateaubriantderval","typeCollectivite":"EPCI","typeEpci":"Communauté de communes","adresse":{"street":"5 rue Gabriel-Delatour","postalCode":"44110","city":"Châteaubriant","country":"France"},"contacts":{"email":"accueil@cc-chateaubriant-derval.fr","telephone":"0228040633"},"horaires":"Du Lundi au Jeudi : de 08h30 à 12h00 de 13h30 à 17h30 | Le Vendredi : de 08h30 à 12h00 de 13h30 à 16h30","website":"https://www.cc-chateaubriant-derval.fr/","hasWebsite":true,"hasEmail":true,"hasTelephone":true,"latitude":47.718884,"longitude":-1.378495,"url":"https://lannuaire.service-public.gouv.fr/pays-de-la-loire/loire-atlantique/ba69ec86-a06d-442b-bfdd-bd9bf934a98a"}
{"nom":"Communauté de communes - Coëvrons","nomNormalise":"communautedecommunescoevrons","typeCollectivite":"EPCI","typeEpci":"Communauté de communes","adresse":{"street":"2 avenue Raoul-Vadepied","postalCode":"53600","city":"Châtres-la-Forêt","country":"France"},"contacts":{"email":"contact@coevrons.fr","telephone":"0243663200"},"horaires":"Du Lundi au Vendredi : de 08h30 à 12h00 de 13h30 à 17h30","website":"https://www.coevrons.fr/","hasWebsite":true,"hasEmail":true,"hasTelephone":true,"latitude":48.144863,"longitude":-0.4167578,"url":"https://lannuaire.service-public.gouv.fr/pays-de-la-loire/mayenne/3c2b9bc6-0d8e-4157-9f8e-7fc7671fb708"}
{"nom":"Communauté de communes - Erdre et Gesvres","nomNormalise":"communautedecommuneserdreetgesvres","typeCollectivite":"EPCI","typeEpci":"Communauté de communes","adresse":{"street":"1 rue Marie-Curie","postalCode":"44119","city":"Grandchamps-des-Fontaines","country":"France"},"contacts":{"email":"contact@cceg.fr","telephone":"0228022240"},"horaires":"Du Lundi au Jeudi : de 08h30 à 12h00 de 14h00 à 17h30 | Le Vendredi : de 08h30 à 12h00 de 14h00 à 16h30","website":"https://www.cceg.fr/","hasWebsite":true,"hasEmail":true,"hasTelephone":true,"latitude":47.37649,"longitude":-1.644559,"url":"https://lannuaire.service-public.gouv.fr/pays-de-la-loire/loire-atlantique/5f782c25-fb66-4605-83ea-7bcc10a4b394"}
{"nom":"Communauté de communes - Ernée","nomNormalise":"communautedecommunesernee","typeCollectivite":"EPCI","typeEpci":"Communauté de communes","adresse":{"street":"Parc d'activités de la Querminais","postalCode":"53500","city":"Ernée","country":"France"},"contacts":{"email":"accueil@lernee.fr","telephone":"0243059880"},"horaires":"Du Lundi au Jeudi : de 08h30 à 12h30 de 13h30 à 17h30 | Le Vendredi : de 08h30 à 12h30 de 13h30 à 16h30 Accueil ouvert sur rendez-vous uniquement pour l'espace France Services.","website":"https://www.lernee.fr/","hasWebsite":true,"hasEmail":true,"hasTelephone":true,"latitude":48.2969,"longitude":-0.939978,"url":"https://lannuaire.service-public.gouv.fr/pays-de-la-loire/mayenne/c94a3708-cecd-424e-9540-32f6e33b3f89"}
{"nom":"Communauté de communes - Estuaire et Sillon","nomNormalise":"communautedecommunesestuaireetsillon","typeCollectivite":"EPCI","typeEpci":"Communauté de communes","adresse":{"street":"2 boulevard de la Loire","postalCode":"44260","city":"Savenay","country":"France"},"contacts":{"email":"communaute@estuaire-sillon.fr","telephone":"0240568103"},"horaires":"Du Lundi au Vendredi : de 09h00 à 12h30 de 13h30 à 17h00","website":"https://www.estuaire-sillon.fr/","hasWebsite":true,"hasEmail":true,"hasTelephone":true,"latitude":47.35854,"longitude":-1.9443707,"url":"https://lannuaire.service-public.gouv.fr/pays-de-la-loire/loire-atlantique/6c019e24-4f59-4cbc-9280-b94998c3a2bc"}
{"nom":"Communauté de communes - Grand Lieu","nomNormalise":"communautedecommunesgrandlieu","typeCollectivite":"EPCI","typeEpci":"Communauté de communes","adresse":{"street":"1 rue de la Guillauderie","postalCode":"44118","city":"La Chevrolière","country":"France"},"contacts":{"email":"grandlieu@grandlieu.fr","telephone":"0251709111"},"horaires":"Du Lundi au Jeudi : de 08h30 à 12h00 de 14h00 à 17h30 | Le Vendredi : de 08h30 à 12h00 de 14h00 à 16h30","website":"https://www.grandlieu.fr/","hasWebsite":true,"hasEmail":true,"hasTelephone":true,"latitude":47.08434,"longitude":-1.5607724,"url":"https://lannuaire.service-public.gouv.fr/pays-de-la-loire/loire-atlantique/020578c8-e284-44af-bb35-44054bd624cc"}
{"nom":"Communauté de communes - Haute Sarthe Alpes Mancelles","nomNormalise":"communautedecommuneshautesarthealpesmancelles","typeCollectivite":"EPCI","typeEpci":"Communauté de communes","adresse":{"street":"Maison de pays","postalCode":"72130","city":"Fresnay-sur-Sarthe","country":"France"},"contacts":{"email":"contact@cchautesarthealpesmancelles.fr","telephone":"0243343459"},"horaires":"Le Lundi : de 09h00 à 12h00 | Du Mardi au Jeudi : de 09h00 à 12h00 de 14h00 à 17h00 | Le Vendredi : de 09h00 à 12h00","website":"https://www.cchautesarthealpesmancelles.fr/","hasWebsite":true,"hasEmail":true,"hasTelephone":true,"latitude":48.284733,"longitude":0.0233058,"url":"https://lannuaire.service-public.gouv.fr/pays-de-la-loire/sarthe/7d41352c-06ad-46e7-9936-8d43967d231b"}
{"nom":"Communauté de communes - Île de Noirmoutier","nomNormalise":"communautedecommunesiledenoirmoutier","typeCollectivite":"EPCI","typeEpci":"Communauté de communes","adresse":{"street":"51 rue de la Prée-au-Duc","postalCode":"85330","city":"Noirmourtier-en-l'Île","country":"France"},"contacts":{"email":"contact@iledenoirmoutier.org","telephone":"0251358989"},"horaires":"Du Lundi au Vendredi : de 09h00 à 12h30 de 14h00 à 17h30","website":"https://www.cdc-iledenoirmoutier.com/","hasWebsite":true,"hasEmail":true,"hasTelephone":true,"latitude":47.00285,"longitude":-2.2537055,"url":"https://lannuaire.service-public.gouv.fr/pays-de-la-loire/vendee/2fbb7f30-dc40-41b7-86a4-40b86b77c3bc"}
{"nom":"Communauté de communes - La Champagne Conlinoise et du Pays de Sillé","nomNormalise":"communautedecommuneslachampagneconlinoiseetdupaysdesille","typeCollectivite":"EPCI","typeEpci":"Communauté de communes","adresse":{"street":"4 rue de Gaucher","postalCode":"72240","city":"Conlie","country":"France"},"contacts":{"email":"contact@4cps.fr","telephone":"0243521167"},"horaires":"Du Lundi au Vendredi : de 09h00 à 12h00 de 13h30 à 17h00","website":"https://www.4cps.fr/","hasWebsite":true,"hasEmail":true,"hasTelephone":true,"latitude":48.457558,"longitude":-0.2050174,"url":"https://lannuaire.service-public.gouv.fr/pays-de-la-loire/sarthe/2a126d55-d289-43a8-aa36-b9919c704814"}
{"nom":"Communauté de communes - Le Gesnois Bilurien","nomNormalise":"communautedecommuneslegesnoisbilurien","typeCollectivite":"EPCI","typeEpci":"Communauté de communes","adresse":{"street":"783 Route des Sittelles","postalCode":"72450","city":"Montfort-le-Gesnois","country":"France"},"contacts":{"email":"contact@cc-gesnoisbilurien.fr","telephone":"0243548040"},"horaires":"Le Lundi : de 10h00 à 12h00 | Le Mardi : de 14h00 à 17h00 | Le Jeudi : de 14h00 à 17h00","website":"https://www.cc-gesnoisbilurien.fr/","hasWebsite":true,"hasEmail":true,"hasTelephone":true,"latitude":48.04747,"longitude":0.416931,"url":"https://lannuaire.service-public.gouv.fr/pays-de-la-loire/sarthe/6ec069b2-efd5-4d2b-abe3-e065e35f1ad6"}
{"nom":"Communauté de communes - Loire Layon Aubance","nomNormalise":"communautedecommunesloirelayonaubance","typeCollectivite":"EPCI","typeEpci":"Communauté de communes","adresse":{"street":"1 rue Adrien-Meslier","postalCode":"49170","city":"Saint-Georges-sur-Loire","country":"France"},"contacts":{"email":"contact@loirelayonaubance.fr","telephone":"0241749374"},"horaires":"Du Lundi au Jeudi : de 09h00 à 12h30 de 13h30 à 17h00 | Le Vendredi : de 09h00 à 12h30 Permanence téléphonique le vendredi de 9h à 12h30 et de 13h30 à 17h.","website":"https://loire-layon-aubance.fr/","hasWebsite":true,"hasEmail":true,"hasTelephone":true,"latitude":47.398335,"longitude":-0.7545053,"url":"https://lannuaire.service-public.gouv.fr/pays-de-la-loire/maine-et-loire/abf86076-00e1-4949-b3e9-32b53b5e2f08"}
{"nom":"Communauté de communes - Loir Lucé Bercé","nomNormalise":"communautedecommunesloirluceberce","typeCollectivite":"EPCI","typeEpci":"Communauté de communes","adresse":{"street":"1 place Clémenceau","postalCode":"72500","city":"Montval-sur-Loir","country":"France"},"contacts":{"email":"secretariat@loirluceberce.fr","telephone":"0243381717"},"horaires":"Du Lundi au Mardi : de 09h00 à 12h00 de 14h00 à 17h00 | Du Jeudi au Vendredi : de 09h00 à 12h00 de 14h00 à 17h00","website":"https://www.loirluceberce.fr/","hasWebsite":true,"hasEmail":true,"hasTelephone":true,"latitude":47.69579,"longitude":0.415514,"url":"https://lannuaire.service-public.gouv.fr/pays-de-la-loire/sarthe/35da8128-f0d8-49ec-a23b-784c8a533de5"}
{"nom":"Communauté de communes - Loué Brûlon Noyen","nomNormalise":"communautedecommuneslouebrulonnoyen","typeCollectivite":"EPCI","typeEpci":"Communauté de communes","adresse":{"street":"27 rue Rémy-Lambert","postalCode":"72540","city":"Loué","country":"France"},"contacts":{"email":"accueil@cc-lbn.fr","telephone":"0243923158"},"horaires":"Du Lundi au Vendredi : de 09h00 à 12h00 de 14h00 à 17h00","website":"https://www.cc-lbn.fr/","hasWebsite":true,"hasEmail":true,"hasTelephone":true,"latitude":47.994724,"longitude":-0.14228076,"url":"https://lannuaire.service-public.gouv.fr/pays-de-la-loire/sarthe/76dcc28a-3cdf-4b4b-b49c-244082fc0a16"}
{"nom":"Communauté de communes - Maine Coeur de Sarthe","nomNormalise":"communautedecommunesmainecoeurdesarthe","typeCollectivite":"EPCI","typeEpci":"Communauté de communes","adresse":{"street":"ZA Les Petites Forges","postalCode":"72380","city":"Joué-l'Abbé","country":"France"},"contacts":{"email":"contact@mainecoeurdesarthe.fr","telephone":"0243273720"},"horaires":"Du Lundi au Mercredi : de 09h00 à 12h00 de 14h00 à 17h00 | Le Vendredi : de 09h00 à 12h00 de 14h00 à 16h00","website":"https://www.mainecoeurdesarthe.fr/","hasWebsite":true,"hasEmail":true,"hasTelephone":true,"latitude":48.095325,"longitude":0.2400395,"url":"https://lannuaire.service-public.gouv.fr/pays-de-la-loire/sarthe/f3247e35-762b-42c4-8be1-68ea4b36d5dc"}
{"nom":"Communauté de communes - Maine Saosnois","nomNormalise":"communautedecommunesmainesaosnois","typeCollectivite":"EPCI","typeEpci":"Communauté de communes","adresse":{"street":"7 place Henri-Coutard","postalCode":"72260","city":"Marolles-les-Braults","country":"France"},"contacts":{"email":"accueil@mainesaosnois.fr","telephone":"0243341648"},"horaires":"Du Lundi au Vendredi : de 09h00 à 12h00 de 14h00 à 17h30 | Le Vendredi : de 09h00 à 12h00 de 14h00 à 17h00","website":"https://www.mainesaosnois.fr/","hasWebsite":true,"hasEmail":true,"hasTelephone":true,"latitude":48.25283,"longitude":0.3136056,"url":"https://lannuaire.service-public.gouv.fr/pays-de-la-loire/sarthe/c313440c-0bb4-45f1-85e5-014cec6e50df"}
{"nom":"Communauté de communes - Mayenne Communauté","nomNormalise":"communautedecommunesmayennecommunaute","typeCollectivite":"EPCI","typeEpci":"Communauté de communes","adresse":{"street":"10 rue de Verdun","postalCode":"53103","city":"Mayenne Cedex","country":"France"},"contacts":{"email":"contact@mayennecommunaute.fr","telephone":"0243302121"},"horaires":"Du Lundi au Vendredi : de 08h30 à 12h00 de 13h30 à 17h30","website":"https://www.mayenne-communaute.net/","hasWebsite":true,"hasEmail":true,"hasTelephone":true,"latitude":48.30615,"longitude":-0.6207449,"url":"https://lannuaire.service-public.gouv.fr/pays-de-la-loire/mayenne/d098051a-8ed6-4269-b3dd-a7052203d3c4"}
{"nom":"Communauté de communes - Mont des Avaloirs","nomNormalise":"communautedecommunesmontdesavaloirs","typeCollectivite":"EPCI","typeEpci":"Communauté de communes","adresse":{"street":"1 rue de la Corniche-de-Pail","postalCode":"53140","city":"Pré-en-Pail","country":"France"},"contacts":{"email":"accueil@cc-montdesavaloirs.fr","telephone":"0243301111"},"horaires":"Du Lundi au Jeudi : de 08h30 à 12h30 de 13h30 à 17h30 | Le Vendredi : de 08h30 à 12h30 de 13h30 à 16h30","website":"https://www.cc-montdesavaloirs.fr/","hasWebsite":true,"hasEmail":true,"hasTelephone":true,"latitude":48.4404,"longitude":-0.2437497,"url":"https://lannuaire.service-public.gouv.fr/pays-de-la-loire/mayenne/8a1028d8-0563-41f7-b1f4-73673393a747"}
{"nom":"Communauté de communes - Nozay","nomNormalise":"communautedecommunesnozay","typeCollectivite":"EPCI","typeEpci":"Communauté de communes","adresse":{"street":"9 rue de l'Église","postalCode":"44170","city":"Nozay","country":"France"},"contacts":{"email":"accueil@cc-nozay.fr","telephone":"0240795151"},"horaires":"Le Lundi : de 08h30 à 12h30 de 13h30 à 17h30 | Du Mardi au Jeudi : de 08h30 à 12h30 | Le Vendredi : de 08h30 à 12h30 de 13h30 à 16h30","website":"https://www.cc-nozay.fr/","hasWebsite":true,"hasEmail":true,"hasTelephone":true,"latitude":47.565994,"longitude":-1.6241025,"url":"https://lannuaire.service-public.gouv.fr/pays-de-la-loire/loire-atlantique/21af4b1b-3ed3-4194-834b-62962dc1591b"}
{"nom":"Communauté de communes - Océan Marais de Monts","nomNormalise":"communautedecommunesoceanmaraisdemonts","typeCollectivite":"EPCI","typeEpci":"Communauté de communes","adresse":{"street":"Maison du développement intercommunal","postalCode":"85167","city":"Saint-Jean-de-Monts","country":"France"},"contacts":{"email":"accueil@omdm.fr","telephone":"0251580789"},"horaires":"Le Mardi : de 09h00 à 12h30 de 14h00 à 17h00 | Du Jeudi au Vendredi : de 09h00 à 12h30 de 14h00 à 17h00","website":"https://www.oceanmaraisdemonts.fr/","hasWebsite":true,"hasEmail":true,"hasTelephone":true,"latitude":46.790794,"longitude":-2.062644,"url":"https://lannuaire.service-public.gouv.fr/pays-de-la-loire/vendee/42d6ad23-333e-404e-9131-79507109580b"}
{"nom":"Communauté de communes - Orée de Bercé Belinois","nomNormalise":"communautedecommunesoreedebercebelinois","typeCollectivite":"EPCI","typeEpci":"Communauté de communes","adresse":{"street":"1 rue Sainte-Anne","postalCode":"72220","city":"Écommoy","country":"France"},"contacts":{"email":"communautedecommunes@belinois.fr","telephone":"0243470220"},"horaires":"Du Lundi au Mercredi : de 09h00 à 12h30 de 14h00 à 17h00 | Le Jeudi : de 09h00 à 12h30 | Le Vendredi : de 09h00 à 12h30 de 14h00 à 17h00","website":"https://www.cc-berce-belinois.fr/","hasWebsite":true,"hasEmail":true,"hasTelephone":true,"latitude":47.828995,"longitude":0.2738785,"url":"https://lannuaire.service-public.gouv.fr/pays-de-la-loire/sarthe/e9e699e5-b582-4bd3-bfae-adcb76933830"}
{"nom":"Communauté de communes - Pays des Achards","nomNormalise":"communautedecommunespaysdesachards","typeCollectivite":"EPCI","typeEpci":"Communauté de communes","adresse":{"street":"ZA Sud-Est","postalCode":"85150","city":"Les Achards","country":"France"},"contacts":{"email":"contact@cc-paysdesachards.fr","telephone":"0251059449"},"horaires":"Du Lundi au Jeudi : de 08h30 à 12h30 de 13h30 à 17h00 | Le Vendredi : de 08h30 à 12h30 de 13h30 à 16h30","website":"https://www.cc-paysdesachards.fr/","hasWebsite":true,"hasEmail":true,"hasTelephone":true,"latitude":46.602104,"longitude":-1.6535629,"url":"https://lannuaire.service-public.gouv.fr/pays-de-la-loire/vendee/a539e3d3-f6fc-41fa-b974-d7b41ce320d9"}
{"nom":"Communauté de communes - Pays d'Ancenis","nomNormalise":"communautedecommunespaysdancenis","typeCollectivite":"EPCI","typeEpci":"Communauté de communes","adresse":{"street":"Centre administratif Les Ursulines","postalCode":"44150","city":"Ancenis-Saint-Géréon","country":"France"},"contacts":{"email":"compa@pays-ancenis.com","telephone":"0240963189"},"horaires":"Du Lundi au Jeudi : de 08h30 à 12h00 de 14h00 à 17h30 | Le Vendredi : de 08h30 à 12h00 de 14h00 à 17h00","website":"https://www.pays-ancenis.com/","hasWebsite":true,"hasEmail":true,"hasTelephone":true,"latitude":47.36445,"longitude":-1.1885052,"url":"https://lannuaire.service-public.gouv.fr/pays-de-la-loire/loire-atlantique/ee1d6428-34c7-469f-9b68-afccfaa503ba"}
{"nom":"Communauté de communes - Pays de Chantonnay","nomNormalise":"communautedecommunespaysdechantonnay","typeCollectivite":"EPCI","typeEpci":"Communauté de communes","adresse":{"street":"65 avenue du Général-de-Gaulle","postalCode":"85111","city":"Chantonnay","country":"France"},"contacts":{"email":"contact@cc-paysdechantonnay.fr","telephone":"0251944023"},"horaires":"Du Lundi au Vendredi : de 09h00 à 12h30 de 14h00 à 17h30","website":"https://www.paysdechantonnay.fr/","hasWebsite":true,"hasEmail":true,"hasTelephone":true,"latitude":46.69571,"longitude":-1.0463526,"url":"https://lannuaire.service-public.gouv.fr/pays-de-la-loire/vendee/361f7789-9b70-4275-b61b-e90224c7d9a9"}
{"nom":"Communauté de communes - Pays de Château-Gontier","nomNormalise":"communautedecommunespaysdechateaugontier","typeCollectivite":"EPCI","typeEpci":"Communauté de communes","adresse":{"street":"23 place de la République","postalCode":"53200","city":"Château-Gontier","country":"France"},"contacts":{"email":"chateau-gontier@chateaugontier.fr","telephone":"0243095555"},"horaires":"Du Lundi au Vendredi : de 08h30 à 12h00 de 13h30 à 18h00 | Le Samedi : de 08h30 à 12h00","website":"https://www.chateaugontier.fr/","hasWebsite":true,"hasEmail":true,"hasTelephone":true,"latitude":47.826363,"longitude":-0.706984,"url":"https://lannuaire.service-public.gouv.fr/pays-de-la-loire/mayenne/424a80a4-7566-4c8d-a787-5b6b120d4970"}
{"nom":"Communauté de communes - Pays de Craon","nomNormalise":"communautedecommunespaysdecraon","typeCollectivite":"EPCI","typeEpci":"Communauté de communes","adresse":{"street":"1 rue de buchenberg","postalCode":"53400","city":"Craon","country":"France"},"contacts":{"email":"accueil@paysdecraon.fr","telephone":"0243096161"},"horaires":"Du Lundi au Vendredi : de 08h30 à 12h00 de 13h30 à 17h00","website":"https://www.paysdecraon.fr/","hasWebsite":true,"hasEmail":true,"hasTelephone":true,"latitude":47.842476,"longitude":-0.9672909,"url":"https://lannuaire.service-public.gouv.fr/pays-de-la-loire/mayenne/dd59d3a1-5bd5-4e96-8d43-f1373ae91c88"}
{"nom":"Communauté de communes - Pays Fléchois","nomNormalise":"communautedecommunespaysflechois","typeCollectivite":"EPCI","typeEpci":"Communauté de communes","adresse":{"street":"6 rue Fernand-Guillot","postalCode":"72200","city":"La Flèche","country":"France"},"contacts":{"email":"contact@cc-paysflechois.fr","telephone":"0243486600"},"horaires":"Du Lundi au Mercredi : de 08h30 à 12h00 de 13h30 à 17h30 | Le Jeudi : de 09h00 à 12h00 de 13h30 à 17h30 | Le Vendredi : de 08h30 à 12h00 de 13h30 à 17h30","website":"https://www.paysflechois.fr/","hasWebsite":true,"hasEmail":true,"hasTelephone":true,"latitude":47.69623,"longitude":-0.074624,"url":"https://lannuaire.service-public.gouv.fr/pays-de-la-loire/sarthe/899bbffa-f4df-4db9-be02-6b45878c40b3"}
{"nom":"Communauté de communes - Pays de Fontenay Vendée","nomNormalise":"communautedecommunespaysdefontenayvendee","typeCollectivite":"EPCI","typeEpci":"Communauté de communes","adresse":{"street":"16 rue de l'Innovation","postalCode":"85200","city":"Fontenay-le-Comte","country":"France"},"contacts":{"email":"accueil@fontenayvendee.fr","telephone":"0228130707"},"horaires":"Du Lundi au Vendredi : de 09h00 à 12h00 de 14h00 à 17h00","website":"https://www.fontenayvendee.fr/","hasWebsite":true,"hasEmail":true,"hasTelephone":true,"latitude":46.465767,"longitude":-0.80560684,"url":"https://lannuaire.service-public.gouv.fr/pays-de-la-loire/vendee/257faded-4aa6-4f0f-bf13-43f968b836ce"}
{"nom":"Communauté de communes - Pays des Herbiers","nomNormalise":"communautedecommunespaysdesherbiers","typeCollectivite":"EPCI","typeEpci":"Communauté de communes","adresse":{"street":"6 rue du Tourniquet","postalCode":"85500","city":"Les Herbiers","country":"France"},"contacts":{"email":"info@paysdesherbiers.fr","telephone":"0251668227"},"horaires":"Du Lundi au Vendredi : de 09h00 à 12h00 de 14h00 à 18h00","website":"https://www.paysdesherbiers.fr/","hasWebsite":true,"hasEmail":true,"hasTelephone":true,"latitude":46.86951,"longitude":-1.012996,"url":"https://lannuaire.service-public.gouv.fr/pays-de-la-loire/vendee/ee8f58f5-5ed3-4bcb-aee0-0531c1c7f7bb"}
{"nom":"Communauté de communes - Pays de l'Huisne Sarthoise","nomNormalise":"communautedecommunespaysdelhuisnesarthoise","typeCollectivite":"EPCI","typeEpci":"Communauté de communes","adresse":{"street":"25 rue Jean-Courtois","postalCode":"72400","city":"La Ferté-Bernard","country":"France"},"contacts":{"email":"contact@huisne-sarthoise.com","telephone":"0243607271"},"horaires":"Du Lundi au Vendredi : de 09h00 à 12h00 de 14h00 à 17h00","website":"https://www.huisne-sarthoise.com/","hasWebsite":true,"hasEmail":true,"hasTelephone":true,"latitude":48.18874,"longitude":0.6545533,"url":"https://lannuaire.service-public.gouv.fr/pays-de-la-loire/sarthe/7559481a-64ab-456c-84af-b200edae722e"}
{"nom":"Communauté de communes - Pays de la Châtaigneraie","nomNormalise":"communautedecommunespaysdelachataigneraie","typeCollectivite":"EPCI","typeEpci":"Communauté de communes","adresse":{"street":"Rond-point des Sources-de-la-Vendée","postalCode":"85120","city":"Terval","country":"France"},"contacts":{"email":"info@ccplc.fr","telephone":"0251696143"},"horaires":"Du Lundi au Vendredi : de 09h00 à 13h00 de 14h00 à 17h30","website":"https://www.pays-chataigneraie.fr/","hasWebsite":true,"hasEmail":true,"hasTelephone":true,"latitude":46.648506,"longitude":-0.7239941,"url":"https://lannuaire.service-public.gouv.fr/pays-de-la-loire/vendee/7cc2a93e-e9e1-4900-ab8c-ad55eed890fa"}
{"nom":"Communauté de communes - Pays de Meslay Grez","nomNormalise":"communautedecommunespaysdemeslaygrez","typeCollectivite":"EPCI","typeEpci":"Communauté de communes","adresse":{"street":"1 voie de la Guiternière","postalCode":"53170","city":"Meslay-du-Maine","country":"France"},"contacts":{"email":"contact@paysmeslaygrez.fr","telephone":"0243642900"},"horaires":"Du Lundi au Vendredi : de 09h00 à 12h00 de 13h30 à 17h30","website":"https://www.paysmeslaygrez.fr/","hasWebsite":true,"hasEmail":true,"hasTelephone":true,"latitude":47.950386,"longitude":-0.556804,"url":"https://lannuaire.service-public.gouv.fr/pays-de-la-loire/mayenne/df00b9ce-ea4a-4ce5-8a01-4898908e4c58"}
{"nom":"Communauté de communes - Pays de Mortagne","nomNormalise":"communautedecommunespaysdemortagne","typeCollectivite":"EPCI","typeEpci":"Communauté de communes","adresse":{"street":"La Verrie","postalCode":"85130","city":"Chanverrie","country":"France"},"contacts":{"email":"contact@paysdemortagne.fr","telephone":"0251630606"},"horaires":"Du Lundi au Vendredi : de 09h00 à 12h30 de 13h30 à 17h30","website":"https://www.paysdemortagne.fr/","hasWebsite":true,"hasEmail":true,"hasTelephone":true,"latitude":46.976124,"longitude":-0.966205,"url":"https://lannuaire.service-public.gouv.fr/pays-de-la-loire/vendee/99baa63c-66bd-4d0e-8cee-13baa4190695"}
{"nom":"Communauté de communes - Pays de Pontchâteau - Saint-Gildas-des-Bois","nomNormalise":"communautedecommunespaysdepontchateausaintgildasdesbois","typeCollectivite":"EPCI","typeEpci":"Communauté de communes","adresse":{"street":"2 rue des Châtaigniers","postalCode":"44160","city":"Pont-Château","country":"France"},"contacts":{"email":"accueil@cc-paysdepontchateau.fr","telephone":"0240450794"},"horaires":"Du Lundi au Jeudi : de 08h30 à 12h30 de 14h00 à 17h30 | Le Vendredi : de 08h30 à 12h30 de 14h00 à 17h00","website":"https://www.cc-paysdepontchateau.fr/","hasWebsite":true,"hasEmail":true,"hasTelephone":true,"latitude":47.440506,"longitude":-2.1020849,"url":"https://lannuaire.service-public.gouv.fr/pays-de-la-loire/loire-atlantique/ef45cd0d-d5e6-480c-bf24-277f9b6d350c"}
{"nom":"Communauté de communes - Pays de Pouzauges","nomNormalise":"communautedecommunespaysdepouzauges","typeCollectivite":"EPCI","typeEpci":"Communauté de communes","adresse":{"street":"Maison de l'intercommunalité","postalCode":"85700","city":"Pouzauges","country":"France"},"contacts":{"email":"","telephone":"0251571423"},"horaires":"Du Lundi au Jeudi : de 08h30 à 12h30 de 13h30 à 17h30 | Le Vendredi : de 08h30 à 12h30 de 13h30 à 17h00","website":"https://www.paysdepouzauges.fr/","hasWebsite":true,"hasEmail":false,"hasTelephone":true,"latitude":46.772293,"longitude":-0.8500918,"url":"https://lannuaire.service-public.gouv.fr/pays-de-la-loire/vendee/e9324c54-9917-4b03-896c-4f609e16b807"}
{"nom":"Communauté de communes - Pays-Sabolien","nomNormalise":"communautedecommunespayssabolien","typeCollectivite":"EPCI","typeEpci":"Communauté de communes","adresse":{"street":"3 place Raphaël-Elizé","postalCode":"72300","city":"Sablé-sur-Sarthe","country":"France"},"contacts":{"email":"communautedecommunes@sablesursarthe.fr","telephone":"0243625000"},"horaires":"Du Lundi au Vendredi : de 09h00 à 12h00 de 13h30 à 17h00","website":"https://www.payssabolien.fr/","hasWebsite":true,"hasEmail":true,"hasTelephone":true,"latitude":47.84011,"longitude":-0.331634,"url":"https://lannuaire.service-public.gouv.fr/pays-de-la-loire/sarthe/1c383054-22ca-4d87-b5c1-014aa7bcaf71"}
{"nom":"Communauté de communes - Pays de Saint-Fulgent Les Essarts","nomNormalise":"communautedecommunespaysdesaintfulgentlesessarts","typeCollectivite":"EPCI","typeEpci":"Communauté de communes","adresse":{"street":"2 rue Jules-Verne","postalCode":"85250","city":"Saint-Fulgent","country":"France"},"contacts":{"email":"contact@ccfulgent-essarts.fr","telephone":"0251438161"},"horaires":"Du Lundi au Jeudi : de 08h30 à 12h30 de 13h30 à 17h30 | Le Vendredi : de 08h30 à 12h30 de 13h30 à 16h30","website":"https://www.ccfulgent-essarts.fr/","hasWebsite":true,"hasEmail":true,"hasTelephone":true,"latitude":46.851593,"longitude":-1.1707516,"url":"https://lannuaire.service-public.gouv.fr/pays-de-la-loire/vendee/99ebc9bd-ff35-4d8f-8f68-3c4c4e7a491b"}
{"nom":"Communauté de communes - Pays de Saint-Gilles-Croix-de-Vie","nomNormalise":"communautedecommunespaysdesaintgillescroixdevie","typeCollectivite":"EPCI","typeEpci":"Communauté de communes","adresse":{"street":"ZAE Le Soleil Levant","postalCode":"85800","city":"Saint-Gilles-Croix-de-Vie","country":"France"},"contacts":{"email":"accueil@payssaintgilles.fr","telephone":"0251555555"},"horaires":"Du Lundi au Jeudi : de 09h00 à 12h30 de 14h00 à 17h30 | Le Vendredi : de 09h00 à 12h30 de 14h00 à 16h30","website":"https://payssaintgilles.fr/","hasWebsite":true,"hasEmail":true,"hasTelephone":true,"latitude":46.67139,"longitude":-1.884085,"url":"https://lannuaire.service-public.gouv.fr/pays-de-la-loire/vendee/49fab78b-d1fd-48d8-8eca-892455177b28"}
{"nom":"Communauté de communes - Région de Blain","nomNormalise":"communautedecommunesregiondeblain","typeCollectivite":"EPCI","typeEpci":"Communauté de communes","adresse":{"street":"1 avenue de la Gare","postalCode":"44130","city":"Blain","country":"France"},"contacts":{"email":"accueil@paysdeblain.fr","telephone":"0240790992"},"horaires":"Du Lundi au Jeudi : de 08h45 à 12h00 de 13h30 à 17h00 | Le Vendredi : de 08h45 à 12h00 de 13h30 à 16h00","website":"https://www.pays-de-blain.com/","hasWebsite":true,"hasEmail":true,"hasTelephone":true,"latitude":47.418518,"longitude":-1.8497688,"url":"https://lannuaire.service-public.gouv.fr/pays-de-la-loire/loire-atlantique/231e2c6a-ce58-492c-8c0f-672f0c954d9e"}
{"nom":"Communauté de communes - Sèvre et Loire","nomNormalise":"communautedecommunessevreetloire","typeCollectivite":"EPCI","typeEpci":"Communauté de communes","adresse":{"street":"1 place Charles-de-Gaulle","postalCode":"44330","city":"Vallet","country":"France"},"contacts":{"email":"contact@cc-sevreloire.fr","telephone":"0251719212"},"horaires":"Du Lundi au Vendredi : de 09h00 à 12h30 de 13h30 à 17h00","website":"https://www.cc-sevreloire.fr/","hasWebsite":true,"hasEmail":true,"hasTelephone":true,"latitude":47.1613,"longitude":-1.2663481,"url":"https://lannuaire.service-public.gouv.fr/pays-de-la-loire/loire-atlantique/c167afc5-780e-496c-a2a2-5383c3dc34c5"}
{"nom":"Communauté de communes - Sud Est du Pays Manceau","nomNormalise":"communautedecommunessudestdupaysmanceau","typeCollectivite":"EPCI","typeEpci":"Communauté de communes","adresse":{"street":"Rue des Écoles","postalCode":"72250","city":"Parigné-l'Évêque","country":"France"},"contacts":{"email":"communaute.communes@sudestmanceau.com","telephone":"0243400998"},"horaires":"Du Lundi au Vendredi : de 09h00 à 12h00 de 14h00 à 17h00","website":"https://www.cc-sudestmanceau.fr/","hasWebsite":true,"hasEmail":true,"hasTelephone":true,"latitude":47.937252,"longitude":0.3593954,"url":"https://lannuaire.service-public.gouv.fr/pays-de-la-loire/sarthe/f4521a47-699e-425a-b5d7-e02c4c0c1c8b"}
{"nom":"Communauté de communes - Sud Estuaire","nomNormalise":"communautedecommunessudestuaire","typeCollectivite":"EPCI","typeEpci":"Communauté de communes","adresse":{"street":"6 boulevard Dumesnildot","postalCode":"44560","city":"Painboeuf","country":"France"},"contacts":{"email":"info@cc-sudestuaire.fr","telephone":"0240277012"},"horaires":"Du Lundi au Vendredi : de 09h00 à 12h00 de 13h30 à 17h30","website":"http://www.cc-sudestuaire.fr/","hasWebsite":true,"hasEmail":true,"hasTelephone":true,"latitude":47.28758,"longitude":-2.02594,"url":"https://lannuaire.service-public.gouv.fr/pays-de-la-loire/loire-atlantique/b67892c3-e85e-4bbc-9f71-1219248ac078"}
{"nom":"Communauté de communes - Sud Retz Atlantique","nomNormalise":"communautedecommunessudretzatlantique","typeCollectivite":"EPCI","typeEpci":"Communauté de communes","adresse":{"street":"Maison de l'intercommunalité","postalCode":"44270","city":"Machecoul","country":"France"},"contacts":{"email":"contact@ccsudretzatlantique.fr","telephone":"0240023262"},"horaires":"Du Lundi au Mercredi : de 08h30 à 12h30 de 13h30 à 17h30 | Du Jeudi au Vendredi : de 08h30 à 12h30 de 13h30 à 17h00","website":"https://www.sud-retz-atlantique.fr/","hasWebsite":true,"hasEmail":true,"hasTelephone":true,"latitude":46.99384,"longitude":-1.8197922,"url":"https://lannuaire.service-public.gouv.fr/pays-de-la-loire/loire-atlantique/2baeef5a-eb65-4f3b-b057-a4c7dca03ee9"}
{"nom":"Communauté de communes - Sud Sarthe","nomNormalise":"communautedecommunessudsarthe","typeCollectivite":"EPCI","typeEpci":"Communauté de communes","adresse":{"street":"5 rue des Écoles","postalCode":"72800","city":"Aubigné-Racan","country":"France"},"contacts":{"email":"accueil@comcomsudsarthe.fr","telephone":"0285291200"},"horaires":"Du Lundi au Mardi : de 09h00 à 12h00 de 13h30 à 17h00 | Le Mercredi : de 09h00 à 12h00 | Du Jeudi au Vendredi : de 09h00 à 12h00 de 14h00 à 17h00","website":"https://www.comcomsudsarthe.fr/","hasWebsite":true,"hasEmail":true,"hasTelephone":true,"latitude":47.690845,"longitude":0.2687673,"url":"https://lannuaire.service-public.gouv.fr/pays-de-la-loire/sarthe/98f60cc0-2f49-40c7-8919-b41c4b17adba"}
{"nom":"Communauté de communes - Sud Vendée Littoral","nomNormalise":"communautedecommunessudvendeelittoral","typeCollectivite":"EPCI","typeEpci":"Communauté de communes","adresse":{"street":"107 avenue Maréchal-de-Lattre-de-Tassigny","postalCode":"85400","city":"Luçon","country":"France"},"contacts":{"email":"accueil@sudvendeelittoral.fr","telephone":"0251976464"},"horaires":"Du Lundi au Jeudi : de 09h00 à 12h00 de 14h00 à 17h00 | Le Vendredi : de 09h00 à 12h00 de 14h00 à 16h30","website":"https://www.cc-sudvendeelittoral.fr/","hasWebsite":true,"hasEmail":true,"hasTelephone":true,"latitude":46.457245,"longitude":-1.152349,"url":"https://lannuaire.service-public.gouv.fr/pays-de-la-loire/vendee/2eaf4b87-e89b-47ff-bf02-b38799a7fd22"}
{"nom":"Communauté de communes - Terres de Montaigu","nomNormalise":"communautedecommunesterresdemontaigu","typeCollectivite":"EPCI","typeEpci":"Communauté de communes","adresse":{"street":"440 rue du Mondial","postalCode":"85607","city":"Montaigu-Vendée","country":"France"},"contacts":{"email":"contact@terresdemontaigu.fr","telephone":"0251464545"},"horaires":"Du Lundi au Vendredi : de 09h00 à 12h30 de 14h00 à 17h30","website":"https://www.terresdemontaigu.fr/","hasWebsite":true,"hasEmail":true,"hasTelephone":true,"latitude":46.985565,"longitude":-1.308744,"url":"https://lannuaire.service-public.gouv.fr/pays-de-la-loire/vendee/596ed788-401e-46f2-a5c7-5ba4eebc3a35"}
{"nom":"Communauté de communes - Vallées du Haut-Anjou","nomNormalise":"communautedecommunesvalleesduhautanjou","typeCollectivite":"EPCI","typeEpci":"Communauté de communes","adresse":{"street":"Place Charles-de-Gaulle","postalCode":"49220","city":"Le Lion-d'Angers","country":"France"},"contacts":{"email":"contact@valleesduhautanjou.fr","telephone":"0241953174"},"horaires":"Du Lundi au Vendredi : de 09h00 à 12h00 de 14h00 à 17h00 | Accueil ouvert sur rendez-vous de préférence.","website":"https://www.valleesduhautanjou.fr/","hasWebsite":true,"hasEmail":true,"hasTelephone":true,"latitude":47.629543,"longitude":-0.7187085,"url":"https://lannuaire.service-public.gouv.fr/pays-de-la-loire/maine-et-loire/e85e526e-c3a9-46c5-993b-adaea5a6db0d"}
{"nom":"Communauté de communes - Vallées de la Braye et de l'Anille","nomNormalise":"communautedecommunesvalleesdelabrayeetdelanille","typeCollectivite":"EPCI","typeEpci":"Communauté de communes","adresse":{"street":"10 rue Saint-Pierre","postalCode":"72120","city":"Saint-Calais","country":"France"},"contacts":{"email":"ccvba@cc-vba.com","telephone":"0243351103"},"horaires":"Le Mardi : de 09h00 à 12h00 de 14h00 à 16h30 | Le Mardi : de 09h00 à 12h00 de 14h00 à 16h30","website":"https://www.cc-vba.com/","hasWebsite":true,"hasEmail":true,"hasTelephone":true,"latitude":47.921597,"longitude":0.7456042,"url":"https://lannuaire.service-public.gouv.fr/pays-de-la-loire/sarthe/c7ce1b76-b444-478f-8636-25d07a80413c"}
{"nom":"Communauté de communes - Val de Sarthe","nomNormalise":"communautedecommunesvaldesarthe","typeCollectivite":"EPCI","typeEpci":"Communauté de communes","adresse":{"street":"27 rue du 11-Novembre","postalCode":"72200","city":"La Suze-sur-Sarthe","country":"France"},"contacts":{"email":"communaute@cc-valdesarthe.fr","telephone":"0243835112"},"horaires":"Du Lundi au Jeudi : de 09h00 à 12h00 de 14h00 à 18h00 | Le Vendredi : de 09h00 à 12h00 de 14h00 à 17h30","website":"https://www.val-de-sarthe.fr/","hasWebsite":true,"hasEmail":true,"hasTelephone":true,"latitude":47.891655,"longitude":0.026584,"url":"https://lannuaire.service-public.gouv.fr/pays-de-la-loire/sarthe/58f4909a-f302-468d-9df7-59154a13a4ef"}
{"nom":"Communauté de communes - Vendée Grand Littoral","nomNormalise":"communautedecommunesvendeegrandlittoral","typeCollectivite":"EPCI","typeEpci":"Communauté de communes","adresse":{"street":"ZI du Patis","postalCode":"85440","city":"Talmont-Saint-Hilaire","country":"France"},"contacts":{"email":"contact@vendeegrandlittoral.fr","telephone":"0251207207"},"horaires":"Du Lundi au Vendredi : de 09h00 à 12h30 de 14h00 à 17h30","website":"https://www.vendeegrandlittoral.fr/","hasWebsite":true,"hasEmail":true,"hasTelephone":true,"latitude":46.454945,"longitude":-1.59985,"url":"https://lannuaire.service-public.gouv.fr/pays-de-la-loire/vendee/14f6b5e5-af7e-416a-8422-953a99d13d74"}
{"nom":"Communauté de communes - Vendée Sèvre Autise","nomNormalise":"communautedecommunesvendeesevreautise","typeCollectivite":"EPCI","typeEpci":"Communauté de communes","adresse":{"street":"25 rue de la Gare","postalCode":"85420","city":"Rives-d'Autise","country":"France"},"contacts":{"email":"secretariat@cc-vsa.com","telephone":"0251504880"},"horaires":"Du Lundi au Vendredi : de 09h00 à 12h00","website":"https://www.cc-vsa.com/","hasWebsite":true,"hasEmail":true,"hasTelephone":true,"latitude":46.40739,"longitude":-0.678264,"url":"https://lannuaire.service-public.gouv.fr/pays-de-la-loire/vendee/dc455848-f4fd-4c8e-a112-a787b8e4d933"}
{"nom":"Communauté de communes - Vie et Boulogne","nomNormalise":"communautedecommunesvieetboulogne","typeCollectivite":"EPCI","typeEpci":"Communauté de communes","adresse":{"street":"24 rue des Landes","postalCode":"85170","city":"Le Poiré-sur-Vie","country":"France"},"contacts":{"email":"accueil@vieetboulogne.fr","telephone":"0251316009"},"horaires":"Du Lundi au Vendredi : de 09h00 à 12h00 de 14h00 à 17h00","website":"https://www.vie-et-boulogne.fr/","hasWebsite":true,"hasEmail":true,"hasTelephone":true,"latitude":46.73854,"longitude":-1.394082,"url":"https://lannuaire.service-public.gouv.fr/pays-de-la-loire/vendee/87d14a9d-ef21-48fe-aea6-0f1d0c3c0a4b"}
{"nom":"Communauté urbaine - Angers Loire Métropole","nomNormalise":"communauteurbaineangersloiremetropole","typeCollectivite":"EPCI","typeEpci":"Communauté urbaine","adresse":{"street":"83 rue du Mail","postalCode":"49020","city":"Angers Cedex 2","country":"France"},"contacts":{"email":"","telephone":"0241055000"},"horaires":"Du Lundi au Vendredi : de 09h00 à 12h30 de 13h30 à 17h30","website":"https://www.angersloiremetropole.fr/","hasWebsite":true,"hasEmail":false,"hasTelephone":true,"latitude":47.471718,"longitude":-0.547705,"url":"https://lannuaire.service-public.gouv.fr/pays-de-la-loire/maine-et-loire/d4ac6f56-0ec4-4c92-b5cf-2a8638b11ecc"}
{"nom":"Communauté urbaine - Le Mans Métropole","nomNormalise":"communauteurbainelemansmetropole","typeCollectivite":"EPCI","typeEpci":"Communauté urbaine","adresse":{"street":"16 avenue François-Mitterrand","postalCode":"72000","city":"Le Mans","country":"France"},"contacts":{"email":"","telephone":"0243474747"},"horaires":"Du Lundi au Vendredi : de 08h30 à 12h00 de 13h00 à 17h30","website":"https://www.lemans.fr/","hasWebsite":true,"hasEmail":false,"hasTelephone":true,"latitude":48.005062,"longitude":0.1998788,"url":"https://lannuaire.service-public.gouv.fr/pays-de-la-loire/sarthe/95a9cc44-acf5-4032-9333-2e7bfb969622"}
{"nom":"Laval Agglomération","nomNormalise":"lavalagglomeration","typeCollectivite":"EPCI","typeEpci":"Communauté d’agglomération","adresse":{"street":"1 place du Général-Ferrié","postalCode":"53008","city":"Laval","country":"France"},"contacts":{"email":"laval-agglo@agglo-laval.fr","telephone":"0243494647"},"horaires":"Du Lundi au Vendredi : de 08h30 à 12h30 de 13h30 à 17h30","website":"https://www.agglo-laval.fr/accueil","hasWebsite":true,"hasEmail":true,"hasTelephone":true,"latitude":48.07733,"longitude":-0.785388,"url":"https://lannuaire.service-public.gouv.fr/pays-de-la-loire/mayenne/a4707521-2d68-4d32-b92e-ee8fea76418f"}
{"nom":"Métropole - Nantes","nomNormalise":"metropolenantes","typeCollectivite":"EPCI","typeEpci":"","adresse":{"street":"2 cours du Champ-de-Mars","postalCode":"44923","city":"Nantes","country":"France"},"contacts":{"email":"contact@nantesmetropole.fr","telephone":"0240994848"},"horaires":"Du Lundi au Vendredi : de 08h30 à 18h00","website":"https://metropole.nantes.fr/","hasWebsite":true,"hasEmail":true,"hasTelephone":true,"latitude":47.214138,"longitude":-1.5446465,"url":"https://lannuaire.service-public.gouv.fr/pays-de-la-loire/loire-atlantique/56df4149-fe3e-4d1a-aaca-1598242d175c"}
