{"nom":"Agglomération - Concarneau - Cornouaille","nomNormalise":"agglomerationconcarneaucornouaille","typeCollectivite":"EPCI","typeEpci":"Communauté d’agglomération","adresse":{"street":"1 rue Victor-Schoelcher","postalCode":"29180","city":"Concarneau","country":"France"},"contacts":{"email":"contact@cca.bzh","telephone":"0298977150"},"horaires":"Du Lundi au Jeudi : de 09h00 à 12h15 de 13h45 à 17h00 | Le Vendredi : de 09h00 à 12h15 de 13h45 à 16h00","website":"https://www.cca.bzh/","hasWebsite":true,"hasEmail":true,"hasTelephone":true,"latitude":47.901173,"longitude":-3.9043002,"url":"https://lannuaire.service-public.gouv.fr/bretagne/finistere/388f6841-9593-4d2b-96d2-6c42bdc4bb30"}
{"nom":"Agglomération - Dinan","nomNormalise":"agglomerationdinan","typeCollectivite":"EPCI","typeEpci":"Communauté d’agglomération","adresse":{"street":"8 boulevard Simone-Veil","postalCode":"22100","city":"Dinan Cedex","country":"France"},"contacts":{"email":"contact@dinan-agglomeration.fr","telephone":"0296871414"},"horaires":"Du Lundi au Jeudi : de 08h30 à 12h00 de 13h30 à 17h30 | Le Vendredi : de 08h30 à 12h00 de 13h30 à 17h00","website":"https://www.dinan-agglomeration.fr/","hasWebsite":true,"hasEmail":true,"hasTelephone":true,"latitude":48.455738,"longitude":-2.058863,"url":"https://lannuaire.service-public.gouv.fr/bretagne/cotes-d-armor/acf842eb-67f2-474c-8d9f-91a4fdb9122e"}
{"nom":"Communauté d'agglomération - Fougères Agglomération","nomNormalise":"communautedagglomerationfougeresagglomeration","typeCollectivite":"EPCI","typeEpci":"Communauté d’agglomération","adresse":{"street":"Parc d'activités de l'Aumaillerie","postalCode":"35133","city":"La Selle-en-Luitré","country":"France"},"contacts":{"email":"accueil@fougeres-agglo.bzh","telephone":"0299945034"},"horaires":"Du Lundi au Jeudi : de 09h00 à 12h00 de 14h00 à 17h30 | Le Vendredi : de 09h00 à 12h00 de 14h00 à 16h30","website":"https://fougeres-agglo.bzh/","hasWebsite":true,"hasEmail":true,"hasTelephone":true,"latitude":48.334095,"longitude":-1.1694115,"url":"https://lannuaire.service-public.gouv.fr/bretagne/ille-et-vilaine/f1b939e4-2fcf-435f-af19-d2768fd98ddd"}
{"nom":"Communauté d'agglomération - Golfe du Morbihan Vannes agglomération","nomNormalise":"communautedagglomerationgolfedumorbihanvannesagglomeration","typeCollectivite":"EPCI","typeEpci":"Communauté d’agglomération","adresse":{"street":"30 rue Alfred-Kastler","postalCode":"56006","city":"Vannes Cedex","country":"France"},"contacts":{"email":"courrier@gmvagglo.bzh","telephone":"0297681424"},"horaires":"Du Lundi au Vendredi : de 08h30 à 12h30 de 13h45 à 17h30","website":"https://www.golfedumorbihan-vannesagglomeration.bzh/","hasWebsite":true,"hasEmail":true,"hasTelephone":true,"latitude":47.658237,"longitude":-2.760847,"url":"https://lannuaire.service-public.gouv.fr/bretagne/morbihan/d502f4f3-3e3a-4618-b42b-ed47b9db1bc6"}
{"nom":"Communauté d'agglomération - Lorient Agglomération","nomNormalise":"communautedagglomerationlorientagglomeration","typeCollectivite":"EPCI","typeEpci":"Communauté d’agglomération","adresse":{"street":"Esplanade du Péristyle","postalCode":"56100","city":"Lorient","country":"France"},"contacts":{"email":"contact@agglo-lorient.fr","telephone":"0290747100"},"horaires":"Du Lundi au Vendredi : de 08h30 à 12h00 de 13h30 à 17h00","website":"https://www.lorient-agglo.bzh/","hasWebsite":true,"hasEmail":true,"hasTelephone":true,"latitude":47.745876,"longitude":-3.3519976,"url":"https://lannuaire.service-public.gouv.fr/bretagne/morbihan/abab3da3-4cd6-42f1-ac88-9fa3f1bc4154"}
{"nom":"Communauté d'agglomération - Morlaix Communauté","nomNormalise":"communautedagglomerationmorlaixcommunaute","typeCollectivite":"EPCI","typeEpci":"Communauté d’agglomération","adresse":{"street":"2b voie d'accès-au-Port","postalCode":"29600","city":"Morlaix","country":"France"},"contacts":{"email":"contact@agglo.morlaix.fr","telephone":"0298153131"},"horaires":"Du Lundi au Jeudi : de 09h00 à 12h00 de 14h00 à 17h30 | Le Vendredi : de 09h00 à 12h00 de 14h00 à 16h30","website":"https://www.morlaix-communaute.bzh/","hasWebsite":true,"hasEmail":true,"hasTelephone":true,"latitude":48.582813,"longitude":-3.8357725,"url":"https://lannuaire.service-public.gouv.fr/bretagne/finistere/ff97fd39-e15d-4d43-8d8c-0a805d859a72"}
{"nom":"Communauté d'agglomération - Pays de Saint-Malo","nomNormalise":"communautedagglomerationpaysdesaintmalo","typeCollectivite":"EPCI","typeEpci":"Communauté d’agglomération","adresse":{"street":"6 rue de la Ville-Jégu","postalCode":"35260","city":"Cancale","country":"France"},"contacts":{"email":"accueil@stmalo-agglomeration.fr","telephone":"0223151085"},"horaires":"Du Lundi au Vendredi : de 08h30 à 12h15 de 13h45 à 17h30","website":"https://www.stmalo-agglomeration.fr/","hasWebsite":true,"hasEmail":true,"hasTelephone":true,"latitude":48.67423,"longitude":-1.866056,"url":"https://lannuaire.service-public.gouv.fr/bretagne/ille-et-vilaine/fb885b51-bcb0-4064-97fb-c621fe80dbfa"}
{"nom":"Communauté d'agglomération - Quimper Bretagne Occidentale","nomNormalise":"communautedagglomerationquimperbretagneoccidentale","typeCollectivite":"EPCI","typeEpci":"Communauté d’agglomération","adresse":{"street":"Hôtel de Ville et d'Agglomération","postalCode":"29107","city":"Quimper Cedex","country":"France"},"contacts":{"email":"contact@quimper.bzh","telephone":"0298988989"},"horaires":"Du Lundi au Vendredi : de 08h30 à 18h00 | Le Samedi : de 09h00 à 12h00","website":"https://www.quimper-bretagne-occidentale.bzh/","hasWebsite":true,"hasEmail":true,"hasTelephone":true,"latitude":47.996124,"longitude":-4.1018844,"url":"https://lannuaire.service-public.gouv.fr/bretagne/finistere/78d0cdcc-418e-4d60-90cc-df1422330578"}
{"nom":"Communauté d'agglomération - Redon Agglomération","nomNormalise":"communautedagglomerationredonagglomeration","typeCollectivite":"EPCI","typeEpci":"Communauté d’agglomération","adresse":{"street":"3 rue Charles-Sillard","postalCode":"35605","city":"Redon Cedex","country":"France"},"contacts":{"email":"contact@redon-agglomeration.bzh","telephone":"0299703434"},"horaires":"Du Lundi au Jeudi : de 09h00 à 12h00 de 14h00 à 17h00 | Le Vendredi : de 09h00 à 12h00 de 14h00 à 16h00","website":"https://www.redon-agglomeration.bzh/","hasWebsite":true,"hasEmail":true,"hasTelephone":true,"latitude":47.65344,"longitude":-2.0953813,"url":"https://lannuaire.service-public.gouv.fr/bretagne/ille-et-vilaine/c4aafb49-0f9f-4eed-b5be-c74f41bbe9d8"}
{"nom":"Communauté d'agglomération - Saint-Brieuc Armor Agglomération","nomNormalise":"communautedagglomerationsaintbrieucarmoragglomeration","typeCollectivite":"EPCI","typeEpci":"Communauté d’agglomération","adresse":{"street":"5 rue du 71e-Régiment-d'Infanterie","postalCode":"22000","city":"Saint-Brieuc","country":"France"},"contacts":{"email":"accueil@sbaa.fr","telephone":"0296772000"},"horaires":"Du Lundi au Vendredi : de 08h30 à 12h00 de 13h30 à 17h00","website":"https://www.saintbrieuc-armor-agglo.bzh/","hasWebsite":true,"hasEmail":true,"hasTelephone":true,"latitude":48.511417,"longitude":-2.763536,"url":"https://lannuaire.service-public.gouv.fr/bretagne/cotes-d-armor/72b96b1a-67d0-4700-8e6f-0e5f829d814d"}
{"nom":"Communauté d'agglomération - Vitré Communauté","nomNormalise":"communautedagglomerationvitrecommunaute","typeCollectivite":"EPCI","typeEpci":"Communauté d’agglomération","adresse":{"street":"16 bis boulevard des Rochers","postalCode":"35500","city":"Vitré","country":"France"},"contacts":{"email":"c.agglo@vitrecommunaute.org","telephone":"0299745261"},"horaires":"Du Lundi au Vendredi : de 08h30 à 12h30 de 13h30 à 17h30","website":"https://www.vitrecommunaute.org/","hasWebsite":true,"hasEmail":true,"hasTelephone":true,"latitude":48.12141,"longitude":-1.205739,"url":"https://lannuaire.service-public.gouv.fr/bretagne/ille-et-vilaine/4c96717a-3ec6-4364-8620-4c3f81846517"}
{"nom":"Communauté de communes - Arc Sud Bretagne","nomNormalise":"communautedecommunesarcsudbretagne","typeCollectivite":"EPCI","typeEpci":"Communauté de communes","adresse":{"street":"Allée Raymond-Le-Duigou","postalCode":"56190","city":"Muzillac","country":"France"},"contacts":{"email":"contact@arcsudbretagne.fr","telephone":"0297414626"},"horaires":"Le Lundi : de 09h00 à 12h00 | Du Mardi au Vendredi : de 09h00 à 12h00 de 14h00 à 17h00 Sur rendez-vous uniquement","website":"https://www.arc-sud-bretagne.fr/","hasWebsite":true,"hasEmail":true,"hasTelephone":true,"latitude":47.55521,"longitude":-2.4802432,"url":"https://lannuaire.service-public.gouv.fr/bretagne/morbihan/7c804cca-e793-4551-ada9-129ba8b9ca58"}
{"nom":"Communauté de communes - Auray Quiberon Terre Atlantique","nomNormalise":"communautedecommunesaurayquiberonterreatlantique","typeCollectivite":"EPCI","typeEpci":"Communauté de communes","adresse":{"street":"40 rue du Danemark","postalCode":"56400","city":"Auray","country":"France"},"contacts":{"email":"accueil@auray-quiberon.fr","telephone":"0297291869"},"horaires":"Du Lundi au Jeudi : de 08h30 à 12h00 de 13h30 à 17h30 | Le Vendredi : de 08h30 à 12h00 de 13h30 à 16h30","website":"https://www.auray-quiberon.fr/","hasWebsite":true,"hasEmail":true,"hasTelephone":true,"latitude":47.670116,"longitude":-3.011632,"url":"https://lannuaire.service-public.gouv.fr/bretagne/morbihan/30a95b88-408b-4105-b387-5bc8992c0e3d"}
{"nom":"Communauté de communes - Baud","nomNormalise":"communautedecommunesbaud","typeCollectivite":"EPCI","typeEpci":"Communauté de communes","adresse":{"street":"4 Chemin de Kermarec","postalCode":"56150","city":"Baud","country":"France"},"contacts":{"email":"accueil@baudcom.bzh","telephone":"0297391709"},"horaires":"Le Lundi : de 14h00 à 17h00 | Du Mardi au Mercredi : de 09h00 à 12h00 de 14h00 à 17h00 | Le Jeudi : de 14h00 à 17h00 | Le Vendredi : de 09h00 à 12h00 de 14h00 à 16h30","website":"https://www.baud-communaute.bzh/","hasWebsite":true,"hasEmail":true,"hasTelephone":true,"latitude":47.88776,"longitude":-3.018343,"url":"https://lannuaire.service-public.gouv.fr/bretagne/morbihan/302fdda2-086c-446c-935e-f64779f2dc8f"}
{"nom":"Communauté de communes - Belle-Île-en-Mer","nomNormalise":"communautedecommunesbelleileenmer","typeCollectivite":"EPCI","typeEpci":"Communauté de communes","adresse":{"street":"Haute-Boulogne","postalCode":"56360","city":"Le Palais","country":"France"},"contacts":{"email":"ccbi@ccbi.fr","telephone":"0297318304"},"horaires":"Le Lundi : de 09h00 à 12h00 | Le Mardi : de 08h30 à 12h00 de 13h30 à 17h00 | Du Mercredi au Vendredi : de 09h00 à 12h00","website":"http://www.ccbi.fr/","hasWebsite":true,"hasEmail":true,"hasTelephone":true,"latitude":47.352272,"longitude":-3.1584587,"url":"https://lannuaire.service-public.gouv.fr/bretagne/morbihan/0c75e752-0d25-485e-b9a6-433f7a981f15"}
{"nom":"Communauté de communes - Blavet Bellevue Océan","nomNormalise":"communautedecommunesblavetbellevueocean","typeCollectivite":"EPCI","typeEpci":"Communauté de communes","adresse":{"street":"Allée de Ti-Neùé","postalCode":"56700","city":"Merlevenez","country":"France"},"contacts":{"email":"contact@bbo-communaute.bzh","telephone":"0297656290"},"horaires":"Du Lundi au Vendredi : de 09h00 à 12h00 de 14h00 à 17h00","website":"https://www.bbo-communaute.bzh/","hasWebsite":true,"hasEmail":true,"hasTelephone":true,"latitude":47.73903,"longitude":-3.225321,"url":"https://lannuaire.service-public.gouv.fr/bretagne/morbihan/72e1d606-0458-484a-a47b-ddf8f4335121"}
{"nom":"Communauté de communes - Bretagne Porte de Loire Communauté","nomNormalise":"communautedecommunesbretagneportedeloirecommunaute","typeCollectivite":"EPCI","typeEpci":"Communauté de communes","adresse":{"street":"2 allée de l'Ille","postalCode":"35470","city":"Bain-de-Bretagne","country":"France"},"contacts":{"email":"accueil@bretagneportedeloire.fr","telephone":"0299437080"},"horaires":"Du Lundi au Jeudi : de 08h30 à 12h30 de 13h30 à 17h30 | Le Vendredi : de 08h30 à 12h30 de 13h30 à 17h00","website":"https://www.bretagneportedeloire.fr/","hasWebsite":true,"hasEmail":true,"hasTelephone":true,"latitude":47.85251,"longitude":-1.686108,"url":"https://lannuaire.service-public.gouv.fr/bretagne/ille-et-vilaine/5fecb856-9da6-4488-b1df-8a3a0dca977b"}
{"nom":"Communauté de communes - Bretagne Romantique","nomNormalise":"communautedecommunesbretagneromantique","typeCollectivite":"EPCI","typeEpci":"Communauté de communes","adresse":{"street":"22 rue des Coteaux","postalCode":"35190","city":"La Chapelle-aux-Filtzméens","country":"France"},"contacts":{"email":"accueil@bretagneromantique.fr","telephone":"0299452345"},"horaires":"Du Lundi au Jeudi : de 09h00 à 12h30 de 14h00 à 17h00 | Le Vendredi : de 09h00 à 12h30 de 14h00 à 16h30","website":"https://bretagneromantique.fr/","hasWebsite":true,"hasEmail":true,"hasTelephone":true,"latitude":48.385475,"longitude":-1.8270699,"url":"https://lannuaire.service-public.gouv.fr/bretagne/ille-et-vilaine/ba1debb3-158a-4a1f-b4d5-8c76a9fbdfc6"}
{"nom":"Communauté de communes - Brocéliande","nomNormalise":"communautedecommunesbroceliande","typeCollectivite":"EPCI","typeEpci":"Communauté de communes","adresse":{"street":"1 rue des Korrigans","postalCode":"35380","city":"Plélan-le-Grand","country":"France"},"contacts":{"email":"accueil@cc-broceliande.bzh","telephone":"0299068445"},"horaires":"Du Lundi au Vendredi : de 09h00 à 12h30 de 14h00 à 17h00 | Accueil ouvert sur rendez-vous de préférence, contact par téléphone ou mail de préférence.","website":"https://www.cc-broceliande.bzh/","hasWebsite":true,"hasEmail":true,"hasTelephone":true,"latitude":48.006668,"longitude":-2.089332,"url":"https://lannuaire.service-public.gouv.fr/bretagne/ille-et-vilaine/5db04e0b-1d49-47e1-b243-1825a834572d"}
{"nom":"Communauté de communes - Cap Sizun Pointe du Raz","nomNormalise":"communautedecommunescapsizunpointeduraz","typeCollectivite":"EPCI","typeEpci":"Communauté de communes","adresse":{"street":"Rue Renoir","postalCode":"29770","city":"Audierne","country":"France"},"contacts":{"email":"contactcc@cap-sizun.fr","telephone":"0298701600"},"horaires":"Du Lundi au Mardi : de 09h00 à 12h00 de 14h00 à 16h30 | Du Jeudi au Vendredi : de 09h00 à 12h00 de 14h00 à 16h30","website":"http://www.cap-sizun.fr/","hasWebsite":true,"hasEmail":true,"hasTelephone":true,"latitude":48.027985,"longitude":-4.5532327,"url":"https://lannuaire.service-public.gouv.fr/bretagne/finistere/475aec14-8f6b-4acb-9122-f9f9494fef00"}
{"nom":"Communauté de communes - Centre Morbihan Communauté","nomNormalise":"communautedecommunescentremorbihancommunaute","typeCollectivite":"EPCI","typeEpci":"Communauté de communes","adresse":{"street":"Zone de Kerjean","postalCode":"56500","city":"Locminé","country":"France"},"contacts":{"email":"accueil@cmc.bzh","telephone":"0297442258"},"horaires":"Du Lundi au Jeudi : de 09h00 à 12h00 de 13h30 à 17h30 | Le Vendredi : de 09h00 à 12h00 de 13h30 à 16h30","website":"https://www.centremorbihancommunaute.bzh/","hasWebsite":true,"hasEmail":true,"hasTelephone":true,"latitude":47.88903,"longitude":-2.835567,"url":"https://lannuaire.service-public.gouv.fr/bretagne/morbihan/3328fc21-cf36-4935-b615-9f71e1bf5aa8"}
{"nom":"Communauté de communes - Côte d'Émeraude","nomNormalise":"communautedecommunescotedemeraude","typeCollectivite":"EPCI","typeEpci":"Communauté de communes","adresse":{"street":"Cap Émeraude","postalCode":"35730","city":"Pleurtuit","country":"France"},"contacts":{"email":"accueil@cote-emeraude.fr","telephone":"0223151315"},"horaires":"Du Lundi au Vendredi : de 09h00 à 12h00 de 14h00 à 17h30","website":"http://www.cote-emeraude.fr/","hasWebsite":true,"hasEmail":true,"hasTelephone":true,"latitude":48.57962,"longitude":-2.059156,"url":"https://lannuaire.service-public.gouv.fr/bretagne/ille-et-vilaine/04a79dc2-838c-4a79-b3fa-b0bc8efab3a3"}
{"nom":"Communauté de communes - Couesnon Marches de Bretagne","nomNormalise":"communautedecommunescouesnonmarchesdebretagne","typeCollectivite":"EPCI","typeEpci":"Communauté de communes","adresse":{"street":"Parc d'activités Coglais-Saint-Eustache","postalCode":"35460","city":"Saint-Étienne-en-Coglés","country":"France"},"contacts":{"email":"contact@couesnon-marchesdebretagne.fr","telephone":"0299977180"},"horaires":"Du Lundi au Vendredi : de 08h30 à 12h00 de 13h30 à 17h00","website":"https://www.couesnon-marchesdebretagne.fr/","hasWebsite":true,"hasEmail":true,"hasTelephone":true,"latitude":48.40256,"longitude":-1.324435,"url":"https://lannuaire.service-public.gouv.fr/bretagne/ille-et-vilaine/836dca8e-4bb9-4207-8f7d-6ce3bf4e5926"}
{"nom":"Communauté de communes - Douarnenez communauté","nomNormalise":"communautedecommunesdouarnenezcommunaute","typeCollectivite":"EPCI","typeEpci":"Communauté de communes","adresse":{"street":"75 rue Ar-Veret","postalCode":"29177","city":"Douarnenez","country":"France"},"contacts":{"email":"accueil@douarnenez-communaute.fr","telephone":"0298744850"},"horaires":"Du Lundi au Vendredi : de 09h00 à 12h00 de 13h30 à 17h30","website":"https://www.douarnenez-communaute.fr/","hasWebsite":true,"hasEmail":true,"hasTelephone":true,"latitude":48.089306,"longitude":-4.3362207,"url":"https://lannuaire.service-public.gouv.fr/bretagne/finistere/b68e511c-1ab0-4c88-aaa6-4f6ff638e07b"}
{"nom":"Communauté de communes - Haute Cornouaille","nomNormalise":"communautedecommuneshautecornouaille","typeCollectivite":"EPCI","typeEpci":"Communauté de communes","adresse":{"street":"6 rue de Morlaix","postalCode":"29520","city":"Châteauneuf-du-Faou","country":"France"},"contacts":{"email":"contact@haute-cornouaille.bzh","telephone":"0298732536"},"horaires":"Du Lundi au Vendredi : de 09h00 à 12h00 de 14h00 à 17h00","website":"https://haute-cornouaille.bzh/","hasWebsite":true,"hasEmail":true,"hasTelephone":true,"latitude":48.19505,"longitude":-3.8206775,"url":"https://lannuaire.service-public.gouv.fr/bretagne/finistere/61fd5fe4-8b25-4e58-b850-cf13a9e1c68e"}
{"nom":"Communauté de communes - Haut-Pays Bigouden","nomNormalise":"communautedecommuneshautpaysbigouden","typeCollectivite":"EPCI","typeEpci":"Communauté de communes","adresse":{"street":"2 A rue de la Mer","postalCode":"29710","city":"Pouldreuzic","country":"France"},"contacts":{"email":"info@cchpb.com","telephone":"0298544904"},"horaires":"Du Lundi au Jeudi : de 08h00 à 12h00 de 13h30 à 17h30 | Le Vendredi : de 08h00 à 12h00 de 13h30 à 16h30","website":"https://www.cchpb.bzh/","hasWebsite":true,"hasEmail":true,"hasTelephone":true,"latitude":47.954857,"longitude":-4.3599095,"url":"https://lannuaire.service-public.gouv.fr/bretagne/finistere/cd3d6ae5-b973-404f-83bb-126822020b3d"}
{"nom":"Communauté de communes - Kreiz Breizh","nomNormalise":"communautedecommuneskreizbreizh","typeCollectivite":"EPCI","typeEpci":"Communauté de communes","adresse":{"street":"6 rue Joseph-Pennec","postalCode":"22110","city":"Rostrenen","country":"France"},"contacts":{"email":"","telephone":"0296291818"},"horaires":"Du Lundi au Vendredi : de 08h30 à 12h00 de 14h00 à 17h00","website":"https://www.kreiz-breizh.fr/","hasWebsite":true,"hasEmail":false,"hasTelephone":true,"latitude":48.236164,"longitude":-3.3205147,"url":"https://lannuaire.service-public.gouv.fr/bretagne/cotes-d-armor/fa35a782-071e-4cc4-b361-90ba7b87e677"}
{"nom":"Communauté de communes - Lamballe Terre et Mer","nomNormalise":"communautedecommuneslamballeterreetmer","typeCollectivite":"EPCI","typeEpci":"Communauté de communes","adresse":{"street":"41 rue Saint-Martin","postalCode":"22400","city":"Lamballe-Armor","country":"France"},"contacts":{"email":"contact@lamballe-terre-mer.bzh","telephone":"0296500030"},"horaires":"Du Lundi au Vendredi : de 08h30 à 12h00 de 13h00 à 17h30","website":"https://www.lamballe-terre-mer.bzh/accueil","hasWebsite":true,"hasEmail":true,"hasTelephone":true,"latitude":48.47261,"longitude":-2.5181682,"url":"https://lannuaire.service-public.gouv.fr/bretagne/cotes-d-armor/1fafcb91-af73-4cea-b494-f9c75583ebfd"}
{"nom":"Communauté de communes - Leff Armor Communauté","nomNormalise":"communautedecommunesleffarmorcommunaute","typeCollectivite":"EPCI","typeEpci":"Communauté de communes","adresse":{"street":"Moulin de Blanchardeau","postalCode":"22290","city":"Lanvollon","country":"France"},"contacts":{"email":"accueil@leffarmor.fr","telephone":"0296701704"},"horaires":"Du Lundi au Vendredi : de 09h00 à 12h30 de 13h30 à 17h00","website":"https://www.leffarmor.fr/","hasWebsite":true,"hasEmail":true,"hasTelephone":true,"latitude":48.622025,"longitude":-2.997895,"url":"https://lannuaire.service-public.gouv.fr/bretagne/cotes-d-armor/fc665dac-214b-4c00-bb07-ee6554a40221"}
{"nom":"Communauté de communes - Liffré Cormier Communauté","nomNormalise":"communautedecommunesliffrecormiercommunaute","typeCollectivite":"EPCI","typeEpci":"Communauté de communes","adresse":{"street":"8 le carfour","postalCode":"35340","city":"la bouëxière","country":"France"},"contacts":{"email":"contact@liffre-cormier.fr","telephone":"0299683131"},"horaires":"Du Lundi au Vendredi : de 09h00 à 12h00 de 14h00 à 17h00","website":"https://www.liffre-cormier.fr/","hasWebsite":true,"hasEmail":true,"hasTelephone":true,"latitude":48.18568,"longitude":-1.463073,"url":"https://lannuaire.service-public.gouv.fr/bretagne/ille-et-vilaine/2749543a-a46a-4da1-a981-dabf1d7c31ff"}
{"nom":"Communauté de communes - Loudéac communauté Bretagne Centre","nomNormalise":"communautedecommunesloudeaccommunautebretagnecentre","typeCollectivite":"EPCI","typeEpci":"Communauté de communes","adresse":{"street":"4-6 boulevard de la Gare","postalCode":"22600","city":"Loudéac","country":"France"},"contacts":{"email":"standard@loudeac-communaute.bzh","telephone":"0296660909"},"horaires":"Du Lundi au Jeudi : de 08h30 à 12h00 de 13h30 à 17h30 | Le Vendredi : de 08h30 à 12h00 de 13h30 à 16h30","website":"https://www.bretagnecentre.bzh/","hasWebsite":true,"hasEmail":true,"hasTelephone":true,"latitude":48.1779,"longitude":-2.7598586,"url":"https://lannuaire.service-public.gouv.fr/bretagne/cotes-d-armor/b3471481-51de-407f-aacb-794abc6ae014"}
{"nom":"Communauté de communes - Montfort communauté","nomNormalise":"communautedecommunesmontfortcommunaute","typeCollectivite":"EPCI","typeEpci":"Communauté de communes","adresse":{"street":"4 place du Tribunal","postalCode":"35160","city":"Montfort-sur-Meu","country":"France"},"contacts":{"email":"contact@montfortcommunaute.bzh","telephone":"0299098810"},"horaires":"Du Lundi au Jeudi : de 09h00 à 12h00 de 14h00 à 17h30 | Le Vendredi : de 09h00 à 12h00","website":"https://www.montfortcommunaute.bzh/","hasWebsite":true,"hasEmail":true,"hasTelephone":true,"latitude":48.138092,"longitude":-1.9571351,"url":"https://lannuaire.service-public.gouv.fr/bretagne/ille-et-vilaine/a247a9c1-b89e-4e57-81a1-27255ca8b0e6"}
{"nom":"Communauté de communes - Monts d'Arrée Communauté","nomNormalise":"communautedecommunesmontsdarreecommunaute","typeCollectivite":"EPCI","typeEpci":"Communauté de communes","adresse":{"street":"12 route de Plonevez-du-Faou","postalCode":"29530","city":"Loqueffret","country":"France"},"contacts":{"email":"contact@lesmontsdarre.bzh","telephone":"0298264399"},"horaires":"Du Lundi au Vendredi : de 09h00 à 12h00 de 13h30 à 17h00","website":"https://www.lesmontsdarree.bzh/","hasWebsite":true,"hasEmail":true,"hasTelephone":true,"latitude":48.320374,"longitude":-3.856425,"url":"https://lannuaire.service-public.gouv.fr/bretagne/finistere/a3823fde-810b-4600-b939-b6050c8df83a"}
{"nom":"Communauté de communes - Oust à Brocéliande Communauté","nomNormalise":"communautedecommunesoustabroceliandecommunaute","typeCollectivite":"EPCI","typeEpci":"Communauté de communes","adresse":{"street":"Parc d'activité de Tirten la Paviotaie","postalCode":"56140","city":"Malestroit","country":"France"},"contacts":{"email":"contact@oust-broceliande.bzh","telephone":"0297750102"},"horaires":"Le Lundi : de 08h30 à 12h30 | Du Mardi au Jeudi : de 08h30 à 12h30 de 14h00 à 17h00 | Le Vendredi : de 08h30 à 12h30 de 13h30 à 16h30","website":"https://www.oust-broceliande.bzh/accueil-obc","hasWebsite":true,"hasEmail":true,"hasTelephone":true,"latitude":47.810173,"longitude":-2.383339,"url":"https://lannuaire.service-public.gouv.fr/bretagne/morbihan/91c14c46-8aac-4265-b2a3-cc280382d41f"}
{"nom":"Communauté de communes - Pays des Abers","nomNormalise":"communautedecommunespaysdesabers","typeCollectivite":"EPCI","typeEpci":"Communauté de communes","adresse":{"street":"58 avenue de Waltenhofen","postalCode":"29860","city":"Plabennec","country":"France"},"contacts":{"email":"accueil@pays-des-abers.fr","telephone":"0298376600"},"horaires":"Du Lundi au Jeudi : de 08h30 à 12h00 de 13h30 à 17h30 | Le Vendredi : de 08h30 à 12h00 de 13h30 à 16h15","website":"https://www.paysdesabers.bzh/","hasWebsite":true,"hasEmail":true,"hasTelephone":true,"latitude":48.498215,"longitude":-4.4298825,"url":"https://lannuaire.service-public.gouv.fr/bretagne/finistere/208fa09e-2745-4d85-9c4a-92d799f0982f"}
{"nom":"Communauté de communes - Pays Bigouden Sud","nomNormalise":"communautedecommunespaysbigoudensud","typeCollectivite":"EPCI","typeEpci":"Communauté de communes","adresse":{"street":"17 rue Raymonde-Folgoas-Guillou","postalCode":"29120","city":"Pont-l'Abbé","country":"France"},"contacts":{"email":"contact@ccpbs.fr","telephone":"0298871442"},"horaires":"Du Lundi au Jeudi : de 09h00 à 12h00 de 14h00 à 17h00 | Le Vendredi : de 09h00 à 12h00 de 14h00 à 16h00","website":"https://www.ccpbs.fr/","hasWebsite":true,"hasEmail":true,"hasTelephone":true,"latitude":47.99064,"longitude":-4.113592,"url":"https://lannuaire.service-public.gouv.fr/bretagne/finistere/e92faed0-6868-441a-90e6-b4bc91e6e5e2"}
{"nom":"Communauté de communes - Pays de Châteaugiron","nomNormalise":"communautedecommunespaysdechateaugiron","typeCollectivite":"EPCI","typeEpci":"Communauté de communes","adresse":{"street":"16 rue de Rennes","postalCode":"35410","city":"Châteaugiron","country":"France"},"contacts":{"email":"contact@pcc.bzh","telephone":"0299376768"},"horaires":"Du Lundi au Vendredi : de 08h30 à 12h30 de 13h30 à 17h30","website":"https://www.communaute.paysdechateaugiron.bzh/","hasWebsite":true,"hasEmail":true,"hasTelephone":true,"latitude":48.053978,"longitude":-1.5122409,"url":"https://lannuaire.service-public.gouv.fr/bretagne/ille-et-vilaine/dee69927-f78d-482b-a80e-0860a72c2b2c"}
{"nom":"Communauté de communes - Pays de Dol et de la Baie du Mont Saint-Michel","nomNormalise":"communautedecommunespaysdedoletdelabaiedumontsaintmichel","typeCollectivite":"EPCI","typeEpci":"Communauté de communes","adresse":{"street":"Synergy","postalCode":"35120","city":"Dol-de-Bretagne","country":"France"},"contacts":{"email":"info@ccdol-baiemsm.bzh","telephone":"0299809057"},"horaires":"Du Lundi au Jeudi : de 09h00 à 12h30 de 13h30 à 17h00 | Le Vendredi : de 09h00 à 12h30 de 13h30 à 16h00","website":"https://www.ccdol-baiemsm.bzh/","hasWebsite":true,"hasEmail":true,"hasTelephone":true,"latitude":48.550762,"longitude":-1.71988,"url":"https://lannuaire.service-public.gouv.fr/bretagne/ille-et-vilaine/7c5ba5ba-9873-4991-bd0b-1e78e24a8e08"}
{"nom":"Communauté de communes - Pays Fouesnantais","nomNormalise":"communautedecommunespaysfouesnantais","typeCollectivite":"EPCI","typeEpci":"Communauté de communes","adresse":{"street":"11 espace Kérourgué","postalCode":"29170","city":"Fouesnant","country":"France"},"contacts":{"email":"contact@cc-paysfouesnantais.fr","telephone":"0298516127"},"horaires":"Du Lundi au Vendredi : de 08h30 à 12h00 de 13h30 à 17h30","website":"https://www.cc-paysfouesnantais.fr/","hasWebsite":true,"hasEmail":true,"hasTelephone":true,"latitude":47.893745,"longitude":-4.011527,"url":"https://lannuaire.service-public.gouv.fr/bretagne/finistere/3ad0e9c5-1ecd-4fae-85d4-ab66c38857c1"}
{"nom":"Communauté de communes - Pays d'Iroise","nomNormalise":"communautedecommunespaysdiroise","typeCollectivite":"EPCI","typeEpci":"Communauté de communes","adresse":{"street":"Zone de Kerdrioual","postalCode":"29290","city":"Lanrivoaré","country":"France"},"contacts":{"email":"accueil@ccpi.bzh","telephone":"0298842865"},"horaires":"Du Lundi au Jeudi : de 08h30 à 12h00 de 13h30 à 17h00 | Le Vendredi : de 08h30 à 12h00 de 13h30 à 16h30","website":"https://www.pays-iroise.bzh/","hasWebsite":true,"hasEmail":true,"hasTelephone":true,"latitude":48.47137,"longitude":-4.6484485,"url":"https://lannuaire.service-public.gouv.fr/bretagne/finistere/c65b4648-b116-407c-9bca-559bd4d021f0"}
{"nom":"Communauté de communes - Pays de Landerneau Daoulas","nomNormalise":"communautedecommunespaysdelanderneaudaoulas","typeCollectivite":"EPCI","typeEpci":"Communauté de communes","adresse":{"street":"Maison des services publics","postalCode":"29800","city":"Landerneau","country":"France"},"contacts":{"email":"assemblees@capld.bzh","telephone":"0298213767"},"horaires":"Du Lundi au Vendredi : de 08h30 à 12h00 de 13h30 à 17h00","website":"https://www.pays-landerneau-daoulas.fr/","hasWebsite":true,"hasEmail":true,"hasTelephone":true,"latitude":48.453655,"longitude":-4.2520723,"url":"https://lannuaire.service-public.gouv.fr/bretagne/finistere/a2dde166-94fa-4bd3-a957-36c884e81b10"}
{"nom":"Communauté de communes - Pays de Landivisiau","nomNormalise":"communautedecommunespaysdelandivisiau","typeCollectivite":"EPCI","typeEpci":"Communauté de communes","adresse":{"street":"Rue Robert-Schumann","postalCode":"29401","city":"Landivisiau","country":"France"},"contacts":{"email":"contact@paysdelandi.com","telephone":"0298684241"},"horaires":"Du Lundi au Vendredi : de 08h30 à 12h30 de 13h30 à 17h30","website":"https://www.paysdelandi.com/","hasWebsite":true,"hasEmail":true,"hasTelephone":true,"latitude":48.51013,"longitude":-4.073265,"url":"https://lannuaire.service-public.gouv.fr/bretagne/finistere/04041aa2-4bc8-4955-ac5b-e58a74a8c2ef"}
{"nom":"Communauté de communes - Pleyben Châteaulin Porzay","nomNormalise":"communautedecommunespleybenchateaulinporzay","typeCollectivite":"EPCI","typeEpci":"Communauté de communes","adresse":{"street":"9 rue Camille-Danguillaume","postalCode":"29150","city":"Châteaulin","country":"France"},"contacts":{"email":"accueil@ccpcp.bzh","telephone":"0298161400"},"horaires":"Du Lundi au Jeudi : de 08h30 à 12h30 de 13h30 à 17h30 | Le Vendredi : de 08h30 à 12h30 de 13h30 à 16h30","website":"https://www.ccpcp.bzh/","hasWebsite":true,"hasEmail":true,"hasTelephone":true,"latitude":48.21267,"longitude":-4.058993,"url":"https://lannuaire.service-public.gouv.fr/bretagne/finistere/3ddb8b8d-998e-42cd-9fcf-ec89844d312d"}
{"nom":"Communauté de communes - Poher Communauté","nomNormalise":"communautedecommunespohercommunaute","typeCollectivite":"EPCI","typeEpci":"Communauté de communes","adresse":{"street":"Place de la Tour-d'Auvergne","postalCode":"29270","city":"Carhaix-Plouguer","country":"France"},"contacts":{"email":"poher@poher.bzh","telephone":"0298994800"},"horaires":"Du Lundi au Vendredi : de 08h30 à 12h00 de 13h30 à 17h00","website":"https://www.poher.bzh/accueil_poher","hasWebsite":true,"hasEmail":true,"hasTelephone":true,"latitude":48.27573,"longitude":-3.5718875,"url":"https://lannuaire.service-public.gouv.fr/bretagne/finistere/adc98035-5c0a-431b-b852-0e9593fae53b"}
{"nom":"Communauté de communes - Pontivy Communauté","nomNormalise":"communautedecommunespontivycommunaute","typeCollectivite":"EPCI","typeEpci":"Communauté de communes","adresse":{"street":"1 place Ernest-Jean","postalCode":"56300","city":"Pontivy","country":"France"},"contacts":{"email":"info@pontivy-communaute.bzh","telephone":"0297250170"},"horaires":"Du Lundi au Jeudi : de 09h00 à 12h00 de 14h00 à 17h00 | Le Vendredi : de 09h00 à 12h00 de 14h00 à 16h30","website":"https://www.pontivy-communaute.bzh/","hasWebsite":true,"hasEmail":true,"hasTelephone":true,"latitude":48.06615,"longitude":-2.967056,"url":"https://lannuaire.service-public.gouv.fr/bretagne/morbihan/7fe5982f-c685-4acc-baa0-4a789b1d7daf"}
{"nom":"Communauté de communes - Presqu'île de Crozon Aulne Maritime","nomNormalise":"communautedecommunespresquiledecrozonaulnemaritime","typeCollectivite":"EPCI","typeEpci":"Communauté de communes","adresse":{"street":"ZA de Kerdanvez","postalCode":"29160","city":"Crozon","country":"France"},"contacts":{"email":"contact@comcom-crozon.bzh","telephone":"0298272476"},"horaires":"Du Lundi au Jeudi : de 09h00 à 12h00 de 13h30 à 17h30 | Le Vendredi : de 09h00 à 12h00 de 13h30 à 17h00","website":"https://www.comcom-crozon.com/","hasWebsite":true,"hasEmail":true,"hasTelephone":true,"latitude":48.246056,"longitude":-4.489964,"url":"https://lannuaire.service-public.gouv.fr/bretagne/finistere/42576b57-5900-48fc-a903-9a05f981eb78"}
{"nom":"Communauté de communes - Questembert communauté","nomNormalise":"communautedecommunesquestembertcommunaute","typeCollectivite":"EPCI","typeEpci":"Communauté de communes","adresse":{"street":"8 avenue de la Gare","postalCode":"56230","city":"Questembert","country":"France"},"contacts":{"email":"contact@questembert-communaute.fr","telephone":"0297265951"},"horaires":"Le Lundi : de 09h00 à 12h30 de 14h00 à 17h00 | Le Mardi : de 09h00 à 12h30 | Du Mercredi au Jeudi : de 09h00 à 12h30 de 14h00 à 17h00 | Le Vendredi : de 09h00 à 12h30","website":"https://www.questembert-communaute.fr/","hasWebsite":true,"hasEmail":true,"hasTelephone":true,"latitude":47.682285,"longitude":-2.448875,"url":"https://lannuaire.service-public.gouv.fr/bretagne/morbihan/0f9e48ad-d869-4208-9154-99d15aed4746"}
{"nom":"Communauté de communes - Roche aux Fées Communauté","nomNormalise":"communautedecommunesrocheauxfeescommunaute","typeCollectivite":"EPCI","typeEpci":"Communauté de communes","adresse":{"street":"16 rue Louis-Pasteur","postalCode":"35240","city":"Retiers","country":"France"},"contacts":{"email":"accueil@rafcom.bzh","telephone":"0299436487"},"horaires":"Du Lundi au Jeudi : de 09h00 à 12h00 de 14h00 à 17h30 | Le Vendredi : de 09h00 à 12h00 de 14h00 à 16h30","website":"https://www.rafcom.bzh/","hasWebsite":true,"hasEmail":true,"hasTelephone":true,"latitude":47.911594,"longitude":-1.379538,"url":"https://lannuaire.service-public.gouv.fr/bretagne/ille-et-vilaine/4fb521dd-3cb0-48b1-9b7e-d45ecfa80c21"}
{"nom":"Communauté de communes - Roi Morvan communauté","nomNormalise":"communautedecommunesroimorvancommunaute","typeCollectivite":"EPCI","typeEpci":"Communauté de communes","adresse":{"street":"Espace du Docteur-Paul-Lohéac","postalCode":"56110","city":"Gourin","country":"France"},"contacts":{"email":"secretariat@rmcom.bzh","telephone":"0297233690"},"horaires":"Du Lundi au Jeudi : de 08h45 à 12h00 de 13h30 à 17h00 | Le Vendredi : de 08h45 à 12h00 de 13h30 à 16h00","website":"https://rmcom.bzh/","hasWebsite":true,"hasEmail":true,"hasTelephone":true,"latitude":48.140053,"longitude":-3.6051471,"url":"https://lannuaire.service-public.gouv.fr/bretagne/morbihan/eae078e1-af98-4718-97bb-27d8f520dde3"}
{"nom":"Communauté de communes - Saint-Méen Montauban","nomNormalise":"communautedecommunessaintmeenmontauban","typeCollectivite":"EPCI","typeEpci":"Communauté de communes","adresse":{"street":"46 rue de Saint-Malo","postalCode":"35360","city":"Montauban-de-Bretagne","country":"France"},"contacts":{"email":"accueil@stmeen-montauban.fr","telephone":"0299065492"},"horaires":"Du Lundi au Jeudi : de 09h00 à 12h00 de 14h00 à 17h15 | Le Vendredi : de 09h00 à 12h00 de 14h00 à 17h00","website":"https://www.stmeen-montauban.fr/","hasWebsite":true,"hasEmail":true,"hasTelephone":true,"latitude":48.205444,"longitude":-2.043501,"url":"https://lannuaire.service-public.gouv.fr/bretagne/ille-et-vilaine/f412ba09-36fc-4f9d-8566-f1271abde6e0"}
{"nom":"Communauté de communes - Val d'Ille Aubigné","nomNormalise":"communautedecommunesvaldilleaubigne","typeCollectivite":"EPCI","typeEpci":"Communauté de communes","adresse":{"street":"1 La Métairie","postalCode":"35520","city":"Montreuil-le-Gast","country":"France"},"contacts":{"email":"contact@valdille-aubigne.fr","telephone":"0299698686"},"horaires":"Du Lundi au Mardi : de 09h00 à 12h30 de 14h00 à 17h30 | Le Mercredi : de 09h00 à 12h30 | Du Jeudi au Vendredi : de 09h00 à 12h30 de 14h00 à 17h30","website":"https://www.valdille-aubigne.fr/","hasWebsite":true,"hasEmail":true,"hasTelephone":true,"latitude":48.245827,"longitude":-1.717222,"url":"https://lannuaire.service-public.gouv.fr/bretagne/ille-et-vilaine/da8f346b-34a1-45e8-8172-34596ba16f5c"}
{"nom":"Communauté de communes - Vallons de Haute Bretagne","nomNormalise":"communautedecommunesvallonsdehautebretagne","typeCollectivite":"EPCI","typeEpci":"Communauté de communes","adresse":{"street":"ZA La Lande-Rose","postalCode":"35580","city":"Guichen","country":"France"},"contacts":{"email":"accueil@vallonsdehautebretagne.fr","telephone":"0299570380"},"horaires":"Du Lundi au Vendredi : de 09h00 à 12h30 de 13h30 à 17h00","website":"https://www.vallons-de-haute-bretagne-communaute.fr/","hasWebsite":true,"hasEmail":true,"hasTelephone":true,"latitude":47.97068,"longitude":-1.8119984,"url":"https://lannuaire.service-public.gouv.fr/bretagne/ille-et-vilaine/f7614f4b-abf8-4bd6-9520-4effc9da6e68"}
{"nom":"Communauté - Haut-Léon","nomNormalise":"communautehautleon","typeCollectivite":"EPCI","typeEpci":"","adresse":{"street":"29 rue des Carmes","postalCode":"29250","city":"Saint-Pol-de-Léon","country":"France"},"contacts":{"email":"contact@hlc.bzh","telephone":"0298691044"},"horaires":"Du Lundi au Vendredi : de 08h30 à 12h00 de 13h30 à 17h00","website":"https://www.hautleoncommunaute.bzh/","hasWebsite":true,"hasEmail":true,"hasTelephone":true,"latitude":48.68239,"longitude":-3.989469,"url":"https://lannuaire.service-public.gouv.fr/bretagne/finistere/e3ba5e5d-ccf1-43c6-b4cb-71f75301b007"}
{"nom":"Communauté - Lannion - Trégor","nomNormalise":"communautelanniontregor","typeCollectivite":"EPCI","typeEpci":"","adresse":{"street":"1 rue Monge","postalCode":"22307","city":"Lannion Cedex","country":"France"},"contacts":{"email":"contact@lannion-tregor.com","telephone":"0296050900"},"horaires":"Du Lundi au Jeudi : de 08h30 à 12h00 de 13h30 à 17h30 | Le Vendredi : de 08h30 à 12h00 de 13h30 à 17h00","website":"https://www.lannion-tregor.com/","hasWebsite":true,"hasEmail":true,"hasTelephone":true,"latitude":48.75426,"longitude":-3.4506874,"url":"https://lannuaire.service-public.gouv.fr/bretagne/cotes-d-armor/bd1eb6f2-93fe-4868-88ac-6678d2b6efde"}
{"nom":"Communauté Lesneven - Côte des Légendes","nomNormalise":"communautelesnevencotedeslegendes","typeCollectivite":"EPCI","typeEpci":"","adresse":{"street":"12 boulevard des Frères-Lumière","postalCode":"29260","city":"Lesneven","country":"France"},"contacts":{"email":"contact@clcl.bzh","telephone":"0298211177"},"horaires":"Du Lundi au Jeudi : de 08h30 à 12h00 de 13h30 à 17h00 | Le Vendredi : de 08h30 à 12h00 de 13h30 à 16h30","website":"https://www.clcl.bzh/","hasWebsite":true,"hasEmail":true,"hasTelephone":true,"latitude":48.574142,"longitude":-4.316797,"url":"https://lannuaire.service-public.gouv.fr/bretagne/finistere/3d0bafeb-c328-4370-83a3-c755751bbbb4"}
{"nom":"Communauté - Ploërmel","nomNormalise":"communauteploermel","typeCollectivite":"EPCI","typeEpci":"","adresse":{"street":"Place de l'Hôtel-de-Ville","postalCode":"56800","city":"Ploërmel","country":"France"},"contacts":{"email":"contact@ploermelcommunaute.bzh","telephone":"0297732073"},"horaires":"Du Lundi au Vendredi : de 09h00 à 12h00 de 13h30 à 17h30","website":"https://www.ploermelcommunaute.bzh/","hasWebsite":true,"hasEmail":true,"hasTelephone":true,"latitude":47.930214,"longitude":-2.396693,"url":"https://lannuaire.service-public.gouv.fr/bretagne/morbihan/441c1369-1306-460e-bfee-ed44615b4630"}
{"nom":"Communauté - Quimperlé","nomNormalise":"communautequimperle","typeCollectivite":"EPCI","typeEpci":"","adresse":{"street":"1 rue Andreï-Sakharov","postalCode":"29394","city":"Quimperlé Cedex","country":"France"},"contacts":{"email":"contact@quimperle-co.bzh","telephone":"0298350940"},"horaires":"Du Lundi au Jeudi : de 08h30 à 12h00 de 13h30 à 17h30 | Le Vendredi : de 09h00 à 12h00 de 13h30 à 17h00","website":"https://www.quimperle-communaute.bzh/","hasWebsite":true,"hasEmail":true,"hasTelephone":true,"latitude":47.872585,"longitude":-3.547546,"url":"https://lannuaire.service-public.gouv.fr/bretagne/finistere/4a1e25da-8442-4cdf-a6d8-0250aceb67db"}
{"nom":"Guingamp-Paimpol-Agglomération","nomNormalise":"guingamppaimpolagglomeration","typeCollectivite":"EPCI","typeEpci":"Communauté d’agglomération","adresse":{"street":"11 rue de la Trinité","postalCode":"22200","city":"Guingamp","country":"France"},"contacts":{"email":"contact@guingamp-paimpol.bzh","telephone":"0296135959"},"horaires":"Du Lundi au Mardi : de 08h30 à 12h00 de 13h30 à 17h00 | Le Mardi : de 08h30 à 12h45 de 13h30 à 17h00 | Le Mercredi : de 08h30 à 12h00 de 13h30 à 17h00 | Le Jeudi : de 08h30 à 12h00 de 13h30 à 17h00 | Le Vendredi : de 08h30 à 12h45 de 13h30 à 17h00","website":"https://www.guingamp-paimpol-agglo.bzh/","hasWebsite":true,"hasEmail":true,"hasTelephone":true,"latitude":48.56069,"longitude":-3.1464887,"url":"https://lannuaire.service-public.gouv.fr/bretagne/cotes-d-armor/98890f92-fe8f-479f-b7c8-fe9d2e9e8383"}
{"nom":"Métropole - Brest","nomNormalise":"metropolebrest","typeCollectivite":"EPCI","typeEpci":"","adresse":{"street":"24 rue Coat-ar-Guéven","postalCode":"29238","city":"Brest","country":"France"},"contacts":{"email":"contact@brest-metropole.fr","telephone":"0298335050"},"horaires":"Du Lundi au Vendredi : de 08h00 à 17h30","website":"https://brest.fr/","hasWebsite":true,"hasEmail":true,"hasTelephone":true,"latitude":48.393562,"longitude":-4.4828362,"url":"https://lannuaire.service-public.gouv.fr/bretagne/finistere/118a2e23-7918-43f9-a77a-09cf61e56bdf"}
{"nom":"Métropole - Rennes","nomNormalise":"metropolerennes","typeCollectivite":"EPCI","typeEpci":"","adresse":{"street":"4 avenue Henri-Fréville","postalCode":"35031","city":"Rennes Cedex","country":"France"},"contacts":{"email":"accueil@rennesmetropole.fr","telephone":"0299866060"},"horaires":"Du Lundi au Vendredi : de 08h30 à 17h00","website":"https://metropole.rennes.fr/","hasWebsite":true,"hasEmail":true,"hasTelephone":true,"latitude":48.093056,"longitude":-1.674833,"url":"https://lannuaire.service-public.gouv.fr/bretagne/ille-et-vilaine/9c843b17-826c-4b99-be0c-ffa090632c21"}
