{"nom":"Communauté d'agglomération - Bastia","nomNormalise":"communautedagglomerationbastia","typeCollectivite":"EPCI","typeEpci":"Communauté d’agglomération","adresse":{"street":"Port de Toga","postalCode":"20200","city":"Bastia","country":"France"},"contacts":{"email":"contact@agglo-bastia.corsica","telephone":"0495551818"},"horaires":"Du Lundi au Vendredi : de 08h30 à 16h30","website":"https://www.bastia-agglomeration.corsica/","hasWebsite":true,"hasEmail":true,"hasTelephone":true,"latitude":42.697285,"longitude":9.450881,"url":"https://lannuaire.service-public.gouv.fr/corse/haute-corse/4d2fa6f9-0111-4544-b42d-45fdd7e8e56b"}
{"nom":"Communauté d'agglomération - Pays Ajaccien","nomNormalise":"communautedagglomerationpaysajaccien","typeCollectivite":"EPCI","typeEpci":"Communauté d’agglomération","adresse":{"street":"Espace Alban Bât G et H","postalCode":"20000","city":"Ajaccio","country":"France"},"contacts":{"email":"contact@ca-ajaccien.fr","telephone":"0495529500"},"horaires":"Du Lundi au Vendredi : de 08h30 à 12h00 de 13h30 à 17h00 Accueil ouvert en juillet-août de 8h à 12h et de 12h45 à 16h30.","website":"https://www.ca-ajaccien.corsica/","hasWebsite":true,"hasEmail":true,"hasTelephone":true,"latitude":41.92967,"longitude":8.73822,"url":"https://lannuaire.service-public.gouv.fr/corse/corse-du-sud/6aed69f9-1ea4-4b35-8190-fa6bc29f0899"}
{"nom":"Communauté de communes - Alta Rocca","nomNormalise":"communautedecommunesaltarocca","typeCollectivite":"EPCI","typeEpci":"Communauté de communes","adresse":{"street":"Rue Sorba","postalCode":"20170","city":"Levie","country":"France"},"contacts":{"email":"secretariat@alta-rocca.com","telephone":"0495784793"},"horaires":"Du Lundi au Vendredi : de 08h30 à 12h00 de 13h30 à 17h00","website":"https://www.alta-rocca.com/","hasWebsite":true,"hasEmail":true,"hasTelephone":true,"latitude":41.70281,"longitude":9.122093,"url":"https://lannuaire.service-public.gouv.fr/corse/corse-du-sud/00b4106d-21c4-4544-a4e8-2cd16e80491e"}
{"nom":"Communauté de communes - Calvi Balagne","nomNormalise":"communautedecommunescalvibalagne","typeCollectivite":"EPCI","typeEpci":"Communauté de communes","adresse":{"street":"4 bis avenue du Commandant-Marche","postalCode":"20260","city":"Calvi","country":"France"},"contacts":{"email":"accueil@cc-calvi-balagne.fr","telephone":"0495628841"},"horaires":"Du Lundi au Mardi : de 09h00 à 12h00 de 14h00 à 17h00 | Du Jeudi au Vendredi : de 09h00 à 12h00 de 14h00 à 17h00","website":"http://www.cc-calvi-balagne.fr/","hasWebsite":true,"hasEmail":true,"hasTelephone":true,"latitude":42.56765,"longitude":8.757222,"url":"https://lannuaire.service-public.gouv.fr/corse/haute-corse/32a788ac-44bc-4eeb-b724-0e271ff220d0"}
{"nom":"Communauté de communes - Cap Corse","nomNormalise":"communautedecommunescapcorse","typeCollectivite":"EPCI","typeEpci":"Communauté de communes","adresse":{"street":"Bâtiment A et B","postalCode":"20222","city":"Brando","country":"France"},"contacts":{"email":"contact@cc-capcorse.corsica","telephone":"0495310232"},"horaires":"Du Lundi au Jeudi : de 08h30 à 12h30 de 14h00 à 17h30 | Le Vendredi : de 08h30 à 12h30 de 14h00 à 16h30","website":"https://destination-cap-corse.corsica/","hasWebsite":true,"hasEmail":true,"hasTelephone":true,"latitude":42.71417,"longitude":9.431666,"url":"https://lannuaire.service-public.gouv.fr/corse/haute-corse/48580546-1e0c-43df-b7ac-1d2c13b2175e"}
{"nom":"Communauté de communes - Celavu Prunelli","nomNormalise":"communautedecommunescelavuprunelli","typeCollectivite":"EPCI","typeEpci":"Communauté de communes","adresse":{"street":"Fontanaccia","postalCode":"20129","city":"Bastelicaesia","country":"France"},"contacts":{"email":"contact@celavu-prunelli.fr","telephone":"0495291940"},"horaires":"Du Lundi au Vendredi : de 09h00 à 16h00","website":"https://celavu-prunelli.fr/","hasWebsite":true,"hasEmail":true,"hasTelephone":true,"latitude":41.923634,"longitude":8.833595,"url":"https://lannuaire.service-public.gouv.fr/corse/corse-du-sud/b764278d-67b6-4e7e-8061-efb9f8670b51"}
{"nom":"Communauté de communes - Centre Corse","nomNormalise":"communautedecommunescentrecorse","typeCollectivite":"EPCI","typeEpci":"Communauté de communes","adresse":{"street":"ZA RT 50","postalCode":"20250","city":"Corte","country":"France"},"contacts":{"email":"accueil@cccentre-corse.fr","telephone":"0495470404"},"horaires":"Du Lundi au Vendredi : de 09h00 à 12h00 de 14h00 à 17h00","website":"https://www.centre-corse.com/","hasWebsite":true,"hasEmail":true,"hasTelephone":true,"latitude":42.309044,"longitude":9.146443,"url":"https://lannuaire.service-public.gouv.fr/corse/haute-corse/3b92c86f-db67-49c1-bf92-7ac679c7482e"}
{"nom":"Communauté de communes - Costa Verde","nomNormalise":"communautedecommunescostaverde","typeCollectivite":"EPCI","typeEpci":"Communauté de communes","adresse":{"street":"Maison du développement","postalCode":"20230","city":"San-Nicolao","country":"France"},"contacts":{"email":"contact@costa-verde.fr","telephone":"0495384739"},"horaires":"Du Lundi au Vendredi : de 08h00 à 16h45","website":"https://www.costa-verde.fr/","hasWebsite":true,"hasEmail":true,"hasTelephone":true,"latitude":42.374107,"longitude":9.529727,"url":"https://lannuaire.service-public.gouv.fr/corse/haute-corse/bb923067-a595-4667-8806-92071602554b"}
{"nom":"Communauté de communes - Fium'Orbu Castellu","nomNormalise":"communautedecommunesfiumorbucastellu","typeCollectivite":"EPCI","typeEpci":"Communauté de communes","adresse":{"street":"Ghisonaccia","postalCode":"20240","city":"Ghisonaccia","country":"France"},"contacts":{"email":"accueil@ccfc.corsica","telephone":"0495561010"},"horaires":"Du Lundi au Vendredi : de 09h00 à 12h00 de 14h00 à 17h00","website":"https://www.ccfiumorbucastellu.corsica/","hasWebsite":true,"hasEmail":true,"hasTelephone":true,"latitude":42.016544,"longitude":9.397132,"url":"https://lannuaire.service-public.gouv.fr/corse/haute-corse/a114e5df-17fa-4e20-acc2-7554cac94d8d"}
{"nom":"Communauté de communes - Île-Rousse-Balagne","nomNormalise":"communautedecommunesileroussebalagne","typeCollectivite":"EPCI","typeEpci":"Communauté de communes","adresse":{"street":"Lieu-dit E-Padule","postalCode":"20220","city":"L'Île-Rousse","country":"France"},"contacts":{"email":"contact@ccirb.fr","telephone":"0495463134"},"horaires":"Du Lundi au Jeudi : de 08h30 à 12h00 de 13h30 à 17h00 | Le Vendredi : de 08h30 à 12h00","website":"https://www.lisula-balagna.fr/","hasWebsite":true,"hasEmail":true,"hasTelephone":true,"latitude":42.63349,"longitude":8.937503,"url":"https://lannuaire.service-public.gouv.fr/corse/haute-corse/6fa48813-8b77-40fe-856a-0e577a814cc0"}
{"nom":"Communauté de communes - La Casinca","nomNormalise":"communautedecommuneslacasinca","typeCollectivite":"EPCI","typeEpci":"Communauté de communes","adresse":{"street":"Route du Stade","postalCode":"20215","city":"Vescovato","country":"France"},"contacts":{"email":"contact@castagnicciacasinca.fr","telephone":"0495306109"},"horaires":"Du Lundi au Vendredi : de 08h30 à 12h00 de 14h00 à 17h00","website":"https://www.castagnicciacasinca.fr/","hasWebsite":true,"hasEmail":true,"hasTelephone":true,"latitude":42.5043,"longitude":9.464201,"url":"https://lannuaire.service-public.gouv.fr/corse/haute-corse/9c532bbb-6022-49b7-9b78-0ef18c4ca944"}
{"nom":"Communauté de communes - La Pieve de l'Ornano et du Taravo","nomNormalise":"communautedecommuneslapievedelornanoetdutaravo","typeCollectivite":"EPCI","typeEpci":"Communauté de communes","adresse":{"street":"428 boulevard Marie-Jeanne-Bozzi","postalCode":"20166","city":"Porticcio","country":"France"},"contacts":{"email":"contact@pieveornano.com","telephone":"0495230200"},"horaires":"Du Lundi au Jeudi : de 08h30 à 12h00 de 14h00 à 17h00 | Le Vendredi : de 08h30 à 12h00 de 14h00 à 16h00","website":"http://www.pieveornano.fr/","hasWebsite":true,"hasEmail":true,"hasTelephone":true,"latitude":41.887383,"longitude":8.803258,"url":"https://lannuaire.service-public.gouv.fr/corse/corse-du-sud/18dd9f65-b530-4234-ad37-d05777b788e0"}
{"nom":"Communauté de communes - Marana-Golo","nomNormalise":"communautedecommunesmaranagolo","typeCollectivite":"EPCI","typeEpci":"Communauté de communes","adresse":{"street":"2008 route de l'Aéroport","postalCode":"20290","city":"Lucciana","country":"France"},"contacts":{"email":"contact@maranagolo.org","telephone":"0495584040"},"horaires":"Du Lundi au Vendredi : de 07h30 à 13h30","website":"https://maranagolo.org/","hasWebsite":true,"hasEmail":true,"hasTelephone":true,"latitude":42.546825,"longitude":9.418036,"url":"https://lannuaire.service-public.gouv.fr/corse/haute-corse/32a84c9a-b6c6-4406-bbb8-cfed4b0d2526"}
{"nom":"Communauté de communes - Nebbiu","nomNormalise":"communautedecommunesnebbiu","typeCollectivite":"EPCI","typeEpci":"Communauté de communes","adresse":{"street":"Bâtiment administratif","postalCode":"20217","city":"Saint-Florent","country":"France"},"contacts":{"email":"ccnebbiuconcadoru@orange.fr","telephone":"0495360769"},"horaires":"Du Lundi au Vendredi : de 09h00 à 12h00 de 14h00 à 18h00","website":"https://www.ccnebbiuconcadoru.com/","hasWebsite":true,"hasEmail":true,"hasTelephone":true,"latitude":42.6825,"longitude":9.304583,"url":"https://lannuaire.service-public.gouv.fr/corse/haute-corse/32c1cb96-ff43-4796-9165-0e2826247bf0"}
{"nom":"Communauté de communes - Oriente","nomNormalise":"communautedecommunesoriente","typeCollectivite":"EPCI","typeEpci":"Communauté de communes","adresse":{"street":"Cateraggio","postalCode":"20270","city":"Aléria","country":"France"},"contacts":{"email":"comcomoriente@orange.fr","telephone":"0495579763"},"horaires":"Du Lundi au Vendredi : de 09h00 à 12h00 de 14h00 à 18h00 | Accueil ouvert sur rendez-vous de préférence.","website":"","hasWebsite":false,"hasEmail":true,"hasTelephone":true,"latitude":42.114796,"longitude":9.513162,"url":"https://lannuaire.service-public.gouv.fr/corse/haute-corse/386a0331-ef71-42a2-a361-3dd3e6c1498e"}
{"nom":"Communauté de communes - Pasquale Paoli","nomNormalise":"communautedecommunespasqualepaoli","typeCollectivite":"EPCI","typeEpci":"Communauté de communes","adresse":{"street":"Site Prumtei","postalCode":"20236","city":"Omessa","country":"France"},"contacts":{"email":"secretariat@cc-pasquale-paoli.corsica","telephone":"0495323408"},"horaires":"Du Lundi au Jeudi : de 09h00 à 12h00 de 13h00 à 17h00 | Le Vendredi : de 09h00 à 12h00 de 13h00 à 16h00","website":"https://cc-pasquale-paoli.com/","hasWebsite":true,"hasEmail":true,"hasTelephone":true,"latitude":42.398716,"longitude":9.192342,"url":"https://lannuaire.service-public.gouv.fr/corse/haute-corse/cf033f3c-ffbb-49bc-a1c3-ac85f0d15059"}
{"nom":"Communauté de communes - Sartenais Valinco Taravo","nomNormalise":"communautedecommunessartenaisvalincotaravo","typeCollectivite":"EPCI","typeEpci":"Communauté de communes","adresse":{"street":"Maison des douaniers","postalCode":"20110","city":"Propriano","country":"France"},"contacts":{"email":"contact@sartenaisvalinco.fr","telephone":"0495200634"},"horaires":"Du Lundi au Vendredi : de 09h00 à 12h00 de 14h00 à 16h30","website":"https://ccsvt.fr/","hasWebsite":true,"hasEmail":true,"hasTelephone":true,"latitude":41.6757,"longitude":8.901895,"url":"https://lannuaire.service-public.gouv.fr/corse/corse-du-sud/e81b8541-ddc0-4427-bf10-c6e28460368f"}
{"nom":"Communauté de communes - Spelunca Liamone","nomNormalise":"communautedecommunesspeluncaliamone","typeCollectivite":"EPCI","typeEpci":"Communauté de communes","adresse":{"street":"Route du Couvent","postalCode":"20160","city":"Vico","country":"France"},"contacts":{"email":"contact@spelunca-liamone.corsica","telephone":"0495251216"},"horaires":"Du Lundi au Vendredi : de 09h00 à 12h00","website":"https://spelunca-liamone.corsica/","hasWebsite":true,"hasEmail":true,"hasTelephone":true,"latitude":42.145603,"longitude":8.720242,"url":"https://lannuaire.service-public.gouv.fr/corse/corse-du-sud/b720ee0f-73aa-49ac-b317-c8a4a5f75fdc"}
{"nom":"Communauté de communes - Sud Corse","nomNormalise":"communautedecommunessudcorse","typeCollectivite":"EPCI","typeEpci":"Communauté de communes","adresse":{"street":"Immeuble Le Sphinx","postalCode":"20538","city":"Porto-Vecchio Cedex","country":"France"},"contacts":{"email":"secretariat.general@cc-sudcorse.fr","telephone":"0495707343"},"horaires":"Du Lundi au Vendredi : de 08h30 à 12h00 de 14h00 à 17h00","website":"https://www.cc-sudcorse.fr/","hasWebsite":true,"hasEmail":true,"hasTelephone":true,"latitude":41.59137,"longitude":9.278311,"url":"https://lannuaire.service-public.gouv.fr/corse/corse-du-sud/e18ba497-a79c-4387-b84d-cb47dfec32b3"}
