{"nom":"Abriès-Ristolas","adresse":"1 place des Halles , 05460 , Abriès-Ristolas , France","codePostal":"05460 ","region":"Provence-Alpes-Côte d'Azur","departement":"Hautes-Alpes","departementCode":"05","horaires":"Du Lundi au Vendredi : de 09h00 à 12h00","email":"mairie@abries-ristolas.fr","telephone":"04 92 46 71 03","latitude":44.793953,"longitude":6.926206,"website":"http://www.abries-ristolas.fr/","url":"https://lannuaire.service-public.gouv.fr/provence-alpes-cote-d-azur/hautes-alpes/cd8b30e6-6563-4930-acb5-e9c9956cb9e8"}
{"nom":"Aiguilles","adresse":"1 place Jean-Léa , 05470 , Aiguilles , France","codePostal":"05470 ","region":"Provence-Alpes-Côte d'Azur","departement":"Hautes-Alpes","departementCode":"05","horaires":"Du Lundi au Vendredi : de 09h00 à 12h00","email":"infos@mairie-aiguilles.com","telephone":"04 92 46 70 17","latitude":44.78192,"longitude":6.869101,"website":"https://www.mairie-aiguilles.com/","url":"https://lannuaire.service-public.gouv.fr/provence-alpes-cote-d-azur/hautes-alpes/a796b37c-e398-4e5c-9734-fd34cd6f9141"}
{"nom":"Ancelle","adresse":"2 place de la Mairie , 05260 , Ancelle , France","codePostal":"05260 ","region":"Provence-Alpes-Côte d'Azur","departement":"Hautes-Alpes","departementCode":"05","horaires":"Du Lundi au Jeudi : de 09h00 à 12h00 de 14h00 à 17h30\nLe Vendredi : de 09h00 à 12h00 de 14h00 à 16h30","email":"accueil@mairieancelle.fr","telephone":"04 92 50 83 05","latitude":44.623886,"longitude":6.20542,"website":"https://mairieancelle.fr/","url":"https://lannuaire.service-public.gouv.fr/provence-alpes-cote-d-azur/hautes-alpes/9f046d8b-a0ed-4ba5-975d-623a60080832"}
{"nom":"Arvieux","adresse":"3636 route de l'Izoard , 05350 , Arvieux , France","codePostal":"05350 ","region":"Provence-Alpes-Côte d'Azur","departement":"Hautes-Alpes","departementCode":"05","horaires":"Le Lundi : de 09h00 à 12h00 de 13h30 à 16h30\nLe Mardi : de 09h00 à 12h00\nLe Jeudi : de 09h00 à 12h00 de 13h30 à 16h30\nLe Vendredi : de 09h00 à 12h00","email":"mairie@arvieux.fr","telephone":"04 92 46 72 81","latitude":44.767372,"longitude":6.738928,"website":"http://www.mairie-arvieux.fr/","url":"https://lannuaire.service-public.gouv.fr/provence-alpes-cote-d-azur/hautes-alpes/bb609494-5531-48ea-ab69-9d035ea3134d"}
{"nom":"Aspremont","adresse":"113 route d'Aspres , 05140 , Aspremont , France","codePostal":"05140 ","region":"Provence-Alpes-Côte d'Azur","departement":"Hautes-Alpes","departementCode":"05","horaires":"Le Lundi : de 09h00 à 12h00 de 13h30 à 16h30\nLe Jeudi : de 09h00 à 12h00 de 13h30 à 16h30","email":"aspremont@wanadoo.fr","telephone":"04 92 58 64 27","latitude":44.50049,"longitude":5.7318244,"website":"https://www.aspremont05.fr/","url":"https://lannuaire.service-public.gouv.fr/provence-alpes-cote-d-azur/hautes-alpes/cbb87845-e8e1-465a-82a2-9305e132da1f"}
{"nom":"Aspres-les-Corps","adresse":"1085 rue François-Magnan , 05800 , Aspres-les-Corps , France","codePostal":"05800 ","region":"Provence-Alpes-Côte d'Azur","departement":"Hautes-Alpes","departementCode":"05","horaires":"Le Mardi : de 09h00 à 12h00 de 14h00 à 18h30\nLe Vendredi : de 09h00 à 12h00 de 14h00 à 18h00","email":"mairie@aspreslescorps.fr","telephone":"04 92 55 20 67","latitude":44.801643,"longitude":5.982271,"website":"https://aspreslescorps.fr/","url":"https://lannuaire.service-public.gouv.fr/provence-alpes-cote-d-azur/hautes-alpes/ac2b3402-d342-4df5-b105-a9b9bbb971d7"}
{"nom":"Aspres-sur-Buëch","adresse":"262 la Grande-Rue , 05140 , Aspres-sur-Buëch , France","codePostal":"05140 ","region":"Provence-Alpes-Côte d'Azur","departement":"Hautes-Alpes","departementCode":"05","horaires":"Du Lundi au Mardi : de 13h30 à 17h30\nLe Mercredi : de 09h00 à 12h00\nDu Jeudi au Vendredi : de 13h30 à 17h30","email":"mairie.aspres-sur-buech@orange.fr","telephone":"04 92 58 60 34","latitude":44.52306,"longitude":5.749589,"website":"https://mairie-aspres-sur-buech.fr/","url":"https://lannuaire.service-public.gouv.fr/provence-alpes-cote-d-azur/hautes-alpes/77f276f9-13d2-474d-8e22-886517d713ce"}
{"nom":"Aubessagne","adresse":"Chauffayer , 05800 , Aubessagne , France","codePostal":"05800 ","region":"Provence-Alpes-Côte d'Azur","departement":"Hautes-Alpes","departementCode":"05","horaires":"Du Lundi au Mardi : de 13h30 à 17h15\nLe Jeudi : de 13h30 à 19h00\nLe Vendredi : de 13h30 à 17h15","email":"mairie@aubessagne.fr","telephone":"04 92 55 22 43","latitude":44.75621,"longitude":6.00688,"website":"https://aubessagne.fr/","url":"https://lannuaire.service-public.gouv.fr/provence-alpes-cote-d-azur/hautes-alpes/ce0db4bd-bca8-470a-9ec2-60912f60f550"}
{"nom":"Avançon","adresse":"Le Village , 05230 , Avançon , France","codePostal":"05230 ","region":"Provence-Alpes-Côte d'Azur","departement":"Hautes-Alpes","departementCode":"05","horaires":"Le Lundi : de 08h30 à 12h00\nLe Mardi : de 17h00 à 18h00\nLe Mercredi : de 09h00 à 12h00 de 13h00 à 17h00\nLe Jeudi : de 14h30 à 19h00\nLe Vendredi : de 08h30 à 12h00","email":"mairieavancon@wanadoo.fr","telephone":"04 92 50 30 14","latitude":44.525536,"longitude":6.185435,"website":"https://www.mairie-avancon.fr/","url":"https://lannuaire.service-public.gouv.fr/provence-alpes-cote-d-azur/hautes-alpes/23ce2cff-1012-4b1e-8097-e96054073d82"}
{"nom":"Baratier","adresse":"12 place du Village , 05200 , Baratier , France","codePostal":"05200 ","region":"Provence-Alpes-Côte d'Azur","departement":"Hautes-Alpes","departementCode":"05","horaires":"Le Lundi : de 09h00 à 12h00\nLe Mardi : de 09h00 à 12h00 de 13h30 à 16h30\nLe Jeudi : de 09h00 à 12h00\nLe Vendredi : de 09h00 à 12h00 de 13h30 à 16h30\nLe Samedi : de 09h00 à 12h00","email":"mairie@baratier.net","telephone":"04 92 43 25 86","latitude":44.53888,"longitude":6.495497,"website":"https://www.baratier.net/","url":"https://lannuaire.service-public.gouv.fr/provence-alpes-cote-d-azur/hautes-alpes/fd28e6ec-5995-4c58-bb21-9639361e6de2"}
{"nom":"Barcillonnette","adresse":"53 rue de la Mairie , 05110 , Barcillonnette , France","codePostal":"05110 ","region":"Provence-Alpes-Côte d'Azur","departement":"Hautes-Alpes","departementCode":"05","horaires":"Le Mercredi : de 08h30 à 17h00","email":"mairie.barci05@gmail.com","telephone":"04 92 54 25 80","latitude":44.435085,"longitude":5.919237,"website":"https://www.intramuros.org/barcillonnette","url":"https://lannuaire.service-public.gouv.fr/provence-alpes-cote-d-azur/hautes-alpes/8bf88232-e410-4732-b5f4-e9b59412e04e"}
{"nom":"Barret-sur-Méouge","adresse":"Le Village , 05300 , Barret-sur-Méouge , France","codePostal":"05300 ","region":"Provence-Alpes-Côte d'Azur","departement":"Hautes-Alpes","departementCode":"05","horaires":"Le Mardi : de 14h00 à 16h00\nLe Mercredi : de 14h30 à 15h30\nLe Jeudi : de 10h00 à 11h30 de 14h00 à 16h00","email":"mairie.barretsurmeouge@wanadoo.fr","telephone":"04 92 65 10 93","latitude":44.261536,"longitude":5.735091,"website":"https://barret-sur-meouge.fr/","url":"https://lannuaire.service-public.gouv.fr/provence-alpes-cote-d-azur/hautes-alpes/1896e7d3-c3d9-4931-bf44-4e51a5f990bc"}
{"nom":"Bréziers","adresse":"4 rue de la Mairie , 05190 , Bréziers , France","codePostal":"05190 ","region":"Provence-Alpes-Côte d'Azur","departement":"Hautes-Alpes","departementCode":"05","horaires":"Du Jeudi au Vendredi : de 09h00 à 11h00 de 14h00 à 16h00","email":"mairie.breziers@gmail.com","telephone":"04 92 55 18 10","latitude":44.42609,"longitude":6.199093,"website":"https://www.mairie-breziers.fr/","url":"https://lannuaire.service-public.gouv.fr/provence-alpes-cote-d-azur/hautes-alpes/97138889-c15c-453e-9460-f4094b01e4b5"}
{"nom":"Briançon","adresse":"Cité administrative , 05100 , Briançon , France","codePostal":"05100 ","region":"Provence-Alpes-Côte d'Azur","departement":"Hautes-Alpes","departementCode":"05","horaires":"Du Lundi au Vendredi : de 08h15 à 11h45 de 13h45 à 16h45","email":"cabinet.maire@mairie-briancon.fr","telephone":"04 92 21 20 72","latitude":44.899906,"longitude":6.63375,"website":"https://www.ville-briancon.fr/","url":"https://lannuaire.service-public.gouv.fr/provence-alpes-cote-d-azur/hautes-alpes/50abec6c-607c-4fb0-b35f-89f87cb557d9"}
{"nom":"Buissard","adresse":"Les Rissents , 05500 , Buissard , France","codePostal":"05500 ","region":"Provence-Alpes-Côte d'Azur","departement":"Hautes-Alpes","departementCode":"05","horaires":"Le Lundi : de 09h00 à 11h30\nLe Mardi : de 09h00 à 11h30 de 14h00 à 16h00\nLe Vendredi : de 09h00 à 11h30 de 14h00 à 16h00","email":"mairie.buissard05@orange.fr","telephone":"04 92 50 42 28","latitude":44.657093,"longitude":6.144871,"website":"","url":"https://lannuaire.service-public.gouv.fr/provence-alpes-cote-d-azur/hautes-alpes/d21f24cf-40ea-4c12-b5d3-97a6fc986799"}
{"nom":"Ceillac","adresse":"1 place Philippe-Lamour , 05600 , Ceillac , France","codePostal":"05600 ","region":"Provence-Alpes-Côte d'Azur","departement":"Hautes-Alpes","departementCode":"05","horaires":"Du Lundi au Vendredi : de 09h00 à 12h00","email":"mairie@ceillac.fr","telephone":"04 92 45 15 17","latitude":44.668064,"longitude":6.777934,"website":"https://ceillac.fr/","url":"https://lannuaire.service-public.gouv.fr/provence-alpes-cote-d-azur/hautes-alpes/9874bc33-6c29-4da8-973d-3a2a74df0a57"}
{"nom":"Cervières","adresse":"186 rue de la Mairie , 05100 , Cervières , France","codePostal":"05100 ","region":"Provence-Alpes-Côte d'Azur","departement":"Hautes-Alpes","departementCode":"05","horaires":"Le Lundi : de 09h00 à 12h00 de 14h00 à 16h30\nLe Mercredi : de 09h00 à 12h00 de 14h00 à 16h30\nLe Vendredi : de 09h00 à 11h30","email":"secretariat@cervieres.fr","telephone":"04 92 20 42 42","latitude":44.868896,"longitude":6.721966,"website":"https://cervieres.fr/","url":"https://lannuaire.service-public.gouv.fr/provence-alpes-cote-d-azur/hautes-alpes/dd6ee2fe-7ce2-425e-baff-01e7000efeec"}
{"nom":"Chabestan","adresse":"1 place de la Mairie , 05400 , Chabestan , France","codePostal":"05400 ","region":"Provence-Alpes-Côte d'Azur","departement":"Hautes-Alpes","departementCode":"05","horaires":"Le Mardi : de 08h30 à 13h00 de 13h30 à 17h30\nLe Jeudi : de 14h00 à 18h00\n\nSemaines paires","email":"mairie.chabestan@wanadoo.fr","telephone":"04 92 57 26 77","latitude":44.47791,"longitude":5.782644,"website":"","url":"https://lannuaire.service-public.gouv.fr/provence-alpes-cote-d-azur/hautes-alpes/5bd496ef-619a-4b7d-bae7-1402af439849"}
{"nom":"Chabottes","adresse":"80 route des Écrins , 05260 , Chabottes , France","codePostal":"05260 ","region":"Provence-Alpes-Côte d'Azur","departement":"Hautes-Alpes","departementCode":"05","horaires":"Le Lundi : de 08h30 à 12h15\nLe Mardi : de 08h30 à 12h15 de 16h30 à 18h30\nDu Mercredi au Jeudi : de 08h30 à 12h15\nLe Vendredi : de 08h30 à 12h15 de 14h00 à 16h30","email":"mairie@chabottes.fr","telephone":"04 92 50 40 70","latitude":44.64484,"longitude":6.173775,"website":"http://chabottes.fr/","url":"https://lannuaire.service-public.gouv.fr/provence-alpes-cote-d-azur/hautes-alpes/faaf2e44-92ea-4856-a5c5-99ac64919590"}
{"nom":"Champcella","adresse":"23 rue du Pied de Ville , 05310 , Champcella , France","codePostal":"05310 ","region":"Provence-Alpes-Côte d'Azur","departement":"Hautes-Alpes","departementCode":"05","horaires":"Le Mardi : de 14h00 à 16h30\nLe Jeudi : de 09h00 à 11h30 de 14h00 à 16h30\n\nPermanence du maire sur rendez-vous le jeudi matin","email":"mairie@champcella.fr","telephone":"04 92 20 93 75","latitude":44.722965,"longitude":6.571685,"website":"https://www.champcella.fr/","url":"https://lannuaire.service-public.gouv.fr/provence-alpes-cote-d-azur/hautes-alpes/ef7fe42d-9820-4291-a707-1e8c08b1a559"}
{"nom":"Champoléon","adresse":"83 rue Pierre-Mélet , 05260 , Champoléon , France","codePostal":"05260 ","region":"Provence-Alpes-Côte d'Azur","departement":"Hautes-Alpes","departementCode":"05","horaires":"Le Mardi : de 09h00 à 11h45\nLe Jeudi : de 14h00 à 19h00","email":"contact@mairiedechampoleon.fr","telephone":"04 92 55 90 32","latitude":44.720585,"longitude":6.259558,"website":"https://mairiedechampoleon.com/","url":"https://lannuaire.service-public.gouv.fr/provence-alpes-cote-d-azur/hautes-alpes/feb6fdf1-cc83-4635-bf36-4ff90d21a24a"}
{"nom":"Chanousse","adresse":"Le Village , 05700 , Chanousse , France","codePostal":"05700 ","region":"Provence-Alpes-Côte d'Azur","departement":"Hautes-Alpes","departementCode":"05","horaires":"Le Lundi : de 09h30 à 12h30","email":"mairiedechanousse@orange.fr","telephone":"04 92 66 21 59","latitude":44.356293,"longitude":5.650505,"website":"","url":"https://lannuaire.service-public.gouv.fr/provence-alpes-cote-d-azur/hautes-alpes/8e342208-a859-4139-80e3-fc3053a7722a"}
{"nom":"Châteauneuf-d'Oze","adresse":"159 route du Val-d'Oz , 05400 , Châteauneuf-d'Oze , France","codePostal":"05400 ","region":"Provence-Alpes-Côte d'Azur","departement":"Hautes-Alpes","departementCode":"05","horaires":"Le Lundi : de 08h00 à 11h00\nLe Jeudi : de 08h00 à 11h00","email":"mairie.chateauneufdoze.1@wanadoo.fr","telephone":"04 92 57 11 89","latitude":44.51213,"longitude":5.864305,"website":"","url":"https://lannuaire.service-public.gouv.fr/provence-alpes-cote-d-azur/hautes-alpes/d8079364-6b36-4b99-b9ca-de827e5f6791"}
{"nom":"Châteauroux-les-Alpes","adresse":"21 rue des Aubergeries , 05380 , Châteauroux-les-Alpes , France","codePostal":"05380 ","region":"Provence-Alpes-Côte d'Azur","departement":"Hautes-Alpes","departementCode":"05","horaires":"Le Lundi : de 08h30 à 12h00\nLe Mardi : de 08h30 à 12h00 de 13h30 à 16h30\nDu Mercredi au Vendredi : de 08h30 à 12h00","email":"contact@chateauroux-les-alpes.com","telephone":"04 92 43 22 04","latitude":44.613953,"longitude":6.521204,"website":"https://www.chateauroux-les-alpes.com/","url":"https://lannuaire.service-public.gouv.fr/provence-alpes-cote-d-azur/hautes-alpes/5224b5bb-d507-46cf-8b96-bd9b71c73056"}
{"nom":"Châteauvieux","adresse":"155 espace Roger-Boyer , 05000 , Châteauvieux , France","codePostal":"05000 ","region":"Provence-Alpes-Côte d'Azur","departement":"Hautes-Alpes","departementCode":"05","horaires":"Du Lundi au Mardi : de 07h30 à 12h30 de 14h00 à 17h30\nLe Mercredi : de 07h30 à 12h00\nLe Jeudi : de 07h30 à 12h30 de 14h00 à 17h30\nLe Vendredi : de 07h30 à 12h30","email":"mairie.chateauvieux05@wanadoo.fr","telephone":"04 92 54 12 13","latitude":44.485283,"longitude":6.0476384,"website":"http://chateauvieux05.fr/","url":"https://lannuaire.service-public.gouv.fr/provence-alpes-cote-d-azur/hautes-alpes/e4bf2d63-d29b-4c2d-96ce-7dbfd2bb4e5a"}
{"nom":"Château-Ville-Vieille","adresse":"Château Queyras , 05350 , Château-Ville-Vieille , France","codePostal":"05350 ","region":"Provence-Alpes-Côte d'Azur","departement":"Hautes-Alpes","departementCode":"05","horaires":"Du Lundi au Vendredi : de 09h00 à 12h00","email":"contact@mairiechavivi.fr","telephone":"04 92 46 70 70","latitude":44.75691,"longitude":6.791471,"website":"https://chateau-ville-vieille.fr/fr/","url":"https://lannuaire.service-public.gouv.fr/provence-alpes-cote-d-azur/hautes-alpes/f96ed721-245a-40ea-aca0-5738d777267e"}
{"nom":"Chorges","adresse":"5 Grande-Rue , 05230 , Chorges , France","codePostal":"05230 ","region":"Provence-Alpes-Côte d'Azur","departement":"Hautes-Alpes","departementCode":"05","horaires":"Du Lundi au Vendredi : de 08h30 à 12h00 de 14h00 à 17h00","email":"mairie@mairie-chorges.fr","telephone":"04 92 50 60 30","latitude":44.545715,"longitude":6.275548,"website":"https://www.mairie-chorges.fr/","url":"https://lannuaire.service-public.gouv.fr/provence-alpes-cote-d-azur/hautes-alpes/aa6b041e-ae24-402b-8ce8-7a4093bfd5b9"}
{"nom":"Crévoux","adresse":"Le Village , 05200 , Crévoux , France","codePostal":"05200 ","region":"Provence-Alpes-Côte d'Azur","departement":"Hautes-Alpes","departementCode":"05","horaires":"Le Lundi : de 14h00 à 16h30\nLe Mardi : de 08h30 à 11h30\nLe Jeudi : de 14h00 à 16h30\nLe Vendredi : de 08h30 à 11h30","email":"mairie@crevoux.fr","telephone":"04 92 43 18 11","latitude":44.54806,"longitude":6.607987,"website":"https://mairie.crevoux.fr/","url":"https://lannuaire.service-public.gouv.fr/provence-alpes-cote-d-azur/hautes-alpes/d82938ea-003a-4769-bff8-2716154e7779"}
{"nom":"Crots","adresse":"1 Place des Ballerins , 05200 , Crots , France","codePostal":"05200 ","region":"Provence-Alpes-Côte d'Azur","departement":"Hautes-Alpes","departementCode":"05","horaires":"Le Lundi : de 09h30 à 12h00\nLe Mardi : de 09h30 à 12h00 de 14h00 à 18h00\nLe Mercredi : de 09h30 à 12h00\nLe Jeudi : de 09h30 à 12h00 de 14h00 à 18h00\nLe Vendredi : de 09h30 à 12h00","email":"mairie.crots@wanadoo.fr","telephone":"04 92 43 13 05","latitude":44.533844,"longitude":6.470155,"website":"https://www.crots.fr/","url":"https://lannuaire.service-public.gouv.fr/provence-alpes-cote-d-azur/hautes-alpes/5b7127e1-50b6-41fb-b807-413e840b8dfb"}
{"nom":"Embrun","adresse":"7 Place Barthelon , 05200 , Embrun , France","codePostal":"05200 ","region":"Provence-Alpes-Côte d'Azur","departement":"Hautes-Alpes","departementCode":"05","horaires":"Du Lundi au Vendredi : de 08h00 à 12h00 de 13h30 à 17h30","email":"secretariat.maire@ville-embrun.fr","telephone":"04 92 44 66 00","latitude":44.56392,"longitude":6.495785,"website":"https://www.ville-embrun.fr/","url":"https://lannuaire.service-public.gouv.fr/provence-alpes-cote-d-azur/hautes-alpes/02706b15-58d5-4891-814c-07e9759049db"}
{"nom":"Éourres","adresse":"11 rue de l'école , 05300 , Éourres , France","codePostal":"05300 ","region":"Provence-Alpes-Côte d'Azur","departement":"Hautes-Alpes","departementCode":"05","horaires":"Le Mardi : de 09h00 à 12h30","email":"mairie.eourres@wanadoo.fr","telephone":"04 92 65 20 49","latitude":44.21286,"longitude":5.6981297,"website":"https://eourres.fr/","url":"https://lannuaire.service-public.gouv.fr/provence-alpes-cote-d-azur/hautes-alpes/ccfbf09b-5f9e-4982-b99a-2134c5645f1b"}
{"nom":"Esparron","adresse":"Le Village , 05110 , Esparron , France","codePostal":"05110 ","region":"Provence-Alpes-Côte d'Azur","departement":"Hautes-Alpes","departementCode":"05","horaires":"Le Jeudi : de 09h00 à 13h00","email":"mairie.esparron@wanadoo.fr","telephone":"04 92 54 24 87","latitude":44.453526,"longitude":5.903086,"website":"","url":"https://lannuaire.service-public.gouv.fr/provence-alpes-cote-d-azur/hautes-alpes/09a39824-9f1d-40ff-9b75-0a57b80c694a"}
{"nom":"Espinasses","adresse":"Avenue de l'Espine , 05190 , Espinasses , France","codePostal":"05190 ","region":"Provence-Alpes-Côte d'Azur","departement":"Hautes-Alpes","departementCode":"05","horaires":"Le Lundi : de 14h00 à 18h00\nLe Mardi : de 09h00 à 12h00 de 14h00 à 18h00\nLe Jeudi : de 09h00 à 12h00 de 14h00 à 18h00\nLe Vendredi : de 14h00 à 17h00","email":"mairie.espinasses@wanadoo.fr","telephone":"04 92 54 44 55","latitude":44.46755,"longitude":6.222693,"website":"http://www.mairie-espinasses.fr/","url":"https://lannuaire.service-public.gouv.fr/provence-alpes-cote-d-azur/hautes-alpes/03f88c0c-6ebe-4a38-974e-28fafa00ec9f"}
{"nom":"Étoile-Saint-Cyrice","adresse":"10 Draille-de-la-Mairie , 05700 , Étoile-Saint-Cyrice , France","codePostal":"05700 ","region":"Provence-Alpes-Côte d'Azur","departement":"Hautes-Alpes","departementCode":"05","horaires":"Le Jeudi : de 10h00 à 12h00\nAccueil ouvert uniquement les semaines paires de 10h à 12h et les semaines impaires de 14hà 16h.","email":"mairie.etoile05@wanadoo.fr","telephone":"04 92 66 30 47","latitude":44.316505,"longitude":5.628344,"website":"https://etoilestcyrice.fr/","url":"https://lannuaire.service-public.gouv.fr/provence-alpes-cote-d-azur/hautes-alpes/23bcfa4a-4ced-4fa7-a447-15332420476b"}
{"nom":"Eygliers","adresse":"40 rue du Rail , 05600 , Eygliers , France","codePostal":"05600 ","region":"Provence-Alpes-Côte d'Azur","departement":"Hautes-Alpes","departementCode":"05","horaires":"Du Mardi au Jeudi : de 08h30 à 11h30","email":"mairie@eygliers.fr","telephone":"04 92 45 03 24","latitude":44.674824,"longitude":6.616675,"website":"http://www.eygliers.fr/","url":"https://lannuaire.service-public.gouv.fr/provence-alpes-cote-d-azur/hautes-alpes/697f9540-4113-41cb-8670-10e90c691f82"}
{"nom":"Forest-Saint-Julien","adresse":"Manse , 05260 , Forest-Saint-Julien , France","codePostal":"05260 ","region":"Provence-Alpes-Côte d'Azur","departement":"Hautes-Alpes","departementCode":"05","horaires":"Le Lundi : de 08h30 à 12h30\nLe Mercredi : de 13h30 à 16h30\nLe Jeudi : de 08h30 à 12h30\n\nPermanence du maire de 10h à 12h sur rendez-vous.","email":"mairie@forest-st-julien.fr","telephone":"04 92 50 43 84","latitude":44.633694,"longitude":6.135588,"website":"","url":"https://lannuaire.service-public.gouv.fr/provence-alpes-cote-d-azur/hautes-alpes/77ec7604-aefb-4db9-8d86-f0b5eeb9c6bb"}
{"nom":"Fouillouse","adresse":"Le Village , 05130 , Fouillouse , France","codePostal":"05130 ","region":"Provence-Alpes-Côte d'Azur","departement":"Hautes-Alpes","departementCode":"05","horaires":"Le Lundi : de 10h00 à 13h00 de 14h00 à 19h00\nLe Jeudi : de 09h30 à 13h00","email":"secretariat@mairie-fouillouse05.fr","telephone":"04 92 54 14 23","latitude":44.457985,"longitude":6.00277,"website":"https://www.mairie-fouillouse05.fr/","url":"https://lannuaire.service-public.gouv.fr/provence-alpes-cote-d-azur/hautes-alpes/42002e9e-aec7-4106-85c0-89e4f12ab6d1"}
{"nom":"Freissinières","adresse":"Les Ribs , 05310 , Freissinières , France","codePostal":"05310 ","region":"Provence-Alpes-Côte d'Azur","departement":"Hautes-Alpes","departementCode":"05","horaires":"Le Mardi : de 08h30 à 12h00\nLe Mercredi : de 08h30 à 12h00 de 13h30 à 16h30\nLe Jeudi : de 08h30 à 12h00","email":"mairie@freissinieres.fr","telephone":"04 92 20 92 87","latitude":44.754223,"longitude":6.5369315,"website":"https://www.freissinieres.fr/","url":"https://lannuaire.service-public.gouv.fr/provence-alpes-cote-d-azur/hautes-alpes/044b9dc2-ed2d-4d9d-b83e-0fc8ef423e47"}
{"nom":"Furmeyer","adresse":"Les Savoyons , 05400 , Furmeyer , France","codePostal":"05400 ","region":"Provence-Alpes-Côte d'Azur","departement":"Hautes-Alpes","departementCode":"05","horaires":"Le Jeudi : de 14h00 à 18h00\nLe Vendredi : de 08h00 à 13h00 de 14h00 à 17h00\n\nAccueil ouvert les jeudis des semaines paires uniquement.","email":"mairie.furmeyer@wanadoo.fr","telephone":"04 92 58 11 38","latitude":44.53984,"longitude":5.872703,"website":"","url":"https://lannuaire.service-public.gouv.fr/provence-alpes-cote-d-azur/hautes-alpes/4cca8942-a6ce-437c-b09e-18c1d606dad4"}
{"nom":"Gap","adresse":"3 rue Colonel-Roux , 05000 , Gap , France","codePostal":"05000 ","region":"Provence-Alpes-Côte d'Azur","departement":"Hautes-Alpes","departementCode":"05","horaires":"Du Lundi au Vendredi : de 08h30 à 12h00 de 13h30 à 17h00\nLe Samedi : de 08h30 à 12h00","email":"mairie@ville-gap.fr","telephone":"04 92 53 24 24","latitude":44.558773,"longitude":6.079796,"website":"https://www.ville-gap.fr/","url":"https://lannuaire.service-public.gouv.fr/provence-alpes-cote-d-azur/hautes-alpes/3cbf4aa8-e192-4cb0-b537-5651687cd71d"}
{"nom":"Garde-Colombe","adresse":"Eyguians , 05300 , Garde-Colombe , France","codePostal":"05300 ","region":"Provence-Alpes-Côte d'Azur","departement":"Hautes-Alpes","departementCode":"05","horaires":"Du Lundi au Vendredi : de 09h00 à 12h00 de 14h00 à 17h00","email":"mairie@garde-colombe.fr","telephone":"04 92 66 23 69","latitude":44.34582,"longitude":5.767825,"website":"http://www.garde-colombe.fr/","url":"https://lannuaire.service-public.gouv.fr/provence-alpes-cote-d-azur/hautes-alpes/9bd4be92-64b4-4ba0-bc75-719b40ab1aa7"}
{"nom":"Guillestre","adresse":"4 rue Joseph Mathieu , 05600 , Guillestre , France","codePostal":"05600 ","region":"Provence-Alpes-Côte d'Azur","departement":"Hautes-Alpes","departementCode":"05","horaires":"Le Lundi : de 08h30 à 12h00 de 14h30 à 17h30\nLe Mardi : de 08h30 à 12h00\nLe Mercredi : de 08h30 à 12h00 de 14h30 à 17h30\nDu Jeudi au Vendredi : de 08h30 à 12h00","email":"mairie@villedeguillestre.fr","telephone":"04 92 45 04 03","latitude":44.66101,"longitude":6.648375,"website":"https://www.villedeguillestre.fr/","url":"https://lannuaire.service-public.gouv.fr/provence-alpes-cote-d-azur/hautes-alpes/78fb7232-4739-493c-b82d-a76139043a45"}
{"nom":"Jarjayes","adresse":"71 route du Col , 05130 , Jarjayes , France","codePostal":"05130 ","region":"Provence-Alpes-Côte d'Azur","departement":"Hautes-Alpes","departementCode":"05","horaires":"Du Lundi au Mardi : de 09h00 à 12h00 de 14h00 à 17h00\nDu Jeudi au Vendredi : de 09h00 à 12h00 de 14h00 à 17h00","email":"mairie@jarjayes.fr","telephone":"04 92 54 31 32","latitude":44.50549,"longitude":6.109736,"website":"https://www.jarjayes.fr/","url":"https://lannuaire.service-public.gouv.fr/provence-alpes-cote-d-azur/hautes-alpes/40be454d-adac-4df0-81d7-8704354ab1bc"}
{"nom":"L'Argentière-la-Bessée","adresse":"17 avenue Charles-de-Gaulle , 05120 , L'Argentière-la-Bessée , France","codePostal":"05120 ","region":"Provence-Alpes-Côte d'Azur","departement":"Hautes-Alpes","departementCode":"05","horaires":"Du Mardi au Vendredi : de 09h30 à 12h00 de 14h00 à 17h00\nLe Samedi : de 09h00 à 12h00","email":"info@ville-argentiere.fr","telephone":"04 92 23 10 03","latitude":44.79306,"longitude":6.5588727,"website":"https://ville-argentiere.fr/","url":"https://lannuaire.service-public.gouv.fr/provence-alpes-cote-d-azur/hautes-alpes/4953d65c-56af-4bc5-814a-23658c41e8f8"}
{"nom":"L'Épine","adresse":"94 Montée de La Remise , 05700 , L'Epine , France","codePostal":"05700 ","region":"Provence-Alpes-Côte d'Azur","departement":"Hautes-Alpes","departementCode":"05","horaires":"Le Lundi : de 09h30 à 12h00 de 14h30 à 17h30\nLe Jeudi : de 09h30 à 12h00 de 14h30 à 17h30\nPermanence du maire sur rendez-vous uniquement.","email":"mairie.de.lepine@wanadoo.fr","telephone":"04 92 66 00 24","latitude":44.415764,"longitude":5.613611,"website":"https://www.mairielepine-hautesalpes.com/","url":"https://lannuaire.service-public.gouv.fr/provence-alpes-cote-d-azur/hautes-alpes/f1ba958c-2a62-48eb-9cde-a3cc72f18981"}
{"nom":"La Bâtie-Montsaléon","adresse":"Place de la Mairie , 05700 , La Bâtie-Montsaléon , France","codePostal":"05700 ","region":"Provence-Alpes-Côte d'Azur","departement":"Hautes-Alpes","departementCode":"05","horaires":"Le Mardi : de 09h00 à 12h00 de 13h30 à 17h30\nLe Jeudi : de 09h00 à 12h00\nLe Vendredi : de 09h00 à 12h00 de 13h30 à 17h30","email":"contact-mairie@labatiemontsaleon.fr","telephone":"04 88 03 82 54","latitude":44.455845,"longitude":5.751118,"website":"https://labatiemontsaleon.fr/","url":"https://lannuaire.service-public.gouv.fr/provence-alpes-cote-d-azur/hautes-alpes/a9c8087c-efd2-46f1-ac08-ff44081677af"}
{"nom":"La Bâtie-Neuve","adresse":"32 place de la Mairie , 05230 , La Bâtie-Neuve , France","codePostal":"05230 ","region":"Provence-Alpes-Côte d'Azur","departement":"Hautes-Alpes","departementCode":"05","horaires":"Du Lundi au Vendredi : de 08h30 à 12h00 de 14h30 à 18h00","email":"accueil@labatieneuve.fr","telephone":"04 92 50 32 23","latitude":44.565205,"longitude":6.197745,"website":"https://www.labatieneuve.fr/","url":"https://lannuaire.service-public.gouv.fr/provence-alpes-cote-d-azur/hautes-alpes/a56c4170-6eeb-4b23-8beb-ff63c290edaa"}
{"nom":"La Bâtie-Vieille","adresse":"Le Village , 05000 , La Bâtie-Vieille , France","codePostal":"05000 ","region":"Provence-Alpes-Côte d'Azur","departement":"Hautes-Alpes","departementCode":"05","horaires":"Le Mardi : de 09h00 à 12h30 de 13h30 à 18h00\nLe Mercredi : de 09h00 à 12h30","email":"mairie.labatie-vieille@wanadoo.fr","telephone":"04 92 51 49 73","latitude":44.553223,"longitude":6.163203,"website":"https://www.mairie-labatievieille.fr/","url":"https://lannuaire.service-public.gouv.fr/provence-alpes-cote-d-azur/hautes-alpes/2ea595f0-2238-469c-8139-ae3cfc9c6044"}
{"nom":"La Beaume","adresse":"Le Village , 05140 , La Beaume , France","codePostal":"05140 ","region":"Provence-Alpes-Côte d'Azur","departement":"Hautes-Alpes","departementCode":"05","horaires":"Du Lundi au Mardi : de 10h00 à 12h00 de 14h00 à 16h00\nLe Jeudi : de 10h00 à 12h00 de 14h00 à 16h00\nLe Vendredi : de 10h00 à 12h00","email":"la-beaume@wanadoo.fr","telephone":"04 92 58 65 61","latitude":44.553974,"longitude":5.636495,"website":"https://labeaume-05.fr/","url":"https://lannuaire.service-public.gouv.fr/provence-alpes-cote-d-azur/hautes-alpes/b98d7ce3-2155-4229-a3cc-058403d79557"}
{"nom":"La Chapelle-en-Valgaudémar","adresse":"62 rue Clémence-d'Ambel , 05800 , La Chapelle-en-Valgaudémar , France","codePostal":"05800 ","region":"Provence-Alpes-Côte d'Azur","departement":"Hautes-Alpes","departementCode":"05","horaires":"Du Mercredi au Jeudi : de 09h00 à 12h00","email":"la.chapelle.en.valgaudemar@wanadoo.fr","telephone":"04 92 55 23 17","latitude":44.820656,"longitude":6.2191424,"website":"","url":"https://lannuaire.service-public.gouv.fr/provence-alpes-cote-d-azur/hautes-alpes/bce5bf1d-6f60-4a5d-8f29-f0c65414110d"}
{"nom":"La Fare-en-Champsaur","adresse":"Les Barraques , 05500 , La Fare-en-Champsaur , France","codePostal":"05500 ","region":"Provence-Alpes-Côte d'Azur","departement":"Hautes-Alpes","departementCode":"05","horaires":"Du Lundi au Vendredi : de 08h30 à 11h30","email":"la-fare.mairie@orange.fr","telephone":"04 92 50 10 35","latitude":44.677563,"longitude":6.07014,"website":"https://www.mairie-la-fare-en-champsaur.fr/","url":"https://lannuaire.service-public.gouv.fr/provence-alpes-cote-d-azur/hautes-alpes/87523a22-361b-4021-9868-e783ebcb5c35"}
{"nom":"La Faurie","adresse":"20 route des Écoles , 05140 , La Faurie , France","codePostal":"05140 ","region":"Provence-Alpes-Côte d'Azur","departement":"Hautes-Alpes","departementCode":"05","horaires":"Du Lundi au Mardi : de 08h30 à 12h30\nLe Vendredi : de 08h30 à 12h30 de 13h00 à 17h00","email":"mairie.la.faurie@gmail.com","telephone":"04 92 58 17 84","latitude":44.566822,"longitude":5.738847,"website":"","url":"https://lannuaire.service-public.gouv.fr/provence-alpes-cote-d-azur/hautes-alpes/7a74534e-8571-4443-bbf4-f68cff020356"}
{"nom":"La Freissinouse","adresse":"200 les Écoles , 05000 , La Freissinouse , France","codePostal":"05000 ","region":"Provence-Alpes-Côte d'Azur","departement":"Hautes-Alpes","departementCode":"05","horaires":"Le Lundi : de 13h30 à 16h00\nLe Mercredi : de 09h30 à 12h30\nLe Jeudi : de 13h30 à 18h00\nLe Vendredi : de 09h30 à 12h30","email":"mairie@lafreissinouse.fr","telephone":"04 92 57 80 08","latitude":44.53585,"longitude":6.01045,"website":"https://www.lafreissinouse.fr/","url":"https://lannuaire.service-public.gouv.fr/provence-alpes-cote-d-azur/hautes-alpes/64e50052-18a0-4430-b770-3eb452bce624"}
{"nom":"La Grave","adresse":"51 route des Grands-Cols , 05320 , La Grave , France","codePostal":"05320 ","region":"Provence-Alpes-Côte d'Azur","departement":"Hautes-Alpes","departementCode":"05","horaires":"Du Lundi au Mardi : de 09h30 à 11h30\nLe Jeudi : de 09h30 à 11h30\nFermé le mercredi. Le vendredi et le samedi sur rendez-vous.","email":"mairie@lagrave-lameije.fr","telephone":"04 76 79 90 29","latitude":45.046124,"longitude":6.307197,"website":"https://lagrave-lameije.fr/","url":"https://lannuaire.service-public.gouv.fr/provence-alpes-cote-d-azur/hautes-alpes/bf28aa52-ff52-45f5-95d4-ba43fe1d3354"}
{"nom":"La Haute-Beaume","adresse":"Le village , 05140 , La Haute-Beaume , France","codePostal":"05140 ","region":"Provence-Alpes-Côte d'Azur","departement":"Hautes-Alpes","departementCode":"05","horaires":"Le Lundi : de 10h00 à 12h00","email":"mairie.hautebeaume@orange.fr","telephone":"04 92 46 74 58","latitude":44.564297,"longitude":5.630141,"website":"","url":"https://lannuaire.service-public.gouv.fr/provence-alpes-cote-d-azur/hautes-alpes/816cf25f-ab35-4168-95f8-ae5b352a0335"}
{"nom":"La Motte-en-Champsaur","adresse":"Place Jean-Hyppolyte-Gondre , 05500 , La Motte-en-Champsaur , France","codePostal":"05500 ","region":"Provence-Alpes-Côte d'Azur","departement":"Hautes-Alpes","departementCode":"05","horaires":"Du Lundi au Mardi : de 13h00 à 16h30\nDu Jeudi au Vendredi : de 13h00 à 16h30","email":"motte.en.champsaur@orange.fr","telephone":"04 92 50 09 66","latitude":44.733105,"longitude":6.069383,"website":"https://www.la-motte-en-champsaur.fr/","url":"https://lannuaire.service-public.gouv.fr/provence-alpes-cote-d-azur/hautes-alpes/6ec8b909-295a-4c97-ba62-9a69883e0429"}
{"nom":"La Piarre","adresse":"101 rue Jean-Louis Pons , 05700 , La Piarre , France","codePostal":"05700 ","region":"Provence-Alpes-Côte d'Azur","departement":"Hautes-Alpes","departementCode":"05","horaires":"Le Mardi : de 14h00 à 17h00","email":"mairie.lapiarre@gmail.com","telephone":"04 92 67 14 82","latitude":44.47528,"longitude":5.655378,"website":"","url":"https://lannuaire.service-public.gouv.fr/provence-alpes-cote-d-azur/hautes-alpes/4b4b5938-cacb-4114-9ef8-786a99f54696"}
{"nom":"Laragne-Montéglin","adresse":"2 avenue Arthur-Audibert , 05300 , Laragne-Montéglin , France","codePostal":"05300 ","region":"Provence-Alpes-Côte d'Azur","departement":"Hautes-Alpes","departementCode":"05","horaires":"Le Lundi : de 08h00 à 12h00 de 13h30 à 16h15\nLe Mardi : de 08h00 à 12h00 de 13h30 à 19h00\nLe Mercredi : de 08h00 à 12h00 de 13h30 à 16h15\nLe Jeudi : de 08h00 à 12h00\n\nPermanence téléphonique de 13h30 à 16h15.\nLe Vendredi : de 08h00 à 12h00 de 13h30 à 16h15","email":"info@mairie-laragne.fr","telephone":"04 92 65 11 90","latitude":44.315098,"longitude":5.8216715,"website":"http://www.laragne.net/","url":"https://lannuaire.service-public.gouv.fr/provence-alpes-cote-d-azur/hautes-alpes/1767dc03-014a-4ef3-b0b4-e7d64f9bce3d"}
{"nom":"Lardier-et-Valença","adresse":"Le Collet , 05110 , Lardier-et-Valença , France","codePostal":"05110 ","region":"Provence-Alpes-Côte d'Azur","departement":"Hautes-Alpes","departementCode":"05","horaires":"Le Lundi : de 09h00 à 12h00\nLe Mardi : de 13h30 à 17h00\nLe Jeudi : de 13h30 à 17h00","email":"mairie@lardieretvalenca.fr","telephone":"04 92 54 20 49","latitude":44.435684,"longitude":5.9813275,"website":"https://www.mairie-lardier-valenca.fr/","url":"https://lannuaire.service-public.gouv.fr/provence-alpes-cote-d-azur/hautes-alpes/5187f438-cc5e-468e-97cb-c728502cf49e"}
{"nom":"La Roche-de-Rame","adresse":"5 chemin de la Mairie , 05310 , La Roche-de-Rame , France","codePostal":"05310 ","region":"Provence-Alpes-Côte d'Azur","departement":"Hautes-Alpes","departementCode":"05","horaires":"Du Lundi au Vendredi : de 09h30 à 12h00","email":"mairie@larochederame.fr","telephone":"04 92 20 90 10","latitude":44.74987,"longitude":6.579979,"website":"https://www.larochederame.fr/","url":"https://lannuaire.service-public.gouv.fr/provence-alpes-cote-d-azur/hautes-alpes/d18e0742-59a0-465d-9070-966848471a06"}
{"nom":"La Roche-des-Arnauds","adresse":"63 place de la Mairie , 05400 , La Roche-des-Arnauds , France","codePostal":"05400 ","region":"Provence-Alpes-Côte d'Azur","departement":"Hautes-Alpes","departementCode":"05","horaires":"Du Lundi au Vendredi : de 08h00 à 12h00\nLe Samedi : de 09h00 à 12h00","email":"mairie@la-roche-des-arnauds.com","telephone":"04 92 57 82 34","latitude":44.563595,"longitude":5.958913,"website":"https://www.la-roche-des-arnauds.com/","url":"https://lannuaire.service-public.gouv.fr/provence-alpes-cote-d-azur/hautes-alpes/eccc5743-2032-435f-b759-cbf8d494c060"}
{"nom":"La Rochette","adresse":"Les Férauds , 05000 , La Rochette , France","codePostal":"05000 ","region":"Provence-Alpes-Côte d'Azur","departement":"Hautes-Alpes","departementCode":"05","horaires":"Le Lundi : de 13h30 à 16h30\nLe Mardi : de 09h15 à 11h45 de 13h30 à 16h30\nLe Mercredi : de 09h15 à 11h45\nLe Jeudi : de 09h15 à 11h45 de 13h30 à 16h30\nLe Vendredi : de 09h15 à 11h45","email":"mairie@larochette05.fr","telephone":"04 92 52 37 59","latitude":44.59376,"longitude":6.151525,"website":"https://www.mairie-larochette05.fr/","url":"https://lannuaire.service-public.gouv.fr/provence-alpes-cote-d-azur/hautes-alpes/ef4712e6-7761-42fa-89e8-7ad7e6201bf1"}
{"nom":"La Salle-les-Alpes","adresse":"15 rue de la Guisane , 05240 , La Salle-les-Alpes , France","codePostal":"05240 ","region":"Provence-Alpes-Côte d'Azur","departement":"Hautes-Alpes","departementCode":"05","horaires":"Du Lundi au Mardi : de 09h00 à 12h00 de 14h00 à 16h30\nLe Jeudi : de 09h00 à 12h00\nLe Vendredi : de 09h00 à 12h00 de 14h00 à 16h30","email":"secretariatgeneral@lasallelesalpes.fr","telephone":"04 92 25 54 00","latitude":44.9441,"longitude":6.566397,"website":"http://www.lasallelesalpes.net/","url":"https://lannuaire.service-public.gouv.fr/provence-alpes-cote-d-azur/hautes-alpes/f43e89dd-9c2c-4a6b-ab0d-3ea226ab346e"}
{"nom":"La Saulce","adresse":"1 avenue de Marseille , 05110 , La Saulce , France","codePostal":"05110 ","region":"Provence-Alpes-Côte d'Azur","departement":"Hautes-Alpes","departementCode":"05","horaires":"Le Lundi : de 09h00 à 12h00 de 15h00 à 18h15\nDu Mardi au Jeudi : de 09h00 à 12h00 de 15h00 à 17h30\nLe Vendredi : de 09h00 à 12h00\nLe Samedi : de 10h00 à 12h00","email":"mairie@lasaulce.fr","telephone":"04 92 54 20 13","latitude":44.42512,"longitude":6.007956,"website":"https://www.lasaulce.fr/","url":"https://lannuaire.service-public.gouv.fr/provence-alpes-cote-d-azur/hautes-alpes/c4ca76a6-63b4-441e-9b5b-aedd32105eb8"}
{"nom":"Laye","adresse":"9 hameau de Brutinel , 05500 , Laye , France","codePostal":"05500 ","region":"Provence-Alpes-Côte d'Azur","departement":"Hautes-Alpes","departementCode":"05","horaires":"Le Lundi : de 14h00 à 17h00\nLe Jeudi : de 09h00 à 11h30","email":"communedelaye@wanadoo.fr","telephone":"04 92 50 08 95","latitude":44.66065,"longitude":6.084327,"website":"http://www.laye.fr/","url":"https://lannuaire.service-public.gouv.fr/provence-alpes-cote-d-azur/hautes-alpes/d2e777d7-2ebb-4d07-b475-051293d03dc6"}
{"nom":"Lazer","adresse":"Route de Gap , 05300 , Lazer , France","codePostal":"05300 ","region":"Provence-Alpes-Côte d'Azur","departement":"Hautes-Alpes","departementCode":"05","horaires":"Le Lundi : de 08h30 à 12h00 de 13h30 à 17h30\nDu Mardi au Mercredi : de 08h30 à 12h00\nLe Jeudi : de 08h30 à 12h00 de 13h30 à 17h30\nLe Vendredi : de 08h30 à 12h00","email":"mairie.lazer@wanadoo.fr","telephone":"04 92 65 06 30","latitude":44.348564,"longitude":5.83619,"website":"https://www.mairie-lazer.fr/","url":"https://lannuaire.service-public.gouv.fr/provence-alpes-cote-d-azur/hautes-alpes/ebcaaffe-0c64-4d01-9b2d-75739ee284a3"}
{"nom":"Le Bersac","adresse":"20 montée de la Draye , 05700 , Le Bersac , France","codePostal":"05700 ","region":"Provence-Alpes-Côte d'Azur","departement":"Hautes-Alpes","departementCode":"05","horaires":"Le Mercredi : de 10h00 à 11h30\nLe Jeudi : de 10h00 à 16h00","email":"mairie@lebersac.fr","telephone":"04 92 67 08 06","latitude":44.405388,"longitude":5.7465887,"website":"http://www.lebersac.fr/","url":"https://lannuaire.service-public.gouv.fr/provence-alpes-cote-d-azur/hautes-alpes/0b2a6f68-e7d1-488d-9e60-972359e09c18"}
{"nom":"Le Dévoluy","adresse":"Le Près , 05250 , Le Dévoluy , France","codePostal":"05250 ","region":"Provence-Alpes-Côte d'Azur","departement":"Hautes-Alpes","departementCode":"05","horaires":"Du Lundi au Mardi : de 09h00 à 12h00 de 13h30 à 16h30\nLe Mercredi : de 09h00 à 12h00\nLe Jeudi : de 09h00 à 12h00 de 13h30 à 16h30\nLe Vendredi : de 09h00 à 12h00","email":"contact@mairiedevoluy.fr","telephone":"04 92 58 89 38","latitude":44.687737,"longitude":5.945451,"website":"https://www.mairiedevoluy.com/","url":"https://lannuaire.service-public.gouv.fr/provence-alpes-cote-d-azur/hautes-alpes/54b9e834-4fbb-4c9a-aa8a-251b63e07ee8"}
{"nom":"Le Glaizil","adresse":"2 rue du Pont , 05800 , Le Glaizil , France","codePostal":"05800 ","region":"Provence-Alpes-Côte d'Azur","departement":"Hautes-Alpes","departementCode":"05","horaires":"Le Mardi : de 08h00 à 12h00\nLe Jeudi : de 14h00 à 17h00","email":"mairie@le-glaizil.fr","telephone":"04 92 55 22 87","latitude":44.754898,"longitude":5.982319,"website":"https://mairie.le-glaizil.fr/","url":"https://lannuaire.service-public.gouv.fr/provence-alpes-cote-d-azur/hautes-alpes/1abf50f5-4b0f-4725-915f-663735ac2b36"}
{"nom":"Le Monêtier-les-Bains","adresse":"Place Novalese , 05220 , Le Monêtier-les-Bains , France","codePostal":"05220 ","region":"Provence-Alpes-Côte d'Azur","departement":"Hautes-Alpes","departementCode":"05","horaires":"Le Lundi : de 14h30 à 16h30\nDu Mardi au Jeudi : de 09h00 à 12h00 de 14h30 à 16h30\nLe Vendredi : de 09h00 à 13h00","email":"monetier@monetier.com","telephone":"04 92 24 40 04","latitude":44.975864,"longitude":6.507809,"website":"https://www.monetier.com/","url":"https://lannuaire.service-public.gouv.fr/provence-alpes-cote-d-azur/hautes-alpes/637566c7-1bd7-414f-a4eb-7004e7665e64"}
{"nom":"Le Noyer","adresse":"La Ville , 05500 , Le Noyer , France","codePostal":"05500 ","region":"Provence-Alpes-Côte d'Azur","departement":"Hautes-Alpes","departementCode":"05","horaires":"Le Lundi : de 13h30 à 17h00\nLe Mercredi : de 08h30 à 12h00\nLe Vendredi : de 13h30 à 17h00","email":"mairiedunoyer@wanadoo.fr","telephone":"04 92 50 11 45","latitude":44.6978,"longitude":6.0121255,"website":"https://www.lenoyerenchampsaur.fr/","url":"https://lannuaire.service-public.gouv.fr/provence-alpes-cote-d-azur/hautes-alpes/e1af0e97-9013-4433-8304-0f569d83652a"}
{"nom":"Le Poet","adresse":"22 route Napoléon , 05300 , Le Poet , France","codePostal":"05300 ","region":"Provence-Alpes-Côte d'Azur","departement":"Hautes-Alpes","departementCode":"05","horaires":"Du Lundi au Vendredi : de 08h45 à 12h15\nL'agence postale est située dans la mairie et est ouverte aux mêmes horaires.","email":"sg@mairielepoet.fr","telephone":"04 92 65 70 11","latitude":44.292084,"longitude":5.897662,"website":"https://www.mairielepoet.fr/","url":"https://lannuaire.service-public.gouv.fr/provence-alpes-cote-d-azur/hautes-alpes/1b15621b-eef3-4adf-bf9d-f5445bea32e9"}
{"nom":"Le Saix","adresse":"Impasse de la Cure , 05400 , Le Saix , France","codePostal":"05400 ","region":"Provence-Alpes-Côte d'Azur","departement":"Hautes-Alpes","departementCode":"05","horaires":"Le Lundi : de 08h30 à 13h00 de 13h30 à 17h30","email":"mairie.lesaix@wanadoo.fr","telephone":"04 92 57 29 03","latitude":44.475014,"longitude":5.824386,"website":"https://village-le-saix.fr/","url":"https://lannuaire.service-public.gouv.fr/provence-alpes-cote-d-azur/hautes-alpes/d00cc071-8f2b-4622-a493-0c38e886fb72"}
{"nom":"Le Sauze-du-Lac","adresse":"321 rue Principale , 05160 , Le Sauze-du-Lac , France","codePostal":"05160 ","region":"Provence-Alpes-Côte d'Azur","departement":"Hautes-Alpes","departementCode":"05","horaires":"Du Lundi au Mardi : de 09h00 à 12h30 de 13h30 à 16h30\nDu Jeudi au Vendredi : de 09h00 à 12h30 de 13h30 à 16h30","email":"mairie@lesauzedulac.fr","telephone":"04 92 44 25 34","latitude":44.47819,"longitude":6.314773,"website":"https://www.lesauzedulac.fr/","url":"https://lannuaire.service-public.gouv.fr/provence-alpes-cote-d-azur/hautes-alpes/fba93609-a317-4f20-bcd0-58ed845219af"}
{"nom":"Les Orres","adresse":"Chef-lieu , 05200 , Les Orres , France","codePostal":"05200 ","region":"Provence-Alpes-Côte d'Azur","departement":"Hautes-Alpes","departementCode":"05","horaires":"Du Lundi au Vendredi : de 09h00 à 12h00 de 14h30 à 17h00","email":"contact@mairie-lesorres.fr","telephone":"04 92 44 00 40","latitude":44.514183,"longitude":6.5510683,"website":"https://www.mairie-lesorres.fr/","url":"https://lannuaire.service-public.gouv.fr/provence-alpes-cote-d-azur/hautes-alpes/9afa7b3f-79ea-45d3-9ca8-712f724a7b97"}
{"nom":"Les Vigneaux","adresse":"474 route de l'École , 05120 , Les Vigneaux , France","codePostal":"05120 ","region":"Provence-Alpes-Côte d'Azur","departement":"Hautes-Alpes","departementCode":"05","horaires":"Le Lundi : de 09h00 à 12h00\nLe Mardi : de 14h00 à 18h00\nLe Jeudi : de 08h30 à 12h00","email":"mairie@lesvigneaux.fr","telephone":"04 92 23 13 39","latitude":44.824123,"longitude":6.544269,"website":"https://www.lesvigneaux.fr/","url":"https://lannuaire.service-public.gouv.fr/provence-alpes-cote-d-azur/hautes-alpes/4e4ab5c6-b010-4db0-baf1-96296e884ab8"}
{"nom":"Lettret","adresse":"5 place de la Fontaine , 05130 , Lettret , France","codePostal":"05130 ","region":"Provence-Alpes-Côte d'Azur","departement":"Hautes-Alpes","departementCode":"05","horaires":"Le Lundi : de 13h00 à 17h00\nLe Vendredi : de 09h00 à 12h30","email":"mairie.lettret@free.fr","telephone":"04 13 69 00 86","latitude":44.468155,"longitude":6.0615125,"website":"https://mairie-lettret.fr/","url":"https://lannuaire.service-public.gouv.fr/provence-alpes-cote-d-azur/hautes-alpes/65c3fe30-92a2-4397-8e8b-ca9f8567a515"}
{"nom":"Manteyer","adresse":"Quartier de l'Église , 05400 , Manteyer , France","codePostal":"05400 ","region":"Provence-Alpes-Côte d'Azur","departement":"Hautes-Alpes","departementCode":"05","horaires":"Le Mardi : de 08h30 à 12h00 de 14h00 à 17h30\nLe Vendredi : de 08h30 à 12h00 de 14h00 à 17h30","email":"contact@manteyer-mairie.fr","telephone":"04 92 57 80 73","latitude":44.538128,"longitude":5.964482,"website":"https://www.manteyer-mairie.fr/","url":"https://lannuaire.service-public.gouv.fr/provence-alpes-cote-d-azur/hautes-alpes/9bceae66-6538-451d-ab68-223c98ad4973"}
{"nom":"Méreuil","adresse":"10 rue du Château , 05700 , Méreuil , France","codePostal":"05700 ","region":"Provence-Alpes-Côte d'Azur","departement":"Hautes-Alpes","departementCode":"05","horaires":"Le Mercredi : de 09h00 à 12h00 de 14h00 à 17h00","email":"mairie.mereuil@wanadoo.fr","telephone":"04 92 67 09 58","latitude":44.387054,"longitude":5.729837,"website":"","url":"https://lannuaire.service-public.gouv.fr/provence-alpes-cote-d-azur/hautes-alpes/cdbee481-d510-4d2e-8dd6-acbd7236fd38"}
{"nom":"Molines-en-Queyras","adresse":"225 Rue du Serre , 05350 , Molines-en-Queyras , France","codePostal":"05350 ","region":"Provence-Alpes-Côte d'Azur","departement":"Hautes-Alpes","departementCode":"05","horaires":"Du Lundi au Vendredi : de 08h00 à 12h00 de 13h30 à 17h00","email":"mairie@molinesenqueyras.fr","telephone":"04 92 45 83 37","latitude":44.731,"longitude":6.8422,"website":"https://www.mairie-molinesenqueyras.fr/","url":"https://lannuaire.service-public.gouv.fr/provence-alpes-cote-d-azur/hautes-alpes/905f19a1-9368-44b4-bf5f-0b7802ddaec1"}
{"nom":"Monétier-Allemont","adresse":"1 place de la Mairie , 05110 , Monétier-Allemont , France","codePostal":"05110 ","region":"Provence-Alpes-Côte d'Azur","departement":"Hautes-Alpes","departementCode":"05","horaires":"Le Lundi : de 09h00 à 12h00\nLe Mardi : de 14h00 à 17h00\nLe Jeudi : de 09h00 à 12h00\nLe Vendredi : de 14h00 à 17h00","email":"mairiemonetierallemont@orange.fr","telephone":"04 92 66 40 58","latitude":44.38602,"longitude":5.944055,"website":"","url":"https://lannuaire.service-public.gouv.fr/provence-alpes-cote-d-azur/hautes-alpes/75d71fc4-e4b8-4203-b954-bb86e6e442ae"}
{"nom":"Montbrand","adresse":"Le Forest , 05140 , Montbrand , France","codePostal":"05140 ","region":"Provence-Alpes-Côte d'Azur","departement":"Hautes-Alpes","departementCode":"05","horaires":"Le Lundi : de 13h30 à 17h30\nLe Jeudi : de 13h30 à 17h30","email":"montbrand@wanadoo.fr","telephone":"04 92 57 29 90","latitude":44.585472,"longitude":5.691032,"website":"","url":"https://lannuaire.service-public.gouv.fr/provence-alpes-cote-d-azur/hautes-alpes/c55a99f1-aeea-4736-8597-38c1ed954a77"}
{"nom":"Montclus","adresse":"Le Village , 05700 , Montclus , France","codePostal":"05700 ","region":"Provence-Alpes-Côte d'Azur","departement":"Hautes-Alpes","departementCode":"05","horaires":"Le Lundi : de 13h00 à 17h30\nLe Mercredi : de 08h30 à 12h00","email":"mairie.montclus05@free.fr","telephone":"04 92 67 05 51","latitude":44.414913,"longitude":5.68397,"website":"https://www.intramuros.org/montclus","url":"https://lannuaire.service-public.gouv.fr/provence-alpes-cote-d-azur/hautes-alpes/ca8ee6c7-59a5-42e4-b47c-a7144971fbdf"}
{"nom":"Mont-Dauphin","adresse":"Caserne Campana , 05600 , Mont-Dauphin , France","codePostal":"05600 ","region":"Provence-Alpes-Côte d'Azur","departement":"Hautes-Alpes","departementCode":"05","horaires":"Le Lundi : de 14h00 à 18h00\nLe Mardi : de 08h00 à 12h00\nLe Jeudi : de 14h00 à 18h00","email":"secretariatmairie@montdauphin-vauban.fr","telephone":"04 92 45 18 34","latitude":44.669426,"longitude":6.62578,"website":"https://www.montdauphin-vauban.fr/","url":"https://lannuaire.service-public.gouv.fr/provence-alpes-cote-d-azur/hautes-alpes/d271b9d7-3c77-4503-a941-7a80202d9d70"}
{"nom":"Montgardin","adresse":"4 Place Roger-Mamo , 05230 , Montgardin , France","codePostal":"05230 ","region":"Provence-Alpes-Côte d'Azur","departement":"Hautes-Alpes","departementCode":"05","horaires":"Le Mardi : de 13h30 à 17h00\nLe Jeudi : de 08h30 à 12h00","email":"mairiemontgardin@free.fr","telephone":"04 92 50 37 81","latitude":44.55001,"longitude":6.240248,"website":"https://www.mairie-montgardin.fr/","url":"https://lannuaire.service-public.gouv.fr/provence-alpes-cote-d-azur/hautes-alpes/d575ea7e-56fb-4d9a-85fb-62275079d7a8"}
{"nom":"Montgenèvre","adresse":"80 place du Chalvet , 05100 , Montgenèvre , France","codePostal":"05100 ","region":"Provence-Alpes-Côte d'Azur","departement":"Hautes-Alpes","departementCode":"05","horaires":"Du Lundi au Vendredi : de 13h30 à 17h00\n\nAccueil téléphonique du lundi au vendredi de 8h30 à 12h et 13h30 à 17h.","email":"mairie@montgenevre.com","telephone":"04 92 21 92 88","latitude":44.933155,"longitude":6.727146,"website":"https://montgenevre.fr/","url":"https://lannuaire.service-public.gouv.fr/provence-alpes-cote-d-azur/hautes-alpes/f1842c4f-0b55-4d05-8ab3-da4262236d9a"}
{"nom":"Montjay","adresse":"Le Village , 05150 , Montjay , France","codePostal":"05150 ","region":"Provence-Alpes-Côte d'Azur","departement":"Hautes-Alpes","departementCode":"05","horaires":"Le Mardi : de 09h00 à 12h30 de 13h30 à 17h00\nLe Vendredi : de 09h00 à 12h30 de 13h30 à 17h00","email":"mairie.montjay05@gmail.com","telephone":"04 92 66 26 03","latitude":44.35987,"longitude":5.605362,"website":"","url":"https://lannuaire.service-public.gouv.fr/provence-alpes-cote-d-azur/hautes-alpes/0cb29a5d-78f7-4e35-a14d-4e2b29582272"}
{"nom":"Montmaur","adresse":"15 avenue Albert-Bonnardel , 05400 , Montmaur , France","codePostal":"05400 ","region":"Provence-Alpes-Côte d'Azur","departement":"Hautes-Alpes","departementCode":"05","horaires":"Du Lundi au Vendredi : de 08h00 à 12h00","email":"mairie-montmaur@wanadoo.fr","telephone":"04 92 58 05 59","latitude":44.57062,"longitude":5.874615,"website":"http://www.montmaur05.fr/","url":"https://lannuaire.service-public.gouv.fr/provence-alpes-cote-d-azur/hautes-alpes/fcb689bc-ac1d-4321-a9ce-94edca93efa1"}
{"nom":"Mairie déléguée - Montmorin","adresse":"Montmorin , 05150 , Valdoule , France","codePostal":"05150 ","region":"Provence-Alpes-Côte d'Azur","departement":"Hautes-Alpes","departementCode":"05","horaires":"Le Mercredi : de 08h30 à 12h00 de 13h30 à 17h30","email":"mairie.montmorin@orange.fr","telephone":"04 92 66 02 50","latitude":44.452084,"longitude":5.542843,"website":"","url":"https://lannuaire.service-public.gouv.fr/provence-alpes-cote-d-azur/hautes-alpes/95e3fec0-c9b2-4767-b20a-551b933f16b1"}
{"nom":"Montrond","adresse":"10 Place du 19-Mars-1962 , 05700 , Montrond , France","codePostal":"05700 ","region":"Provence-Alpes-Côte d'Azur","departement":"Hautes-Alpes","departementCode":"05","horaires":"Le Jeudi : de 08h30 à 12h30 de 13h00 à 17h00","email":"mairie.montrond@wanadoo.fr","telephone":"04 92 67 12 88","latitude":44.38218,"longitude":5.741819,"website":"","url":"https://lannuaire.service-public.gouv.fr/provence-alpes-cote-d-azur/hautes-alpes/69b719c6-5d86-456d-9cfd-208343736f05"}
{"nom":"Moydans","adresse":"Route des Alpes , 05150 , Moydans , France","codePostal":"05150 ","region":"Provence-Alpes-Côte d'Azur","departement":"Hautes-Alpes","departementCode":"05","horaires":"Le Mardi : de 13h00 à 17h30","email":"mairie.moydans@wanadoo.fr","telephone":"04 92 66 62 51","latitude":44.3997,"longitude":5.503793,"website":"","url":"https://lannuaire.service-public.gouv.fr/provence-alpes-cote-d-azur/hautes-alpes/a0f0aa23-53c7-49d9-ba8e-fce8d9a372a2"}
{"nom":"Neffes","adresse":"Le Village , 05000 , Neffes , France","codePostal":"05000 ","region":"Provence-Alpes-Côte d'Azur","departement":"Hautes-Alpes","departementCode":"05","horaires":"Le Lundi : de 09h00 à 12h00\nLe Mardi : de 09h00 à 12h00 de 14h00 à 17h30\nLe Jeudi : de 14h00 à 17h00","email":"contact@mairieneffes.fr","telephone":"04 92 57 80 87","latitude":44.504646,"longitude":6.022969,"website":"https://www.mairieneffes.fr/","url":"https://lannuaire.service-public.gouv.fr/provence-alpes-cote-d-azur/hautes-alpes/d9573a60-e63e-4972-9e07-b5128f7c8ac8"}
{"nom":"Névache","adresse":"Ville-Basse , 05100 , Névache , France","codePostal":"05100 ","region":"Provence-Alpes-Côte d'Azur","departement":"Hautes-Alpes","departementCode":"05","horaires":"Du Lundi au Mardi : de 10h00 à 12h00\nDu Jeudi au Vendredi : de 10h00 à 12h00","email":"mairie.nevache@orange.fr","telephone":"04 92 21 19 19","latitude":45.01886,"longitude":6.6129794,"website":"http://www.nevache.fr/","url":"https://lannuaire.service-public.gouv.fr/provence-alpes-cote-d-azur/hautes-alpes/42bcef68-bfcc-4b17-9292-344ace0bfc4e"}
{"nom":"Nossage-et-Bénévent","adresse":"485 chemin de Pige-Bouin , 05700 , Nossage-et-Bénévent , France","codePostal":"05700 ","region":"Provence-Alpes-Côte d'Azur","departement":"Hautes-Alpes","departementCode":"05","horaires":"Le Lundi : de 09h00 à 11h00","email":"mairie.nossage@gmail.com","telephone":"04 92 66 21 27","latitude":44.314793,"longitude":5.748778,"website":"","url":"https://lannuaire.service-public.gouv.fr/provence-alpes-cote-d-azur/hautes-alpes/c3be8fa8-7d4b-4bbd-a4a9-9beb26b15dd3"}
{"nom":"Orcières","adresse":"3756 route d'Orcieres , 05170 , Orcières , France","codePostal":"05170 ","region":"Provence-Alpes-Côte d'Azur","departement":"Hautes-Alpes","departementCode":"05","horaires":"Du Lundi au Vendredi : de 08h00 à 12h00 de 14h00 à 17h00","email":"dgs@orcieres-mairie.fr","telephone":"04 92 55 70 26","latitude":44.68388,"longitude":6.326432,"website":"https://www.orcieres-mairie.fr/","url":"https://lannuaire.service-public.gouv.fr/provence-alpes-cote-d-azur/hautes-alpes/64ec153a-2f9b-4624-aed1-63d0aaede7eb"}
{"nom":"Orpierre","adresse":"5 place des Aires , 05700 , Orpierre , France","codePostal":"05700 ","region":"Provence-Alpes-Côte d'Azur","departement":"Hautes-Alpes","departementCode":"05","horaires":"Du Lundi au Mardi : de 09h00 à 12h00\nDu Jeudi au Vendredi : de 09h00 à 12h00","email":"secretariat@orpierre.fr","telephone":"04 92 66 21 36","latitude":44.313942,"longitude":5.693528,"website":"","url":"https://lannuaire.service-public.gouv.fr/provence-alpes-cote-d-azur/hautes-alpes/d030ea9e-6e67-4a4e-85d9-88740573d749"}
{"nom":"Oze","adresse":"Le Village , 05400 , Oze , France","codePostal":"05400 ","region":"Provence-Alpes-Côte d'Azur","departement":"Hautes-Alpes","departementCode":"05","horaires":"Le Mardi : de 13h30 à 17h30\nLe Vendredi : de 13h30 à 17h30","email":"mairie.oze@wanadoo.fr","telephone":"04 92 57 29 97","latitude":44.50254,"longitude":5.800908,"website":"","url":"https://lannuaire.service-public.gouv.fr/provence-alpes-cote-d-azur/hautes-alpes/243279a2-7a46-4155-af4f-cedd6f921a9d"}
{"nom":"Pelleautier","adresse":"170 rue de la Mairie , 05000 , Pelleautier , France","codePostal":"05000 ","region":"Provence-Alpes-Côte d'Azur","departement":"Hautes-Alpes","departementCode":"05","horaires":"Le Lundi : de 08h00 à 12h00\nLe Mardi : de 13h30 à 17h30\nLe Jeudi : de 13h30 à 17h30\nLe Vendredi : de 08h00 à 12h00 de 13h30 à 17h00","email":"mairiepelleautier@gmail.com","telephone":"04 92 57 87 42","latitude":44.516,"longitude":6.01763,"website":"https://www.pelleautier.fr/","url":"https://lannuaire.service-public.gouv.fr/provence-alpes-cote-d-azur/hautes-alpes/b91f5a78-4e06-489c-8749-f68d7553d0ca"}
{"nom":"Poligny","adresse":"Le Village , 05500 , Poligny , France","codePostal":"05500 ","region":"Provence-Alpes-Côte d'Azur","departement":"Hautes-Alpes","departementCode":"05","horaires":"Le Lundi : de 14h00 à 17h00\nLe Vendredi : de 14h00 à 18h00","email":"poligny_commune@orange.fr","telephone":"04 92 50 50 66","latitude":44.691418,"longitude":6.047047,"website":"https://www.mairiedepoligny05500.com/","url":"https://lannuaire.service-public.gouv.fr/provence-alpes-cote-d-azur/hautes-alpes/4cb252b7-aa49-417f-ae9c-b3cb515f21c1"}
{"nom":"Prunières","adresse":"Les Plantas , 05230 , Prunières , France","codePostal":"05230 ","region":"Provence-Alpes-Côte d'Azur","departement":"Hautes-Alpes","departementCode":"05","horaires":"Le Lundi : de 14h00 à 17h00\nLe Jeudi : de 09h00 à 11h30","email":"contact@prunieres.fr","telephone":"04 92 50 65 89","latitude":44.542202,"longitude":6.3332253,"website":"https://www.prunieres.fr/","url":"https://lannuaire.service-public.gouv.fr/provence-alpes-cote-d-azur/hautes-alpes/81da123a-22d1-489d-9f50-7c0d2643a890"}
{"nom":"Puy-Saint-André","adresse":"644 route du Canal , 05100 , Puy-Saint-André , France","codePostal":"05100 ","region":"Provence-Alpes-Côte d'Azur","departement":"Hautes-Alpes","departementCode":"05","horaires":"Le Lundi : de 09h00 à 12h00\nDu Mercredi au Jeudi : de 09h00 à 12h00","email":"mairie@puysaintandre.fr","telephone":"04 92 20 24 26","latitude":44.87839,"longitude":6.5968876,"website":"https://www.puysaintandre.fr/","url":"https://lannuaire.service-public.gouv.fr/provence-alpes-cote-d-azur/hautes-alpes/90d44c05-1c05-479b-966f-73a98f20093d"}
{"nom":"Puy-Saint-Eusèbe","adresse":"Le Villard , 05200 , Puy-Saint-Eusèbe , France","codePostal":"05200 ","region":"Provence-Alpes-Côte d'Azur","departement":"Hautes-Alpes","departementCode":"05","horaires":"Du Lundi au Mardi : de 09h00 à 12h00 de 13h30 à 17h00\nLe Jeudi : de 09h00 à 12h00 de 13h30 à 17h00","email":"mairie@puysainteusebe.com","telephone":"04 92 43 28 81","latitude":44.568836,"longitude":6.402251,"website":"https://www.puysainteusebe.com/","url":"https://lannuaire.service-public.gouv.fr/provence-alpes-cote-d-azur/hautes-alpes/8631e8b3-b163-4761-bd0d-c52ab164c0d8"}
{"nom":"Puy-Saint-Pierre","adresse":"Le Pinet , 05100 , Puy-Saint-Pierre , France","codePostal":"05100 ","region":"Provence-Alpes-Côte d'Azur","departement":"Hautes-Alpes","departementCode":"05","horaires":"Le Mardi : de 17h00 à 19h00\nLe Mercredi : de 09h00 à 12h00\nLe Vendredi : de 09h00 à 12h00","email":"accueil@puysaintpierre.fr","telephone":"04 92 21 09 45","latitude":44.89369,"longitude":6.6281123,"website":"https://www.puysaintpierre.fr/","url":"https://lannuaire.service-public.gouv.fr/provence-alpes-cote-d-azur/hautes-alpes/5538b54d-ad48-4e35-8578-02352f14965c"}
{"nom":"Puy-Saint-Vincent","adresse":"Les Alberts , 05290 , Puy-Saint-Vincent , France","codePostal":"05290 ","region":"Provence-Alpes-Côte d'Azur","departement":"Hautes-Alpes","departementCode":"05","horaires":"Du Lundi au Vendredi : de 09h00 à 12h00","email":"info@mairie-puy-saint-vincent.fr","telephone":"04 92 23 30 66","latitude":44.827984,"longitude":6.495226,"website":"https://www.paysdesecrins.com/nos-stations/puy-saint-vincent","url":"https://lannuaire.service-public.gouv.fr/provence-alpes-cote-d-azur/hautes-alpes/8c363668-475b-4be1-a74d-7db8bf422221"}
{"nom":"Puy-Sanières","adresse":"Les Truchets , 05200 , Puy-Sanières , France","codePostal":"05200 ","region":"Provence-Alpes-Côte d'Azur","departement":"Hautes-Alpes","departementCode":"05","horaires":"Le Lundi : de 09h00 à 12h00 de 13h30 à 16h00\nLe Mardi : de 09h00 à 12h00\nDu Jeudi au Vendredi : de 09h00 à 12h00","email":"mairiedepuysanieres@wanadoo.fr","telephone":"04 92 43 38 88","latitude":44.55651,"longitude":6.43676,"website":"https://www.puysanieres.fr/","url":"https://lannuaire.service-public.gouv.fr/provence-alpes-cote-d-azur/hautes-alpes/0dcd5201-4d3b-4382-841c-bdc22d97b94b"}
{"nom":"Rabou","adresse":"31 route de Rabou , 05400 , Rabou , France","codePostal":"05400 ","region":"Provence-Alpes-Côte d'Azur","departement":"Hautes-Alpes","departementCode":"05","horaires":"Le Mardi : de 09h00 à 12h30 de 13h30 à 17h30\nLe Vendredi : de 09h00 à 12h30 de 13h30 à 17h30","email":"mairie.rabou@ccbd.fr","telephone":"04 92 57 92 16","latitude":44.590107,"longitude":6.005078,"website":"","url":"https://lannuaire.service-public.gouv.fr/provence-alpes-cote-d-azur/hautes-alpes/f4714156-4ce2-48a5-bb70-98ca661fa8a5"}
{"nom":"Rambaud","adresse":"Le Village , 05000 , Rambaud , France","codePostal":"05000 ","region":"Provence-Alpes-Côte d'Azur","departement":"Hautes-Alpes","departementCode":"05","horaires":"Le Lundi : de 16h30 à 18h30\nLe Mardi : de 10h00 à 12h00\nDu Jeudi au Vendredi : de 10h00 à 12h00","email":"mairie@rambaud05.fr","telephone":"04 92 52 25 96","latitude":44.54484,"longitude":6.132031,"website":"https://www.rambaud-village.fr/","url":"https://lannuaire.service-public.gouv.fr/provence-alpes-cote-d-azur/hautes-alpes/4131de35-f790-41bb-9c36-e1c93980434c"}
{"nom":"Réallon","adresse":"La Place , 05160 , Réallon , France","codePostal":"05160 ","region":"Provence-Alpes-Côte d'Azur","departement":"Hautes-Alpes","departementCode":"05","horaires":"Le Mardi : de 09h00 à 12h00 de 14h00 à 16h30\nLe Vendredi : de 09h00 à 12h00 de 14h00 à 16h00","email":"secretariat@reallon.fr","telephone":"04 92 44 23 93","latitude":44.595623,"longitude":6.363069,"website":"https://www.reallon.fr/","url":"https://lannuaire.service-public.gouv.fr/provence-alpes-cote-d-azur/hautes-alpes/0c76dd23-fe42-4fa7-981a-4ac9f938b875"}
{"nom":"Remollon","adresse":"2 rue des Templiers , 05190 , Remollon , France","codePostal":"05190 ","region":"Provence-Alpes-Côte d'Azur","departement":"Hautes-Alpes","departementCode":"05","horaires":"Le Lundi : de 08h00 à 10h00\nLe Jeudi : de 10h00 à 12h00\nLe Vendredi : de 15h00 à 17h00","email":"mairie.remollon@gmail.com","telephone":"04 92 54 62 98","latitude":44.468,"longitude":6.167866,"website":"https://www.remollon.fr/","url":"https://lannuaire.service-public.gouv.fr/provence-alpes-cote-d-azur/hautes-alpes/1ea975ab-91ec-46a3-b4a2-c831366110de"}
{"nom":"Réotier","adresse":"17 chemin de l'École , 05600 , Réotier , France","codePostal":"05600 ","region":"Provence-Alpes-Côte d'Azur","departement":"Hautes-Alpes","departementCode":"05","horaires":"Le Mardi : de 13h30 à 17h00\nDu Mercredi au Jeudi : de 08h15 à 12h15","email":"mairie@reotier.fr","telephone":"04 92 45 32 00","latitude":44.665974,"longitude":6.58892,"website":"https://www.reotier.fr/","url":"https://lannuaire.service-public.gouv.fr/provence-alpes-cote-d-azur/hautes-alpes/5bd20179-e37d-4a43-a942-d16accf0b619"}
{"nom":"Ribeyret","adresse":"Le Village , 05150 , Ribeyret , France","codePostal":"05150 ","region":"Provence-Alpes-Côte d'Azur","departement":"Hautes-Alpes","departementCode":"05","horaires":"Du Lundi au Mardi : de 11h00 à 16h30","email":"mairie.ribeyret@wanadoo.fr","telephone":"04 92 66 02 43","latitude":44.41392,"longitude":5.554382,"website":"","url":"https://lannuaire.service-public.gouv.fr/provence-alpes-cote-d-azur/hautes-alpes/7dfb1bdc-dbb0-4480-9236-dd0216edc8b0"}
{"nom":"Risoul","adresse":"La Rua , 05600 , Risoul , France","codePostal":"05600 ","region":"Provence-Alpes-Côte d'Azur","departement":"Hautes-Alpes","departementCode":"05","horaires":"Du Lundi au Mardi : de 09h00 à 12h00 de 14h00 à 17h00\nLe Mercredi : de 09h00 à 12h00\nDu Jeudi au Vendredi : de 09h00 à 12h00 de 14h00 à 17h00","email":"accueil@mairiederisoul.com","telephone":"04 92 45 01 07","latitude":44.64965,"longitude":6.637772,"website":"http://www.mairiederisoul.com/","url":"https://lannuaire.service-public.gouv.fr/provence-alpes-cote-d-azur/hautes-alpes/ce0c9695-3d30-42a0-b0db-0a6344216e34"}
{"nom":"Rochebrune","adresse":"25 rue de la Mairie , 05190 , Rochebrune , France","codePostal":"05190 ","region":"Provence-Alpes-Côte d'Azur","departement":"Hautes-Alpes","departementCode":"05","horaires":"Du Lundi au Mardi : de 09h00 à 11h00","email":"mairie.rochebrune@gmail.com","telephone":"04 92 54 45 46","latitude":44.45638,"longitude":6.176921,"website":"https://www.mairie-rochebrune.fr/","url":"https://lannuaire.service-public.gouv.fr/provence-alpes-cote-d-azur/hautes-alpes/42ce3386-d051-484e-b872-29f6e32cc701"}
{"nom":"Rosans","adresse":"2 Place Raymond-Hugues , 05150 , Rosans , France","codePostal":"05150 ","region":"Provence-Alpes-Côte d'Azur","departement":"Hautes-Alpes","departementCode":"05","horaires":"Du Lundi au Mardi : de 09h00 à 12h00\nDu Jeudi au Vendredi : de 09h00 à 12h00","email":"mairie@rosans.fr","telephone":"04 92 66 60 14","latitude":44.391884,"longitude":5.469992,"website":"http://www.rosans.fr/","url":"https://lannuaire.service-public.gouv.fr/provence-alpes-cote-d-azur/hautes-alpes/ec84f40c-3c89-49d1-9d66-591ce980efc5"}
{"nom":"Rousset-serre-ponçon","adresse":"260 rue de la Mairie , 05190 , Rousset-Serre-Ponçon , France","codePostal":"05190 ","region":"Provence-Alpes-Côte d'Azur","departement":"Hautes-Alpes","departementCode":"05","horaires":"Du Lundi au Mardi : de 09h00 à 12h00\nLe Jeudi : de 09h00 à 12h00","email":"mairiederousset@gmail.com","telephone":"04 92 54 45 50","latitude":44.467537,"longitude":6.23263,"website":"","url":"https://lannuaire.service-public.gouv.fr/provence-alpes-cote-d-azur/hautes-alpes/ae69a761-41f3-43c1-8dcb-30d59c77ca48"}
{"nom":"Saint-André-d'Embrun","adresse":"Hameau de l'Église , 05200 , Saint-André-d'Embrun , France","codePostal":"05200 ","region":"Provence-Alpes-Côte d'Azur","departement":"Hautes-Alpes","departementCode":"05","horaires":"Du Lundi au Vendredi : de 09h00 à 12h00","email":"mairie@saintandredembrun.fr","telephone":"04 92 43 03 84","latitude":44.58673,"longitude":6.5347304,"website":"https://www.saintandredembrun.fr/","url":"https://lannuaire.service-public.gouv.fr/provence-alpes-cote-d-azur/hautes-alpes/6a1a5587-ddbc-490b-8085-e86e45efa46f"}
{"nom":"Saint-André-de-Rosans","adresse":"Le Village , 05150 , Saint-André-de-Rosans , France","codePostal":"05150 ","region":"Provence-Alpes-Côte d'Azur","departement":"Hautes-Alpes","departementCode":"05","horaires":"Le Mardi : de 14h00 à 17h00\nLe Vendredi : de 09h00 à 12h00","email":"st-andre.mairie@wanadoo.fr","telephone":"04 92 66 61 44","latitude":44.377575,"longitude":5.513426,"website":"","url":"https://lannuaire.service-public.gouv.fr/provence-alpes-cote-d-azur/hautes-alpes/a19329a2-bd78-4fc4-8e8a-7bb4330a14f8"}
{"nom":"Saint-Apollinaire","adresse":"Le Village , 05160 , Saint-Apollinaire , France","codePostal":"05160 ","region":"Provence-Alpes-Côte d'Azur","departement":"Hautes-Alpes","departementCode":"05","horaires":"Du Lundi au Mardi : de 10h00 à 12h00 de 14h00 à 16h00\nLe Jeudi : de 10h00 à 12h00 de 14h00 à 16h00","email":"mairie.st-apollinaire@orange.fr","telephone":"04 92 44 22 33","latitude":44.55538,"longitude":6.362,"website":"https://www.saint-apollinaire.fr/","url":"https://lannuaire.service-public.gouv.fr/provence-alpes-cote-d-azur/hautes-alpes/5aa976c6-cd5f-425e-a6da-3eb2dec69b6a"}
{"nom":"Saint-Auban-d'Oze","adresse":"Le Village , 05400 , Saint-Auban-d'Oze , France","codePostal":"05400 ","region":"Provence-Alpes-Côte d'Azur","departement":"Hautes-Alpes","departementCode":"05","horaires":"Le Mardi : de 08h00 à 10h30\nLe Vendredi : de 08h00 à 10h30","email":"mairie.staubandoze@wanadoo.fr","telephone":"04 92 58 09 75","latitude":44.495975,"longitude":5.8467,"website":"","url":"https://lannuaire.service-public.gouv.fr/provence-alpes-cote-d-azur/hautes-alpes/98ea2a16-9765-4496-bf2b-1d9dbfc4faf9"}
{"nom":"Saint-Bonnet-en-Champsaur","adresse":"2 place Waldems , 05500 , Saint-Bonnet-en-Champsaur , France","codePostal":"05500 ","region":"Provence-Alpes-Côte d'Azur","departement":"Hautes-Alpes","departementCode":"05","horaires":"Du Lundi au Vendredi : de 08h00 à 12h00 de 13h30 à 16h30","email":"accueil@mairie-saint-bonnet.net","telephone":"04 92 50 00 53","latitude":44.6828,"longitude":6.07632,"website":"https://www.mairie-saint-bonnet.net/","url":"https://lannuaire.service-public.gouv.fr/provence-alpes-cote-d-azur/hautes-alpes/7aa9e8ad-e30e-46df-b9fa-99efcc2ebbbf"}
{"nom":"Saint-Chaffrey","adresse":"563 route du Pont-Levis , 05330 , Saint-Chaffrey , France","codePostal":"05330 ","region":"Provence-Alpes-Côte d'Azur","departement":"Hautes-Alpes","departementCode":"05","horaires":"Le Lundi : de 08h15 à 12h00\nLe Mardi : de 13h30 à 18h00\nLe Mercredi : de 08h15 à 12h00 de 13h30 à 17h00\nLe Jeudi : de 13h30 à 17h00\nLe Vendredi : de 08h15 à 12h00","email":"accueilmairie@saintchaffrey.fr","telephone":"04 92 24 15 70","latitude":44.927574,"longitude":6.606024,"website":"http://www.saint-chaffrey.fr/","url":"https://lannuaire.service-public.gouv.fr/provence-alpes-cote-d-azur/hautes-alpes/7a82ce92-0fd6-476c-bb11-d83a134f71b4"}
{"nom":"Saint-Clément-sur-Durance","adresse":"426 route du Pli Couché , 05600 , Saint-Clément-sur-Durance , France","codePostal":"05600 ","region":"Provence-Alpes-Côte d'Azur","departement":"Hautes-Alpes","departementCode":"05","horaires":"Le Mardi : de 13h30 à 17h00\nLe Jeudi : de 13h30 à 17h00","email":"mairie-stclement-d@wanadoo.fr","telephone":"04 92 45 10 91","latitude":44.6477,"longitude":6.577501,"website":"https://www.stclement05.fr/","url":"https://lannuaire.service-public.gouv.fr/provence-alpes-cote-d-azur/hautes-alpes/b6d2f6e3-7eaf-4f42-8a24-ed2cd71cc3ad"}
{"nom":"Saint-Crépin","adresse":"60 rue du Tour-de-Ville , 05600 , Saint-Crépin , France","codePostal":"05600 ","region":"Provence-Alpes-Côte d'Azur","departement":"Hautes-Alpes","departementCode":"05","horaires":"Du Lundi au Mardi : de 08h30 à 12h00\nDu Jeudi au Samedi : de 08h30 à 12h00","email":"mairie@saintcrepin.com","telephone":"04 92 45 02 71","latitude":44.706543,"longitude":6.607314,"website":"https://www.saintcrepin.com/","url":"https://lannuaire.service-public.gouv.fr/provence-alpes-cote-d-azur/hautes-alpes/ab95267f-ec28-47c8-a191-c98b71f84e28"}
{"nom":"Sainte-Colombe","adresse":"Hameau Les Bégües , 05700 , Sainte-Colombe , France","codePostal":"05700 ","region":"Provence-Alpes-Côte d'Azur","departement":"Hautes-Alpes","departementCode":"05","horaires":"Le Mardi : de 14h00 à 16h00","email":"mairie.stecolombe05@orange.fr","telephone":"04 92 66 28 44","latitude":44.295795,"longitude":5.647448,"website":"https://mairie-saintecolombe-hautesalpes.fr/","url":"https://lannuaire.service-public.gouv.fr/provence-alpes-cote-d-azur/hautes-alpes/f8220f48-3555-4a4b-a673-854afa81bd44"}
{"nom":"Mairie déléguée - Sainte-Marie","adresse":"Sainte-Marie , 05150 , Valdoule , France","codePostal":"05150 ","region":"Provence-Alpes-Côte d'Azur","departement":"Hautes-Alpes","departementCode":"05","horaires":"Le Mardi : de 08h00 à 12h00","email":"mairie.saintemarie@orange.fr","telephone":"04 92 66 03 66","latitude":44.466087,"longitude":5.475353,"website":"","url":"https://lannuaire.service-public.gouv.fr/provence-alpes-cote-d-azur/hautes-alpes/b4813f2a-de99-401b-9e69-b0e641a4399d"}
{"nom":"Saint-Étienne-le-Laus","adresse":"278 rue du Puy-Maurel , 05130 , Saint-Étienne-le-Laus , France","codePostal":"05130 ","region":"Provence-Alpes-Côte d'Azur","departement":"Hautes-Alpes","departementCode":"05","horaires":"Le Mardi : de 09h00 à 12h00\nLe Jeudi : de 14h00 à 17h00","email":"mairiestetiennelelaus@wanadoo.fr","telephone":"04 92 54 31 96","latitude":44.502827,"longitude":6.161461,"website":"https://www.mairie-saintetiennelelaus.fr/","url":"https://lannuaire.service-public.gouv.fr/provence-alpes-cote-d-azur/hautes-alpes/dbd2f8ec-772b-4798-8892-82e36f5c1acb"}
{"nom":"Saint-Firmin","adresse":"5 place de la Mairie , 05800 , Saint-Firmin , France","codePostal":"05800 ","region":"Provence-Alpes-Côte d'Azur","departement":"Hautes-Alpes","departementCode":"05","horaires":"Du Lundi au Vendredi : de 08h00 à 12h00","email":"mairiesaintfirmin@wanadoo.fr","telephone":"04 92 55 20 30","latitude":44.78126,"longitude":6.029666,"website":"https://saintfirmin05.fr/","url":"https://lannuaire.service-public.gouv.fr/provence-alpes-cote-d-azur/hautes-alpes/3cc93d4e-228e-4a6d-964f-a02df335aef1"}
{"nom":"Saint-Jacques-en-Valgodemard","adresse":"L'Allée , 05800 , Saint-Jacques-en-Valgodemard , France","codePostal":"05800 ","region":"Provence-Alpes-Côte d'Azur","departement":"Hautes-Alpes","departementCode":"05","horaires":"Le Mardi : de 08h30 à 12h00 de 14h00 à 17h00\nLe Jeudi : de 08h30 à 12h00 de 14h00 à 17h00\nLe Vendredi : de 08h00 à 12h00","email":"mairie.stjacques@wanadoo.fr","telephone":"04 92 55 25 15","latitude":44.773876,"longitude":6.034972,"website":"","url":"https://lannuaire.service-public.gouv.fr/provence-alpes-cote-d-azur/hautes-alpes/7c891483-705f-4ba4-ba0c-9c54b183c92b"}
{"nom":"Saint-Jean-Saint-Nicolas","adresse":"Pont du Fossé , 05260 , Saint-Jean-Saint-Nicolas , France","codePostal":"05260 ","region":"Provence-Alpes-Côte d'Azur","departement":"Hautes-Alpes","departementCode":"05","horaires":"Le Lundi : de 08h00 à 12h00 de 14h00 à 17h00\nLe Mardi : de 08h00 à 12h00\nLe Mercredi : de 08h00 à 12h00 de 14h00 à 17h00\nLe Jeudi : de 08h00 à 12h00\nLe Vendredi : de 08h00 à 12h00 de 14h00 à 17h00","email":"mairie@st-jean-st-nicolas.fr","telephone":"04 92 55 92 80","latitude":44.66774,"longitude":6.227989,"website":"https://www.st-jean-st-nicolas.fr/","url":"https://lannuaire.service-public.gouv.fr/provence-alpes-cote-d-azur/hautes-alpes/b80dbadb-405c-4335-bf33-302991bae3b6"}
{"nom":"Saint-Julien-en-Beauchêne","adresse":"Le Village , 05140 , Saint-Julien-en-Beauchêne , France","codePostal":"05140 ","region":"Provence-Alpes-Côte d'Azur","departement":"Hautes-Alpes","departementCode":"05","horaires":"Le Lundi : de 09h00 à 11h30 de 14h00 à 16h30\nLe Mercredi : de 09h00 à 11h30 de 14h00 à 16h30\nLe Vendredi : de 09h00 à 11h30 de 14h00 à 16h30","email":"stjulien05@orange.fr","telephone":"04 92 58 16 45","latitude":44.615643,"longitude":5.7076883,"website":"https://saintjulienenbeauchene.fr/","url":"https://lannuaire.service-public.gouv.fr/provence-alpes-cote-d-azur/hautes-alpes/27338aea-d967-41c5-8193-c7d75b9a242e"}
{"nom":"Saint-Julien-en-Champsaur","adresse":"2 place Vivian-Maier , 05500 , Saint-Julien-en-Champsaur , France","codePostal":"05500 ","region":"Provence-Alpes-Côte d'Azur","departement":"Hautes-Alpes","departementCode":"05","horaires":"Du Lundi au Vendredi : de 08h30 à 12h00 de 13h30 à 17h00","email":"mairie@saintjulienchampsaur.fr","telephone":"04 92 50 70 69","latitude":44.65967,"longitude":6.129129,"website":"","url":"https://lannuaire.service-public.gouv.fr/provence-alpes-cote-d-azur/hautes-alpes/0f0c2477-b73c-460b-8415-3aa800c37a13"}
{"nom":"Saint-Laurent-du-Cros","adresse":"2 chemin du Mille-Club , 05500 , Saint-Laurent-du-Cros , France","codePostal":"05500 ","region":"Provence-Alpes-Côte d'Azur","departement":"Hautes-Alpes","departementCode":"05","horaires":"Du Lundi au Mardi : de 14h00 à 17h00\nDu Jeudi au Vendredi : de 14h00 à 17h00","email":"mairie.st-laurent-du-cros@wanadoo.fr","telephone":"04 92 50 42 87","latitude":44.64339,"longitude":6.109557,"website":"https://mairiestlaurentducros.fr/","url":"https://lannuaire.service-public.gouv.fr/provence-alpes-cote-d-azur/hautes-alpes/9d76408d-8917-4fb4-be10-a0a65724faea"}
{"nom":"Saint-Léger-les-Mélèzes","adresse":"1 Place de l'Église , 05260 , Saint-Léger-les-Mélèzes , France","codePostal":"05260 ","region":"Provence-Alpes-Côte d'Azur","departement":"Hautes-Alpes","departementCode":"05","horaires":"Du Lundi au Mardi : de 08h30 à 11h30 de 13h30 à 16h30\nLe Mercredi : de 08h30 à 11h30\nLe Jeudi : de 08h30 à 11h30 de 13h30 à 16h30\nLe Vendredi : de 08h30 à 11h30","email":"mairie.stleger05@wanadoo.fr","telephone":"04 92 50 40 74","latitude":44.644474,"longitude":6.199969,"website":"https://communesaintlegerlesmelezes.com/","url":"https://lannuaire.service-public.gouv.fr/provence-alpes-cote-d-azur/hautes-alpes/4ad29839-9b01-4b54-89e2-46e78f37bb1c"}
{"nom":"Saint-Martin-de-Queyrières","adresse":"75 rue de la Mairie , 05120 , Saint-Martin-de-Queyrières , France","codePostal":"05120 ","region":"Provence-Alpes-Côte d'Azur","departement":"Hautes-Alpes","departementCode":"05","horaires":"Du Lundi au Vendredi : de 08h00 à 12h00 de 13h30 à 17h00","email":"mairie.stmartindequeyrieres@wanadoo.fr","telephone":"04 92 21 04 06","latitude":44.84113,"longitude":6.58541,"website":"https://www.saintmartindequeyrieres.com/","url":"https://lannuaire.service-public.gouv.fr/provence-alpes-cote-d-azur/hautes-alpes/e0acc419-c73a-43bb-8dd1-84a764ef9103"}
{"nom":"Saint-Maurice-en-Valgodemard","adresse":"248 route de Saint-Maurice , 05800 , Saint-Maurice-en-Valgodemard , France","codePostal":"05800 ","region":"Provence-Alpes-Côte d'Azur","departement":"Hautes-Alpes","departementCode":"05","horaires":"Le Mardi : de 13h30 à 16h30\nLe Jeudi : de 13h30 à 16h30","email":"mairie.st.maurice.valgo@wanadoo.fr","telephone":"04 92 55 28 09","latitude":44.80414,"longitude":6.096107,"website":"","url":"https://lannuaire.service-public.gouv.fr/provence-alpes-cote-d-azur/hautes-alpes/652f15f8-675c-4c3e-94ca-25a5a03cc014"}
{"nom":"Saint-Michel-de-Chaillol","adresse":"68 place de la Mairie , 05260 , Saint-Michel-de-Chaillol , France","codePostal":"05260 ","region":"Provence-Alpes-Côte d'Azur","departement":"Hautes-Alpes","departementCode":"05","horaires":"Du Lundi au Vendredi : de 08h30 à 11h30","email":"mairie.chaillol@outlook.fr","telephone":"04 92 50 48 57","latitude":44.688442,"longitude":6.164543,"website":"https://www.mairie-chaillol.fr/","url":"https://lannuaire.service-public.gouv.fr/provence-alpes-cote-d-azur/hautes-alpes/645e7131-8e6b-42af-b535-6d3f079a75c9"}
{"nom":"Saint-Pierre-Avez","adresse":"2 place de la Mairie , 05300 , Saint-Pierre-Avez , France","codePostal":"05300 ","region":"Provence-Alpes-Côte d'Azur","departement":"Hautes-Alpes","departementCode":"05","horaires":"Le Lundi : de 09h00 à 12h00 de 14h00 à 16h30\nLe Vendredi : de 09h00 à 12h00 de 14h00 à 16h30\n\nUn vendredi sur 2 uniquement.","email":"mairie-saintpierreavez@orange.fr","telephone":"04 92 65 21 36","latitude":44.25649,"longitude":5.7648783,"website":"","url":"https://lannuaire.service-public.gouv.fr/provence-alpes-cote-d-azur/hautes-alpes/4b3c8c9b-1a37-4220-8d13-2c64a2f19178"}
{"nom":"Saint-Pierre-d'Argençon","adresse":"Le Village , 05140 , Saint-Pierre-d'Argençon , France","codePostal":"05140 ","region":"Provence-Alpes-Côte d'Azur","departement":"Hautes-Alpes","departementCode":"05","horaires":"Du Lundi au Vendredi : de 09h00 à 11h00","email":"saintpierre.argencon@orange.fr","telephone":"04 92 58 65 81","latitude":44.520008,"longitude":5.698886,"website":"","url":"https://lannuaire.service-public.gouv.fr/provence-alpes-cote-d-azur/hautes-alpes/4b4d264c-ac20-4529-9e2d-775a1fab7a53"}
{"nom":"Saint-Sauveur","adresse":"101 rue du Chef-Lieu , 05200 , Saint-Sauveur , France","codePostal":"05200 ","region":"Provence-Alpes-Côte d'Azur","departement":"Hautes-Alpes","departementCode":"05","horaires":"Le Lundi : de 14h00 à 17h00\nLe Jeudi : de 09h00 à 12h00","email":"mairie@saintsauveur-hautes-alpes.fr","telephone":"04 92 43 18 39","latitude":44.54117,"longitude":6.519845,"website":"https://www.saintsauveur-hautes-alpes.fr/","url":"https://lannuaire.service-public.gouv.fr/provence-alpes-cote-d-azur/hautes-alpes/1464ffa4-dc6f-4526-b4a0-8b8a58a4dc0e"}
{"nom":"Saint-Véran","adresse":"1 place de l'église , 05350 , Saint-Véran , France","codePostal":"05350 ","region":"Provence-Alpes-Côte d'Azur","departement":"Hautes-Alpes","departementCode":"05","horaires":"Du Lundi au Jeudi : de 09h15 à 12h00","email":"secretariat@mairie-saintveran.fr","telephone":"04 92 45 83 91","latitude":44.700836,"longitude":6.86857,"website":"","url":"https://lannuaire.service-public.gouv.fr/provence-alpes-cote-d-azur/hautes-alpes/246b543f-3e38-4426-84f2-54e7b9fd50af"}
{"nom":"Saléon","adresse":"Le Serre , 05300 , Saléon , France","codePostal":"05300 ","region":"Provence-Alpes-Côte d'Azur","departement":"Hautes-Alpes","departementCode":"05","horaires":"Le Mardi : de 09h00 à 11h00\nLe Vendredi : de 13h30 à 15h30","email":"mairie.saleon@wanadoo.fr","telephone":"04 92 66 29 92","latitude":44.36182,"longitude":5.7759,"website":"http://www.saleon.fr/","url":"https://lannuaire.service-public.gouv.fr/provence-alpes-cote-d-azur/hautes-alpes/3007a4bf-69c7-49cf-a1db-1c770834e51f"}
{"nom":"Salérans","adresse":"4 rue du Village , 05300 , Salérans , France","codePostal":"05300 ","region":"Provence-Alpes-Côte d'Azur","departement":"Hautes-Alpes","departementCode":"05","horaires":"Le Lundi : de 14h00 à 17h00\nLe Jeudi : de 14h00 à 17h00","email":"mairie.salerans@wanadoo.fr","telephone":"04 92 65 24 13","latitude":44.243187,"longitude":5.7059536,"website":"","url":"https://lannuaire.service-public.gouv.fr/provence-alpes-cote-d-azur/hautes-alpes/da57323c-e0a1-421b-998b-7d1c3681ae0b"}
{"nom":"Savines-le-Lac","adresse":"1 place de l'Église , 05160 , Savines-le-Lac , France","codePostal":"05160 ","region":"Provence-Alpes-Côte d'Azur","departement":"Hautes-Alpes","departementCode":"05","horaires":"Du Lundi au Mercredi : de 08h00 à 12h00 de 13h30 à 17h30\nLe Jeudi : de 08h00 à 12h00 de 13h30 à 17h00\nLe Vendredi : de 08h00 à 12h00 de 13h30 à 16h30","email":"accueil@savineslelac.fr","telephone":"04 92 44 20 03","latitude":44.52568,"longitude":6.4052563,"website":"https://www.savines-le-lac.fr/","url":"https://lannuaire.service-public.gouv.fr/provence-alpes-cote-d-azur/hautes-alpes/9315e6df-ee34-4c00-88ec-e0fd34679bce"}
{"nom":"Savournon","adresse":"60 route de Serres , 05700 , Savournon , France","codePostal":"05700 ","region":"Provence-Alpes-Côte d'Azur","departement":"Hautes-Alpes","departementCode":"05","horaires":"Le Lundi : de 09h00 à 11h00\nLe Mardi : de 09h00 à 12h00\nLe Mercredi : de 09h00 à 11h00\nLe Jeudi : de 09h00 à 12h00\nLe Vendredi : de 09h00 à 11h00","email":"mairiedesavournon@orange.fr","telephone":"04 92 67 03 14","latitude":44.42164,"longitude":5.793918,"website":"https://www.savournon.fr/","url":"https://lannuaire.service-public.gouv.fr/provence-alpes-cote-d-azur/hautes-alpes/1fa7da13-944c-4794-94e2-d816384d2998"}
{"nom":"Serres","adresse":"1 rue du Portail , 05700 , Serres , France","codePostal":"05700 ","region":"Provence-Alpes-Côte d'Azur","departement":"Hautes-Alpes","departementCode":"05","horaires":"Du Lundi au Mardi : de 08h30 à 11h00 de 14h00 à 16h00\nLe Mercredi : de 09h00 à 12h00\nDu Jeudi au Vendredi : de 08h30 à 11h00 de 14h00 à 16h00\nEt Le premier samedi du mois de 9h à 12h.","email":"accueil@ville-serres05.fr","telephone":"04 92 67 03 50","latitude":44.428425,"longitude":5.714565,"website":"https://www.ville-serres05.fr/","url":"https://lannuaire.service-public.gouv.fr/provence-alpes-cote-d-azur/hautes-alpes/297c2ee3-d822-4dbc-a52b-8a6466573620"}
{"nom":"Sigottier","adresse":"164 chemin de la Montagne , 05700 , Sigottier , France","codePostal":"05700 ","region":"Provence-Alpes-Côte d'Azur","departement":"Hautes-Alpes","departementCode":"05","horaires":"Le Jeudi : de 09h00 à 12h00 de 13h30 à 16h00","email":"mairiedesigottier@orange.fr","telephone":"04 92 67 13 56","latitude":44.454914,"longitude":5.692024,"website":"","url":"https://lannuaire.service-public.gouv.fr/provence-alpes-cote-d-azur/hautes-alpes/f7ca6e83-c161-409b-8efe-374133cd8695"}
{"nom":"Sigoyer","adresse":"3 place de l'Église , 05130 , Sigoyer , France","codePostal":"05130 ","region":"Provence-Alpes-Côte d'Azur","departement":"Hautes-Alpes","departementCode":"05","horaires":"Le Lundi : de 09h00 à 12h00 de 14h00 à 18h00\nDu Mardi au Jeudi : de 09h00 à 12h00\nLe Vendredi : de 09h00 à 12h00 de 14h00 à 16h00","email":"mairie05@sigoyer.fr","telephone":"04 92 57 83 31","latitude":44.47746,"longitude":5.976943,"website":"http://s582979323.onlinehome.fr/","url":"https://lannuaire.service-public.gouv.fr/provence-alpes-cote-d-azur/hautes-alpes/f4d953de-2dc5-4a88-9735-8a74ab9c6792"}
{"nom":"Sorbiers","adresse":"1 rue des Écoles , 05150 , Sorbiers , France","codePostal":"05150 ","region":"Provence-Alpes-Côte d'Azur","departement":"Hautes-Alpes","departementCode":"05","horaires":"Le Lundi : de 08h45 à 12h00 de 12h30 à 16h45\nSemaines impaires : 8h45 à 12h et de 12h30 à 16h45. Semaines paires : 12h45 à 16h45.","email":"mairiesorbiers@gmail.com","telephone":"07 86 24 70 48","latitude":44.375103,"longitude":5.563768,"website":"","url":"https://lannuaire.service-public.gouv.fr/provence-alpes-cote-d-azur/hautes-alpes/8b6d160b-05a5-4526-a597-109a3859c142"}
{"nom":"Tallard","adresse":"1 place Charles-de-Gaulle , 05130 , Tallard , France","codePostal":"05130 ","region":"Provence-Alpes-Côte d'Azur","departement":"Hautes-Alpes","departementCode":"05","horaires":"Du Lundi au Vendredi : de 09h00 à 12h00 de 13h30 à 17h30","email":"mairie@ville-tallard.fr","telephone":"04 92 54 10 14","latitude":44.463413,"longitude":6.056876,"website":"https://www.ville-tallard.fr/","url":"https://lannuaire.service-public.gouv.fr/provence-alpes-cote-d-azur/hautes-alpes/5b73bb23-c4c5-4feb-8577-6e97017a063e"}
{"nom":"Théus","adresse":"75 route du Mont-Colombis , 05190 , Théus , France","codePostal":"05190 ","region":"Provence-Alpes-Côte d'Azur","departement":"Hautes-Alpes","departementCode":"05","horaires":"Le Mardi : de 13h15 à 17h15\nLe Jeudi : de 13h15 à 17h15","email":"mairietheus@gmail.com","telephone":"04 92 54 64 72","latitude":44.481495,"longitude":6.1935782,"website":"","url":"https://lannuaire.service-public.gouv.fr/provence-alpes-cote-d-azur/hautes-alpes/eb2a1bba-ebe6-4011-aaba-84427e40b722"}
{"nom":"Trescléoux","adresse":"26 Chemin-Neuf , 05700 , Trescléoux , France","codePostal":"05700 ","region":"Provence-Alpes-Côte d'Azur","departement":"Hautes-Alpes","departementCode":"05","horaires":"Le Lundi : de 13h30 à 17h30\nLe Mardi : de 08h00 à 12h00\nLe Vendredi : de 13h30 à 17h30","email":"mairie.trescleoux@orange.fr","telephone":"04 92 66 22 01","latitude":44.35475,"longitude":5.708368,"website":"https://trescleoux.fr/","url":"https://lannuaire.service-public.gouv.fr/provence-alpes-cote-d-azur/hautes-alpes/23994878-2d91-48f7-af0b-37c02c4fce9b"}
{"nom":"Upaix","adresse":"Rourebeau , 05300 , Upaix , France","codePostal":"05300 ","region":"Provence-Alpes-Côte d'Azur","departement":"Hautes-Alpes","departementCode":"05","horaires":"Le Lundi : de 08h00 à 12h30 de 13h00 à 17h00\nDu Mardi au Jeudi : de 08h00 à 12h30\nLe Vendredi : de 08h00 à 12h30 de 13h00 à 17h00","email":"mairie-upaix@orange.fr","telephone":"04 92 65 70 26","latitude":44.31954,"longitude":5.875817,"website":"https://upaix.fr/","url":"https://lannuaire.service-public.gouv.fr/provence-alpes-cote-d-azur/hautes-alpes/676a98f7-ca68-494a-bf1a-3bc6174ada1c"}
{"nom":"Val Buëch-Méouge","adresse":"Ribiers , 05300 , Val Buëch-Méouge , France","codePostal":"05300 ","region":"Provence-Alpes-Côte d'Azur","departement":"Hautes-Alpes","departementCode":"05","horaires":"Du Lundi au Vendredi : de 09h00 à 12h00","email":"contact@mairie-vbm.fr","telephone":"04 92 63 20 16","latitude":44.23006,"longitude":5.857409,"website":"http://www.mairie-vbm.fr/","url":"https://lannuaire.service-public.gouv.fr/provence-alpes-cote-d-azur/hautes-alpes/dcdbf336-5617-4c6b-a9cd-92f38c20adc4"}
{"nom":"Val-des-Prés","adresse":"Chef-lieu , 05100 , Val-des-Prés , France","codePostal":"05100 ","region":"Provence-Alpes-Côte d'Azur","departement":"Hautes-Alpes","departementCode":"05","horaires":"Le Lundi : de 14h00 à 17h00\nLe Mercredi : de 14h00 à 17h00\nLe Vendredi : de 14h00 à 17h00","email":"mairie@valdespres.fr","telephone":"04 92 21 06 16","latitude":44.94932,"longitude":6.678091,"website":"http://www.valdespres.fr/","url":"https://lannuaire.service-public.gouv.fr/provence-alpes-cote-d-azur/hautes-alpes/ea39dae3-a1ed-4233-8883-c186c0a29a60"}
{"nom":"Valdoule","adresse":"Bruis , 05150 , Valdoule , France","codePostal":"05150 ","region":"Provence-Alpes-Côte d'Azur","departement":"Hautes-Alpes","departementCode":"05","horaires":"Du Lundi au Mardi : de 08h00 à 12h00","email":"mairie.valdoule05@orange.fr","telephone":"04 92 66 04 21","latitude":44.46843,"longitude":5.509541,"website":"","url":"https://lannuaire.service-public.gouv.fr/provence-alpes-cote-d-azur/hautes-alpes/8ad6bdb5-e9bd-40e7-b0f5-b02d3e4a7ffe"}
{"nom":"Vallouise-Pelvoux","adresse":"2704 route de Pelvoux , 05340 , Vallouise-Pelvoux , France","codePostal":"05340 ","region":"Provence-Alpes-Côte d'Azur","departement":"Hautes-Alpes","departementCode":"05","horaires":"Du Lundi au Vendredi : de 08h30 à 12h00","email":"mairie@vallouise-pelvoux.fr","telephone":"04 92 23 30 19","latitude":44.868843,"longitude":6.487051,"website":"https://www.vallouise-pelvoux.fr/","url":"https://lannuaire.service-public.gouv.fr/provence-alpes-cote-d-azur/hautes-alpes/6edb94cc-f516-47be-b513-033719c5326d"}
{"nom":"Valserres","adresse":"Le Village , 05130 , Valserres , France","codePostal":"05130 ","region":"Provence-Alpes-Côte d'Azur","departement":"Hautes-Alpes","departementCode":"05","horaires":"Le Lundi : de 08h00 à 12h00\nLe Mardi : de 08h00 à 12h00 de 14h00 à 17h00\nLe Mercredi : de 08h00 à 12h00\nLe Jeudi : de 08h00 à 12h00 de 14h00 à 17h00\nLe Vendredi : de 08h00 à 12h00","email":"valserres@mairies05.fr","telephone":"04 92 54 30 01","latitude":44.48704,"longitude":6.12572,"website":"http://www.cc-serreponconvaldavance.com/","url":"https://lannuaire.service-public.gouv.fr/provence-alpes-cote-d-azur/hautes-alpes/a34c536d-7f4a-45b9-b70b-b8eacd799068"}
{"nom":"Vars","adresse":"Sainte-Marie , 05560 , Vars , France","codePostal":"05560 ","region":"Provence-Alpes-Côte d'Azur","departement":"Hautes-Alpes","departementCode":"05","horaires":"Du Lundi au Vendredi : de 10h00 à 12h00 de 14h00 à 16h00","email":"vieassociative@mairie-vars.fr","telephone":"04 92 46 50 09","latitude":44.5939,"longitude":6.689806,"website":"https://www.mairie-vars.fr/","url":"https://lannuaire.service-public.gouv.fr/provence-alpes-cote-d-azur/hautes-alpes/46b5d3f1-61d8-4352-a621-7971caeb085a"}
{"nom":"Ventavon","adresse":"70 place de la Mairie , 05300 , Ventavon , France","codePostal":"05300 ","region":"Provence-Alpes-Côte d'Azur","departement":"Hautes-Alpes","departementCode":"05","horaires":"Du Lundi au Jeudi : de 14h00 à 17h00\nLe Vendredi : de 08h00 à 12h00","email":"mairie@ventavon.fr","telephone":"04 92 66 40 54","latitude":44.370964,"longitude":5.9061356,"website":"https://www.ventavon.fr/","url":"https://lannuaire.service-public.gouv.fr/provence-alpes-cote-d-azur/hautes-alpes/de41c4de-e4e6-4390-81cf-38b059744b98"}
{"nom":"Veynes","adresse":"Place de la République , 05400 , Veynes , France","codePostal":"05400 ","region":"Provence-Alpes-Côte d'Azur","departement":"Hautes-Alpes","departementCode":"05","horaires":"Du Lundi au Vendredi : de 08h30 à 11h45 de 13h30 à 17h00","email":"secretariatgrl@veynes.fr","telephone":"04 92 58 10 22","latitude":44.534756,"longitude":5.824206,"website":"https://veynes.fr/","url":"https://lannuaire.service-public.gouv.fr/provence-alpes-cote-d-azur/hautes-alpes/afd9492b-81f0-45c7-9e40-de4478e15a05"}
{"nom":"Villar-d'Arène","adresse":"9 Rue de la Mairie , 05480 , Villar-d'Arène , France","codePostal":"05480 ","region":"Provence-Alpes-Côte d'Azur","departement":"Hautes-Alpes","departementCode":"05","horaires":"Le Lundi : de 14h00 à 17h00\nLe Mardi : de 09h00 à 12h00\nDu Jeudi au Vendredi : de 09h00 à 12h00","email":"mairie@villardarene.fr","telephone":"04 76 79 90 55","latitude":45.042824,"longitude":6.335357,"website":"https://villardarene.fr/","url":"https://lannuaire.service-public.gouv.fr/provence-alpes-cote-d-azur/hautes-alpes/1cd44577-2a7f-476c-aa01-29cd82d7ac68"}
{"nom":"Villar-Loubière","adresse":"1 Rue de la Mairie , 05800 , Villar-Loubière , France","codePostal":"05800 ","region":"Provence-Alpes-Côte d'Azur","departement":"Hautes-Alpes","departementCode":"05","horaires":"Le Mardi : de 08h00 à 12h00","email":"villarloubiere@wanadoo.fr","telephone":"04 92 55 27 72","latitude":44.825577,"longitude":6.14474,"website":"","url":"https://lannuaire.service-public.gouv.fr/provence-alpes-cote-d-azur/hautes-alpes/537f4610-88d6-480b-9ebc-8e4235a389c1"}
{"nom":"Villar-Saint-Pancrace","adresse":"9 rue de l'École , 05100 , Villard-Saint-Pancrace , France","codePostal":"05100 ","region":"Provence-Alpes-Côte d'Azur","departement":"Hautes-Alpes","departementCode":"05","horaires":"Du Lundi au Mercredi : de 14h00 à 17h30\nLe Jeudi : de 10h00 à 12h00\nLe Vendredi : de 14h00 à 17h30","email":"mairie@villard-st-pancrace.com","telephone":"04 92 21 05 27","latitude":44.874805,"longitude":6.6287017,"website":"https://www.villard-st-pancrace.com/","url":"https://lannuaire.service-public.gouv.fr/provence-alpes-cote-d-azur/hautes-alpes/5e6313de-0516-4392-a3da-092a6822057b"}
{"nom":"Vitrolles","adresse":"Le Plan-de-Vitrolles , 05110 , Vitrolles , France","codePostal":"05110 ","region":"Provence-Alpes-Côte d'Azur","departement":"Hautes-Alpes","departementCode":"05","horaires":"Le Lundi : de 13h30 à 17h00\nLe Mardi : de 14h00 à 18h00\nLe Vendredi : de 08h00 à 12h00 de 14h00 à 17h00","email":"mairie@vitrolles05.com","telephone":"04 92 54 25 66","latitude":44.412704,"longitude":5.955245,"website":"https://www.vitrolles05.fr/fr/","url":"https://lannuaire.service-public.gouv.fr/provence-alpes-cote-d-azur/hautes-alpes/06a200e7-bb77-480c-82e9-66c44a319fb6"}
