{"nom":"Aiglun","adresse":"9 place de la Mairie , 06910 , Aiglun , France","codePostal":"06910 ","region":"Provence-Alpes-Côte d'Azur","departement":"Alpes-Maritimes","departementCode":"06","horaires":"Le Mardi : de 09h15 à 12h15 de 14h00 à 16h00\nLe Jeudi : de 09h15 à 12h15 de 14h00 à 16h00\nPermanence téléphonique le lundi matin","email":"aiglun06@gmail.com","telephone":"04 93 05 85 35","latitude":43.857735,"longitude":6.914638,"website":"https://www.aiglun06.fr/","url":"https://lannuaire.service-public.gouv.fr/provence-alpes-cote-d-azur/alpes-maritimes/66a96116-23f1-4928-8f32-54e2de5e9dbe"}
{"nom":"Amirat","adresse":"21 rue de la Mairie , 06910 , Amirat , France","codePostal":"06910 ","region":"Provence-Alpes-Côte d'Azur","departement":"Alpes-Maritimes","departementCode":"06","horaires":"Le Lundi : de 08h30 à 16h30\nLe Mercredi : de 08h30 à 16h30","email":"mairie.amirat@nordnet.fr","telephone":"04 93 05 80 55","latitude":43.89038,"longitude":6.826532,"website":"http://www.village-amirat.fr/","url":"https://lannuaire.service-public.gouv.fr/provence-alpes-cote-d-azur/alpes-maritimes/b6bd8a91-2bd5-43f7-9e0f-19b80b58596d"}
{"nom":"Andon","adresse":"23 place Victorin-Bonhomme , 06750 , Andon , France","codePostal":"06750 ","region":"Provence-Alpes-Côte d'Azur","departement":"Alpes-Maritimes","departementCode":"06","horaires":"Du Lundi au Mardi : de 09h00 à 12h00 de 14h00 à 16h00\nDu Jeudi au Vendredi : de 09h00 à 12h00 de 14h00 à 16h00","email":"mairie@andon.fr","telephone":"04 93 60 45 40","latitude":43.7734,"longitude":6.78511,"website":"http://www.ville-andon.com/","url":"https://lannuaire.service-public.gouv.fr/provence-alpes-cote-d-azur/alpes-maritimes/9f773cf2-be12-4343-8383-e2dd275cbf49"}
{"nom":"Antibes-Juan-les-Pins","adresse":"Cours Massena , 06605 , Antibes Cedex , France","codePostal":"06605 ","region":"Provence-Alpes-Côte d'Azur","departement":"Alpes-Maritimes","departementCode":"06","horaires":"Du Lundi au Vendredi : de 08h00 à 18h00","email":"mairie@ville-antibes.fr","telephone":"04 92 90 50 00","latitude":43.58065,"longitude":7.127672,"website":"https://www.antibes-juanlespins.com/","url":"https://lannuaire.service-public.gouv.fr/provence-alpes-cote-d-azur/alpes-maritimes/eed9faf1-9551-4ecd-b40e-aa7b6f61f415"}
{"nom":"Ascros","adresse":"4 Montée-de-la-Bourgade , 06260 , Ascros , France","codePostal":"06260 ","region":"Provence-Alpes-Côte d'Azur","departement":"Alpes-Maritimes","departementCode":"06","horaires":"Le Lundi : de 10h00 à 12h00 de 14h00 à 18h00\nDu Mardi au Mercredi : de 09h30 à 12h00\nLe Jeudi : de 10h00 à 12h00 de 14h00 à 18h00\nLe Vendredi : de 09h30 à 12h00\nLe Samedi : de 10h00 à 12h00 de 14h00 à 18h00","email":"maire.ascros@hotmail.fr","telephone":"04 93 05 84 21","latitude":43.920918,"longitude":7.014456,"website":"","url":"https://lannuaire.service-public.gouv.fr/provence-alpes-cote-d-azur/alpes-maritimes/9db5b339-9f60-4d7e-a522-404dcb06ea5e"}
{"nom":"Aspremont","adresse":"21 avenue Caravadossi , 06790 , Aspremont , France","codePostal":"06790 ","region":"Provence-Alpes-Côte d'Azur","departement":"Alpes-Maritimes","departementCode":"06","horaires":"Le Lundi : de 08h30 à 12h00 de 13h30 à 17h00\nLe Mardi : de 08h30 à 12h00\nLe Mercredi : de 08h30 à 12h00 de 13h30 à 17h00\nLe Jeudi : de 08h30 à 12h00\nLe Vendredi : de 08h30 à 12h00 de 13h30 à 17h00","email":"mairie@aspremont.fr","telephone":"04 93 08 00 01","latitude":43.7865,"longitude":7.24575,"website":"http://www.aspremont.fr/","url":"https://lannuaire.service-public.gouv.fr/provence-alpes-cote-d-azur/alpes-maritimes/5ab637cd-7491-4a60-8bb4-8af130b9ad24"}
{"nom":"Auribeau-sur-Siagne","adresse":"Montée de la Mairie , 06810 , Auribeau-sur-Siagne , France","codePostal":"06810 ","region":"Provence-Alpes-Côte d'Azur","departement":"Alpes-Maritimes","departementCode":"06","horaires":"Du Lundi au Mardi : de 08h30 à 16h30\nLe Mercredi : de 08h30 à 12h30\nDu Jeudi au Vendredi : de 08h30 à 16h30","email":"courrier@mairie-auribeau.fr","telephone":"04 92 60 20 20","latitude":43.600418,"longitude":6.910543,"website":"http://www.auribeausursiagne.fr/","url":"https://lannuaire.service-public.gouv.fr/provence-alpes-cote-d-azur/alpes-maritimes/b1486764-d8db-45b9-a3c7-b69a6af9e0e4"}
{"nom":"Auvare","adresse":"Place de la Mairie , 06260 , Auvare , France","codePostal":"06260 ","region":"Provence-Alpes-Côte d'Azur","departement":"Alpes-Maritimes","departementCode":"06","horaires":"Le Lundi : de 09h00 à 16h30","email":"mairie.auvare@orange.fr","telephone":"04 93 05 14 29","latitude":43.98779,"longitude":6.907638,"website":"","url":"https://lannuaire.service-public.gouv.fr/provence-alpes-cote-d-azur/alpes-maritimes/59e5bdab-7b1b-4cc6-9956-15ad3348fc64"}
{"nom":"Bairols","adresse":"Entrée du Village , 06420 , Bairols , France","codePostal":"06420 ","region":"Provence-Alpes-Côte d'Azur","departement":"Alpes-Maritimes","departementCode":"06","horaires":"Le Mardi : de 09h00 à 15h30\nLe Vendredi : de 09h00 à 15h30","email":"mairie.bairols@wanadoo.fr","telephone":"04 93 02 90 46","latitude":43.98215,"longitude":7.126826,"website":"","url":"https://lannuaire.service-public.gouv.fr/provence-alpes-cote-d-azur/alpes-maritimes/3dc62e2e-0b29-4f1a-a8c3-0231b1a88540"}
{"nom":"Beaulieu-sur-Mer","adresse":"3 boulevard du Maréchal-Leclerc , 06310 , Beaulieu-sur-Mer , France","codePostal":"06310 ","region":"Provence-Alpes-Côte d'Azur","departement":"Alpes-Maritimes","departementCode":"06","horaires":"Du Lundi au Vendredi : de 08h30 à 12h30 de 13h30 à 16h30","email":"mairie@beaulieusurmer.fr","telephone":"04 93 76 47 00","latitude":43.70943,"longitude":7.335124,"website":"http://www.beaulieusurmer.fr/","url":"https://lannuaire.service-public.gouv.fr/provence-alpes-cote-d-azur/alpes-maritimes/c4000eaf-b1e1-4da2-8f15-96246763eeb9"}
{"nom":"Beausoleil","adresse":"27 boulevard de la République , 06240 , Beausoleil , France","codePostal":"06240 ","region":"Provence-Alpes-Côte d'Azur","departement":"Alpes-Maritimes","departementCode":"06","horaires":"Du Lundi au Jeudi : de 08h30 à 12h30 de 13h30 à 17h00\nLe Vendredi : de 08h30 à 12h00 de 13h30 à 16h00","email":"mairie@villedebeausoleil.fr","telephone":"04 93 41 71 71","latitude":43.7431,"longitude":7.42538,"website":"http://www.villedebeausoleil.fr/","url":"https://lannuaire.service-public.gouv.fr/provence-alpes-cote-d-azur/alpes-maritimes/177037b8-f687-4c5f-bbba-e1dcd03888a6"}
{"nom":"Belvédère","adresse":"1 place du Colonel-Baldoni , 06450 , Belvédère , France","codePostal":"06450 ","region":"Provence-Alpes-Côte d'Azur","departement":"Alpes-Maritimes","departementCode":"06","horaires":"Du Lundi au Mardi : de 09h00 à 11h30 de 14h00 à 17h00\nDu Mercredi au Vendredi : de 09h00 à 11h30","email":"accueil@mairie-belvedere.fr","telephone":"04 93 03 41 23","latitude":44.015,"longitude":7.3197403,"website":"http://www.mairie-belvedere.fr/","url":"https://lannuaire.service-public.gouv.fr/provence-alpes-cote-d-azur/alpes-maritimes/1cf4c5a9-f3e3-4b8f-b366-c3c894c5f040"}
{"nom":"Bendejun","adresse":"1 place Flaminius-Raiberti , 06390 , Bendejun , France","codePostal":"06390 ","region":"Provence-Alpes-Côte d'Azur","departement":"Alpes-Maritimes","departementCode":"06","horaires":"Du Lundi au Vendredi : de 08h00 à 12h00 de 13h30 à 16h30","email":"accueil@bendejun.net","telephone":"04 93 91 74 74","latitude":43.835407,"longitude":7.295053,"website":"https://www.bendejun.net/","url":"https://lannuaire.service-public.gouv.fr/provence-alpes-cote-d-azur/alpes-maritimes/655d8073-0a3a-455f-b8ab-305b95b0b793"}
{"nom":"Berre-les-Alpes","adresse":"39 avenue Paul-Granet , 06390 , Berre-les-Alpes , France","codePostal":"06390 ","region":"Provence-Alpes-Côte d'Azur","departement":"Alpes-Maritimes","departementCode":"06","horaires":"Du Lundi au Mardi : de 08h00 à 12h00 de 14h00 à 18h00\nDu Jeudi au Vendredi : de 08h00 à 12h00 de 14h00 à 18h00","email":"mairie.berrelesalpes@orange.fr","telephone":"04 93 91 80 07","latitude":43.8301,"longitude":7.32833,"website":"https://www.berrelesalpes.fr/","url":"https://lannuaire.service-public.gouv.fr/provence-alpes-cote-d-azur/alpes-maritimes/1bdc595c-6e10-4539-967b-4b8f3a377ab1"}
{"nom":"Beuil","adresse":"26 rue du Comté-de-Beuil , 06470 , Beuil , France","codePostal":"06470 ","region":"Provence-Alpes-Côte d'Azur","departement":"Alpes-Maritimes","departementCode":"06","horaires":"Le Mardi : de 09h00 à 12h00\nLe Jeudi : de 09h00 à 12h00","email":"maire@beuil.fr","telephone":"04 93 02 20 20","latitude":44.0948,"longitude":6.98821,"website":"http://www.beuil.fr/","url":"https://lannuaire.service-public.gouv.fr/provence-alpes-cote-d-azur/alpes-maritimes/e62084dd-e09a-4c84-8929-686611cc7bdb"}
{"nom":"Bézaudun-les-Alpes","adresse":"31 rue Haute , 06510 , Bézaudun-les-Alpes , France","codePostal":"06510 ","region":"Provence-Alpes-Côte d'Azur","departement":"Alpes-Maritimes","departementCode":"06","horaires":"Du Lundi au Mardi : de 08h00 à 12h00 de 14h00 à 17h00\nLe Mercredi : de 08h00 à 12h00\nLe Jeudi : de 08h00 à 12h00 de 14h00 à 17h00\nLe Vendredi : de 08h00 à 12h00\nLe Samedi : de 10h00 à 12h00\n\nAccueil ouvert le dernier samedi du mois sur rendez-vous uniquement.","email":"mairie@bezaudunlesalpes.fr","telephone":"04 93 59 12 34","latitude":43.8089,"longitude":7.09652,"website":"http://bezaudun.fr/","url":"https://lannuaire.service-public.gouv.fr/provence-alpes-cote-d-azur/alpes-maritimes/168a36ea-2fa9-4538-931c-e19342cac564"}
{"nom":"Biot","adresse":"8-10 route de Valbonne , 06410 , Biot , France","codePostal":"06410 ","region":"Provence-Alpes-Côte d'Azur","departement":"Alpes-Maritimes","departementCode":"06","horaires":"Du Lundi au Vendredi : de 08h30 à 12h00 de 13h30 à 17h00","email":"accueil@biot.fr","telephone":"04 92 91 55 80","latitude":43.6345,"longitude":7.0734477,"website":"https://www.biot.fr/","url":"https://lannuaire.service-public.gouv.fr/provence-alpes-cote-d-azur/alpes-maritimes/96a737ce-fa89-4752-97e1-872ed601f0ab"}
{"nom":"Blausasc","adresse":"Esplanade Nicole-Lottier , 06440 , Blausasc , France","codePostal":"06440 ","region":"Provence-Alpes-Côte d'Azur","departement":"Alpes-Maritimes","departementCode":"06","horaires":"Du Lundi au Jeudi : de 08h00 à 12h00 de 13h30 à 17h00\nLe Vendredi : de 08h00 à 12h00 de 13h30 à 16h30","email":"secretariat@blausasc.fr","telephone":"04 93 79 51 04","latitude":43.805893,"longitude":7.362774,"website":"https://www.blausasc.fr/","url":"https://lannuaire.service-public.gouv.fr/provence-alpes-cote-d-azur/alpes-maritimes/4cbfa1cb-67c7-420d-8db5-58eba49a226e"}
{"nom":"Bonson","adresse":"1 place Désiré-Scoffier , 06830 , Bonson , France","codePostal":"06830 ","region":"Provence-Alpes-Côte d'Azur","departement":"Alpes-Maritimes","departementCode":"06","horaires":"Du Lundi au Samedi : de 09h00 à 12h00","email":"mairie@village-bonson06.fr","telephone":"04 93 08 58 39","latitude":43.860085,"longitude":7.182585,"website":"http://www.bonson.org/","url":"https://lannuaire.service-public.gouv.fr/provence-alpes-cote-d-azur/alpes-maritimes/e1f28b8e-0536-442b-a4a8-efef95d2ca6b"}
{"nom":"Bouyon","adresse":"1 place de la Mairie , 06510 , Bouyon , France","codePostal":"06510 ","region":"Provence-Alpes-Côte d'Azur","departement":"Alpes-Maritimes","departementCode":"06","horaires":"Du Mercredi au Jeudi : de 09h00 à 12h00","email":"mairie.bouyon@orange.fr","telephone":"04 93 59 07 07","latitude":43.82541,"longitude":7.123298,"website":"https://www.bouyon.fr/","url":"https://lannuaire.service-public.gouv.fr/provence-alpes-cote-d-azur/alpes-maritimes/3279a30c-5810-4136-9cb9-3be267c8fe08"}
{"nom":"Breil-sur-Roya","adresse":"29 boulevard Rouvier , 06540 , Breil-sur-Roya , France","codePostal":"06540 ","region":"Provence-Alpes-Côte d'Azur","departement":"Alpes-Maritimes","departementCode":"06","horaires":"Du Lundi au Vendredi : de 09h00 à 12h00 de 13h30 à 16h00","email":"maire@villedebreil.fr","telephone":"04 93 04 99 99","latitude":43.9375,"longitude":7.51372,"website":"http://www.ville-breil-sur-roya.fr/","url":"https://lannuaire.service-public.gouv.fr/provence-alpes-cote-d-azur/alpes-maritimes/9e5be4cf-8e46-470d-9641-4672435e423d"}
{"nom":"Briançonnet","adresse":"1 place de la Mairie , 06850 , Briançonnet , France","codePostal":"06850 ","region":"Provence-Alpes-Côte d'Azur","departement":"Alpes-Maritimes","departementCode":"06","horaires":"Du Lundi au Mercredi : de 08h00 à 12h00\nLe Vendredi : de 08h00 à 12h00","email":"mairiedebrianconnet.compta@yahoo.fr","telephone":"04 93 60 40 72","latitude":43.864674,"longitude":6.758102,"website":"https://brianconnet.fr/","url":"https://lannuaire.service-public.gouv.fr/provence-alpes-cote-d-azur/alpes-maritimes/d617eec2-5b9b-483e-91bd-1b5e9e59e8d6"}
{"nom":"Cabris","adresse":"33 rue Frédéric-Mistral , 06530 , Cabris , France","codePostal":"06530 ","region":"Provence-Alpes-Côte d'Azur","departement":"Alpes-Maritimes","departementCode":"06","horaires":"Du Lundi au Vendredi : de 09h00 à 12h00 de 13h00 à 17h00","email":"mairie@cabris.fr","telephone":"04 93 60 50 14","latitude":43.6559,"longitude":6.875,"website":"https://www.cabris.fr/","url":"https://lannuaire.service-public.gouv.fr/provence-alpes-cote-d-azur/alpes-maritimes/1cfe4a7b-4463-489e-8d65-964d4d19d0f8"}
{"nom":"Cagnes-sur-Mer","adresse":"Place de l'Hôtel-de-Ville , 06800 , Cagnes-sur-Mer Cedex , France","codePostal":"06800 ","region":"Provence-Alpes-Côte d'Azur","departement":"Alpes-Maritimes","departementCode":"06","horaires":"Du Lundi au Vendredi : de 08h00 à 12h30 de 13h30 à 17h00","email":"nouscontacter@cagnes.fr","telephone":"04 93 22 19 00","latitude":43.6631,"longitude":7.14825,"website":"https://www.cagnes.fr/","url":"https://lannuaire.service-public.gouv.fr/provence-alpes-cote-d-azur/alpes-maritimes/5dfb5e9b-e341-4da4-b603-f169c47405ed"}
{"nom":"Caille","adresse":"18 rue Principale , 06750 , Caille , France","codePostal":"06750 ","region":"Provence-Alpes-Côte d'Azur","departement":"Alpes-Maritimes","departementCode":"06","horaires":"Du Lundi au Mardi : de 13h30 à 17h30\nDu Jeudi au Vendredi : de 13h30 à 17h30","email":"mairiecaille@orange.fr","telephone":"04 93 60 31 51","latitude":43.778885,"longitude":6.72981,"website":"https://www.ville-caille.net/","url":"https://lannuaire.service-public.gouv.fr/provence-alpes-cote-d-azur/alpes-maritimes/957a21b2-273d-45fa-beb1-114e195e7873"}
{"nom":"Cannes","adresse":"1 Place Cornut-Gentille , 06414 , Cannes Cedex , France","codePostal":"06414 ","region":"Provence-Alpes-Côte d'Azur","departement":"Alpes-Maritimes","departementCode":"06","horaires":"Du Lundi au Vendredi : de 07h30 à 19h30\nLe Samedi : de 07h30 à 13h30","email":"mairie@ville-cannes.fr","telephone":"04 97 06 40 00","latitude":43.55115,"longitude":7.011752,"website":"https://www.cannes.com/","url":"https://lannuaire.service-public.gouv.fr/provence-alpes-cote-d-azur/alpes-maritimes/09b51360-4c05-46a5-be10-50b5f2ab5258"}
{"nom":"Cantaron","adresse":"45 place de l'École , 06340 , Cantaron , France","codePostal":"06340 ","region":"Provence-Alpes-Côte d'Azur","departement":"Alpes-Maritimes","departementCode":"06","horaires":"Du Lundi au Vendredi : de 08h30 à 12h00 de 13h00 à 17h00","email":"mairie@cantaron.fr","telephone":"04 93 27 64 60","latitude":43.7616,"longitude":7.31821,"website":"https://cantaron.fr/","url":"https://lannuaire.service-public.gouv.fr/provence-alpes-cote-d-azur/alpes-maritimes/70557904-6ba8-421c-9115-8974940be561"}
{"nom":"Cap-d'Ail","adresse":"62 avenue du 3-Septembre , 06320 , Cap-d'Ail , France","codePostal":"06320 ","region":"Provence-Alpes-Côte d'Azur","departement":"Alpes-Maritimes","departementCode":"06","horaires":"Du Lundi au Vendredi : de 08h00 à 12h00 de 13h00 à 16h30","email":"secretariatmaire@cap-dail.fr","telephone":"04 92 10 59 59","latitude":43.72208,"longitude":7.405839,"website":"http://www.cap-dail.fr/","url":"https://lannuaire.service-public.gouv.fr/provence-alpes-cote-d-azur/alpes-maritimes/ea2700a4-aa45-40cb-93eb-e7acc840f87b"}
{"nom":"Carros","adresse":"2 rue de l'Eusière , 06510 , Carros , France","codePostal":"06510 ","region":"Provence-Alpes-Côte d'Azur","departement":"Alpes-Maritimes","departementCode":"06","horaires":"Du Lundi au Jeudi : de 08h30 à 12h00 de 13h00 à 17h00\nLe Vendredi : de 08h30 à 12h00 de 13h00 à 16h30\nLe Samedi : de 09h00 à 12h00\n\nuniquement sur rendez-vous pour les demandes et retraits de carte nationale d'identité et passeport","email":"mairie@ville-carros.fr","telephone":"04 92 08 44 70","latitude":43.7733,"longitude":7.19162,"website":"https://www.ville-carros.fr/","url":"https://lannuaire.service-public.gouv.fr/provence-alpes-cote-d-azur/alpes-maritimes/8bf00f64-3d35-4fa9-8d61-b1da1407638f"}
{"nom":"Castagniers","adresse":"1 place de la Mairie , 06670 , Castagniers , France","codePostal":"06670 ","region":"Provence-Alpes-Côte d'Azur","departement":"Alpes-Maritimes","departementCode":"06","horaires":"Du Lundi au Mardi : de 08h30 à 12h00 de 13h30 à 17h30\nLe Mercredi : de 08h30 à 12h00\nDu Jeudi au Vendredi : de 08h30 à 12h00 de 13h30 à 17h30","email":"mairie@mairiecastagniers.fr","telephone":"04 93 08 05 11","latitude":43.79053,"longitude":7.23072,"website":"https://www.mairie-castagniers.com/","url":"https://lannuaire.service-public.gouv.fr/provence-alpes-cote-d-azur/alpes-maritimes/25863eee-c8ac-4fe3-b92c-edcf1b8a775b"}
{"nom":"Castellar","adresse":"1 place Georges-Clemenceau , 06500 , Castellar , France","codePostal":"06500 ","region":"Provence-Alpes-Côte d'Azur","departement":"Alpes-Maritimes","departementCode":"06","horaires":"Du Lundi au Mardi : de 09h00 à 12h00 de 13h00 à 16h00\nDu Mercredi au Vendredi : de 09h00 à 12h00","email":"mairie@castellar.fr","telephone":"04 92 10 59 00","latitude":43.8032,"longitude":7.49677,"website":"https://www.castellar.fr/","url":"https://lannuaire.service-public.gouv.fr/provence-alpes-cote-d-azur/alpes-maritimes/2609e446-bea0-43f3-b1be-e6351ba2876c"}
{"nom":"Castillon","adresse":"Place Lucien-Rousset , 06500 , Castillon , France","codePostal":"06500 ","region":"Provence-Alpes-Côte d'Azur","departement":"Alpes-Maritimes","departementCode":"06","horaires":"Du Lundi au Vendredi : de 09h00 à 12h30 de 13h30 à 17h00","email":"mairie@castillon06.com","telephone":"04 93 04 32 00","latitude":43.833683,"longitude":7.472559,"website":"http://www.castillon06.com/","url":"https://lannuaire.service-public.gouv.fr/provence-alpes-cote-d-azur/alpes-maritimes/8faecbe5-c96b-44e5-9c08-fd17b8684f4d"}
{"nom":"Caussols","adresse":"76 place Derégnaucourt , 06460 , Caussols , France","codePostal":"06460 ","region":"Provence-Alpes-Côte d'Azur","departement":"Alpes-Maritimes","departementCode":"06","horaires":"Du Lundi au Mardi : de 08h30 à 12h00\nDu Jeudi au Vendredi : de 08h30 à 12h00","email":"mairie-caussols@wanadoo.fr","telephone":"04 93 09 29 64","latitude":43.741,"longitude":6.900228,"website":"http://www.caussols.fr/","url":"https://lannuaire.service-public.gouv.fr/provence-alpes-cote-d-azur/alpes-maritimes/637f7902-234d-4068-9023-89b2271d7333"}
{"nom":"Châteauneuf","adresse":"4 place Georges-Clemenceau , 06740 , Châteauneuf , France","codePostal":"06740 ","region":"Provence-Alpes-Côte d'Azur","departement":"Alpes-Maritimes","departementCode":"06","horaires":"Le Lundi : de 08h30 à 12h00 de 13h30 à 17h00\nLe Mardi : de 08h30 à 12h00\nDu Mercredi au Jeudi : de 08h30 à 12h00 de 13h30 à 17h00\nLe Vendredi : de 08h30 à 12h00","email":"secretariat@ville-chateauneuf.fr","telephone":"04 92 60 36 03","latitude":43.675037,"longitude":6.975168,"website":"https://www.ville-chateauneuf.fr/","url":"https://lannuaire.service-public.gouv.fr/provence-alpes-cote-d-azur/alpes-maritimes/31614bf0-7345-4c74-87a3-5f527e7569df"}
{"nom":"Châteauneuf-d'Entraunes","adresse":"Rue de la Mairie , 06470 , Châteauneuf-d'Entraunes , France","codePostal":"06470 ","region":"Provence-Alpes-Côte d'Azur","departement":"Alpes-Maritimes","departementCode":"06","horaires":"Le Lundi : de 08h30 à 12h30 de 13h00 à 17h00\nLe Vendredi : de 08h30 à 12h30 de 13h00 à 17h00\n\nUn vendredi sur deux","email":"chateauneufdentraunes@wanadoo.fr","telephone":"04 93 05 54 76","latitude":44.12837,"longitude":6.832522,"website":"","url":"https://lannuaire.service-public.gouv.fr/provence-alpes-cote-d-azur/alpes-maritimes/8589dfd1-300d-4e59-8ec0-38e75436c4f4"}
{"nom":"Châteauneuf-Villevieille","adresse":"18 avenue de la Tour , 06390 , Châteauneuf-Villevieille , France","codePostal":"06390 ","region":"Provence-Alpes-Côte d'Azur","departement":"Alpes-Maritimes","departementCode":"06","horaires":"Le Mardi : de 09h00 à 12h00\nLe Mercredi : de 09h00 à 12h00 de 14h00 à 16h30\nDu Jeudi au Samedi : de 09h00 à 12h00","email":"chateauneuf.villevieille@wanadoo.fr","telephone":"04 93 79 03 65","latitude":43.81019,"longitude":7.2961197,"website":"http://www.chateauneufvillevieille.fr/","url":"https://lannuaire.service-public.gouv.fr/provence-alpes-cote-d-azur/alpes-maritimes/7cb334b6-3fe8-4d0d-9797-ebd5b3786219"}
{"nom":"Cipières","adresse":"1 la Place , 06620 , Cipières , France","codePostal":"06620 ","region":"Provence-Alpes-Côte d'Azur","departement":"Alpes-Maritimes","departementCode":"06","horaires":"Du Lundi au Mardi : de 08h30 à 12h00\nDu Jeudi au Vendredi : de 08h30 à 12h00","email":"mairie.cipieres@wanadoo.fr","telephone":"04 93 59 96 48","latitude":43.7832,"longitude":6.9558,"website":"http://www.cipieres.fr/","url":"https://lannuaire.service-public.gouv.fr/provence-alpes-cote-d-azur/alpes-maritimes/87f78f0f-54eb-45ca-b4be-b3344fabd7d2"}
{"nom":"Clans","adresse":"7 avenue de l'Hôtel-de-Ville , 06420 , Clans , France","codePostal":"06420 ","region":"Provence-Alpes-Côte d'Azur","departement":"Alpes-Maritimes","departementCode":"06","horaires":"Du Lundi au Vendredi : de 08h30 à 12h30\n\nPermanence téléphonique de 8h30 à 16h30.\nPermanence téléphonique de 8h30 à 16h30.","email":"mairie@clans06.com","telephone":"04 93 02 90 08","latitude":43.99498,"longitude":7.147647,"website":"https://clans06.com/","url":"https://lannuaire.service-public.gouv.fr/provence-alpes-cote-d-azur/alpes-maritimes/a3861651-f361-4b14-9251-2aa22529f5c4"}
{"nom":"Coaraze","adresse":"6 place du Portal , 06390 , Coaraze , France","codePostal":"06390 ","region":"Provence-Alpes-Côte d'Azur","departement":"Alpes-Maritimes","departementCode":"06","horaires":"Le Lundi : de 08h30 à 16h30\nLe Mercredi : de 08h30 à 11h30\nDu Jeudi au Vendredi : de 08h30 à 16h30","email":"secretariat.coaraze@outlook.com","telephone":"04 93 79 34 80","latitude":43.86501,"longitude":7.293688,"website":"https://www.coaraze.fr/","url":"https://lannuaire.service-public.gouv.fr/provence-alpes-cote-d-azur/alpes-maritimes/d8588751-32d8-4441-b1bf-5b9e02065aba"}
{"nom":"Collongues","adresse":"2 place du Château , 06910 , Collongues , France","codePostal":"06910 ","region":"Provence-Alpes-Côte d'Azur","departement":"Alpes-Maritimes","departementCode":"06","horaires":"Du Lundi au Mardi : de 08h30 à 12h30 de 13h30 à 17h00\nDu Jeudi au Vendredi : de 08h30 à 12h30 de 13h30 à 17h00\n\nFermé le vendredi en juin, juillet etaoût.","email":"mairie@collongues06.fr","telephone":"07 61 09 28 53","latitude":43.88883,"longitude":6.863249,"website":"","url":"https://lannuaire.service-public.gouv.fr/provence-alpes-cote-d-azur/alpes-maritimes/855797d8-fb53-4685-a964-b9b333341dfe"}
{"nom":"Colomars","adresse":"3 rue Étienne-Curti , 06670 , Colomars , France","codePostal":"06670 ","region":"Provence-Alpes-Côte d'Azur","departement":"Alpes-Maritimes","departementCode":"06","horaires":"Le Lundi : de 08h30 à 12h30 de 13h30 à 17h00\nLe Mardi : de 08h30 à 12h30\nLe Mercredi : de 08h30 à 12h30 de 13h30 à 17h00\nLe Jeudi : de 08h30 à 12h30\nLe Vendredi : de 08h30 à 12h30 de 13h30 à 16h30","email":"mairie@colomars.fr","telephone":"04 92 15 18 50","latitude":43.7628,"longitude":7.22157,"website":"http://www.colomars.fr/","url":"https://lannuaire.service-public.gouv.fr/provence-alpes-cote-d-azur/alpes-maritimes/468413d8-23a1-47a0-ac45-ced42bc5e6a4"}
{"nom":"Conségudes","adresse":"1 place Louis-Revel , 06510 , Conségudes , France","codePostal":"06510 ","region":"Provence-Alpes-Côte d'Azur","departement":"Alpes-Maritimes","departementCode":"06","horaires":"Du Lundi au Mardi : de 08h15 à 17h00\nLe Jeudi : de 08h15 à 17h00\nLe Vendredi : de 08h15 à 16h00","email":"mairie.consegudes@orange.fr","telephone":"04 93 59 07 41","latitude":43.843708,"longitude":7.0474596,"website":"","url":"https://lannuaire.service-public.gouv.fr/provence-alpes-cote-d-azur/alpes-maritimes/8f002182-820e-445b-8583-6e5e7b5cf6ea"}
{"nom":"Contes","adresse":"19 rue du 8-Mai-1945 , 06390 , Contes , France","codePostal":"06390 ","region":"Provence-Alpes-Côte d'Azur","departement":"Alpes-Maritimes","departementCode":"06","horaires":"Du Lundi au Vendredi : de 08h30 à 12h00 de 14h00 à 17h00","email":"mairie@ville-contes.net","telephone":"04 93 79 00 01","latitude":43.81163,"longitude":7.3143554,"website":"https://www.ville-contes.net/","url":"https://lannuaire.service-public.gouv.fr/provence-alpes-cote-d-azur/alpes-maritimes/917440f9-a343-4602-a307-ac95a3c23695"}
{"nom":"Courmes","adresse":"83 place de la Mairie , 06620 , Courmes , France","codePostal":"06620 ","region":"Provence-Alpes-Côte d'Azur","departement":"Alpes-Maritimes","departementCode":"06","horaires":"Du Lundi au Vendredi : de 08h00 à 12h00 de 13h00 à 16h00","email":"mairie-de-courmes@wanadoo.fr","telephone":"04 93 40 75 32","latitude":43.742596,"longitude":7.008509,"website":"https://www.courmes.fr/","url":"https://lannuaire.service-public.gouv.fr/provence-alpes-cote-d-azur/alpes-maritimes/27cfa157-a971-47f6-8e76-2fd96bde1def"}
{"nom":"Coursegoules","adresse":"1 place de la Mairie , 06140 , Coursegoules , France","codePostal":"06140 ","region":"Provence-Alpes-Côte d'Azur","departement":"Alpes-Maritimes","departementCode":"06","horaires":"Le Lundi : de 09h00 à 12h00 de 14h00 à 17h00\nLe Mardi : de 09h00 à 12h00\nLe Jeudi : de 09h00 à 12h00\nLe Vendredi : de 09h00 à 12h00 de 14h00 à 17h00\nLe Samedi : de 09h00 à 12h00\n\nUniquement sur rendez-vous","email":"mairie@coursegoules.fr","telephone":"04 93 59 11 60","latitude":43.794792,"longitude":7.040042,"website":"https://lapagelocale.fr/06140-coursegoules","url":"https://lannuaire.service-public.gouv.fr/provence-alpes-cote-d-azur/alpes-maritimes/cf861bd3-84cc-4a0a-b0f1-01785941ff82"}
{"nom":"Cuébris","adresse":"5 place de l'Église , 06910 , Cuébris , France","codePostal":"06910 ","region":"Provence-Alpes-Côte d'Azur","departement":"Alpes-Maritimes","departementCode":"06","horaires":"Du Lundi au Mardi : de 08h30 à 12h30\nDu Jeudi au Vendredi : de 08h30 à 12h30","email":"mairie.cuebris@orange.fr","telephone":"04 93 05 90 77","latitude":43.886547,"longitude":7.0201697,"website":"","url":"https://lannuaire.service-public.gouv.fr/provence-alpes-cote-d-azur/alpes-maritimes/8b6c5609-71aa-48e6-86d6-72f8ec106d64"}
{"nom":"Daluis","adresse":"Quartier la Salette , 06470 , Daluis , France","codePostal":"06470 ","region":"Provence-Alpes-Côte d'Azur","departement":"Alpes-Maritimes","departementCode":"06","horaires":"Le Mardi : de 08h00 à 12h00 de 14h00 à 18h00\nDu Jeudi au Vendredi : de 08h00 à 12h00 de 14h00 à 18h00","email":"mairie.daluis@wanadoo.fr","telephone":"09 75 90 72 51","latitude":44.022785,"longitude":6.810511,"website":"http://www.daluis.fr/","url":"https://lannuaire.service-public.gouv.fr/provence-alpes-cote-d-azur/alpes-maritimes/a8dee819-59c4-4656-bebb-46698fc1dce8"}
{"nom":"Drap","adresse":"1 Place Georges-Clemenceau , 06340 , Drap , France","codePostal":"06340 ","region":"Provence-Alpes-Côte d'Azur","departement":"Alpes-Maritimes","departementCode":"06","horaires":"Du Lundi au Vendredi : de 08h30 à 12h00 de 13h30 à 17h00","email":"mairie@ville-drap.fr","telephone":"04 97 00 06 30","latitude":43.753967,"longitude":7.320656,"website":"http://www.ville-drap.fr/","url":"https://lannuaire.service-public.gouv.fr/provence-alpes-cote-d-azur/alpes-maritimes/7987c627-8acc-4524-a216-f29776df027a"}
{"nom":"Duranus","adresse":"5 route de la Mairie , 06670 , Duranus , France","codePostal":"06670 ","region":"Provence-Alpes-Côte d'Azur","departement":"Alpes-Maritimes","departementCode":"06","horaires":"Le Mardi : de 10h00 à 17h00\nLe Vendredi : de 10h00 à 17h00","email":"mairie@duranus.fr","telephone":"04 93 03 15 63","latitude":43.894234,"longitude":7.258133,"website":"","url":"https://lannuaire.service-public.gouv.fr/provence-alpes-cote-d-azur/alpes-maritimes/29cbd23c-3804-4b2e-9cbe-be45bc75277f"}
{"nom":"Entraunes","adresse":"Place de la Mairie , 06470 , Entraunes , France","codePostal":"06470 ","region":"Provence-Alpes-Côte d'Azur","departement":"Alpes-Maritimes","departementCode":"06","horaires":"Du Mardi au Samedi : de 09h30 à 12h00","email":"mairie@entraunes.fr","telephone":"04 93 05 51 26","latitude":44.18821,"longitude":6.748335,"website":"https://entraunes.fr/","url":"https://lannuaire.service-public.gouv.fr/provence-alpes-cote-d-azur/alpes-maritimes/b8c30bd9-25d0-4f7f-ab92-0f932323cd9f"}
{"nom":"Escragnolles","adresse":"2 place du Général-Mireur , 06460 , Escragnolles , France","codePostal":"06460 ","region":"Provence-Alpes-Côte d'Azur","departement":"Alpes-Maritimes","departementCode":"06","horaires":"Du Lundi au Vendredi : de 09h00 à 12h00 de 14h00 à 17h30","email":"mairie-escragnolles@orange.fr","telephone":"04 93 09 29 09","latitude":43.731075,"longitude":6.783025,"website":"https://www.escragnolles.fr/","url":"https://lannuaire.service-public.gouv.fr/provence-alpes-cote-d-azur/alpes-maritimes/c5db4412-2461-44db-809c-af0572145811"}
{"nom":"Eze","adresse":"6 avenue du Jardin-Exotique , 06360 , Eze , France","codePostal":"06360 ","region":"Provence-Alpes-Côte d'Azur","departement":"Alpes-Maritimes","departementCode":"06","horaires":"Du Lundi au Vendredi : de 09h00 à 12h00 de 14h00 à 16h00","email":"contact@ville-eze.fr","telephone":"04 92 10 60 60","latitude":43.72909,"longitude":7.361728,"website":"https://www.ville-eze.fr/","url":"https://lannuaire.service-public.gouv.fr/provence-alpes-cote-d-azur/alpes-maritimes/fad79dbc-5fab-4afe-a6c3-01a137e68765"}
{"nom":"Falicon","adresse":"3 place Marcel-Eusebi , 06950 , Falicon , France","codePostal":"06950 ","region":"Provence-Alpes-Côte d'Azur","departement":"Alpes-Maritimes","departementCode":"06","horaires":"Du Lundi au Vendredi : de 08h30 à 12h00 de 13h30 à 17h00","email":"contact@mairie-falicon.com","telephone":"04 92 07 92 70","latitude":43.748837,"longitude":7.2788,"website":"https://www.falicon.fr/","url":"https://lannuaire.service-public.gouv.fr/provence-alpes-cote-d-azur/alpes-maritimes/9a1a8d7f-1f0a-4fb5-a6d8-53caff6f69c0"}
{"nom":"Fontan","adresse":"Place du Centenaire , 06540 , Fontan , France","codePostal":"06540 ","region":"Provence-Alpes-Côte d'Azur","departement":"Alpes-Maritimes","departementCode":"06","horaires":"Du Lundi au Vendredi : de 09h00 à 12h00","email":"mairie@ville-fontan.fr","telephone":"04 93 04 50 01","latitude":44.002445,"longitude":7.552914,"website":"https://ville-fontan.eu/","url":"https://lannuaire.service-public.gouv.fr/provence-alpes-cote-d-azur/alpes-maritimes/4f6b38e4-b5d1-414e-9e70-468a1fe44914"}
{"nom":"Gars","adresse":"1 place du Château , 06850 , Gars , France","codePostal":"06850 ","region":"Provence-Alpes-Côte d'Azur","departement":"Alpes-Maritimes","departementCode":"06","horaires":"Le Mardi : de 08h30 à 16h30\nLe Vendredi : de 08h30 à 16h30","email":"mairiedegars@nordnet.fr","telephone":"04 93 05 80 80","latitude":43.865498,"longitude":6.8031697,"website":"http://www.ville-gars.net/","url":"https://lannuaire.service-public.gouv.fr/provence-alpes-cote-d-azur/alpes-maritimes/ce227a57-a1f2-41dd-8581-a3021a0e54d8"}
{"nom":"Gattières","adresse":"11 rue Torrin-et-Grassi , 06510 , Gattières , France","codePostal":"06510 ","region":"Provence-Alpes-Côte d'Azur","departement":"Alpes-Maritimes","departementCode":"06","horaires":"Du Lundi au Mercredi : de 08h30 à 12h00 de 13h00 à 17h00\nLe Jeudi : de 08h30 à 12h00 de 13h30 à 17h00\nLe Samedi : de 10h00 à 12h00\n\nAccueil ouvert chaque 1er samedi du mois, uniquement pour l'état civil.","email":"accueil@mairie-gattieres.fr","telephone":"04 92 08 45 70","latitude":43.760406,"longitude":7.17681,"website":"https://gattieres.fr/","url":"https://lannuaire.service-public.gouv.fr/provence-alpes-cote-d-azur/alpes-maritimes/d67ab832-6c60-4fd0-8efd-6fde0873bb7f"}
{"nom":"Gilette","adresse":"1 place du Docteur-René-Morani , 06830 , Gilette , France","codePostal":"06830 ","region":"Provence-Alpes-Côte d'Azur","departement":"Alpes-Maritimes","departementCode":"06","horaires":"Du Lundi au Mercredi : de 08h30 à 12h30\nLe Jeudi : de 09h00 à 12h30\nLe Vendredi : de 08h30 à 12h30","email":"mairie.gilette@orange.fr","telephone":"04 93 08 57 19","latitude":43.849476,"longitude":7.163457,"website":"http://www.gilette.fr/","url":"https://lannuaire.service-public.gouv.fr/provence-alpes-cote-d-azur/alpes-maritimes/b06d8bed-6eb3-409b-a8e8-868680534e80"}
{"nom":"Gorbio","adresse":"30 rue Garibaldi , 06500 , Gorbio , France","codePostal":"06500 ","region":"Provence-Alpes-Côte d'Azur","departement":"Alpes-Maritimes","departementCode":"06","horaires":"Du Lundi au Vendredi : de 08h30 à 12h30","email":"contact@gorbio.fr","telephone":"04 92 10 66 50","latitude":43.786728,"longitude":7.443949,"website":"https://www.gorbio.fr/","url":"https://lannuaire.service-public.gouv.fr/provence-alpes-cote-d-azur/alpes-maritimes/38e67370-a416-48eb-8fde-9bab9f681b2c"}
{"nom":"Gourdon","adresse":"La Colombière , 06620 , Gourdon , France","codePostal":"06620 ","region":"Provence-Alpes-Côte d'Azur","departement":"Alpes-Maritimes","departementCode":"06","horaires":"Du Lundi au Jeudi : de 08h00 à 17h00\nLe Vendredi : de 08h00 à 16h00\n\nL'agence postale communale située dans les locaux de la mairie est ouverte du lundi au jeudi de 8h15 à 16h30 et le vendredi de 8h15 à 15h30.","email":"contact@mairie-gourdon06.fr","telephone":"04 93 42 92 00","latitude":43.723473,"longitude":6.974334,"website":"https://www.gourdon06.fr/","url":"https://lannuaire.service-public.gouv.fr/provence-alpes-cote-d-azur/alpes-maritimes/66b1ba08-44f1-4333-a261-0d35bb43eb28"}
{"nom":"Grasse","adresse":"Place du Petit-Puy , 06131 , Grasse , France","codePostal":"06131 ","region":"Provence-Alpes-Côte d'Azur","departement":"Alpes-Maritimes","departementCode":"06","horaires":"Du Lundi au Vendredi : de 08h15 à 16h30\nLe Samedi : de 09h00 à 12h00\n\nPasseports et cartes d'identité uniquement.","email":"accueil.mairie@ville-grasse.fr","telephone":"04 97 05 50 00","latitude":43.65798,"longitude":6.92444,"website":"http://www.ville-grasse.fr/","url":"https://lannuaire.service-public.gouv.fr/provence-alpes-cote-d-azur/alpes-maritimes/1491685a-9ac8-4acb-bf12-6853b97830f2"}
{"nom":"Gréolières","adresse":"5 rue de la Mairie , 06620 , Gréolières , France","codePostal":"06620 ","region":"Provence-Alpes-Côte d'Azur","departement":"Alpes-Maritimes","departementCode":"06","horaires":"Le Lundi : de 09h00 à 11h45\nDu Mercredi au Jeudi : de 09h00 à 11h45","email":"mairie.greolieres@orange.fr","telephone":"04 93 59 95 16","latitude":43.795,"longitude":6.9434,"website":"https://www.greolieres.fr/","url":"https://lannuaire.service-public.gouv.fr/provence-alpes-cote-d-azur/alpes-maritimes/f1fdd8cc-f740-4848-8af5-d4780293e6ef"}
{"nom":"Guillaumes","adresse":"1 place Napoléon-III , 06470 , Guillaumes , France","codePostal":"06470 ","region":"Provence-Alpes-Côte d'Azur","departement":"Alpes-Maritimes","departementCode":"06","horaires":"Le Mardi : de 10h00 à 12h00 de 14h00 à 16h00\nDu Mercredi au Samedi : de 10h00 à 12h00","email":"mairie@guillaumes.fr","telephone":"04 93 05 50 13","latitude":44.089355,"longitude":6.854309,"website":"https://www.guillaumes.fr/","url":"https://lannuaire.service-public.gouv.fr/provence-alpes-cote-d-azur/alpes-maritimes/764f4e49-7422-46c5-b066-82802679af07"}
{"nom":"Ilonse","adresse":"Place de la Mairie , 06420 , Ilonse , France","codePostal":"06420 ","region":"Provence-Alpes-Côte d'Azur","departement":"Alpes-Maritimes","departementCode":"06","horaires":"Le Lundi : de 08h30 à 16h30\nLe Jeudi : de 08h30 à 16h30","email":"mairie.ilonse@wanadoo.fr","telephone":"04 93 02 03 49","latitude":44.03228,"longitude":7.099705,"website":"https://www.ilonse.fr/","url":"https://lannuaire.service-public.gouv.fr/provence-alpes-cote-d-azur/alpes-maritimes/8b7978d5-7f38-446a-90bc-ce1b6d5cb1ae"}
{"nom":"Isola","adresse":"Place Jean-Gaissa , 06420 , Isola , France","codePostal":"06420 ","region":"Provence-Alpes-Côte d'Azur","departement":"Alpes-Maritimes","departementCode":"06","horaires":"Du Lundi au Vendredi : de 08h30 à 12h00 de 14h00 à 17h00","email":"accueil@mairieisola.com","telephone":"04 93 23 23 23","latitude":44.186375,"longitude":7.052883,"website":"https://www.mairieisola.com/","url":"https://lannuaire.service-public.gouv.fr/provence-alpes-cote-d-azur/alpes-maritimes/e3b6288c-6a28-422f-851f-fc5571164cd9"}
{"nom":"L'Escarène","adresse":"Place d'Audiffret , 06440 , L'Escarène , France","codePostal":"06440 ","region":"Provence-Alpes-Côte d'Azur","departement":"Alpes-Maritimes","departementCode":"06","horaires":"Du Lundi au Mardi : de 08h30 à 12h00 de 13h30 à 17h00\nLe Mercredi : de 08h30 à 12h00\nDu Jeudi au Vendredi : de 08h30 à 12h00\nLe Vendredi : de 08h30 à 12h00 de 13h30 à 17h00","email":"mairie@escarene.fr","telephone":"04 93 91 64 00","latitude":43.83375,"longitude":7.3554373,"website":"https://escarene.fr/","url":"https://lannuaire.service-public.gouv.fr/provence-alpes-cote-d-azur/alpes-maritimes/e68cc4c8-7fc5-43e1-8e4d-16ea9e863eb4"}
{"nom":"La Bollène-Vésubie","adresse":"Place du Général-de-Gaulle , 06450 , La Bollène-Vésubie , France","codePostal":"06450 ","region":"Provence-Alpes-Côte d'Azur","departement":"Alpes-Maritimes","departementCode":"06","horaires":"Du Lundi au Vendredi : de 09h00 à 12h00\nAccueil ouvert les après-midis uniquement sur rendez-vous.","email":"labollenevesubie@wanadoo.fr","telephone":"04 93 03 01 02","latitude":43.9909,"longitude":7.33222,"website":"","url":"https://lannuaire.service-public.gouv.fr/provence-alpes-cote-d-azur/alpes-maritimes/d0a11b14-c216-4c42-802b-7320172fd6b7"}
{"nom":"La Brigue","adresse":"Place Saint-Martin , 06430 , La Brigue , France","codePostal":"06430 ","region":"Provence-Alpes-Côte d'Azur","departement":"Alpes-Maritimes","departementCode":"06","horaires":"Du Lundi au Vendredi : de 08h30 à 12h00 de 13h30 à 17h00\nLe Samedi : de 08h30 à 12h00","email":"mairie@labrigue.fr","telephone":"04 93 04 36 00","latitude":44.06371,"longitude":7.615181,"website":"http://www.labrigue.fr/","url":"https://lannuaire.service-public.gouv.fr/provence-alpes-cote-d-azur/alpes-maritimes/2f187de7-c832-4453-b0af-e1db88e7ace0"}
{"nom":"La Colle-sur-Loup","adresse":"Chemin du Canadel , 06480 , La Colle-sur-Loup , France","codePostal":"06480 ","region":"Provence-Alpes-Côte d'Azur","departement":"Alpes-Maritimes","departementCode":"06","horaires":"Du Lundi au Vendredi : de 08h30 à 12h30 de 13h30 à 17h00\nLe Samedi : de 09h00 à 12h00\n\nAccueil ouvert uniquement pour l'état civil le samedi, pendant la crise sanitaire accueil ouvert sur rendez-vous uniquement.","email":"contact@mairie-lacollesurloup.fr","telephone":"04 93 32 83 25","latitude":43.68675,"longitude":7.10316,"website":"https://www.lacollesurloup.fr/","url":"https://lannuaire.service-public.gouv.fr/provence-alpes-cote-d-azur/alpes-maritimes/11a6d4c9-278a-49c8-b526-9644201e9768"}
{"nom":"La Croix-sur-Roudoule","adresse":"1 place de la Mairie , 06260 , La Croix-sur-Roudoule , France","codePostal":"06260 ","region":"Provence-Alpes-Côte d'Azur","departement":"Alpes-Maritimes","departementCode":"06","horaires":"Le Vendredi : de 09h00 à 17h30","email":"lacroixsurroudoule@wanadoo.fr","telephone":"04 93 05 05 70","latitude":43.987793,"longitude":6.874835,"website":"","url":"https://lannuaire.service-public.gouv.fr/provence-alpes-cote-d-azur/alpes-maritimes/c2769bdd-dc26-4f7f-80a6-727a0a759a5c"}
{"nom":"La Gaude","adresse":"6 rue Louis-Michel-Féraud , 06610 , La Gaude , France","codePostal":"06610 ","region":"Provence-Alpes-Côte d'Azur","departement":"Alpes-Maritimes","departementCode":"06","horaires":"Du Lundi au Vendredi : de 08h30 à 12h00 de 14h00 à 17h30","email":"courrier@lagaude.fr","telephone":"04 93 59 41 41","latitude":43.722355,"longitude":7.150861,"website":"https://www.lagaude.fr/","url":"https://lannuaire.service-public.gouv.fr/provence-alpes-cote-d-azur/alpes-maritimes/8a45b15d-f4a8-4a9e-a332-133b6f0ff1b3"}
{"nom":"Lantosque","adresse":"Place de la Mairie , 06450 , Lantosque , France","codePostal":"06450 ","region":"Provence-Alpes-Côte d'Azur","departement":"Alpes-Maritimes","departementCode":"06","horaires":"Du Lundi au Mercredi : de 08h30 à 12h00\nLe Jeudi : de 08h30 à 12h00 de 14h00 à 17h00\n\nPermanences du Maire : sur rendez-vous pris auprès du secrétariat\nLe Vendredi : de 08h30 à 12h00","email":"mairiedelantosque@wanadoo.fr","telephone":"04 93 03 00 02","latitude":43.97424,"longitude":7.312375,"website":"http://www.mairiedelantosque.fr/","url":"https://lannuaire.service-public.gouv.fr/provence-alpes-cote-d-azur/alpes-maritimes/9b104bce-28ef-48e9-bca5-b0124a81d2e5"}
{"nom":"La Penne","adresse":"1 place de l'Église , 06260 , La Penne , France","codePostal":"06260 ","region":"Provence-Alpes-Côte d'Azur","departement":"Alpes-Maritimes","departementCode":"06","horaires":"Du Lundi au Mardi : de 08h00 à 12h00 de 13h00 à 17h00\nLe Jeudi : de 08h00 à 12h00\nLe Vendredi : de 08h00 à 12h00 de 13h00 à 16h00\nLe Samedi : de 08h00 à 12h00","email":"contact@mairiedelapenne.fr","telephone":"04 93 05 84 29","latitude":43.927937,"longitude":6.948272,"website":"","url":"https://lannuaire.service-public.gouv.fr/provence-alpes-cote-d-azur/alpes-maritimes/98ea4ce7-3867-45af-bd6e-dab63f18bd37"}
{"nom":"La Roque-en-Provence","adresse":"1 rue de Provence , 06910 , La Roque-en-Provence , France","codePostal":"06910 ","region":"Provence-Alpes-Côte d'Azur","departement":"Alpes-Maritimes","departementCode":"06","horaires":"Le Jeudi : de 09h00 à 12h00 de 14h00 à 17h00\nLe Vendredi : de 09h00 à 12h00 de 14h00 à 17h00","email":"contact@laroqueenprovence.fr","telephone":"04 93 05 90 53","latitude":43.794926,"longitude":6.9432287,"website":"http://www.laroqueenprovence.fr/","url":"https://lannuaire.service-public.gouv.fr/provence-alpes-cote-d-azur/alpes-maritimes/c0ffdf99-2572-4575-9ca1-80aac5074644"}
{"nom":"La Roquette-sur-Siagne","adresse":"630 chemin de la Commune , 06550 , La Roquette-sur-Siagne , France","codePostal":"06550 ","region":"Provence-Alpes-Côte d'Azur","departement":"Alpes-Maritimes","departementCode":"06","horaires":"Du Lundi au Vendredi : de 08h00 à 16h00","email":"courrier@laroquettesursiagne.com","telephone":"04 92 19 45 00","latitude":43.580505,"longitude":6.9560375,"website":"https://www.laroquettesursiagne.com/","url":"https://lannuaire.service-public.gouv.fr/provence-alpes-cote-d-azur/alpes-maritimes/469a8711-1ea1-4939-8bc0-43beb72880ec"}
{"nom":"La Roquette-sur-Var","adresse":"15 place de la Libération , 06670 , La Roquette-sur-Var , France","codePostal":"06670 ","region":"Provence-Alpes-Côte d'Azur","departement":"Alpes-Maritimes","departementCode":"06","horaires":"Le Lundi : de 09h00 à 12h00\nLe Mercredi : de 09h00 à 12h00\nLe Vendredi : de 09h00 à 12h00","email":"mairie@laroquettesurvar.fr","telephone":"04 93 08 40 21","latitude":43.8279,"longitude":7.198116,"website":"https://www.laroquettesurvar.fr/","url":"https://lannuaire.service-public.gouv.fr/provence-alpes-cote-d-azur/alpes-maritimes/8d65c559-a050-4822-ae63-57f1003f094f"}
{"nom":"La Tour","adresse":"Grand'place , 06420 , La Tour , France","codePostal":"06420 ","region":"Provence-Alpes-Côte d'Azur","departement":"Alpes-Maritimes","departementCode":"06","horaires":"Du Lundi au Jeudi : de 09h00 à 12h00\nLe Vendredi : de 16h00 à 19h00","email":"secretariat@mairielatour.org","telephone":"04 93 02 05 27","latitude":43.94617,"longitude":7.184039,"website":"https://www.latoursurtinee.fr/","url":"https://lannuaire.service-public.gouv.fr/provence-alpes-cote-d-azur/alpes-maritimes/f89d81f5-d3fb-4f75-a652-7b7ea9d24314"}
{"nom":"La Trinité","adresse":"19 rue de l'Hôtel-de-Ville , 06340 , La Trinité , France","codePostal":"06340 ","region":"Provence-Alpes-Côte d'Azur","departement":"Alpes-Maritimes","departementCode":"06","horaires":"Du Lundi au Vendredi : de 08h30 à 12h00 de 13h00 à 17h00\nLe Samedi : de 08h30 à 12h00\n\nAccueil ouvert uniquement pour l'état civil.","email":"service.courrier@villelt.fr","telephone":"04 93 27 64 00","latitude":43.743114,"longitude":7.313764,"website":"https://villedelatrinite.fr/","url":"https://lannuaire.service-public.gouv.fr/provence-alpes-cote-d-azur/alpes-maritimes/ab60433c-e377-45aa-957e-6193d68cb2c1"}
{"nom":"La Turbie","adresse":"27 avenue de la Victoire , 06320 , La Turbie , France","codePostal":"06320 ","region":"Provence-Alpes-Côte d'Azur","departement":"Alpes-Maritimes","departementCode":"06","horaires":"Du Lundi au Vendredi : de 08h30 à 12h00 de 14h00 à 17h00\nAccueil ouvert sur rendez-vous uniquement.","email":"accueil@ville-la-turbie.fr","telephone":"04 92 41 51 61","latitude":43.74539,"longitude":7.399633,"website":"https://www.ville-la-turbie.fr/","url":"https://lannuaire.service-public.gouv.fr/provence-alpes-cote-d-azur/alpes-maritimes/5bc9c693-c5b1-42e9-9669-d4a5d0977fe2"}
{"nom":"Le Bar-sur-Loup","adresse":"Place de la Tour , 06620 , Le Bar-sur-Loup , France","codePostal":"06620 ","region":"Provence-Alpes-Côte d'Azur","departement":"Alpes-Maritimes","departementCode":"06","horaires":"Du Lundi au Jeudi : de 08h30 à 12h30 de 13h30 à 16h30\nLe Vendredi : de 08h30 à 12h30","email":"accueil@lebarsurloup.fr","telephone":"04 92 60 35 70","latitude":43.701466,"longitude":6.9892187,"website":"https://www.lebarsurloup.fr/","url":"https://lannuaire.service-public.gouv.fr/provence-alpes-cote-d-azur/alpes-maritimes/0df63e40-3d42-437d-a670-5719ff4d7833"}
{"nom":"Le Broc","adresse":"1 place de l'Hôtel-de-Ville , 06510 , Le Broc , France","codePostal":"06510 ","region":"Provence-Alpes-Côte d'Azur","departement":"Alpes-Maritimes","departementCode":"06","horaires":"Du Lundi au Vendredi : de 09h00 à 12h00 de 14h00 à 16h30","email":"contact@lebroc.fr","telephone":"04 92 08 27 30","latitude":43.80854,"longitude":7.17074,"website":"https://www.lebroc.fr/","url":"https://lannuaire.service-public.gouv.fr/provence-alpes-cote-d-azur/alpes-maritimes/16d079f3-aa86-4988-87d3-8a183b29dd2c"}
{"nom":"Le Cannet","adresse":"20 boulevard Sadi-Carnot , 06115 , Le Cannet , France","codePostal":"06115 ","region":"Provence-Alpes-Côte d'Azur","departement":"Alpes-Maritimes","departementCode":"06","horaires":"Du Lundi au Vendredi : de 08h30 à 17h00","email":"contact@mairie-le-cannet.fr","telephone":"04 92 18 20 00","latitude":43.57047,"longitude":7.016513,"website":"https://www.lecannet.fr/","url":"https://lannuaire.service-public.gouv.fr/provence-alpes-cote-d-azur/alpes-maritimes/75053587-9fed-4489-b0bd-876e9c148d17"}
{"nom":"Le Mas","adresse":"16 route de Saint-Auban , 06910 , Le Mas , France","codePostal":"06910 ","region":"Provence-Alpes-Côte d'Azur","departement":"Alpes-Maritimes","departementCode":"06","horaires":"Du Lundi au Mardi : de 08h30 à 12h30 de 13h30 à 18h30\nLe Jeudi : de 08h30 à 12h30 de 13h30 à 18h30\nLe Vendredi : de 08h30 à 12h30 de 13h30 à 17h30","email":"secretariatlemas@gmail.com","telephone":"04 93 60 40 29","latitude":43.843082,"longitude":6.858767,"website":"http://www.commune-lemas.fr/","url":"https://lannuaire.service-public.gouv.fr/provence-alpes-cote-d-azur/alpes-maritimes/609c8c83-4430-4f43-90a5-d92929377954"}
{"nom":"Le Rouret","adresse":"Allée des Anciens-Combattants , 06650 , Le Rouret , France","codePostal":"06650 ","region":"Provence-Alpes-Côte d'Azur","departement":"Alpes-Maritimes","departementCode":"06","horaires":"Du Lundi au Mardi : de 08h00 à 12h30 de 13h30 à 17h00\nLe Mercredi : de 08h00 à 12h00\nLe Jeudi : de 08h00 à 12h30 de 13h30 à 17h30\nLe Vendredi : de 08h00 à 12h30 de 13h30 à 15h30","email":"contact@mairie-lerouret.fr","telephone":"04 93 77 20 02","latitude":43.674446,"longitude":7.0064383,"website":"https://lerouret.fr/","url":"https://lannuaire.service-public.gouv.fr/provence-alpes-cote-d-azur/alpes-maritimes/62997004-0485-4c16-b8bb-cf2c18a3d8d7"}
{"nom":"Les Ferres","adresse":"5 route du Mont-Saint-Michel , 06510 , Les Ferres , France","codePostal":"06510 ","region":"Provence-Alpes-Côte d'Azur","departement":"Alpes-Maritimes","departementCode":"06","horaires":"Le Lundi : de 08h30 à 17h00\nLe Vendredi : de 08h30 à 17h00","email":"commune-de-les-ferres@orange.fr","telephone":"04 93 59 08 10","latitude":43.846653,"longitude":7.093229,"website":"https://www.lesferres.fr/","url":"https://lannuaire.service-public.gouv.fr/provence-alpes-cote-d-azur/alpes-maritimes/7660e130-6e62-4bf4-bd9a-3427359e4198"}
{"nom":"Les Mujouls","adresse":"1 place Noël-Rainéro , 06910 , Les Mujouls , France","codePostal":"06910 ","region":"Provence-Alpes-Côte d'Azur","departement":"Alpes-Maritimes","departementCode":"06","horaires":"Du Jeudi au Vendredi : de 09h00 à 16h00","email":"mairielesmujouls@nordnet.fr","telephone":"04 93 05 80 62","latitude":43.883556,"longitude":6.862364,"website":"","url":"https://lannuaire.service-public.gouv.fr/provence-alpes-cote-d-azur/alpes-maritimes/6029acf5-9e5a-4f60-894a-f357d3d433de"}
{"nom":"Le Tignet","adresse":"Avenue de l'Hôtel-de-Ville , 06530 , Le Tignet , France","codePostal":"06530 ","region":"Provence-Alpes-Côte d'Azur","departement":"Alpes-Maritimes","departementCode":"06","horaires":"Le Lundi : de 08h30 à 12h00 de 13h30 à 17h00\nDu Mardi au Mercredi : de 08h30 à 12h00\nLe Jeudi : de 08h30 à 12h00 de 13h30 à 17h00\nLe Vendredi : de 08h30 à 12h00","email":"mairie@letignet.fr","telephone":"04 93 66 66 66","latitude":43.639996,"longitude":6.846153,"website":"https://www.letignet.fr/","url":"https://lannuaire.service-public.gouv.fr/provence-alpes-cote-d-azur/alpes-maritimes/c6dbcddc-6665-4bb6-8ef8-5d8a9460da1c"}
{"nom":"Levens","adresse":"5 place de la République , 06670 , Levens , France","codePostal":"06670 ","region":"Provence-Alpes-Côte d'Azur","departement":"Alpes-Maritimes","departementCode":"06","horaires":"Le Lundi : de 08h30 à 12h00 de 13h30 à 16h00\nLe Mardi : de 08h30 à 12h00\nDu Mercredi au Vendredi : de 08h30 à 12h00 de 13h30 à 16h00","email":"accueil@mairie-levens.fr","telephone":"04 93 91 61 16","latitude":43.8589,"longitude":7.22634,"website":"http://www.levens.fr/","url":"https://lannuaire.service-public.gouv.fr/provence-alpes-cote-d-azur/alpes-maritimes/9bba262c-91fd-4c83-8f14-2cb7c836394a"}
{"nom":"Lieuche","adresse":"14 place Renée-Boetti , 06260 , Lieuche , France","codePostal":"06260 ","region":"Provence-Alpes-Côte d'Azur","departement":"Alpes-Maritimes","departementCode":"06","horaires":"Le Jeudi : de 09h00 à 12h00 de 14h00 à 18h00","email":"mairie@lieuche.fr","telephone":"04 93 05 01 50","latitude":43.99599,"longitude":7.015854,"website":"","url":"https://lannuaire.service-public.gouv.fr/provence-alpes-cote-d-azur/alpes-maritimes/7f55fa17-d81a-4ea6-8c68-d7f95de5dcbc"}
{"nom":"Lucéram","adresse":"6 place Adrien-Barralis , 06440 , Lucéram , France","codePostal":"06440 ","region":"Provence-Alpes-Côte d'Azur","departement":"Alpes-Maritimes","departementCode":"06","horaires":"Du Lundi au Mardi : de 09h00 à 12h00 de 14h00 à 16h00\nLe Mercredi : de 09h00 à 12h00\nDu Jeudi au Vendredi : de 09h00 à 12h00 de 14h00 à 16h00","email":"mairie@luceram.fr","telephone":"04 93 91 60 50","latitude":43.884033,"longitude":7.3606944,"website":"https://www.luceram.fr/","url":"https://lannuaire.service-public.gouv.fr/provence-alpes-cote-d-azur/alpes-maritimes/24cd31a7-4aa9-41b4-8f23-ccf61358683f"}
{"nom":"Malaussène","adresse":"3 carriera de l'Escola , 06710 , Malaussène , France","codePostal":"06710 ","region":"Provence-Alpes-Côte d'Azur","departement":"Alpes-Maritimes","departementCode":"06","horaires":"Du Lundi au Vendredi : de 09h30 à 12h00","email":"mairie@malaussene.fr","telephone":"04 93 05 34 00","latitude":43.927338,"longitude":7.131118,"website":"","url":"https://lannuaire.service-public.gouv.fr/provence-alpes-cote-d-azur/alpes-maritimes/0f673eab-72eb-48a9-8995-f6f92c7c7da4"}
{"nom":"Mandelieu-la-Napoule","adresse":"Avenue de la République , 06210 , Mandelieu-la-Napoule , France","codePostal":"06210 ","region":"Provence-Alpes-Côte d'Azur","departement":"Alpes-Maritimes","departementCode":"06","horaires":"Du Lundi au Vendredi : de 08h30 à 12h00 de 13h30 à 17h00","email":"maire@mairie-mandelieu.fr","telephone":"04 92 97 30 00","latitude":43.541275,"longitude":6.933299,"website":"https://www.mandelieu.fr/","url":"https://lannuaire.service-public.gouv.fr/provence-alpes-cote-d-azur/alpes-maritimes/ef50a561-1a53-4b07-9b6c-86aace5151dd"}
{"nom":"Marie","adresse":"Place de la Mairie , 06420 , Marie , France","codePostal":"06420 ","region":"Provence-Alpes-Côte d'Azur","departement":"Alpes-Maritimes","departementCode":"06","horaires":"Le Lundi : de 09h00 à 17h00\nDu Mercredi au Jeudi : de 09h00 à 17h00","email":"communedemarie@wanadoo.fr","telephone":"04 93 02 03 73","latitude":44.031864,"longitude":7.134529,"website":"http://www.ville-marie.fr/","url":"https://lannuaire.service-public.gouv.fr/provence-alpes-cote-d-azur/alpes-maritimes/972b60b8-261f-40dd-8e30-1a098e657e40"}
{"nom":"Massoins","adresse":"Hôtel de Ville , 06710 , Massoins , France","codePostal":"06710 ","region":"Provence-Alpes-Côte d'Azur","departement":"Alpes-Maritimes","departementCode":"06","horaires":"Du Lundi au Vendredi : de 09h30 à 12h30 de 13h30 à 16h30","email":"massoins.mairie@wanadoo.fr","telephone":"04 93 05 72 55","latitude":43.94139,"longitude":7.125398,"website":"https://www.massoins.fr/","url":"https://lannuaire.service-public.gouv.fr/provence-alpes-cote-d-azur/alpes-maritimes/13e13c0b-5150-42d9-a4cc-342ab42218e7"}
{"nom":"Menton","adresse":"17 rue de la République , 06500 , Menton , France","codePostal":"06500 ","region":"Provence-Alpes-Côte d'Azur","departement":"Alpes-Maritimes","departementCode":"06","horaires":"Du Lundi au Vendredi : de 08h30 à 12h30 de 13h30 à 17h00","email":"mairie@ville-menton.fr","telephone":"04 92 10 50 00","latitude":43.775528,"longitude":7.502842,"website":"https://www.menton.fr/","url":"https://lannuaire.service-public.gouv.fr/provence-alpes-cote-d-azur/alpes-maritimes/5722d047-8ca8-4047-859f-81ae5d591fa1"}
{"nom":"Mouans-Sartoux","adresse":"3 Place du Général-de-Gaulle , 06371 , Mouans-Sartoux , France","codePostal":"06371 ","region":"Provence-Alpes-Côte d'Azur","departement":"Alpes-Maritimes","departementCode":"06","horaires":"Du Lundi au Vendredi : de 08h30 à 12h30 de 13h30 à 17h00","email":"mairie@mouans-sartoux.net","telephone":"04 92 92 47 00","latitude":43.620457,"longitude":6.970494,"website":"http://www.mouans-sartoux.net/","url":"https://lannuaire.service-public.gouv.fr/provence-alpes-cote-d-azur/alpes-maritimes/3f9f42a9-1c64-40f4-a661-316c2ebf91e8"}
{"nom":"Mougins","adresse":"72 chemin de l'Horizon , 06251 , Mougins Cedex , France","codePostal":"06251 ","region":"Provence-Alpes-Côte d'Azur","departement":"Alpes-Maritimes","departementCode":"06","horaires":"Du Lundi au Vendredi : de 08h00 à 16h30","email":"cabinet@villedemougins.com","telephone":"04 92 92 50 00","latitude":43.599163,"longitude":6.994952,"website":"https://mougins.fr/","url":"https://lannuaire.service-public.gouv.fr/provence-alpes-cote-d-azur/alpes-maritimes/596ba8f7-40fd-4de0-ac42-8040d26619b3"}
{"nom":"Moulinet","adresse":"2 Place Saint-Joseph , 06380 , Moulinet , France","codePostal":"06380 ","region":"Provence-Alpes-Côte d'Azur","departement":"Alpes-Maritimes","departementCode":"06","horaires":"Le Lundi : de 14h00 à 17h00\nLe Mardi : de 09h00 à 10h00\nLe Mercredi : de 09h00 à 12h00\nLe Jeudi : de 10h30 à 12h00","email":"secretaire.moulinet@gmail.com","telephone":"04 93 04 80 07","latitude":43.9409,"longitude":7.41306,"website":"http://www.moulinet.net/","url":"https://lannuaire.service-public.gouv.fr/provence-alpes-cote-d-azur/alpes-maritimes/0f0bb2d3-11a2-4100-a42f-f550faa5fb30"}
{"nom":"Nice","adresse":"5 rue de l'Hôtel-de-Ville , 06364 , Nice , France","codePostal":"06364 ","region":"Provence-Alpes-Côte d'Azur","departement":"Alpes-Maritimes","departementCode":"06","horaires":"Du Lundi au Vendredi : de 08h30 à 17h00","email":"","telephone":"03 90 6","latitude":43.696114,"longitude":7.271782,"website":"https://www.nice.fr/fr/","url":"https://lannuaire.service-public.gouv.fr/provence-alpes-cote-d-azur/alpes-maritimes/53bcfa2d-22c7-4d3b-9365-1cb02ebb4a88"}
{"nom":"Opio","adresse":"Place de la Liberté , 06650 , Opio , France","codePostal":"06650 ","region":"Provence-Alpes-Côte d'Azur","departement":"Alpes-Maritimes","departementCode":"06","horaires":"Du Lundi au Vendredi : de 13h30 à 17h30\nLe service urbanisme est ouvert uniquement le lundi, mardi, jeudi et vendredi de 13h30 à 17h15.","email":"accueil@mairie-opio.fr","telephone":"04 93 77 23 18","latitude":43.66877,"longitude":6.9818897,"website":"https://mairie-opio.fr/","url":"https://lannuaire.service-public.gouv.fr/provence-alpes-cote-d-azur/alpes-maritimes/8d6ea009-67a3-414f-b973-fa72d77d1870"}
{"nom":"Pégomas","adresse":"169 avenue de Grasse , 06580 , Pégomas , France","codePostal":"06580 ","region":"Provence-Alpes-Côte d'Azur","departement":"Alpes-Maritimes","departementCode":"06","horaires":"Du Lundi au Vendredi : de 08h30 à 12h30 de 13h30 à 16h30","email":"contact@villedepegomas.fr","telephone":"04 93 42 22 22","latitude":43.59369,"longitude":6.928587,"website":"https://villedepegomas.com/","url":"https://lannuaire.service-public.gouv.fr/provence-alpes-cote-d-azur/alpes-maritimes/93d3fd3a-3a36-45fc-9b52-f38ef131beb3"}
{"nom":"Peille","adresse":"Place Carnot , 06440 , Peille , France","codePostal":"06440 ","region":"Provence-Alpes-Côte d'Azur","departement":"Alpes-Maritimes","departementCode":"06","horaires":"Du Lundi au Vendredi : de 08h30 à 12h00","email":"mairie@peille.fr","telephone":"04 93 91 71 71","latitude":43.8031,"longitude":7.402676,"website":"https://www.peille.fr/","url":"https://lannuaire.service-public.gouv.fr/provence-alpes-cote-d-azur/alpes-maritimes/cd926a63-ef96-4c96-ac8e-1d3c55cdd789"}
{"nom":"Peillon","adresse":"672 avenue de l'Hôtel-de-Ville , 06440 , Peillon , France","codePostal":"06440 ","region":"Provence-Alpes-Côte d'Azur","departement":"Alpes-Maritimes","departementCode":"06","horaires":"Du Lundi au Vendredi : de 08h00 à 12h00","email":"mairie@peillon.fr","telephone":"04 93 79 91 04","latitude":43.777847,"longitude":7.381096,"website":"http://www.peillon.fr/","url":"https://lannuaire.service-public.gouv.fr/provence-alpes-cote-d-azur/alpes-maritimes/b9633a6c-b70a-4047-aba0-1fecd27695b1"}
{"nom":"Péone","adresse":"26 place Thomas-Guérin , 06470 , Péone , France","codePostal":"06470 ","region":"Provence-Alpes-Côte d'Azur","departement":"Alpes-Maritimes","departementCode":"06","horaires":"Le Lundi : de 08h30 à 12h00\nLe Mardi : de 08h30 à 12h00 de 13h30 à 17h00\nLe Mercredi : de 08h30 à 12h00\nLe Jeudi : de 08h30 à 12h00 de 13h30 à 17h00\nLe Vendredi : de 08h30 à 12h00","email":"commune-de-peone@orange.fr","telephone":"04 93 02 59 89","latitude":44.11637,"longitude":6.906687,"website":"https://lapagelocale.fr/06470-peone","url":"https://lannuaire.service-public.gouv.fr/provence-alpes-cote-d-azur/alpes-maritimes/d31f4ba8-4c11-46a9-ace3-5658df38b370"}
{"nom":"Peymeinade","adresse":"11 boulevard du Général-de-Gaulle , 06530 , Peymeinade , France","codePostal":"06530 ","region":"Provence-Alpes-Côte d'Azur","departement":"Alpes-Maritimes","departementCode":"06","horaires":"Du Lundi au Vendredi : de 08h00 à 12h00 de 13h30 à 17h00","email":"mairie@peymeinade.fr","telephone":"04 93 66 10 05","latitude":43.642445,"longitude":6.875725,"website":"https://peymeinade.fr/","url":"https://lannuaire.service-public.gouv.fr/provence-alpes-cote-d-azur/alpes-maritimes/40104b0e-6ea0-4867-adff-97b2b4b8ff19"}
{"nom":"Pierlas","adresse":"Place Robini , 06260 , Pierlas , France","codePostal":"06260 ","region":"Provence-Alpes-Côte d'Azur","departement":"Alpes-Maritimes","departementCode":"06","horaires":"Le Mardi : de 09h00 à 16h00\nLe Jeudi : de 09h00 à 16h00","email":"contact@mairie-pierlas.com","telephone":"04 83 10 80 51","latitude":44.03137,"longitude":7.035473,"website":"https://www.pierlas.fr/","url":"https://lannuaire.service-public.gouv.fr/provence-alpes-cote-d-azur/alpes-maritimes/894b53c0-1433-4fd9-9ea7-e8f7d2e582c7"}
{"nom":"Pierrefeu","adresse":"36 route du Vieux-Pierrefeu , 06910 , Pierrefeu , France","codePostal":"06910 ","region":"Provence-Alpes-Côte d'Azur","departement":"Alpes-Maritimes","departementCode":"06","horaires":"Du Lundi au Vendredi : de 08h30 à 12h00","email":"mairie@pierrefeu-06.fr","telephone":"04 93 08 58 18","latitude":43.863857,"longitude":7.091883,"website":"http://pierrefeu-06.fr/","url":"https://lannuaire.service-public.gouv.fr/provence-alpes-cote-d-azur/alpes-maritimes/6f2214d4-ab02-48d3-8ff6-6df4186f4587"}
{"nom":"Puget-Rostang","adresse":"Place des Tilleuls , 06260 , Puget-Rostang , France","codePostal":"06260 ","region":"Provence-Alpes-Côte d'Azur","departement":"Alpes-Maritimes","departementCode":"06","horaires":"Du Lundi au Mardi : de 09h00 à 17h00\nLe Jeudi : de 09h00 à 17h00","email":"mairie.puget.rostang@wanadoo.fr","telephone":"04 93 05 03 97","latitude":43.973873,"longitude":6.917236,"website":"","url":"https://lannuaire.service-public.gouv.fr/provence-alpes-cote-d-azur/alpes-maritimes/71e3930d-0af3-4b6e-a98f-711ef2efc825"}
{"nom":"Puget-Theniers","adresse":"Place Adolphe-Conil , 06260 , Puget-Theniers , France","codePostal":"06260 ","region":"Provence-Alpes-Côte d'Azur","departement":"Alpes-Maritimes","departementCode":"06","horaires":"Du Lundi au Vendredi : de 08h30 à 12h00 de 14h00 à 16h00","email":"mairie@puget-theniers.fr","telephone":"04 93 05 00 29","latitude":43.955757,"longitude":6.8937364,"website":"http://www.puget-theniers.fr/","url":"https://lannuaire.service-public.gouv.fr/provence-alpes-cote-d-azur/alpes-maritimes/d6ffe9c7-7f6d-4835-ae4a-f21c83e62657"}
{"nom":"Revest-les-Roches","adresse":"3 place Saint-Laurent , 06830 , Revest-les-Roches , France","codePostal":"06830 ","region":"Provence-Alpes-Côte d'Azur","departement":"Alpes-Maritimes","departementCode":"06","horaires":"Le Mardi : de 09h00 à 12h00 de 14h00 à 18h00\nLe Vendredi : de 09h00 à 12h00 de 14h00 à 18h00","email":"mairie.revestlesroches@wanadoo.fr","telephone":"04 93 08 55 72","latitude":43.8814,"longitude":7.15607,"website":"http://www.mairie-revestlesroches.fr/","url":"https://lannuaire.service-public.gouv.fr/provence-alpes-cote-d-azur/alpes-maritimes/cea93db3-0e9f-496e-877b-68a308c1b490"}
{"nom":"Rigaud","adresse":"1 place Yvan-Féraud , 06260 , Rigaud , France","codePostal":"06260 ","region":"Provence-Alpes-Côte d'Azur","departement":"Alpes-Maritimes","departementCode":"06","horaires":"Le Mardi : de 09h00 à 12h00 de 14h00 à 17h00\nLe Mercredi : de 09h00 à 12h30\nDu Jeudi au Vendredi : de 09h00 à 12h30 de 14h00 à 17h00\nLe Samedi : de 09h00 à 12h30","email":"commune.rigaud@wanadoo.fr","telephone":"04 93 05 03 37","latitude":43.99024,"longitude":6.991647,"website":"","url":"https://lannuaire.service-public.gouv.fr/provence-alpes-cote-d-azur/alpes-maritimes/3e6d5ef2-aae2-4e67-a3b7-b9409e726485"}
{"nom":"Rimplas","adresse":"3 promenade Saint-Roch , 06420 , Rimplas , France","codePostal":"06420 ","region":"Provence-Alpes-Côte d'Azur","departement":"Alpes-Maritimes","departementCode":"06","horaires":"Du Lundi au Mardi : de 09h00 à 13h00\nDu Jeudi au Vendredi : de 09h00 à 13h00\n\nAccueil téléphonique de 13h à 16h.","email":"mairie@ville-rimplas.fr","telephone":"04 93 02 80 93","latitude":44.063217,"longitude":7.130899,"website":"https://www.ville-rimplas.fr/","url":"https://lannuaire.service-public.gouv.fr/provence-alpes-cote-d-azur/alpes-maritimes/3043708c-0a74-4855-b8a1-3d0b84406346"}
{"nom":"Roquebillière","adresse":"Place Corniglion-Molinier , 06450 , Roquebillière , France","codePostal":"06450 ","region":"Provence-Alpes-Côte d'Azur","departement":"Alpes-Maritimes","departementCode":"06","horaires":"Du Lundi au Mardi : de 08h30 à 12h00 de 13h30 à 17h30\nLe Mercredi : de 08h30 à 12h00\nDu Jeudi au Vendredi : de 08h30 à 12h00 de 13h30 à 17h30","email":"val.roq@wanadoo.fr","telephone":"04 93 03 60 60","latitude":44.012,"longitude":7.30815,"website":"","url":"https://lannuaire.service-public.gouv.fr/provence-alpes-cote-d-azur/alpes-maritimes/dae8be19-89b3-4c16-9c00-259711388b33"}
{"nom":"Roquebrune-Cap-Martin","adresse":"22 avenue Paul-Doumer , 06190 , Roquebrune-Cap-Martin , France","codePostal":"06190 ","region":"Provence-Alpes-Côte d'Azur","departement":"Alpes-Maritimes","departementCode":"06","horaires":"Du Lundi au Vendredi : de 08h30 à 12h00 de 13h30 à 17h00","email":"","telephone":"04 92 10 48 48","latitude":43.757816,"longitude":7.473635,"website":"https://roquebrune-cap-martin.fr/","url":"https://lannuaire.service-public.gouv.fr/provence-alpes-cote-d-azur/alpes-maritimes/b9732a35-57b5-478c-91a9-3004e56db9e8"}
{"nom":"Roquefort-les-Pins","adresse":"1 place Jean-Antoine-Merle , 06330 , Roquefort-les-Pins , France","codePostal":"06330 ","region":"Provence-Alpes-Côte d'Azur","departement":"Alpes-Maritimes","departementCode":"06","horaires":"Du Lundi au Vendredi : de 08h00 à 12h30 de 13h30 à 17h00\nEn continue le mercredi.","email":"mairie@ville-roquefort-les-pins.fr","telephone":"04 92 60 35 00","latitude":43.665844,"longitude":7.0508704,"website":"https://www.ville-roquefort-les-pins.fr/","url":"https://lannuaire.service-public.gouv.fr/provence-alpes-cote-d-azur/alpes-maritimes/b67404b1-04b5-4f8b-beda-260bc7a7c9c9"}
{"nom":"Roquestéron","adresse":"1 rue du Pont-de-France , 06910 , Roquestéron , France","codePostal":"06910 ","region":"Provence-Alpes-Côte d'Azur","departement":"Alpes-Maritimes","departementCode":"06","horaires":"Du Lundi au Mardi : de 08h30 à 12h00 de 13h30 à 16h30\nLe Mercredi : de 08h30 à 12h00 de 13h30 à 17h00\nDu Jeudi au Vendredi : de 08h30 à 12h00 de 13h30 à 16h30","email":"mairie.de.roquesteron@wanadoo.fr","telephone":"04 93 05 92 92","latitude":43.874077,"longitude":7.005591,"website":"https://www.roquesteron.fr/","url":"https://lannuaire.service-public.gouv.fr/provence-alpes-cote-d-azur/alpes-maritimes/82b6532b-f1b8-4ccf-8810-d452ea76e587"}
{"nom":"Roubion","adresse":"Hôtel de Ville , 06420 , Roubion , France","codePostal":"06420 ","region":"Provence-Alpes-Côte d'Azur","departement":"Alpes-Maritimes","departementCode":"06","horaires":"Du Vendredi au Samedi : de 14h00 à 17h00","email":"secretariat@roubion.com","telephone":"04 93 02 00 48","latitude":44.092583,"longitude":7.050677,"website":"http://www.roubion.com/","url":"https://lannuaire.service-public.gouv.fr/provence-alpes-cote-d-azur/alpes-maritimes/6e187821-f259-4627-9095-4dc2d4a1983c"}
{"nom":"Roure","adresse":"Place André-Ségur , 06420 , Roure , France","codePostal":"06420 ","region":"Provence-Alpes-Côte d'Azur","departement":"Alpes-Maritimes","departementCode":"06","horaires":"Du Lundi au Mardi : de 14h30 à 16h30\nDu Jeudi au Vendredi : de 14h30 à 16h30","email":"mairie.roure@wanadoo.fr","telephone":"04 93 02 00 70","latitude":44.08991,"longitude":7.0874667,"website":"https://www.roure.fr/","url":"https://lannuaire.service-public.gouv.fr/provence-alpes-cote-d-azur/alpes-maritimes/97ba84f2-386d-4c1f-8051-66abdce0b54e"}
{"nom":"Saint-André-de-la-Roche","adresse":"21 boulevard du 8-Mai-1945 , 06730 , Saint-André-de-la-Roche , France","codePostal":"06730 ","region":"Provence-Alpes-Côte d'Azur","departement":"Alpes-Maritimes","departementCode":"06","horaires":"Du Lundi au Vendredi : de 08h30 à 12h00 de 13h00 à 16h45","email":"contact@sadlr.fr","telephone":"04 93 27 71 00","latitude":43.73859,"longitude":7.2877746,"website":"https://saintandredelaroche.fr/","url":"https://lannuaire.service-public.gouv.fr/provence-alpes-cote-d-azur/alpes-maritimes/31bdda14-9175-4391-bcb2-e036f8d4e066"}
{"nom":"Saint-Antonin","adresse":"Place Georges-Meyffret , 06260 , Saint-Antonin , France","codePostal":"06260 ","region":"Provence-Alpes-Côte d'Azur","departement":"Alpes-Maritimes","departementCode":"06","horaires":"Le Mardi : de 09h00 à 13h00 de 13h30 à 17h30\nLe Mercredi : de 08h30 à 12h30\nLe Jeudi : de 09h00 à 13h00 de 13h30 à 17h30\nLe Samedi : de 08h30 à 12h30\n\nContacter l'accueil avant de se déplacer.","email":"mairie.saintantonin@orange.fr","telephone":"04 93 05 84 13","latitude":43.91063,"longitude":6.979364,"website":"","url":"https://lannuaire.service-public.gouv.fr/provence-alpes-cote-d-azur/alpes-maritimes/7cfc207a-55f9-45fb-b5b4-bdb3f2493629"}
{"nom":"Saint-Auban","adresse":"9 place Don-Jean-Bellon , 06850 , Saint-Auban , France","codePostal":"06850 ","region":"Provence-Alpes-Côte d'Azur","departement":"Alpes-Maritimes","departementCode":"06","horaires":"Du Lundi au Mardi : de 09h00 à 12h00 de 14h00 à 17h00\nDu Jeudi au Vendredi : de 09h00 à 12h00 de 14h00 à 18h00\nLe Samedi : de 09h00 à 12h00","email":"mairie@saintauban.fr","telephone":"04 93 60 43 20","latitude":43.848534,"longitude":6.7264714,"website":"https://www.saintauban.fr/","url":"https://lannuaire.service-public.gouv.fr/provence-alpes-cote-d-azur/alpes-maritimes/0c04888e-b93b-4013-8040-1c1b3a462fea"}
{"nom":"Saint-Blaise","adresse":"11 place de l'Église , 06670 , Saint-Blaise , France","codePostal":"06670 ","region":"Provence-Alpes-Côte d'Azur","departement":"Alpes-Maritimes","departementCode":"06","horaires":"Le Lundi : de 08h30 à 11h30\nLe Mercredi : de 08h30 à 11h30\nLe Vendredi : de 08h30 à 11h30","email":"contact@mairie-saint-blaise06.fr","telephone":"04 93 79 72 93","latitude":43.8216,"longitude":7.23924,"website":"http://www.mairie-saint-blaise06.fr/","url":"https://lannuaire.service-public.gouv.fr/provence-alpes-cote-d-azur/alpes-maritimes/e64653f9-ef56-4de1-b79d-4c0a96073a5c"}
{"nom":"Saint-Cézaire-sur-Siagne","adresse":"5 rue de la République , 06530 , Saint-Cézaire-sur-Siagne , France","codePostal":"06530 ","region":"Provence-Alpes-Côte d'Azur","departement":"Alpes-Maritimes","departementCode":"06","horaires":"Le Lundi : de 08h30 à 12h00 de 14h00 à 18h00\nLe Mardi : de 08h30 à 12h00\nLe Mercredi : de 08h30 à 12h00 de 14h00 à 17h00\nLe Jeudi : de 08h30 à 12h00\nLe Vendredi : de 08h30 à 12h00 de 14h00 à 17h00","email":"mairie@saintcezairesursiagne.fr","telephone":"04 93 40 57 57","latitude":43.649967,"longitude":6.7924623,"website":"https://www.saintcezairesursiagne.fr/","url":"https://lannuaire.service-public.gouv.fr/provence-alpes-cote-d-azur/alpes-maritimes/a20e9b35-5751-4432-bd7c-188504e2ad83"}
{"nom":"Saint-Dalmas-le-Selvage","adresse":"51 rue Las-Planas , 06660 , Saint-Dalmas-le-Selvage , France","codePostal":"06660 ","region":"Provence-Alpes-Côte d'Azur","departement":"Alpes-Maritimes","departementCode":"06","horaires":"Du Lundi au Mardi : de 09h00 à 12h00\nDu Jeudi au Samedi : de 09h00 à 12h00","email":"stdalmas.selv@free.fr","telephone":"04 93 02 41 01","latitude":44.2836,"longitude":6.8659,"website":"http://www.saintdalmasleselvage.org/","url":"https://lannuaire.service-public.gouv.fr/provence-alpes-cote-d-azur/alpes-maritimes/86d4daf6-f258-4a36-b5e8-7d8ee142cd9f"}
{"nom":"Sainte-Agnès","adresse":"102 place Saint-Jean , 06500 , Sainte-Agnès , France","codePostal":"06500 ","region":"Provence-Alpes-Côte d'Azur","departement":"Alpes-Maritimes","departementCode":"06","horaires":"Du Lundi au Vendredi : de 08h00 à 12h30 de 14h00 à 17h00","email":"accueil.mairie@sainteagnes.fr","telephone":"04 93 35 84 58","latitude":43.7891,"longitude":7.46879,"website":"https://www.sainteagnes.fr/","url":"https://lannuaire.service-public.gouv.fr/provence-alpes-cote-d-azur/alpes-maritimes/80bbfad3-d650-4063-acff-bd67d7f95bb0"}
{"nom":"Saint-Étienne-de-Tinée","adresse":"Place de l'Église , 06660 , Saint-Étienne-de-Tinée , France","codePostal":"06660 ","region":"Provence-Alpes-Côte d'Azur","departement":"Alpes-Maritimes","departementCode":"06","horaires":"Du Lundi au Vendredi : de 08h00 à 12h00 de 13h30 à 16h30\nLe Samedi : de 09h00 à 12h00","email":"mairie@saintetiennedetinee.org","telephone":"04 93 02 24 00","latitude":44.25587,"longitude":6.925733,"website":"https://saintetiennedetinee.fr/","url":"https://lannuaire.service-public.gouv.fr/provence-alpes-cote-d-azur/alpes-maritimes/1ac71778-40c8-438f-aea6-12533ab2d227"}
{"nom":"Saint-Jean-Cap-Ferrat","adresse":"21 avenue Denis-Semeria , 06230 , Saint-Jean-Cap-Ferrat , France","codePostal":"06230 ","region":"Provence-Alpes-Côte d'Azur","departement":"Alpes-Maritimes","departementCode":"06","horaires":"Du Lundi au Vendredi : de 08h30 à 12h00 de 13h30 à 17h00","email":"mairie2@saintjeancapferrat.fr","telephone":"04 93 76 51 00","latitude":43.69168,"longitude":7.33278,"website":"http://www.saint-jean-cap-ferrat.fr/","url":"https://lannuaire.service-public.gouv.fr/provence-alpes-cote-d-azur/alpes-maritimes/0a9e0aaf-0f38-4285-abe0-f3dac8a8ea28"}
{"nom":"Saint-Jeannet","adresse":"54 rue du château , 06640 , Saint-Jeannet , France","codePostal":"06640 ","region":"Provence-Alpes-Côte d'Azur","departement":"Alpes-Maritimes","departementCode":"06","horaires":"Le Lundi : de 09h00 à 12h00 de 14h00 à 17h30","email":"","telephone":"04 93 59 49 45","latitude":43.747524,"longitude":7.14287,"website":"https://www.saintjeannet.org/","url":"https://lannuaire.service-public.gouv.fr/provence-alpes-cote-d-azur/alpes-maritimes/400bb9cd-fd59-4074-8ec2-e8370be0806d"}
{"nom":"Saint-Laurent-du-Var","adresse":"222 esplanade du Levant , 06700 , Saint-Laurent-du-Var , France","codePostal":"06700 ","region":"Provence-Alpes-Côte d'Azur","departement":"Alpes-Maritimes","departementCode":"06","horaires":"Le Lundi : de 08h30 à 12h15 de 13h30 à 17h00\nLe Mardi : de 08h30 à 12h15 de 13h30 à 18h00\nLe Mercredi : de 08h30 à 12h15 de 13h30 à 17h00\nLe Jeudi : de 08h00 à 12h15\n\n(fermé l’après-midi au public)\nLe Vendredi : de 08h30 à 16h00\n\n(journée continue)\nLe Samedi : de 09h00 à 11h30\n\n(uniquement service Etat Civil)","email":"cabinet.maire@saintlaurentduvar.fr","telephone":"04 92 12 42 42","latitude":43.675026,"longitude":7.19055,"website":"https://saintlaurentduvar.fr/","url":"https://lannuaire.service-public.gouv.fr/provence-alpes-cote-d-azur/alpes-maritimes/a10a60b3-8a6e-4840-939e-ccf734acb67c"}
{"nom":"Saint-Léger","adresse":"Hôtel de Ville , 06260 , Saint-Léger , France","codePostal":"06260 ","region":"Provence-Alpes-Côte d'Azur","departement":"Alpes-Maritimes","departementCode":"06","horaires":"Du Vendredi au Samedi : de 09h00 à 16h00","email":"mairiesaintleger@gmail.com","telephone":"04 93 05 10 00","latitude":44.000427,"longitude":6.827476,"website":"","url":"https://lannuaire.service-public.gouv.fr/provence-alpes-cote-d-azur/alpes-maritimes/3957d2fd-2c07-4a10-aef7-32d7c9406cea"}
{"nom":"Saint-Martin-d'Entraunes","adresse":"Le Village , 06470 , Saint-Martin-d'Entraunes , France","codePostal":"06470 ","region":"Provence-Alpes-Côte d'Azur","departement":"Alpes-Maritimes","departementCode":"06","horaires":"Du Lundi au Mardi : de 08h00 à 12h00 de 13h30 à 17h00\nLe Mercredi : de 08h00 à 13h00 de 14h00 à 17h00\nDu Jeudi au Vendredi : de 08h00 à 12h00 de 13h30 à 17h00\nLe Samedi : de 09h00 à 12h00","email":"mairie@saint-martin-dentraunes.com","telephone":"04 93 05 51 04","latitude":44.142593,"longitude":6.761088,"website":"","url":"https://lannuaire.service-public.gouv.fr/provence-alpes-cote-d-azur/alpes-maritimes/1fdacee7-2a12-4d1e-a68d-8c8520382703"}
{"nom":"Saint-Martin-du-Var","adresse":"Place Alexis-Maiffredi , 06670 , Saint-Martin-du-Var , France","codePostal":"06670 ","region":"Provence-Alpes-Côte d'Azur","departement":"Alpes-Maritimes","departementCode":"06","horaires":"Du Lundi au Mardi : de 13h00 à 18h00\nDu Jeudi au Vendredi : de 13h00 à 18h00\nService état civil ouvert uniquement de 14h à 18h.","email":"mairie@saintmartinduvar.fr","telephone":"04 92 08 21 50","latitude":43.821926,"longitude":7.191766,"website":"https://www.saintmartinduvar.fr/","url":"https://lannuaire.service-public.gouv.fr/provence-alpes-cote-d-azur/alpes-maritimes/183aaf8a-65c3-43ce-954b-4602ca8ed5bf"}
{"nom":"Saint-Martin-Vésubie","adresse":"Place Charles-de-Gaulle , 06450 , Saint-Martin-Vésubie , France","codePostal":"06450 ","region":"Provence-Alpes-Côte d'Azur","departement":"Alpes-Maritimes","departementCode":"06","horaires":"Du Lundi au Vendredi : de 09h00 à 12h00","email":"mairie@saintmartinvesubie.fr","telephone":"04 93 03 60 00","latitude":44.069782,"longitude":7.2564898,"website":"https://www.saintmartinvesubie.fr/","url":"https://lannuaire.service-public.gouv.fr/provence-alpes-cote-d-azur/alpes-maritimes/dcadc5dd-920b-4ba4-aa5a-35d6a8a8edce"}
{"nom":"Saint-Paul-de-Vence","adresse":"1 place de la Mairie , 06570 , Saint-Paul-de-Vence , France","codePostal":"06570 ","region":"Provence-Alpes-Côte d'Azur","departement":"Alpes-Maritimes","departementCode":"06","horaires":"Du Lundi au Mardi : de 09h00 à 12h30 de 13h15 à 16h00\nLe Mercredi : de 09h00 à 12h30 de 13h15 à 16h30\nDu Jeudi au Vendredi : de 09h00 à 12h30 de 13h15 à 16h00","email":"mairie@saint-pauldevence.fr","telephone":"04 93 32 41 00","latitude":43.696877,"longitude":7.1221223,"website":"https://www.saintpauldevence.org/","url":"https://lannuaire.service-public.gouv.fr/provence-alpes-cote-d-azur/alpes-maritimes/da97c2c0-1797-4e31-b4c8-ba8b5ddcd798"}
{"nom":"Saint-Sauveur-sur-Tinée","adresse":"Place de la Mairie , 06420 , Saint-Sauveur-sur-Tinée , France","codePostal":"06420 ","region":"Provence-Alpes-Côte d'Azur","departement":"Alpes-Maritimes","departementCode":"06","horaires":"Du Lundi au Mercredi : de 08h30 à 12h00 de 13h30 à 17h00\nLe Vendredi : de 08h30 à 12h00 de 13h30 à 17h00","email":"mairie@saintsauveursurtinee.fr","telephone":"04 93 02 00 22","latitude":44.0826,"longitude":7.10561,"website":"https://www.saintsauveursurtinee.fr/","url":"https://lannuaire.service-public.gouv.fr/provence-alpes-cote-d-azur/alpes-maritimes/c72dde6c-e18a-4769-9103-b87207d228ee"}
{"nom":"Saint-Vallier-de-Thiey","adresse":"2 place de l'Apié , 06460 , Saint-Vallier-de-Thiey , France","codePostal":"06460 ","region":"Provence-Alpes-Côte d'Azur","departement":"Alpes-Maritimes","departementCode":"06","horaires":"Du Lundi au Jeudi : de 08h00 à 12h00 de 14h00 à 17h00\nLe Vendredi : de 08h00 à 12h00 de 14h00 à 16h00","email":"mairie@mairie-saintvallierdethiey.fr","telephone":"04 92 60 32 00","latitude":43.6984,"longitude":6.84811,"website":"https://saintvallierdethiey.com/","url":"https://lannuaire.service-public.gouv.fr/provence-alpes-cote-d-azur/alpes-maritimes/2f02e54d-737f-4296-98be-8c1dc14e0698"}
{"nom":"Sallagriffon","adresse":"3 place de la Mairie , 06910 , Sallagriffon , France","codePostal":"06910 ","region":"Provence-Alpes-Côte d'Azur","departement":"Alpes-Maritimes","departementCode":"06","horaires":"Le Mercredi : de 08h30 à 12h30\nLe Vendredi : de 08h30 à 16h00","email":"mairie.sallagriffon@orange.fr","telephone":"04 93 05 86 05","latitude":43.88348,"longitude":6.905662,"website":"","url":"https://lannuaire.service-public.gouv.fr/provence-alpes-cote-d-azur/alpes-maritimes/d6092026-b1d7-45d0-9eed-fd695955b299"}
{"nom":"Saorge","adresse":"Avenue du Docteur-Joseph-Daveo , 06540 , Saorge , France","codePostal":"06540 ","region":"Provence-Alpes-Côte d'Azur","departement":"Alpes-Maritimes","departementCode":"06","horaires":"Du Lundi au Mardi : de 10h00 à 12h00 de 14h00 à 16h00\nLe Mercredi : de 10h00 à 12h00\nDu Jeudi au Vendredi : de 10h00 à 12h00 de 14h00 à 16h00","email":"mairie.saorge@wanadoo.fr","telephone":"04 93 04 51 23","latitude":43.987877,"longitude":7.550956,"website":"http://www.saorge.fr/","url":"https://lannuaire.service-public.gouv.fr/provence-alpes-cote-d-azur/alpes-maritimes/d8774cee-e402-4141-92fc-b73f0da88c0f"}
{"nom":"Sauze","adresse":"Place Roger-Bottero , 06470 , Sauze , France","codePostal":"06470 ","region":"Provence-Alpes-Côte d'Azur","departement":"Alpes-Maritimes","departementCode":"06","horaires":"Le Mardi : de 09h30 à 17h00","email":"mairiesauze06@gmail.com","telephone":"04 93 05 51 86","latitude":44.087868,"longitude":6.8355503,"website":"","url":"https://lannuaire.service-public.gouv.fr/provence-alpes-cote-d-azur/alpes-maritimes/a367ea5e-ae0b-47dc-9403-5c8df111a813"}
{"nom":"Séranon","adresse":"4 rue de la Mairie , 06750 , Séranon , France","codePostal":"06750 ","region":"Provence-Alpes-Côte d'Azur","departement":"Alpes-Maritimes","departementCode":"06","horaires":"Du Lundi au Mardi : de 09h00 à 12h00 de 13h30 à 17h00\nDu Jeudi au Vendredi : de 09h00 à 12h00 de 13h30 à 17h00","email":"mairie@mairiedeseranon.fr","telephone":"04 93 60 30 40","latitude":43.774357,"longitude":6.704115,"website":"https://mairiedeseranon.fr/","url":"https://lannuaire.service-public.gouv.fr/provence-alpes-cote-d-azur/alpes-maritimes/8b572945-49e6-41fe-a6ab-f9f73d9f9e31"}
{"nom":"Sigale","adresse":"7 place de l'Église , 06910 , Sigale , France","codePostal":"06910 ","region":"Provence-Alpes-Côte d'Azur","departement":"Alpes-Maritimes","departementCode":"06","horaires":"Du Lundi au Mardi : de 08h30 à 12h00\nDu Jeudi au Vendredi : de 08h30 à 12h00","email":"mairie-sigale@wanadoo.fr","telephone":"04 93 05 83 52","latitude":43.8716,"longitude":6.96318,"website":"https://www.sigale.fr/","url":"https://lannuaire.service-public.gouv.fr/provence-alpes-cote-d-azur/alpes-maritimes/395238f6-2cf6-485a-a0da-236bc590aa6c"}
{"nom":"Sospel","adresse":"5 boulevard Première-DFL , 06380 , Sospel , France","codePostal":"06380 ","region":"Provence-Alpes-Côte d'Azur","departement":"Alpes-Maritimes","departementCode":"06","horaires":"Du Lundi au Vendredi : de 09h00 à 12h30 de 13h30 à 16h00","email":"secretariat@sospel.fr","telephone":"04 93 04 33 00","latitude":43.87793,"longitude":7.449154,"website":"https://www.sospel.fr/","url":"https://lannuaire.service-public.gouv.fr/provence-alpes-cote-d-azur/alpes-maritimes/432d03ca-3602-4f2c-a07a-10c44f0fcdba"}
{"nom":"Spéracèdes","adresse":"11 boulevard du Docteur-Sauvy , 06530 , Spéracèdes , France","codePostal":"06530 ","region":"Provence-Alpes-Côte d'Azur","departement":"Alpes-Maritimes","departementCode":"06","horaires":"Du Lundi au Jeudi : de 08h30 à 12h00 de 13h30 à 17h00\nLe Vendredi : de 08h00 à 12h00 de 13h00 à 16h00","email":"fmata@speracedes.fr","telephone":"04 93 60 58 73","latitude":43.6478,"longitude":6.85687,"website":"https://www.speracedes.fr/","url":"https://lannuaire.service-public.gouv.fr/provence-alpes-cote-d-azur/alpes-maritimes/d399ce8e-86c8-4c23-905f-b7b2b32ea826"}
{"nom":"Tende","adresse":"1 place du Général-de-Gaulle , 06430 , Tende , France","codePostal":"06430 ","region":"Provence-Alpes-Côte d'Azur","departement":"Alpes-Maritimes","departementCode":"06","horaires":"Du Lundi au Vendredi : de 08h45 à 12h00 de 13h30 à 16h30","email":"mairie@tende.fr","telephone":"04 93 04 35 00","latitude":44.088963,"longitude":7.593418,"website":"https://www.tende.fr/","url":"https://lannuaire.service-public.gouv.fr/provence-alpes-cote-d-azur/alpes-maritimes/66c5d853-1111-4373-bc9e-229e401fcb44"}
{"nom":"Théoule-sur-Mer","adresse":"1 place Général-Bertrand , 06590 , Théoule-sur-Mer , France","codePostal":"06590 ","region":"Provence-Alpes-Côte d'Azur","departement":"Alpes-Maritimes","departementCode":"06","horaires":"Du Lundi au Vendredi : de 08h30 à 12h00 de 13h30 à 16h30","email":"mairie@ville-theoulesurmer.fr","telephone":"04 92 97 47 77","latitude":43.50594,"longitude":6.940085,"website":"https://theoule-sur-mer.fr/","url":"https://lannuaire.service-public.gouv.fr/provence-alpes-cote-d-azur/alpes-maritimes/3811fb15-37f7-43d8-9c42-9f4fdd924489"}
{"nom":"Thiéry","adresse":"6 la Carrière , 06710 , Thiéry , France","codePostal":"06710 ","region":"Provence-Alpes-Côte d'Azur","departement":"Alpes-Maritimes","departementCode":"06","horaires":"Le Lundi : de 09h00 à 12h30 de 14h00 à 18h00","email":"mairie.thiery@wanadoo.fr","telephone":"04 93 05 79 98","latitude":43.97807,"longitude":7.030337,"website":"http://www.thiery.fr/","url":"https://lannuaire.service-public.gouv.fr/provence-alpes-cote-d-azur/alpes-maritimes/f33b1cca-0a99-4bd1-819e-90d7083c8671"}
{"nom":"Toudon","adresse":"25 allée Saint-Jean , 06830 , Toudon , France","codePostal":"06830 ","region":"Provence-Alpes-Côte d'Azur","departement":"Alpes-Maritimes","departementCode":"06","horaires":"Du Lundi au Mardi : de 09h00 à 17h00\nDu Mercredi au Vendredi : de 09h00 à 13h00","email":"mairie-de-toudon@wanadoo.fr","telephone":"04 93 08 55 25","latitude":43.901318,"longitude":7.112437,"website":"https://www.toudon.fr/","url":"https://lannuaire.service-public.gouv.fr/provence-alpes-cote-d-azur/alpes-maritimes/0d44309c-0864-40ab-a930-0f24a83ede91"}
{"nom":"Touet-de-l'Escarène","adresse":"1 rue du Four , 06440 , Touet-de-l'Escarène , France","codePostal":"06440 ","region":"Provence-Alpes-Côte d'Azur","departement":"Alpes-Maritimes","departementCode":"06","horaires":"Du Lundi au Mardi : de 09h00 à 12h30\nLe Mercredi : de 09h00 à 12h30 de 13h30 à 17h00\nDu Jeudi au Vendredi : de 09h00 à 12h30","email":"mairietouetdelescarene@wanadoo.fr","telephone":"04 93 91 73 73","latitude":43.848087,"longitude":7.3640003,"website":"http://www.touetdelescarene.fr/","url":"https://lannuaire.service-public.gouv.fr/provence-alpes-cote-d-azur/alpes-maritimes/99fcc588-d981-4478-80c7-78d30b379b79"}
{"nom":"Touet-sur-Var","adresse":"4300 avenue du Général-de-Gaulle , 06710 , Touet-sur-Var , France","codePostal":"06710 ","region":"Provence-Alpes-Côte d'Azur","departement":"Alpes-Maritimes","departementCode":"06","horaires":"Le Lundi : de 08h30 à 12h00\nDu Mardi au Jeudi : de 08h30 à 12h00 de 14h00 à 16h30\nLe Vendredi : de 08h30 à 12h00","email":"mairie@touet-sur-var.fr","telephone":"04 93 05 75 57","latitude":43.94657,"longitude":7.018277,"website":"https://www.touet-sur-var.fr/","url":"https://lannuaire.service-public.gouv.fr/provence-alpes-cote-d-azur/alpes-maritimes/d3f80b7b-937b-4f6b-98e8-7f39336a0b45"}
{"nom":"Tourette-du-Château","adresse":"22 place de la Fontaine , 06830 , Tourette-du-Château , France","codePostal":"06830 ","region":"Provence-Alpes-Côte d'Azur","departement":"Alpes-Maritimes","departementCode":"06","horaires":"Le Mardi : de 09h00 à 12h00 de 14h00 à 17h00\nLe Vendredi : de 09h00 à 12h00 de 14h00 à 17h00","email":"mairie@touretteduchateau.fr","telephone":"04 93 08 59 83","latitude":43.882366,"longitude":7.14285,"website":"http://www.touretteduchateau.fr/","url":"https://lannuaire.service-public.gouv.fr/provence-alpes-cote-d-azur/alpes-maritimes/cf7a6f3d-5c5e-4641-9232-f768d6b64a10"}
{"nom":"Tournefort","adresse":"63 route de Massoins , 06420 , Tournefort , France","codePostal":"06420 ","region":"Provence-Alpes-Côte d'Azur","departement":"Alpes-Maritimes","departementCode":"06","horaires":"Le Lundi : de 09h30 à 15h30\nDu Mardi au Mercredi : de 09h30 à 16h00\nDu Jeudi au Vendredi : de 09h30 à 15h30","email":"mairie-tournefort@orange.fr","telephone":"04 93 02 90 56","latitude":43.9464,"longitude":7.15117,"website":"","url":"https://lannuaire.service-public.gouv.fr/provence-alpes-cote-d-azur/alpes-maritimes/3b09b93e-bfed-4f5e-8e5f-a38a53134ca5"}
{"nom":"Tourrette-Levens","adresse":"70 place du Docteur-Paul-Simon , 06690 , Tourrette-Levens , France","codePostal":"06690 ","region":"Provence-Alpes-Côte d'Azur","departement":"Alpes-Maritimes","departementCode":"06","horaires":"Du Lundi au Vendredi : de 08h30 à 12h00 de 12h45 à 16h15","email":"mairie@tourrette-levens.fr","telephone":"04 93 91 00 16","latitude":43.787212,"longitude":7.276181,"website":"http://www.tourrette-levens.fr/","url":"https://lannuaire.service-public.gouv.fr/provence-alpes-cote-d-azur/alpes-maritimes/223919ce-6e98-4edf-8004-27006293a07b"}
{"nom":"Tourrettes-sur-Loup","adresse":"1 place Maximin-Escalier , 06140 , Tourrettes-sur-Loup , France","codePostal":"06140 ","region":"Provence-Alpes-Côte d'Azur","departement":"Alpes-Maritimes","departementCode":"06","horaires":"Du Lundi au Vendredi : de 08h00 à 12h00 de 13h30 à 16h30","email":"mairie@tsl06.fr","telephone":"04 93 59 30 11","latitude":43.71579,"longitude":7.058914,"website":"https://tourrettessurloup.com/","url":"https://lannuaire.service-public.gouv.fr/provence-alpes-cote-d-azur/alpes-maritimes/e018d92d-5805-4f6a-96ca-2d141221bdc4"}
{"nom":"Utelle","adresse":"Place Claude-Damiano , 06450 , Utelle , France","codePostal":"06450 ","region":"Provence-Alpes-Côte d'Azur","departement":"Alpes-Maritimes","departementCode":"06","horaires":"Du Lundi au Vendredi : de 08h30 à 12h00\nAccueil ouvert l'après-midi sur rendez-vous de 14h à 16h45 sauf le mercredi après-midi.","email":"contact@mairieutelle.fr","telephone":"04 93 03 17 01","latitude":43.919193,"longitude":7.263806,"website":"https://utelle.fr/","url":"https://lannuaire.service-public.gouv.fr/provence-alpes-cote-d-azur/alpes-maritimes/3c927192-7fec-41b8-8d30-3fabd28f0db5"}
{"nom":"Valbonne","adresse":"1 place de l'Hôtel-de-Ville , 06902 , Valbonne-Sophia-Antipolis Cedex , France","codePostal":"06902 ","region":"Provence-Alpes-Côte d'Azur","departement":"Alpes-Maritimes","departementCode":"06","horaires":"Du Lundi au Vendredi : de 08h30 à 12h30 de 13h30 à 17h00","email":"mairie@ville-valbonne.fr","telephone":"04 93 12 31 00","latitude":43.64152,"longitude":7.009186,"website":"https://www.ville-valbonne.fr/","url":"https://lannuaire.service-public.gouv.fr/provence-alpes-cote-d-azur/alpes-maritimes/c58176ac-0352-4fa1-8b62-1face3852f6a"}
{"nom":"Valdeblore","adresse":"La Bolline , 06420 , Valdeblore , France","codePostal":"06420 ","region":"Provence-Alpes-Côte d'Azur","departement":"Alpes-Maritimes","departementCode":"06","horaires":"Du Lundi au Vendredi : de 14h00 à 17h00","email":"mairie.valdeblore@wanadoo.fr","telephone":"04 93 23 25 80","latitude":44.07259,"longitude":7.166383,"website":"https://www.ville-valdeblore.fr/","url":"https://lannuaire.service-public.gouv.fr/provence-alpes-cote-d-azur/alpes-maritimes/33a6d956-82f3-48ba-9b3c-8a7a2d953c49"}
{"nom":"Valderoure","adresse":"85 rue de la Mairie , 06750 , Valderoure , France","codePostal":"06750 ","region":"Provence-Alpes-Côte d'Azur","departement":"Alpes-Maritimes","departementCode":"06","horaires":"Le Lundi : de 08h30 à 12h30 de 13h30 à 17h00\nLe Mardi : de 09h00 à 12h30 de 13h30 à 17h00\nLe Jeudi : de 09h00 à 12h30 de 13h30 à 17h00\nLe Vendredi : de 08h30 à 12h30 de 13h30 à 18h00","email":"accueil@valderoure.fr","telephone":"04 93 60 47 71","latitude":43.7743,"longitude":6.70434,"website":"https://lapagelocale.fr/06750-valderoure","url":"https://lannuaire.service-public.gouv.fr/provence-alpes-cote-d-azur/alpes-maritimes/473e5aa1-1e4f-441e-8b05-78f0586f19da"}
{"nom":"Vallauris","adresse":"Place Jacques-Cavasse , 06220 , Vallauris , France","codePostal":"06220 ","region":"Provence-Alpes-Côte d'Azur","departement":"Alpes-Maritimes","departementCode":"06","horaires":"Du Lundi au Vendredi : de 08h00 à 12h00 de 13h30 à 17h00","email":"groupecabmaire@vallauris.fr","telephone":"04 93 64 24 24","latitude":43.579765,"longitude":7.0555406,"website":"https://www.vallauris-golfe-juan.fr/index.php","url":"https://lannuaire.service-public.gouv.fr/provence-alpes-cote-d-azur/alpes-maritimes/4e336e02-3c87-46e1-a4b0-bbf4bfda4810"}
{"nom":"Venanson","adresse":"1 place du Lavoir , 06450 , Venanson , France","codePostal":"06450 ","region":"Provence-Alpes-Côte d'Azur","departement":"Alpes-Maritimes","departementCode":"06","horaires":"Du Lundi au Vendredi : de 09h00 à 12h00","email":"accueil@venanson.fr","telephone":"04 93 03 23 05","latitude":44.05329,"longitude":7.2526855,"website":"https://www.venanson.fr/","url":"https://lannuaire.service-public.gouv.fr/provence-alpes-cote-d-azur/alpes-maritimes/4d2fe87f-3aa3-42c3-9957-9a0edbc2337e"}
{"nom":"Vence","adresse":"Place Georges-Clemenceau , 06141 , Vence Cedex , France","codePostal":"06141 ","region":"Provence-Alpes-Côte d'Azur","departement":"Alpes-Maritimes","departementCode":"06","horaires":"Du Lundi au Vendredi : de 08h30 à 12h30 de 13h30 à 17h00\nLe Samedi : de 09h00 à 12h00\n\nAccueil ouvert uniquement pour les passeports et les cartes d'identité.","email":"mairie@ville-vence.fr","telephone":"04 93 58 41 00","latitude":43.7227,"longitude":7.11346,"website":"https://vence.fr/","url":"https://lannuaire.service-public.gouv.fr/provence-alpes-cote-d-azur/alpes-maritimes/b76f2df7-4131-4805-9856-f638324ac068"}
{"nom":"Villars-sur-Var","adresse":"3 place Robini , 06710 , Villars-sur-Var , France","codePostal":"06710 ","region":"Provence-Alpes-Côte d'Azur","departement":"Alpes-Maritimes","departementCode":"06","horaires":"Du Lundi au Mardi : de 09h00 à 12h30 de 13h30 à 17h30\nLe Mercredi : de 09h00 à 12h30 de 13h30 à 16h30\nLe Jeudi : de 09h00 à 12h30\nLe Vendredi : de 09h00 à 12h30 de 13h30 à 16h30","email":"mairie@villarssurvar06.fr","telephone":"04 93 05 32 32","latitude":43.93686,"longitude":7.0974803,"website":"https://www.villarssurvar.fr/","url":"https://lannuaire.service-public.gouv.fr/provence-alpes-cote-d-azur/alpes-maritimes/97737a1d-bcd4-4fe3-ab45-7ab4bfea77f4"}
{"nom":"Villefranche-sur-Mer","adresse":"Citadelle , 06236 , Villefranche-sur-Mer , France","codePostal":"06236 ","region":"Provence-Alpes-Côte d'Azur","departement":"Alpes-Maritimes","departementCode":"06","horaires":"Du Lundi au Vendredi : de 08h00 à 12h00 de 13h00 à 16h30","email":"mairie@villefranche-sur-mer.fr","telephone":"04 93 76 33 33","latitude":43.7042,"longitude":7.31015,"website":"http://www.villefranche-sur-mer.fr/","url":"https://lannuaire.service-public.gouv.fr/provence-alpes-cote-d-azur/alpes-maritimes/da27e29d-027d-4104-9b2d-d4ccd194f810"}
{"nom":"Villeneuve-d'Entraunes","adresse":"4 place Jean-Claude-Coste , 06470 , Villeneuve-d'Entraunes , France","codePostal":"06470 ","region":"Provence-Alpes-Côte d'Azur","departement":"Alpes-Maritimes","departementCode":"06","horaires":"Le Mercredi : de 09h00 à 12h00\nDu Jeudi au Vendredi : de 09h00 à 12h00 de 14h00 à 17h00","email":"mairie@villeneuvedentraunes.fr","telephone":"04 93 05 54 72","latitude":44.120453,"longitude":6.795841,"website":"","url":"https://lannuaire.service-public.gouv.fr/provence-alpes-cote-d-azur/alpes-maritimes/94ffaf46-d033-45e8-a4b9-9b8af6f7b244"}
{"nom":"Villeneuve-Loubet","adresse":"Place de la République , 06270 , Villeneuve-Loubet , France","codePostal":"06270 ","region":"Provence-Alpes-Côte d'Azur","departement":"Alpes-Maritimes","departementCode":"06","horaires":"Le Lundi : de 08h00 à 12h00 de 13h30 à 17h00\nLe Mardi : de 08h00 à 17h00\nLe Mercredi : de 08h00 à 12h00 de 14h00 à 17h00\nLe Jeudi : de 08h00 à 12h00 de 13h30 à 18h00\nLe Vendredi : de 08h00 à 16h00\nLe Samedi : de 09h30 à 12h30","email":"cab@villeneuveloubet.fr","telephone":"04 92 02 60 00","latitude":43.65815,"longitude":7.1217375,"website":"https://www.villeneuveloubet.fr/","url":"https://lannuaire.service-public.gouv.fr/provence-alpes-cote-d-azur/alpes-maritimes/a60058f2-c09f-4d44-8c04-b1b665bfbbf4"}
