{"nom":"Aix-en-Provence","adresse":"Place de l'Hôtel-de-Ville , 13000 , Aix-en-Provence , France","codePostal":"13000 ","region":"Provence-Alpes-Côte d'Azur","departement":"Bouches-du-Rhône","departementCode":"13","horaires":"Du Lundi au Vendredi : de 08h00 à 17h00\n\nSans interruption.\nEn ce qui concerne le service état civil : du lundi au vendredi de 8h à 17h et le mardi de 8h à 13h","email":"","telephone":"04 42 91 90 00","latitude":43.529938,"longitude":5.447652,"website":"https://www.aixenprovence.fr/","url":"https://lannuaire.service-public.gouv.fr/provence-alpes-cote-d-azur/bouches-du-rhone/915fb5a9-5a5f-468e-ad05-fdda780860ce"}
{"nom":"Allauch","adresse":"Place Pierre-Bellot , 13718 , Allauch Cedex , France","codePostal":"13718 ","region":"Provence-Alpes-Côte d'Azur","departement":"Bouches-du-Rhône","departementCode":"13","horaires":"Du Lundi au Vendredi : de 08h30 à 12h00 de 14h00 à 18h00\nLe Samedi : de 08h30 à 12h00\n\nCompte tenu du contexte sanitaire et jusqu'à nouvel ordre l'accueil est fermé le samedi et se fait uniquement sur rendez-vous les après-midis, accueil fermé le samedi en juillet-août.","email":"info@allauch.com","telephone":"04 91 10 48 00","latitude":43.3363,"longitude":5.48191,"website":"https://www.allauch.com/","url":"https://lannuaire.service-public.gouv.fr/provence-alpes-cote-d-azur/bouches-du-rhone/fd33e814-5504-43ac-b029-a744cb145ad7"}
{"nom":"Alleins","adresse":"Cours Victor-Hugo , 13980 , Alleins , France","codePostal":"13980 ","region":"Provence-Alpes-Côte d'Azur","departement":"Bouches-du-Rhône","departementCode":"13","horaires":"Du Lundi au Mardi : de 08h00 à 16h30\n\nEn juillet-août accueil de 8h à 15h du lundi au vendredi.\nLe Mercredi : de 08h00 à 12h00\nDu Jeudi au Vendredi : de 08h00 à 16h30\nEn juillet-août accueil de 8h à 15h du lundi au vendredi.","email":"contact@alleins.fr","telephone":"04 90 59 37 05","latitude":43.703346,"longitude":5.160416,"website":"https://www.alleins.fr/","url":"https://lannuaire.service-public.gouv.fr/provence-alpes-cote-d-azur/bouches-du-rhone/bdc01897-7c26-4b6f-a257-473cbbbd0117"}
{"nom":"Arles","adresse":"Place de la République , 13200 , Arles , France","codePostal":"13200 ","region":"Provence-Alpes-Côte d'Azur","departement":"Bouches-du-Rhône","departementCode":"13","horaires":"Du Lundi au Vendredi : de 08h30 à 12h00 de 13h30 à 16h30","email":"administration.generale@ville-arles.fr","telephone":"04 90 49 36 36","latitude":43.676426,"longitude":4.6277847,"website":"https://arles.fr/","url":"https://lannuaire.service-public.gouv.fr/provence-alpes-cote-d-azur/bouches-du-rhone/de5883be-86fd-4e3c-a315-df28324bd381"}
{"nom":"Aubagne","adresse":"7 boulevard Jean-Jaurès , 13400 , Aubagne , France","codePostal":"13400 ","region":"Provence-Alpes-Côte d'Azur","departement":"Bouches-du-Rhône","departementCode":"13","horaires":"Du Lundi au Vendredi : de 08h30 à 12h30 de 13h30 à 16h30","email":"","telephone":"04 42 18 19 19","latitude":43.29231,"longitude":5.569473,"website":"https://www.aubagne.fr/","url":"https://lannuaire.service-public.gouv.fr/provence-alpes-cote-d-azur/bouches-du-rhone/4f2aee78-4c64-4504-9e02-b8397590311d"}
{"nom":"Aureille","adresse":"2 rue Mistral , 13930 , Aureille , France","codePostal":"13930 ","region":"Provence-Alpes-Côte d'Azur","departement":"Bouches-du-Rhône","departementCode":"13","horaires":"Le Lundi : de 08h30 à 12h00 de 13h30 à 17h00\nLe Mardi : de 08h30 à 12h00\nLe Mercredi : de 08h30 à 12h00 de 13h30 à 17h00\nLe Jeudi : de 08h30 à 12h00\nLe Vendredi : de 08h30 à 12h00 de 13h30 à 17h00","email":"contact@mairie-aureille.fr","telephone":"04 90 59 92 01","latitude":43.707188,"longitude":4.947103,"website":"https://aureille13.fr/","url":"https://lannuaire.service-public.gouv.fr/provence-alpes-cote-d-azur/bouches-du-rhone/b9bb5e58-9fb6-4d0b-a41d-2684ed6226d2"}
{"nom":"Auriol","adresse":"1 place de la Libération , 13390 , Auriol , France","codePostal":"13390 ","region":"Provence-Alpes-Côte d'Azur","departement":"Bouches-du-Rhône","departementCode":"13","horaires":"Du Lundi au Vendredi : de 08h00 à 12h00 de 13h30 à 17h00\n\nService réglementation : de 8h30 à 12h00 et de 13h30 à 17h00 Les Mardis et Jeudis : jusqu'à 18h","email":"secretariatdumaire@mairie-auriol.fr","telephone":"04 42 04 70 06","latitude":43.369343,"longitude":5.634437,"website":"https://mairie-auriol.fr/","url":"https://lannuaire.service-public.gouv.fr/provence-alpes-cote-d-azur/bouches-du-rhone/74e1cc31-f128-4329-8038-2c45d98223e7"}
{"nom":"Aurons","adresse":"Rue de la Mairie , 13121 , Aurons , France","codePostal":"13121 ","region":"Provence-Alpes-Côte d'Azur","departement":"Bouches-du-Rhône","departementCode":"13","horaires":"Du Lundi au Mardi : de 08h30 à 12h00 de 13h30 à 17h00\nDu Jeudi au Vendredi : de 08h30 à 12h00 de 13h30 à 17h00\nLe Samedi : de 09h00 à 12h00\n\n1er samedi de chaque mois","email":"mairie@aurons13.fr","telephone":"04 90 55 63 02","latitude":43.66485,"longitude":5.15551,"website":"https://vivonsaurons.com/","url":"https://lannuaire.service-public.gouv.fr/provence-alpes-cote-d-azur/bouches-du-rhone/d27040d5-fa67-4a43-8b21-4bde58043ecf"}
{"nom":"Barbentane","adresse":"Cours Jean-Baptiste-Rey , 13570 , Barbentane , France","codePostal":"13570 ","region":"Provence-Alpes-Côte d'Azur","departement":"Bouches-du-Rhône","departementCode":"13","horaires":"Du Lundi au Vendredi : de 08h30 à 12h00 de 13h30 à 17h00","email":"contact.mairie@barbentane.fr","telephone":"04 90 90 85 85","latitude":43.89946,"longitude":4.747114,"website":"http://www.barbentane.fr/","url":"https://lannuaire.service-public.gouv.fr/provence-alpes-cote-d-azur/bouches-du-rhone/22861066-f1a4-4e34-b58b-d57151421e47"}
{"nom":"Beaurecueil","adresse":"125 avenue Louis-Sylvestre , 13100 , Beaurecueil , France","codePostal":"13100 ","region":"Provence-Alpes-Côte d'Azur","departement":"Bouches-du-Rhône","departementCode":"13","horaires":"Le Lundi : de 08h30 à 12h30\nLe Mardi : de 08h30 à 12h30 de 14h00 à 16h30\nLe Mercredi : de 08h30 à 12h30\nDu Jeudi au Vendredi : de 08h30 à 12h30 de 14h00 à 16h30","email":"beaurecueil-mairie@wanadoo.fr","telephone":"04 42 66 92 90","latitude":43.511284,"longitude":5.545923,"website":"http://www.mairie-beaurecueil.fr/","url":"https://lannuaire.service-public.gouv.fr/provence-alpes-cote-d-azur/bouches-du-rhone/67a013be-ca21-4f3d-af4f-17f55d787b1a"}
{"nom":"Belcodène","adresse":"Place de la Laïcité , 13720 , Belcodène , France","codePostal":"13720 ","region":"Provence-Alpes-Côte d'Azur","departement":"Bouches-du-Rhône","departementCode":"13","horaires":"Du Lundi au Vendredi : de 09h00 à 12h00 de 15h00 à 17h00","email":"mairie@belcodene.fr","telephone":"04 42 70 66 66","latitude":43.42531,"longitude":5.587545,"website":"https://www.belcodene.fr/","url":"https://lannuaire.service-public.gouv.fr/provence-alpes-cote-d-azur/bouches-du-rhone/6fc52361-cbf5-4afa-877c-86a04c92fd77"}
{"nom":"Berre-l'Étang","adresse":"Place Jean-Moulin , 13138 , Berre-l'Étang Cedex , France","codePostal":"13138 ","region":"Provence-Alpes-Côte d'Azur","departement":"Bouches-du-Rhône","departementCode":"13","horaires":"Du Lundi au Vendredi : de 08h30 à 12h30 de 13h30 à 17h00","email":"accueil@berreletang.fr","telephone":"04 42 74 93 00","latitude":43.475773,"longitude":5.167309,"website":"https://www.berreletang.fr/","url":"https://lannuaire.service-public.gouv.fr/provence-alpes-cote-d-azur/bouches-du-rhone/b45eab72-77e4-4bae-87c1-9e98de6e4bd1"}
{"nom":"Bouc-Bel-Air","adresse":"Place de l'Hôtel-de-Ville , 13320 , Bouc-Bel-Air , France","codePostal":"13320 ","region":"Provence-Alpes-Côte d'Azur","departement":"Bouches-du-Rhône","departementCode":"13","horaires":"Du Lundi au Vendredi : de 08h00 à 16h30\nLe Samedi : de 09h30 à 12h00\n\nAccueil ouvert uniquement pour l'état civil, sauf en juillet-août et les veilles de fêtes.","email":"com@boucbelair.fr","telephone":"04 42 94 93 93","latitude":43.450592,"longitude":5.413577,"website":"https://www.boucbelair.fr/","url":"https://lannuaire.service-public.gouv.fr/provence-alpes-cote-d-azur/bouches-du-rhone/1f29978e-59f8-4eb4-ae54-5c42522908ad"}
{"nom":"Boulbon","adresse":"5 place Victor-Barberin , 13150 , Boulbon , France","codePostal":"13150 ","region":"Provence-Alpes-Côte d'Azur","departement":"Bouches-du-Rhône","departementCode":"13","horaires":"Du Lundi au Mardi : de 08h00 à 12h00 de 13h30 à 17h00\nLe Mercredi : de 08h00 à 12h00\nDu Jeudi au Vendredi : de 08h00 à 12h00 de 13h30 à 17h00","email":"","telephone":"04 90 43 95 47","latitude":43.863197,"longitude":4.693222,"website":"http://www.mairie-boulbon.fr/","url":"https://lannuaire.service-public.gouv.fr/provence-alpes-cote-d-azur/bouches-du-rhone/7386d10a-6ef1-40a9-9b05-4753f810be72"}
{"nom":"Cabannes","adresse":"1 place de la Mairie , 13440 , Cabannes , France","codePostal":"13440 ","region":"Provence-Alpes-Côte d'Azur","departement":"Bouches-du-Rhône","departementCode":"13","horaires":"Du Lundi au Jeudi : de 08h00 à 12h00 de 13h00 à 17h00\nLe Vendredi : de 08h00 à 12h00","email":"contact@mairie-cabannes.fr","telephone":"04 90 90 40 40","latitude":43.860664,"longitude":4.948412,"website":"https://www.mairie-cabannes.fr/","url":"https://lannuaire.service-public.gouv.fr/provence-alpes-cote-d-azur/bouches-du-rhone/8763bfe7-ff74-48ae-99a7-6da150d16f00"}
{"nom":"Cabriès","adresse":"Place Ange-Estève , 13480 , Cabriès , France","codePostal":"13480 ","region":"Provence-Alpes-Côte d'Azur","departement":"Bouches-du-Rhône","departementCode":"13","horaires":"Du Lundi au Vendredi : de 08h30 à 12h00 de 13h00 à 16h30","email":"accueil@cabries.fr","telephone":"04 42 28 14 00","latitude":43.44121,"longitude":5.380015,"website":"https://www.cabries.fr/","url":"https://lannuaire.service-public.gouv.fr/provence-alpes-cote-d-azur/bouches-du-rhone/8adef8e6-b8f7-46a5-9591-ed671ceafe02"}
{"nom":"Cadolive","adresse":"1 place du Comte-Armand , 13950 , Cadolive , France","codePostal":"13950 ","region":"Provence-Alpes-Côte d'Azur","departement":"Bouches-du-Rhône","departementCode":"13","horaires":"Du Lundi au Vendredi : de 08h30 à 12h00 de 14h00 à 18h00\nLe Samedi : de 08h30 à 12h00","email":"mairie@mairie-cadolive.fr","telephone":"04 42 04 63 18","latitude":43.396168,"longitude":5.545108,"website":"https://www.mairie-cadolive.fr/","url":"https://lannuaire.service-public.gouv.fr/provence-alpes-cote-d-azur/bouches-du-rhone/bf7b43fd-0bd0-4272-82dd-1bc15f946ddf"}
{"nom":"Carnoux-en-Provence","adresse":"110 boulevard du Maréchal-Juin , 13470 , Carnoux-en-Provence , France","codePostal":"13470 ","region":"Provence-Alpes-Côte d'Azur","departement":"Bouches-du-Rhône","departementCode":"13","horaires":"Du Lundi au Vendredi : de 08h30 à 12h00 de 13h30 à 17h00","email":"dgs@mairie-carnoux.fr","telephone":"04 42 73 49 00","latitude":43.256046,"longitude":5.565925,"website":"http://www.carnoux-en-provence.com/","url":"https://lannuaire.service-public.gouv.fr/provence-alpes-cote-d-azur/bouches-du-rhone/2b67c21d-0e98-4241-9da1-0c40414161a9"}
{"nom":"Carry-le-Rouet","adresse":"Montée des Moulins , 13620 , Carry-le-Rouet , France","codePostal":"13620 ","region":"Provence-Alpes-Côte d'Azur","departement":"Bouches-du-Rhône","departementCode":"13","horaires":"Le Lundi : de 08h00 à 12h00 de 13h30 à 17h00\nLe Mardi : de 08h00 à 12h00 de 13h30 à 19h00\nDu Mercredi au Vendredi : de 08h00 à 12h00 de 13h30 à 17h00","email":"","telephone":"04 42 13 25 25","latitude":43.330593,"longitude":5.151193,"website":"http://www.mairie-carrylerouet.fr/","url":"https://lannuaire.service-public.gouv.fr/provence-alpes-cote-d-azur/bouches-du-rhone/93cee4fe-3906-4a34-99a1-f8db8b26e239"}
{"nom":"Cassis","adresse":"Place Baragnon , 13260 , Cassis , France","codePostal":"13260 ","region":"Provence-Alpes-Côte d'Azur","departement":"Bouches-du-Rhône","departementCode":"13","horaires":"Du Lundi au Jeudi : de 08h30 à 12h00 de 13h30 à 17h00\nLe Vendredi : de 08h30 à 12h30 de 13h30 à 16h30","email":"accueil@cassis.fr","telephone":"04 42 18 36 36","latitude":43.2142,"longitude":5.53966,"website":"https://www.cassis.fr/","url":"https://lannuaire.service-public.gouv.fr/provence-alpes-cote-d-azur/bouches-du-rhone/bd7feefb-5161-47c7-8cb2-35f1807fe418"}
{"nom":"Ceyreste","adresse":"Place du Général-de-Gaulle , 13708 , Ceyreste Cedex , France","codePostal":"13708 ","region":"Provence-Alpes-Côte d'Azur","departement":"Bouches-du-Rhône","departementCode":"13","horaires":"Du Lundi au Mardi : de 08h00 à 12h00 de 13h30 à 17h30\nLe Mercredi : de 08h00 à 12h00\nLe Jeudi : de 08h00 à 12h00 de 13h30 à 17h30\nLe Vendredi : de 08h00 à 12h00","email":"contact@ceyreste.fr","telephone":"04 42 83 77 10","latitude":43.2141,"longitude":5.63177,"website":"https://www.ceyreste.fr/","url":"https://lannuaire.service-public.gouv.fr/provence-alpes-cote-d-azur/bouches-du-rhone/614441b1-78b8-48b3-ab96-895c60552f69"}
{"nom":"Charleval","adresse":"Place de l'Hôtel-de-Ville , 13350 , Charleval , France","codePostal":"13350 ","region":"Provence-Alpes-Côte d'Azur","departement":"Bouches-du-Rhône","departementCode":"13","horaires":"Du Lundi au Mercredi : de 08h30 à 12h00\nLe Jeudi : de 08h30 à 12h00 de 13h30 à 19h00\nLe Vendredi : de 13h30 à 16h30","email":"accueilmairie@charleval13.fr","telephone":"04 42 28 41 18","latitude":43.7309,"longitude":5.18591,"website":"http://www.charleval-en-provence.org/","url":"https://lannuaire.service-public.gouv.fr/provence-alpes-cote-d-azur/bouches-du-rhone/c34f1a97-7341-4f5a-8838-32e0ad1b0710"}
{"nom":"Châteauneuf-le-Rouge","adresse":"Le Château , 13790 , Châteauneuf-le-Rouge , France","codePostal":"13790 ","region":"Provence-Alpes-Côte d'Azur","departement":"Bouches-du-Rhône","departementCode":"13","horaires":"Du Lundi au Vendredi : de 08h30 à 12h30 de 14h00 à 17h00","email":"accueil@chateauneuflerouge.fr","telephone":"04 42 58 62 01","latitude":43.48973,"longitude":5.568678,"website":"https://www.chateauneuflerouge.fr/","url":"https://lannuaire.service-public.gouv.fr/provence-alpes-cote-d-azur/bouches-du-rhone/771074fb-d496-4f1d-b1f0-96b600a8f0bb"}
{"nom":"Châteauneuf-les-Martigues","adresse":"Place Bellot , 13220 , Châteauneuf-les-Martigues , France","codePostal":"13220 ","region":"Provence-Alpes-Côte d'Azur","departement":"Bouches-du-Rhône","departementCode":"13","horaires":"Du Lundi au Vendredi : de 08h30 à 12h00 de 13h30 à 17h30","email":"direction.generale@chateauneuf-les-martigues.fr","telephone":"04 42 76 89 00","latitude":43.3829,"longitude":5.16392,"website":"http://www.chateauneuflesmartigues.fr/","url":"https://lannuaire.service-public.gouv.fr/provence-alpes-cote-d-azur/bouches-du-rhone/037d4f2f-a7fa-4da7-81a4-4c47925a92d0"}
{"nom":"Châteaurenard","adresse":"6 rue Jentelin , 13160 , Châteaurenard , France","codePostal":"13160 ","region":"Provence-Alpes-Côte d'Azur","departement":"Bouches-du-Rhône","departementCode":"13","horaires":"Du Lundi au Jeudi : de 08h30 à 12h00 de 13h30 à 17h30\nLe Vendredi : de 08h30 à 12h00 de 13h30 à 16h30","email":"maire@chateaurenard.com","telephone":"04 90 24 35 35","latitude":43.88229,"longitude":4.855489,"website":"https://www.chateaurenard.com/","url":"https://lannuaire.service-public.gouv.fr/provence-alpes-cote-d-azur/bouches-du-rhone/15d31297-f072-49b2-b527-cb04518e5533"}
{"nom":"Cornillon-Confoux","adresse":"26 place Bruno-Carsignol , 13250 , Cornillon-Confoux , France","codePostal":"13250 ","region":"Provence-Alpes-Côte d'Azur","departement":"Bouches-du-Rhône","departementCode":"13","horaires":"Du Lundi au Mardi : de 09h00 à 12h00\nLe Mercredi : de 09h00 à 12h00 de 13h30 à 17h00\nDu Jeudi au Samedi : de 09h00 à 12h00","email":"mairie@cornillonconfoux.fr","telephone":"04 90 50 45 91","latitude":43.56268,"longitude":5.071413,"website":"https://www.cornillonconfoux.fr/","url":"https://lannuaire.service-public.gouv.fr/provence-alpes-cote-d-azur/bouches-du-rhone/499840db-12ea-44f1-b91d-ccbc73446180"}
{"nom":"Coudoux","adresse":"Place Jean-Lapierre , 13111 , Coudoux , France","codePostal":"13111 ","region":"Provence-Alpes-Côte d'Azur","departement":"Bouches-du-Rhône","departementCode":"13","horaires":"Du Lundi au Vendredi : de 08h30 à 12h00 de 13h00 à 17h00","email":"secretariat-maire@coudoux.fr","telephone":"04 42 52 07 07","latitude":43.558727,"longitude":5.249835,"website":"https://www.coudoux.fr/","url":"https://lannuaire.service-public.gouv.fr/provence-alpes-cote-d-azur/bouches-du-rhone/c2818639-5e6c-4db3-b1e4-4567374c34e7"}
{"nom":"Cuges-les-Pins","adresse":"Place Stanislas-Fabre , 13780 , Cuges-les-Pins , France","codePostal":"13780 ","region":"Provence-Alpes-Côte d'Azur","departement":"Bouches-du-Rhône","departementCode":"13","horaires":"Du Lundi au Jeudi : de 08h00 à 12h00 de 13h30 à 16h45\nLe Vendredi : de 08h00 à 12h00\nLe Samedi : de 09h00 à 12h00\n\nAccueil fermé en juillet-août.","email":"accueil.mairie@cugeslespins.fr","telephone":"04 42 73 80 11","latitude":43.274696,"longitude":5.700207,"website":"https://www.cuges-les-pins.fr/","url":"https://lannuaire.service-public.gouv.fr/provence-alpes-cote-d-azur/bouches-du-rhone/70524ef1-e4e7-49bb-8771-45f356381a1d"}
{"nom":"Éguilles","adresse":"Place Gabriel-Payeur , 13510 , Éguilles , France","codePostal":"13510 ","region":"Provence-Alpes-Côte d'Azur","departement":"Bouches-du-Rhône","departementCode":"13","horaires":"Du Lundi au Vendredi : de 08h30 à 12h30 de 13h30 à 17h30","email":"secretariatmaire@mairie-eguilles.fr","telephone":"04 42 92 40 61","latitude":43.5683,"longitude":5.35417,"website":"https://www.mairie-eguilles.fr/fr/","url":"https://lannuaire.service-public.gouv.fr/provence-alpes-cote-d-azur/bouches-du-rhone/b7677b06-4d70-43bf-957f-46a1160c77c3"}
{"nom":"Ensuès-la-Redonne","adresse":"15 avenue du Général-Monsabert , 13820 , Ensuès-la-Redonne , France","codePostal":"13820 ","region":"Provence-Alpes-Côte d'Azur","departement":"Bouches-du-Rhône","departementCode":"13","horaires":"Le Lundi : de 08h30 à 12h00 de 13h30 à 17h00\nLe Mardi : de 08h30 à 12h00 de 13h30 à 19h00\nDu Mercredi au Vendredi : de 08h30 à 12h00 de 13h30 à 17h00\nLe Samedi : de 09h00 à 12h00","email":"accueil@mairie-ensues.fr","telephone":"04 42 44 88 88","latitude":43.356556,"longitude":5.206069,"website":"","url":"https://lannuaire.service-public.gouv.fr/provence-alpes-cote-d-azur/bouches-du-rhone/ad9b50d0-7aca-48a8-ad58-d6499f7ab672"}
{"nom":"Eygalières","adresse":"Place Marcel-Bonein , 13810 , Eygalières , France","codePostal":"13810 ","region":"Provence-Alpes-Côte d'Azur","departement":"Bouches-du-Rhône","departementCode":"13","horaires":"Du Lundi au Vendredi : de 08h00 à 12h00 de 14h00 à 17h00","email":"info@mairieeygalieres.fr","telephone":"04 90 95 91 01","latitude":43.76015,"longitude":4.950151,"website":"https://www.mairieeygalieres.com/","url":"https://lannuaire.service-public.gouv.fr/provence-alpes-cote-d-azur/bouches-du-rhone/6d7982d9-4baf-4a52-b818-bdac7c342066"}
{"nom":"Eyguières","adresse":"Rue du Couvent , 13430 , Eyguières , France","codePostal":"13430 ","region":"Provence-Alpes-Côte d'Azur","departement":"Bouches-du-Rhône","departementCode":"13","horaires":"Du Lundi au Mercredi : de 08h30 à 12h00 de 13h30 à 17h00\nLe Jeudi : de 08h30 à 12h00 de 13h30 à 18h30\nLe Vendredi : de 08h30 à 12h00 de 13h30 à 17h00\n\nPendant la crise sanitaire fermeture à 17h le jeudi.","email":"secretariat.general@mairie-eyguieres.fr","telephone":"04 90 59 88 00","latitude":43.6948,"longitude":5.0323,"website":"https://www.eyguieres.org/","url":"https://lannuaire.service-public.gouv.fr/provence-alpes-cote-d-azur/bouches-du-rhone/ef02e9d6-8671-42e4-a4cf-b329b570da6b"}
{"nom":"Eyragues","adresse":"Place de la Libération , 13630 , Eyragues , France","codePostal":"13630 ","region":"Provence-Alpes-Côte d'Azur","departement":"Bouches-du-Rhône","departementCode":"13","horaires":"Du Lundi au Jeudi : de 08h00 à 12h00 de 13h30 à 17h30\nLe Vendredi : de 08h00 à 12h00 de 13h30 à 16h30\n\nAccueil ouvert à 8h30 du 1er octobre au 31 mars.","email":"accueil@eyragues.fr","telephone":"04 90 24 99 00","latitude":43.840668,"longitude":4.841572,"website":"http://www.eyragues.org/","url":"https://lannuaire.service-public.gouv.fr/provence-alpes-cote-d-azur/bouches-du-rhone/11ace927-ff3d-44c9-9568-7dca5aff71d8"}
{"nom":"Fontvieille","adresse":"8 rue Marcel-Honorat , 13990 , Fontvieille , France","codePostal":"13990 ","region":"Provence-Alpes-Côte d'Azur","departement":"Bouches-du-Rhône","departementCode":"13","horaires":"Du Lundi au Vendredi : de 08h30 à 12h30 de 13h30 à 17h30","email":"mairie@fontvieille.fr","telephone":"04 90 54 79 02","latitude":43.72485,"longitude":4.7120395,"website":"https://www.fontvieille.fr/","url":"https://lannuaire.service-public.gouv.fr/provence-alpes-cote-d-azur/bouches-du-rhone/b8d38924-508d-4a76-a6b4-ba1b938c3580"}
{"nom":"Fos-sur-Mer","adresse":"Avenue René-Cassin , 13771 , Fos-sur-Mer , France","codePostal":"13771 ","region":"Provence-Alpes-Côte d'Azur","departement":"Bouches-du-Rhône","departementCode":"13","horaires":"Du Lundi au Vendredi : de 08h30 à 17h30","email":"courrier@mairie-fos-sur-mer.fr","telephone":"04 42 47 70 00","latitude":43.452,"longitude":4.94259,"website":"https://www.fossurmer.fr/","url":"https://lannuaire.service-public.gouv.fr/provence-alpes-cote-d-azur/bouches-du-rhone/0b15ff59-1d2d-4701-9798-5e518b00acea"}
{"nom":"Fuveau","adresse":"26 boulevard Émile-Loubet , 13710 , Fuveau , France","codePostal":"13710 ","region":"Provence-Alpes-Côte d'Azur","departement":"Bouches-du-Rhône","departementCode":"13","horaires":"Le Lundi : de 08h30 à 12h00\nDu Mardi au Vendredi : de 08h30 à 12h00 de 15h00 à 17h30","email":"mlemaire@mairie-fuveau.com","telephone":"04 42 65 65 00","latitude":43.453903,"longitude":5.560906,"website":"https://www.mairiedefuveau.fr/","url":"https://lannuaire.service-public.gouv.fr/provence-alpes-cote-d-azur/bouches-du-rhone/6a6ead00-9e41-43d5-9146-d9298c7f3bf1"}
{"nom":"Gardanne","adresse":"Cours de la République , 13120 , Gardanne , France","codePostal":"13120 ","region":"Provence-Alpes-Côte d'Azur","departement":"Bouches-du-Rhône","departementCode":"13","horaires":"Du Lundi au Vendredi : de 08h30 à 12h00 de 13h00 à 17h30\nLe Samedi : de 09h30 à 12h00","email":"accueil@ville-gardanne.fr","telephone":"04 42 51 79 00","latitude":43.45567,"longitude":5.470649,"website":"http://www.ville-gardanne.fr/","url":"https://lannuaire.service-public.gouv.fr/provence-alpes-cote-d-azur/bouches-du-rhone/3be2c15a-d526-4693-8c6b-313f5ff480e9"}
{"nom":"Gémenos","adresse":"Place du Général-de-Gaulle , 13420 , Gémenos , France","codePostal":"13420 ","region":"Provence-Alpes-Côte d'Azur","departement":"Bouches-du-Rhône","departementCode":"13","horaires":"Du Lundi au Vendredi : de 08h30 à 12h15 de 13h30 à 17h00\nLe Samedi : de 09h00 à 12h00\n\nAccueil ouvert uniquement pour l'état civil.","email":"contactsg@mairie-gemenos.fr","telephone":"04 42 32 89 00","latitude":43.295437,"longitude":5.628422,"website":"https://www.mairie-gemenos.fr/","url":"https://lannuaire.service-public.gouv.fr/provence-alpes-cote-d-azur/bouches-du-rhone/9bfeb9a2-fe76-4a65-ae7e-89e7aabaf451"}
{"nom":"Gignac-la-Nerthe","adresse":"Place de la Mairie , 13180 , Gignac-la-Nerthe , France","codePostal":"13180 ","region":"Provence-Alpes-Côte d'Azur","departement":"Bouches-du-Rhône","departementCode":"13","horaires":"Du Lundi au Jeudi : de 08h30 à 12h00 de 13h30 à 17h00\nLe Vendredi : de 08h30 à 12h00 de 13h30 à 16h00","email":"","telephone":"04 42 77 00 00","latitude":43.388187,"longitude":5.2313194,"website":"http://www.gignaclanerthe.fr/","url":"https://lannuaire.service-public.gouv.fr/provence-alpes-cote-d-azur/bouches-du-rhone/72a84749-59fc-4286-a519-1e534474e8de"}
{"nom":"Grans","adresse":"Boulevard Victor-Jauffret , 13450 , Grans , France","codePostal":"13450 ","region":"Provence-Alpes-Côte d'Azur","departement":"Bouches-du-Rhône","departementCode":"13","horaires":"Du Lundi au Vendredi : de 08h00 à 12h00 de 13h30 à 17h30\nLe Samedi : de 09h00 à 12h00\n\nPermanence uniquement un samedi par mois, indication sur le site internet.","email":"accueil@grans.fr","telephone":"04 90 55 99 70","latitude":43.6092,"longitude":5.06518,"website":"http://www.grans.fr/","url":"https://lannuaire.service-public.gouv.fr/provence-alpes-cote-d-azur/bouches-du-rhone/4482a5b8-3f57-47b9-8493-5f15f4268135"}
{"nom":"Graveson","adresse":"8 cours National , 13690 , Graveson , France","codePostal":"13690 ","region":"Provence-Alpes-Côte d'Azur","departement":"Bouches-du-Rhône","departementCode":"13","horaires":"Du Lundi au Vendredi : de 08h30 à 12h00 de 13h30 à 18h00","email":"urbanisme@ville-graveson.fr","telephone":"04 90 95 71 05","latitude":43.850986,"longitude":4.77332,"website":"https://www.graveson.fr/","url":"https://lannuaire.service-public.gouv.fr/provence-alpes-cote-d-azur/bouches-du-rhone/ffe3ddf7-780b-457b-8fe1-504b3c7bc410"}
{"nom":"Gréasque","adresse":"2 boulevard Marius-Olive , 13850 , Gréasque , France","codePostal":"13850 ","region":"Provence-Alpes-Côte d'Azur","departement":"Bouches-du-Rhône","departementCode":"13","horaires":"Du Lundi au Mardi : de 08h30 à 12h00 de 15h30 à 17h30\nLe Mercredi : de 08h30 à 12h00 de 14h00 à 17h30\nDu Jeudi au Vendredi : de 08h30 à 12h00 de 15h30 à 17h30\nLe Samedi : de 09h00 à 12h00\n\nAccueil ouvert les 1er et 3e samedis du mois, uniquement pour l'état civil.","email":"secretariatdumaire@greasque.fr","telephone":"04 42 69 86 06","latitude":43.4323,"longitude":5.54279,"website":"https://www.ville-greasque.fr/","url":"https://lannuaire.service-public.gouv.fr/provence-alpes-cote-d-azur/bouches-du-rhone/ad123817-23c4-4835-9e5b-333d8c48302f"}
{"nom":"Istres","adresse":"1 esplanade Bernardin-Laugier , 13800 , Istres , France","codePostal":"13800 ","region":"Provence-Alpes-Côte d'Azur","departement":"Bouches-du-Rhône","departementCode":"13","horaires":"Le Lundi : de 08h00 à 18h00\n\nSans interruption.\nDu Mardi au Vendredi : de 08h00 à 12h00 de 13h30 à 17h45","email":"","telephone":"04 13 29 50 00","latitude":43.516647,"longitude":4.989925,"website":"https://www.istres.fr/","url":"https://lannuaire.service-public.gouv.fr/provence-alpes-cote-d-azur/bouches-du-rhone/bf94dcb6-081a-42f1-a2fb-042b93693ed3"}
{"nom":"Jouques","adresse":"39 boulevard de la République , 13490 , Jouques , France","codePostal":"13490 ","region":"Provence-Alpes-Côte d'Azur","departement":"Bouches-du-Rhône","departementCode":"13","horaires":"Du Lundi au Mardi : de 08h30 à 12h00\nLe Mercredi : de 13h00 à 16h30\n\nAccueil téléphonique l'après-midi.\nLe Jeudi : de 08h30 à 12h00\n\nAccueil téléphonique l'après-midi.\nLe Vendredi : de 08h00 à 12h00 de 13h00 à 16h30","email":"mairie@jouques.fr","telephone":"04 42 63 79 50","latitude":43.636982,"longitude":5.638096,"website":"https://www.jouques.fr/","url":"https://lannuaire.service-public.gouv.fr/provence-alpes-cote-d-azur/bouches-du-rhone/d7797945-71a7-44de-a3c9-48e27f2294a1"}
{"nom":"La Barben","adresse":"1 place de Forbin , 13330 , La Barben , France","codePostal":"13330 ","region":"Provence-Alpes-Côte d'Azur","departement":"Bouches-du-Rhône","departementCode":"13","horaires":"Le Lundi : de 08h00 à 12h00 de 13h30 à 17h00\nLe Mardi : de 09h00 à 12h00\nDu Mercredi au Jeudi : de 09h00 à 12h00 de 13h30 à 17h00\nLe Vendredi : de 08h00 à 12h00","email":"accueil@labarben.fr","telephone":"04 90 55 18 89","latitude":43.629967,"longitude":5.175609,"website":"http://www.labarben.fr/","url":"https://lannuaire.service-public.gouv.fr/provence-alpes-cote-d-azur/bouches-du-rhone/eb9c2c79-fadd-4766-bb6a-3d439205cdc9"}
{"nom":"La Bouilladisse","adresse":"Place de la Libération , 13720 , La Bouilladisse , France","codePostal":"13720 ","region":"Provence-Alpes-Côte d'Azur","departement":"Bouches-du-Rhône","departementCode":"13","horaires":"Du Lundi au Jeudi : de 08h00 à 12h00 de 13h30 à 17h30\nLe Vendredi : de 13h30 à 17h30","email":"mairie@ville-bouilladisse.com","telephone":"04 42 62 97 08","latitude":43.39433,"longitude":5.5938034,"website":"http://www.ville-bouilladisse.com/","url":"https://lannuaire.service-public.gouv.fr/provence-alpes-cote-d-azur/bouches-du-rhone/082756fd-9ad3-4c9d-9158-7116e5a34675"}
{"nom":"La Ciotat","adresse":"Rond-point des Messageries-Maritimes , 13708 , La Ciotat , France","codePostal":"13708 ","region":"Provence-Alpes-Côte d'Azur","departement":"Bouches-du-Rhône","departementCode":"13","horaires":"Du Lundi au Jeudi : de 09h00 à 12h00 de 14h00 à 17h00\nLe Vendredi : de 09h00 à 12h00 de 14h00 à 16h30","email":"information@mairie-laciotat.fr","telephone":"04 42 08 88 00","latitude":43.17372,"longitude":5.606032,"website":"https://www.laciotat.com/","url":"https://lannuaire.service-public.gouv.fr/provence-alpes-cote-d-azur/bouches-du-rhone/7edeab62-1657-4fd4-b1c0-0942cfec4e42"}
{"nom":"La Destrousse","adresse":"Place de la Mairie , 13112 , La Destrousse , France","codePostal":"13112 ","region":"Provence-Alpes-Côte d'Azur","departement":"Bouches-du-Rhône","departementCode":"13","horaires":"Le Lundi : de 08h30 à 11h30 de 15h00 à 18h00\nLe Mardi : de 15h00 à 18h00\nDu Mercredi au Jeudi : de 08h30 à 11h30 de 15h00 à 18h00\nLe Vendredi : de 08h30 à 11h30 de 15h00 à 17h30\n\nDurant les congés de d'été l'accueil se fait de 8h30 à 12h et de 14h à 17h, fermé le mardi matin.","email":"accueil@ladestrousse.fr","telephone":"04 42 18 49 30","latitude":43.377144,"longitude":5.605565,"website":"http://www.ladestrousse.fr/","url":"https://lannuaire.service-public.gouv.fr/provence-alpes-cote-d-azur/bouches-du-rhone/e317d748-901c-45d0-8704-8e650d2a94b1"}
{"nom":"La Fare-les-Oliviers","adresse":"Place Camille-Pelletan , 13580 , La Fare-les-Oliviers , France","codePostal":"13580 ","region":"Provence-Alpes-Côte d'Azur","departement":"Bouches-du-Rhône","departementCode":"13","horaires":"Du Lundi au Vendredi : de 08h30 à 12h00 de 14h00 à 17h00","email":"communication@lafarelesoliviers.fr","telephone":"04 90 45 46 00","latitude":43.551056,"longitude":5.195903,"website":"http://www.lafarelesoliviers.com/","url":"https://lannuaire.service-public.gouv.fr/provence-alpes-cote-d-azur/bouches-du-rhone/e0ac36ca-4a56-43ca-a80b-3388113083aa"}
{"nom":"Lamanon","adresse":"34 Grand'rue , 13113 , Lamanon , France","codePostal":"13113 ","region":"Provence-Alpes-Côte d'Azur","departement":"Bouches-du-Rhône","departementCode":"13","horaires":"Du Lundi au Vendredi : de 08h00 à 12h00 de 14h00 à 17h00","email":"mairie@lamanon.fr","telephone":"04 90 59 56 07","latitude":43.701267,"longitude":5.085062,"website":"http://www.lamanon.fr/","url":"https://lannuaire.service-public.gouv.fr/provence-alpes-cote-d-azur/bouches-du-rhone/4e5a79b3-d0e6-49cf-8439-e8835b0eb334"}
{"nom":"Lambesc","adresse":"6 boulevard de la République , 13410 , Lambesc , France","codePostal":"13410 ","region":"Provence-Alpes-Côte d'Azur","departement":"Bouches-du-Rhône","departementCode":"13","horaires":"Du Lundi au Mardi : de 08h00 à 12h00 de 13h30 à 17h00\nLe Mercredi : de 08h00 à 12h00 de 14h00 à 18h00\nDu Jeudi au Vendredi : de 08h00 à 12h00 de 13h30 à 17h00\nLe Samedi : de 08h30 à 12h00\nServices passeport et carte d'identité ouvert uniquement sur rendez-vous du lundi au samedi.","email":"webmaster@lambesc.fr","telephone":"04 42 17 00 50","latitude":43.654915,"longitude":5.2627087,"website":"https://www.lambesc.fr/","url":"https://lannuaire.service-public.gouv.fr/provence-alpes-cote-d-azur/bouches-du-rhone/86fccf44-f330-4582-a6f8-cd5d396508f1"}
{"nom":"Lançon-Provence","adresse":"Place du Champ-de-Mars , 13680 , Lançon-Provence , France","codePostal":"13680 ","region":"Provence-Alpes-Côte d'Azur","departement":"Bouches-du-Rhône","departementCode":"13","horaires":"Du Lundi au Vendredi : de 08h30 à 12h30 de 13h30 à 17h00\nTous les mardis, ouverture jusqu'à 18h30 des services Affaires Générales, Affaires Scolaires et Urbanisme (sur rendez-vous).","email":"mairie@lancon-provence.fr","telephone":"04 90 42 98 10","latitude":43.591454,"longitude":5.1244154,"website":"https://www.lancon-provence.fr/fr/accueil.html","url":"https://lannuaire.service-public.gouv.fr/provence-alpes-cote-d-azur/bouches-du-rhone/24c9697f-f7d6-418e-a1b5-f3961e3fd303"}
{"nom":"La Penne-sur-Huveaune","adresse":"14 boulevard de la Gare , 13821 , La Penne-sur-Huveaune , France","codePostal":"13821 ","region":"Provence-Alpes-Côte d'Azur","departement":"Bouches-du-Rhône","departementCode":"13","horaires":"Du Lundi au Mardi : de 08h30 à 12h00 de 14h00 à 17h30\nLe Mercredi : de 08h30 à 12h00 de 14h00 à 18h00\nDu Jeudi au Vendredi : de 08h30 à 12h00 de 14h00 à 17h30","email":"","telephone":"04 91 88 44 00","latitude":43.2845,"longitude":5.5141,"website":"http://www.mairie-lapennesurhuveaune.fr/","url":"https://lannuaire.service-public.gouv.fr/provence-alpes-cote-d-azur/bouches-du-rhone/76be1e92-cc89-4064-b609-8298a3d8c8e5"}
{"nom":"La Roque-d'Anthéron","adresse":"2 avenue de l'Europe-Unie , 13640 , La Roque-d'Anthéron , France","codePostal":"13640 ","region":"Provence-Alpes-Côte d'Azur","departement":"Bouches-du-Rhône","departementCode":"13","horaires":"Du Lundi au Jeudi : de 08h30 à 11h30 de 14h00 à 16h00\nLe Vendredi : de 08h30 à 13h30","email":"mairie@ville-laroquedantheron.fr","telephone":"04 42 95 70 70","latitude":43.7149,"longitude":5.30747,"website":"http://www.ville-laroquedantheron.fr/","url":"https://lannuaire.service-public.gouv.fr/provence-alpes-cote-d-azur/bouches-du-rhone/e77e9d85-fbb7-4c8a-9f69-3d605956c514"}
{"nom":"Le Puy-Sainte-Réparade","adresse":"2 avenue des Anciens-Combattants , 13610 , Le Puy-Sainte-Réparade , France","codePostal":"13610 ","region":"Provence-Alpes-Côte d'Azur","departement":"Bouches-du-Rhône","departementCode":"13","horaires":"Du Lundi au Mardi : de 08h30 à 12h00 de 13h30 à 17h30\nLe Mercredi : de 08h30 à 12h00\nDu Jeudi au Vendredi : de 08h30 à 12h00 de 13h30 à 17h30\nLe Samedi : de 09h00 à 12h00","email":"contact@mairie-lepuysaintereparade.fr","telephone":"04 42 61 82 36","latitude":43.6633,"longitude":5.43683,"website":"http://www.ville-lepuysaintereparade.fr/","url":"https://lannuaire.service-public.gouv.fr/provence-alpes-cote-d-azur/bouches-du-rhone/bb358985-fcde-4e1d-882a-b1c21c94cad0"}
{"nom":"Le Rove","adresse":"4 rue Jacques-Duclos , 13740 , Le Rove , France","codePostal":"13740 ","region":"Provence-Alpes-Côte d'Azur","departement":"Bouches-du-Rhône","departementCode":"13","horaires":"Du Lundi au Jeudi : de 08h30 à 12h00 de 14h00 à 17h30\nLe Vendredi : de 08h30 à 12h00 de 14h00 à 17h00","email":"t.chauvelot@le-rove.fr","telephone":"04 91 46 80 00","latitude":43.370594,"longitude":5.252712,"website":"https://www.lerove.fr/","url":"https://lannuaire.service-public.gouv.fr/provence-alpes-cote-d-azur/bouches-du-rhone/35462b5a-f241-4ccf-ac63-33ddcc8291c4"}
{"nom":"Les Baux-de-Provence","adresse":"Hôtel de Manville , 13520 , Les Baux-de-Provence , France","codePostal":"13520 ","region":"Provence-Alpes-Côte d'Azur","departement":"Bouches-du-Rhône","departementCode":"13","horaires":"Du Lundi au Vendredi : de 09h00 à 12h30 de 13h30 à 17h00","email":"accueil-mairie@lesbauxdeprovence.com","telephone":"04 90 54 34 03","latitude":43.743313,"longitude":4.794811,"website":"https://www.lesbauxdeprovence.com/","url":"https://lannuaire.service-public.gouv.fr/provence-alpes-cote-d-azur/bouches-du-rhone/9278d21b-d230-4edc-92a9-f9539202a458"}
{"nom":"Les Pennes-Mirabeau","adresse":"223 avenue François-Mitterrand , 13170 , Les Pennes-Mirabeau , France","codePostal":"13170 ","region":"Provence-Alpes-Côte d'Azur","departement":"Bouches-du-Rhône","departementCode":"13","horaires":"Du Lundi au Vendredi : de 08h30 à 12h00 de 13h30 à 17h30","email":"dgs@vlpm.com","telephone":"09 69 36 24 12","latitude":43.40029,"longitude":5.339909,"website":"http://www.pennes-mirabeau.org/","url":"https://lannuaire.service-public.gouv.fr/provence-alpes-cote-d-azur/bouches-du-rhone/b190113b-f477-4511-ab42-fd0ce6db615b"}
{"nom":"Le Tholonet","adresse":"3384 route Cézanne , 13100 , Le Tholonet , France","codePostal":"13100 ","region":"Provence-Alpes-Côte d'Azur","departement":"Bouches-du-Rhône","departementCode":"13","horaires":"Le Lundi : de 08h30 à 12h00 de 13h00 à 16h00\nLe Mardi : de 08h30 à 12h00\nLe Mercredi : de 08h30 à 12h00 de 13h00 à 16h00\nLe Jeudi : de 08h30 à 12h00\nLe Vendredi : de 08h30 à 12h00 de 13h00 à 16h00","email":"accueil@letholonet.fr","telephone":"04 42 66 90 41","latitude":43.522087,"longitude":5.513928,"website":"https://letholonet.fr/","url":"https://lannuaire.service-public.gouv.fr/provence-alpes-cote-d-azur/bouches-du-rhone/92824890-76be-48b4-a18b-c0430ec37682"}
{"nom":"Maillane","adresse":"Place de l'Église , 13910 , Maillane , France","codePostal":"13910 ","region":"Provence-Alpes-Côte d'Azur","departement":"Bouches-du-Rhône","departementCode":"13","horaires":"Du Lundi au Mercredi : de 08h30 à 12h30 de 13h30 à 17h30\nLe Jeudi : de 08h30 à 12h30\nLe Vendredi : de 08h30 à 12h30 de 13h30 à 17h30","email":"accueil@maillane.fr","telephone":"04 90 95 74 06","latitude":43.8318,"longitude":4.782,"website":"https://maillane.fr/","url":"https://lannuaire.service-public.gouv.fr/provence-alpes-cote-d-azur/bouches-du-rhone/ca237763-c47f-4361-973c-a96d62b07117"}
{"nom":"Mallemort","adresse":"Cours Victor-Hugo , 13370 , Mallemort , France","codePostal":"13370 ","region":"Provence-Alpes-Côte d'Azur","departement":"Bouches-du-Rhône","departementCode":"13","horaires":"Du Lundi au Vendredi : de 08h30 à 12h00 de 13h30 à 17h00","email":"mairie@mallemort13.fr","telephone":"04 90 59 11 05","latitude":43.7292,"longitude":5.18016,"website":"http://www.mallemortdeprovence.com/","url":"https://lannuaire.service-public.gouv.fr/provence-alpes-cote-d-azur/bouches-du-rhone/e226b946-cbe0-4376-8c05-39da2b6674e2"}
{"nom":"Marignane","adresse":"Cours Mirabeau , 13700 , Marignane , France","codePostal":"13700 ","region":"Provence-Alpes-Côte d'Azur","departement":"Bouches-du-Rhône","departementCode":"13","horaires":"Du Lundi au Vendredi : de 08h30 à 12h00 de 13h00 à 17h00","email":"contact@ville-marignane.fr","telephone":"04 42 31 11 11","latitude":43.417183,"longitude":5.215948,"website":"https://www.marignane.fr/","url":"https://lannuaire.service-public.gouv.fr/provence-alpes-cote-d-azur/bouches-du-rhone/9ef0cce8-f214-4ebf-be18-2369df0acf87"}
{"nom":"Marseille","adresse":"Quai du Port , 13233 , Marseille Cedex 20 , France","codePostal":"13233 ","region":"Provence-Alpes-Côte d'Azur","departement":"Bouches-du-Rhône","departementCode":"13","horaires":"Du Lundi au Vendredi : de 08h30 à 12h00 de 13h30 à 17h00\nAccueil ouvert pour la permanence des élus sur rendez-vous uniquement.","email":"","telephone":"04 91 55 11 11","latitude":43.297596,"longitude":5.369427,"website":"https://www.marseille.fr/","url":"https://lannuaire.service-public.gouv.fr/provence-alpes-cote-d-azur/bouches-du-rhone/c725dd63-a4a4-4b10-b87e-6295f95e123c"}
{"nom":"Marseille - 11e et 12e arrondissements","adresse":"Avenue Boulaya-d'Arnaud , 13012 , Marseille , France","codePostal":"13012 ","region":"Provence-Alpes-Côte d'Azur","departement":"Bouches-du-Rhône","departementCode":"13","horaires":"Du Lundi au Vendredi : de 08h00 à 16h30\nLe Samedi : de 08h30 à 11h30\n\nAccueil ouvert uniquement pour les mariages, déclarations de naissance et de décès.","email":"","telephone":"04 91 14 62 40","latitude":43.297077,"longitude":5.443453,"website":"https://marseille1112.fr/","url":"https://lannuaire.service-public.gouv.fr/provence-alpes-cote-d-azur/bouches-du-rhone/0c68417f-596f-41a2-a0ad-f29e5636fa8d"}
{"nom":"Marseille - 13e et 14e arrondissements","adresse":"Bastide Saint-Joseph , 13014 , Marseille , France","codePostal":"13014 ","region":"Provence-Alpes-Côte d'Azur","departement":"Bouches-du-Rhône","departementCode":"13","horaires":"Du Lundi au Vendredi : de 08h00 à 12h00 de 12h45 à 17h00\nContacter l'accueil pour vérifier les horaires d'ouverture des différents services.","email":"","telephone":"04 91 55 42 02","latitude":43.346996,"longitude":5.378119,"website":"https://mairie13-14.marseille.fr/","url":"https://lannuaire.service-public.gouv.fr/provence-alpes-cote-d-azur/bouches-du-rhone/862e9295-fe09-4a3f-b08a-7e8eaea9d28b"}
{"nom":"Marseille - 15e et 16e arrondissements","adresse":"Parc François-Billoux , 13015 , Marseille , France","codePostal":"13015 ","region":"Provence-Alpes-Côte d'Azur","departement":"Bouches-du-Rhône","departementCode":"13","horaires":"Du Lundi au Vendredi : de 08h15 à 12h00 de 13h00 à 16h30\nLe Samedi : de 09h00 à 11h00\n\nAccueil ouvert uniquement pour les déclarations de décès et de naissance.","email":"","telephone":"04 91 14 60 40","latitude":43.332165,"longitude":5.364557,"website":"https://mairie-marseille15-16.fr/","url":"https://lannuaire.service-public.gouv.fr/provence-alpes-cote-d-azur/bouches-du-rhone/4bfb36ce-13ad-4571-bdd8-8356ca4cbd00"}
{"nom":"Marseille - 1er et 7e arrondissements","adresse":"61 la Canebière , 13001 , Marseille , France","codePostal":"13001 ","region":"Provence-Alpes-Côte d'Azur","departement":"Bouches-du-Rhône","departementCode":"13","horaires":"Du Lundi au Vendredi : de 08h30 à 12h10 de 13h10 à 16h30","email":"contact1-7@marseille.fr","telephone":"04 91 14 54 10","latitude":43.297012,"longitude":5.379013,"website":"https://mairie1-7.marseille.fr/pages/la-mairie-du-1er-secteur","url":"https://lannuaire.service-public.gouv.fr/provence-alpes-cote-d-azur/bouches-du-rhone/4a87b537-a4c2-43d0-a701-f70cff51158a"}
{"nom":"Marseille - 2e et 3e arrondissements","adresse":"2 place de la Major , 13002 , Marseille , France","codePostal":"13002 ","region":"Provence-Alpes-Côte d'Azur","departement":"Bouches-du-Rhône","departementCode":"13","horaires":"Du Lundi au Vendredi : de 08h30 à 12h10 de 13h10 à 16h30","email":"mairie2-3@marseille.fr","telephone":"04 91 14 57 80","latitude":43.298603,"longitude":5.364945,"website":"http://www.mairie-marseille2-3.com/","url":"https://lannuaire.service-public.gouv.fr/provence-alpes-cote-d-azur/bouches-du-rhone/eb31ecb6-b435-446a-868a-451f0bfff629"}
{"nom":"Marseille - 4e et 5e arrondissements","adresse":"13 square Sidi-Brahim , 13005 , Marseille , France","codePostal":"13005 ","region":"Provence-Alpes-Côte d'Azur","departement":"Bouches-du-Rhône","departementCode":"13","horaires":"Du Lundi au Vendredi : de 08h30 à 18h15\nLe Samedi : de 08h30 à 12h00\n\nAccueil uniquement pour les déclarations de décès, pendant la crise sanitaire accueil ouvert du lundi au vendredi de 8h30 à 12h et de 14h à 16h30, fermeture à 16h pour l'état civil.","email":"","telephone":"04 91 14 60 30","latitude":43.29766,"longitude":5.399119,"website":"https://marseille4-5.fr/","url":"https://lannuaire.service-public.gouv.fr/provence-alpes-cote-d-azur/bouches-du-rhone/a8acc826-382c-43d6-90d3-07ed7e32b978"}
{"nom":"Marseille - 6e et 8e arrondissements","adresse":"125 rue du Commandant-Rolland , 13008 , Marseille , France","codePostal":"13008 ","region":"Provence-Alpes-Côte d'Azur","departement":"Bouches-du-Rhône","departementCode":"13","horaires":"Du Lundi au Vendredi : de 08h00 à 16h00\nLe Samedi : de 08h30 à 11h00","email":"mairie6-8@marseille.fr","telephone":"04 91 55 15 84","latitude":43.270237,"longitude":5.382315,"website":"https://mairie-marseille6-8.fr/","url":"https://lannuaire.service-public.gouv.fr/provence-alpes-cote-d-azur/bouches-du-rhone/8a7e4232-7f78-45a9-90ca-8920c24e1c90"}
{"nom":"Marseille - 9e et 10e arrondissements","adresse":"150 boulevard Paul-Claudel , 13009 , Marseille , France","codePostal":"13009 ","region":"Provence-Alpes-Côte d'Azur","departement":"Bouches-du-Rhône","departementCode":"13","horaires":"Du Lundi au Vendredi : de 08h30 à 17h00\nFermeture de l'état-civil à 16h15.","email":"mairie910@marseille.fr","telephone":"04 91 14 63 50","latitude":43.268078,"longitude":5.416975,"website":"https://marseille9-10.fr/","url":"https://lannuaire.service-public.gouv.fr/provence-alpes-cote-d-azur/bouches-du-rhone/9ed44050-aae0-4633-8420-a8a320633ea1"}
{"nom":"Martigues","adresse":"Avenue Louis-Sammut , 13690 , Martigues , France","codePostal":"13690 ","region":"Provence-Alpes-Côte d'Azur","departement":"Bouches-du-Rhône","departementCode":"13","horaires":"Du Lundi au Vendredi : de 08h30 à 12h00 de 13h30 à 17h30","email":"le-maire@ville-martigues.fr","telephone":"04 42 44 33 33","latitude":43.40524,"longitude":5.048194,"website":"https://www.ville-martigues.fr/","url":"https://lannuaire.service-public.gouv.fr/provence-alpes-cote-d-azur/bouches-du-rhone/7f93bec3-1c52-4804-9b8e-2b0779ac3dcf"}
{"nom":"Mas-Blanc-des-Alpilles","adresse":"Place Pierre-Limberton , 13103 , Mas-Blanc-des-Alpilles , France","codePostal":"13103 ","region":"Provence-Alpes-Côte d'Azur","departement":"Bouches-du-Rhône","departementCode":"13","horaires":"Le Lundi : de 09h00 à 12h00 de 14h00 à 17h00\nLe Mardi : de 14h00 à 17h00\nDu Mercredi au Jeudi : de 09h00 à 12h00\nLe Vendredi : de 09h00 à 12h00 de 14h00 à 17h00","email":"mairie.mba@orange.fr","telephone":"04 90 49 07 98","latitude":43.788662,"longitude":4.755755,"website":"http://www.masblancdesalpilles.fr/","url":"https://lannuaire.service-public.gouv.fr/provence-alpes-cote-d-azur/bouches-du-rhone/eac773a8-e119-4569-bc36-1c409d32e136"}
{"nom":"Maussane-les-Alpilles","adresse":"Avenue de la Vallée-des-Baux , 13520 , Maussane-les-Alpilles , France","codePostal":"13520 ","region":"Provence-Alpes-Côte d'Azur","departement":"Bouches-du-Rhône","departementCode":"13","horaires":"Du Lundi au Mardi : de 08h30 à 12h30 de 14h30 à 17h00\nLe Mercredi : de 08h30 à 12h30\nLe Jeudi : de 08h30 à 12h30 de 14h30 à 17h00\nLe Vendredi : de 08h30 à 12h30","email":"contact.mairie@maussanelesalpilles.fr","telephone":"04 90 54 30 06","latitude":43.7225,"longitude":4.79331,"website":"http://www.maussanelesalpilles.fr/","url":"https://lannuaire.service-public.gouv.fr/provence-alpes-cote-d-azur/bouches-du-rhone/95404a3a-5b7e-4fee-bad4-0b0a4fd0dec1"}
{"nom":"Meyrargues","adresse":"Avenue d'Albertas , 13650 , Meyrargues , France","codePostal":"13650 ","region":"Provence-Alpes-Côte d'Azur","departement":"Bouches-du-Rhône","departementCode":"13","horaires":"Du Lundi au Mardi : de 08h00 à 12h00\nLe Mercredi : de 08h00 à 12h00 de 14h00 à 18h00\nLe Jeudi : de 08h00 à 12h00\nLe Vendredi : de 08h00 à 12h00 de 14h00 à 18h00","email":"accueil@meyrargues.fr","telephone":"04 42 57 50 09","latitude":43.6376,"longitude":5.52685,"website":"https://www.meyrargues.fr/","url":"https://lannuaire.service-public.gouv.fr/provence-alpes-cote-d-azur/bouches-du-rhone/9745acb0-24c4-4af2-a68e-2af5e60bcc73"}
{"nom":"Meyreuil","adresse":"Allée des Platanes , 13590 , Meyreuil , France","codePostal":"13590 ","region":"Provence-Alpes-Côte d'Azur","departement":"Bouches-du-Rhône","departementCode":"13","horaires":"Du Lundi au Vendredi : de 09h00 à 12h30 de 13h30 à 17h00","email":"info@ville-meyreuil.fr","telephone":"04 42 65 90 65","latitude":43.4858,"longitude":5.49532,"website":"https://www.ville-meyreuil.fr/","url":"https://lannuaire.service-public.gouv.fr/provence-alpes-cote-d-azur/bouches-du-rhone/829f0109-7aa7-4cd5-9476-f2a3b9f21dcf"}
{"nom":"Mimet","adresse":"Place de la Mairie , 13105 , Mimet , France","codePostal":"13105 ","region":"Provence-Alpes-Côte d'Azur","departement":"Bouches-du-Rhône","departementCode":"13","horaires":"Du Lundi au Vendredi : de 08h30 à 16h30","email":"mimet.mairie@wanadoo.fr","telephone":"04 42 12 62 42","latitude":43.4144,"longitude":5.50494,"website":"https://www.mimet.fr/","url":"https://lannuaire.service-public.gouv.fr/provence-alpes-cote-d-azur/bouches-du-rhone/cd095c2e-2f97-4bd7-8432-1e46df6282aa"}
{"nom":"Miramas","adresse":"Place Jean-Jaurès , 13140 , Miramas , France","codePostal":"13140 ","region":"Provence-Alpes-Côte d'Azur","departement":"Bouches-du-Rhône","departementCode":"13","horaires":"Le Lundi : de 08h30 à 12h00 de 13h30 à 17h00\nLe Mardi : de 12h00 à 18h00\nDu Mercredi au Vendredi : de 08h30 à 12h00 de 13h30 à 17h00","email":"lemaire@mairie-miramas.fr","telephone":"08 00 01 31 40","latitude":43.5803,"longitude":5.00074,"website":"https://www.miramas.fr/","url":"https://lannuaire.service-public.gouv.fr/provence-alpes-cote-d-azur/bouches-du-rhone/b968787c-34f4-4ef2-80d6-9c910f06e6db"}
{"nom":"Mollégès","adresse":"1 place de l'Hôtel-de-Ville , 13940 , Mollégès , France","codePostal":"13940 ","region":"Provence-Alpes-Côte d'Azur","departement":"Bouches-du-Rhône","departementCode":"13","horaires":"Le Lundi : de 08h00 à 12h00 de 13h30 à 18h00\nDu Mardi au Vendredi : de 08h00 à 12h00 de 13h30 à 17h00","email":"mairie-molleges@orange.fr","telephone":"04 90 95 03 51","latitude":43.805923,"longitude":4.948908,"website":"https://mairie-molleges.fr/fr/","url":"https://lannuaire.service-public.gouv.fr/provence-alpes-cote-d-azur/bouches-du-rhone/d629ba48-af97-4b9a-ae4a-74992a7031e3"}
{"nom":"Mouriès","adresse":"35 rue Pasteur , 13890 , Mouriès , France","codePostal":"13890 ","region":"Provence-Alpes-Côte d'Azur","departement":"Bouches-du-Rhône","departementCode":"13","horaires":"Le Lundi : de 08h30 à 12h00 de 13h30 à 18h30\nDu Mardi au Vendredi : de 08h30 à 12h00 de 13h30 à 17h00\n\nEn juillet et en août fermeture le lundi à 17h, les mercredis et vendredis l'après-midi.","email":"accueil@mairie-mouries.fr","telephone":"04 90 47 50 01","latitude":43.6885,"longitude":4.87374,"website":"https://www.mouries.fr/","url":"https://lannuaire.service-public.gouv.fr/provence-alpes-cote-d-azur/bouches-du-rhone/841b3525-ad17-4ffc-92ad-69f24f6bef26"}
{"nom":"Noves","adresse":"2 place Jean-Jaurès , 13550 , Noves , France","codePostal":"13550 ","region":"Provence-Alpes-Côte d'Azur","departement":"Bouches-du-Rhône","departementCode":"13","horaires":"Du Lundi au Vendredi : de 08h30 à 12h30 de 13h30 à 16h30","email":"secretariat@noves.fr","telephone":"04 90 24 43 00","latitude":43.875088,"longitude":4.901119,"website":"http://www.noves.fr/","url":"https://lannuaire.service-public.gouv.fr/provence-alpes-cote-d-azur/bouches-du-rhone/3e4d365e-3c20-4446-8e24-5aad43d65591"}
{"nom":"Orgon","adresse":"Place de la Liberté , 13660 , Orgon , France","codePostal":"13660 ","region":"Provence-Alpes-Côte d'Azur","departement":"Bouches-du-Rhône","departementCode":"13","horaires":"Du Lundi au Vendredi : de 08h30 à 12h00 de 13h00 à 16h15","email":"mairie@orgon.fr","telephone":"04 90 73 00 01","latitude":43.834698,"longitude":4.944089,"website":"","url":"https://lannuaire.service-public.gouv.fr/provence-alpes-cote-d-azur/bouches-du-rhone/1fc156a2-5e20-42e0-afa1-1f664d08f525"}
{"nom":"Paradou","adresse":"Place Charloun-Rieu , 13520 , Paradou , France","codePostal":"13520 ","region":"Provence-Alpes-Côte d'Azur","departement":"Bouches-du-Rhône","departementCode":"13","horaires":"Du Lundi au Mercredi : de 08h30 à 12h00 de 14h00 à 17h00\nLe Jeudi : de 08h30 à 12h00\nLe Vendredi : de 08h30 à 12h00 de 14h00 à 17h00","email":"accueil@mairie-du-paradou.fr","telephone":"04 90 54 54 01","latitude":43.7226,"longitude":4.80069,"website":"https://www.mairie-du-paradou.fr/","url":"https://lannuaire.service-public.gouv.fr/provence-alpes-cote-d-azur/bouches-du-rhone/32b69157-c4bc-4f65-aabb-26ce02ebee5e"}
{"nom":"Pélissanne","adresse":"Parc Roux-de-Brignoles , 13330 , Pélissanne , France","codePostal":"13330 ","region":"Provence-Alpes-Côte d'Azur","departement":"Bouches-du-Rhône","departementCode":"13","horaires":"Du Lundi au Jeudi : de 08h00 à 12h00 de 13h30 à 17h00\nLe Vendredi : de 08h00 à 12h00 de 13h30 à 15h30","email":"mairie@ville-pelissanne.fr","telephone":"04 90 55 11 52","latitude":43.63105,"longitude":5.150567,"website":"https://www.ville-pelissanne.fr/","url":"https://lannuaire.service-public.gouv.fr/provence-alpes-cote-d-azur/bouches-du-rhone/ab71cdc6-ad64-47a6-ae79-bd6243ffd0b2"}
{"nom":"Peynier","adresse":"9 cours Albéric-Laurent , 13790 , Peynier , France","codePostal":"13790 ","region":"Provence-Alpes-Côte d'Azur","departement":"Bouches-du-Rhône","departementCode":"13","horaires":"Du Lundi au Jeudi : de 08h30 à 12h00 de 13h30 à 17h00\nLe Vendredi : de 08h30 à 12h00\n\nAccueil téléphonique du lundi au vendredi de 8h30 à 12h et de 13h30 à 17h.","email":"magali.constant@ville-peynier.fr","telephone":"04 42 53 05 48","latitude":43.448154,"longitude":5.640495,"website":"https://www.peynier.net/","url":"https://lannuaire.service-public.gouv.fr/provence-alpes-cote-d-azur/bouches-du-rhone/19eda00f-2b39-4da7-b7bf-3600548a82b6"}
{"nom":"Peypin","adresse":"Rue de la République , 13124 , Peypin , France","codePostal":"13124 ","region":"Provence-Alpes-Côte d'Azur","departement":"Bouches-du-Rhône","departementCode":"13","horaires":"Du Lundi au Jeudi : de 08h30 à 12h00 de 13h00 à 17h00\nLe Vendredi : de 08h30 à 12h00 de 13h00 à 16h00","email":"accueil@peypin.fr","telephone":"04 42 82 55 55","latitude":43.3846,"longitude":5.57648,"website":"https://www.peypin.fr/","url":"https://lannuaire.service-public.gouv.fr/provence-alpes-cote-d-azur/bouches-du-rhone/c4de7cdb-93f4-4eab-b42d-3b66c1a212f6"}
{"nom":"Peyrolles-en-Provence","adresse":"9 place de l'Hôtel-de-Ville , 13860 , Peyrolles-en-Provence , France","codePostal":"13860 ","region":"Provence-Alpes-Côte d'Azur","departement":"Bouches-du-Rhône","departementCode":"13","horaires":"Du Lundi au Vendredi : de 08h00 à 12h00 de 14h00 à 17h00","email":"contact@mairie-peyrollesenprovence.fr","telephone":"04 42 57 80 05","latitude":43.646324,"longitude":5.583338,"website":"https://www.peyrolles-en-provence.fr/","url":"https://lannuaire.service-public.gouv.fr/provence-alpes-cote-d-azur/bouches-du-rhone/1233c8b5-7753-4f29-bfd6-18054f49d2ab"}
{"nom":"Plan-d'Orgon","adresse":"Place Lucien-Martin , 13750 , Plan-d'Orgon , France","codePostal":"13750 ","region":"Provence-Alpes-Côte d'Azur","departement":"Bouches-du-Rhône","departementCode":"13","horaires":"Du Lundi au Vendredi : de 08h30 à 12h00 de 13h30 à 17h00","email":"secretariat@plandorgon.fr","telephone":"04 90 73 26 00","latitude":43.809563,"longitude":4.99852,"website":"http://www.plandorgon.fr/","url":"https://lannuaire.service-public.gouv.fr/provence-alpes-cote-d-azur/bouches-du-rhone/7bb8917e-1fb0-441f-9094-306abe248437"}
{"nom":"Plan-de-Cuques","adresse":"28 avenue Frédéric-Chevillon , 13380 , Plan-de-Cuques Cedex , France","codePostal":"13380 ","region":"Provence-Alpes-Côte d'Azur","departement":"Bouches-du-Rhône","departementCode":"13","horaires":"Du Lundi au Vendredi : de 09h00 à 12h00 de 14h00 à 17h30","email":"cabinetdumaire@plandecuques.fr","telephone":"04 91 10 40 40","latitude":43.34599,"longitude":5.462092,"website":"http://www.plandecuques.fr/","url":"https://lannuaire.service-public.gouv.fr/provence-alpes-cote-d-azur/bouches-du-rhone/d0dc4944-d69e-49e8-82c6-4f760bbca2fe"}
{"nom":"Port-de-Bouc","adresse":"30 rue Charles Nedelec , 13110 , Port-de-Bouc , France","codePostal":"13110 ","region":"Provence-Alpes-Côte d'Azur","departement":"Bouches-du-Rhône","departementCode":"13","horaires":"Du Lundi au Vendredi : de 08h30 à 12h00 de 13h30 à 17h30","email":"secretariatdumaire@portdebouc.fr","telephone":"04 42 40 04 04","latitude":43.404644,"longitude":4.985977,"website":"https://www.portdebouc.fr/","url":"https://lannuaire.service-public.gouv.fr/provence-alpes-cote-d-azur/bouches-du-rhone/f55cf2ab-00ac-4047-8d8e-c4e267b1e95e"}
{"nom":"Port-Saint-Louis-du-Rhone","adresse":"3 avenue du Port , 13518 , Port-Saint-Louis-du-Rhone Cedex , France","codePostal":"13518 ","region":"Provence-Alpes-Côte d'Azur","departement":"Bouches-du-Rhône","departementCode":"13","horaires":"Le Lundi : de 08h30 à 12h00 de 13h30 à 18h00\nLe Mardi : de 08h30 à 12h00 de 13h30 à 17h00\nLe Mercredi : de 08h30 à 12h00 de 13h30 à 17h00\nLe Jeudi : de 10h00 à 12h00 de 13h30 à 17h00\nLe Vendredi : de 08h30 à 12h00 de 13h30 à 17h00","email":"courrier@portsaintlouis.fr","telephone":"04 42 86 90 00","latitude":43.39936,"longitude":4.791592,"website":"http://www.portsaintlouis.fr/","url":"https://lannuaire.service-public.gouv.fr/provence-alpes-cote-d-azur/bouches-du-rhone/b68573b5-741c-4290-9bb6-dfd856c67198"}
{"nom":"Puyloubier","adresse":"Square Jean-Casanova , 13114 , Puyloubier , France","codePostal":"13114 ","region":"Provence-Alpes-Côte d'Azur","departement":"Bouches-du-Rhône","departementCode":"13","horaires":"Le Lundi : de 09h00 à 12h00 de 14h00 à 17h00\nLe Mardi : de 09h00 à 12h00\nLe Mercredi : de 09h00 à 12h00 de 14h00 à 17h00\nLe Jeudi : de 09h00 à 12h00\nLe Vendredi : de 09h00 à 12h00 de 14h00 à 17h00\nLe Samedi : de 09h00 à 12h00\n\nAccueil fermé le samedi durant la crise sanitaire.","email":"mairie-de-puyloubier@wanadoo.fr","telephone":"04 42 66 34 45","latitude":43.524628,"longitude":5.67622,"website":"https://www.puyloubier.com/","url":"https://lannuaire.service-public.gouv.fr/provence-alpes-cote-d-azur/bouches-du-rhone/ac905aa5-eca4-4c88-bb96-1fe737e98ac7"}
{"nom":"Rognac","adresse":"21 avenue Charles-de-Gaulle , 13340 , Rognac , France","codePostal":"13340 ","region":"Provence-Alpes-Côte d'Azur","departement":"Bouches-du-Rhône","departementCode":"13","horaires":"Du Lundi au Mardi : de 08h00 à 13h00\nLe Mercredi : de 08h30 à 12h30 de 13h30 à 17h30\nLe Jeudi : de 08h00 à 13h00","email":"accueilmairie@mairie-rognac.fr","telephone":"04 42 87 76 00","latitude":43.492,"longitude":5.229569,"website":"https://www.ville-rognac.fr/","url":"https://lannuaire.service-public.gouv.fr/provence-alpes-cote-d-azur/bouches-du-rhone/fc4aadec-0b5c-48db-bff4-9265436fa43f"}
{"nom":"Rognes","adresse":"1 avenue d'Aix , 13840 , Rognes , France","codePostal":"13840 ","region":"Provence-Alpes-Côte d'Azur","departement":"Bouches-du-Rhône","departementCode":"13","horaires":"Du Lundi au Vendredi : de 08h30 à 12h00 de 13h30 à 17h00","email":"contact@rognes.fr","telephone":"04 42 50 22 05","latitude":43.6633,"longitude":5.34878,"website":"http://www.ville-rognes.fr/","url":"https://lannuaire.service-public.gouv.fr/provence-alpes-cote-d-azur/bouches-du-rhone/f59f866a-9709-49b6-8acd-0ce04c8ba06b"}
{"nom":"Rognonas","adresse":"1 place Jeanne-d'Arc , 13870 , Rognonas , France","codePostal":"13870 ","region":"Provence-Alpes-Côte d'Azur","departement":"Bouches-du-Rhône","departementCode":"13","horaires":"Le Lundi : de 08h30 à 12h00 de 14h00 à 19h00\nDu Mardi au Vendredi : de 08h30 à 12h00 de 14h00 à 17h00","email":"accueil@rognonas.fr","telephone":"04 90 90 33 00","latitude":43.8978,"longitude":4.80295,"website":"https://www.rognonas.fr/","url":"https://lannuaire.service-public.gouv.fr/provence-alpes-cote-d-azur/bouches-du-rhone/13310997-ae19-4cd8-b753-2969451347b0"}
{"nom":"Roquefort-la-Bédoule","adresse":"6 place de la Libération , 13830 , Roquefort-la-Bédoule , France","codePostal":"13830 ","region":"Provence-Alpes-Côte d'Azur","departement":"Bouches-du-Rhône","departementCode":"13","horaires":"Du Lundi au Mardi : de 08h30 à 12h00 de 13h30 à 17h00\nLe Mercredi : de 08h30 à 12h00 de 13h30 à 17h30\nDu Jeudi au Vendredi : de 08h30 à 12h00 de 13h30 à 17h00","email":"accueil@roquefort-labedoule.fr","telephone":"04 42 73 21 12","latitude":43.2475,"longitude":5.59139,"website":"http://www.roquefort-labedoule.fr/","url":"https://lannuaire.service-public.gouv.fr/provence-alpes-cote-d-azur/bouches-du-rhone/a0ca5a0f-4208-46c2-9e9b-5cfcca101260"}
{"nom":"Roquevaire","adresse":"29 avenue des Alliés , 13360 , Roquevaire , France","codePostal":"13360 ","region":"Provence-Alpes-Côte d'Azur","departement":"Bouches-du-Rhône","departementCode":"13","horaires":"Du Lundi au Vendredi : de 08h00 à 12h00 de 13h30 à 16h30\nLe Samedi : de 10h00 à 12h00","email":"contact@ville-roquevaire.fr","telephone":"04 42 32 91 10","latitude":43.34876,"longitude":5.603772,"website":"https://ville-de-roquevaire.fr/","url":"https://lannuaire.service-public.gouv.fr/provence-alpes-cote-d-azur/bouches-du-rhone/586ae834-bb67-479e-ad2c-f0e366475e32"}
{"nom":"Rousset","adresse":"Place Paul-Borde , 13790 , Rousset , France","codePostal":"13790 ","region":"Provence-Alpes-Côte d'Azur","departement":"Bouches-du-Rhône","departementCode":"13","horaires":"Du Lundi au Vendredi : de 08h30 à 12h00 de 13h30 à 17h30\nLe Samedi : de 09h00 à 12h00\n\nAccueil ouvert uniquement pour l'état civil et fermé en juillet-août.","email":"mairie@rousset-fr.com","telephone":"04 42 29 00 10","latitude":43.4804,"longitude":5.62191,"website":"http://www.rousset-fr.com/","url":"https://lannuaire.service-public.gouv.fr/provence-alpes-cote-d-azur/bouches-du-rhone/2c8d5f0d-9283-46b2-a9b0-02c489b8550e"}
{"nom":"Saint-Andiol","adresse":"Place du Général-de-Gaulle , 13670 , Saint-Andiol , France","codePostal":"13670 ","region":"Provence-Alpes-Côte d'Azur","departement":"Bouches-du-Rhône","departementCode":"13","horaires":"Du Lundi au Mardi : de 08h30 à 12h30 de 13h30 à 17h00\nLe Mercredi : de 08h30 à 19h00\nLe Jeudi : de 08h30 à 12h30 de 13h30 à 17h00\nLe Vendredi : de 08h30 à 12h30 de 13h30 à 16h30","email":"accueil@st-andiol.fr","telephone":"04 90 95 02 02","latitude":43.835464,"longitude":4.944566,"website":"https://www.saint-andiol.fr/","url":"https://lannuaire.service-public.gouv.fr/provence-alpes-cote-d-azur/bouches-du-rhone/2a33ae67-3772-4844-92e6-2288704565c5"}
{"nom":"Saint-Antonin-sur-Bayon","adresse":"Chemin départemental 17 , 13100 , Saint-Antonin-sur-Bayon , France","codePostal":"13100 ","region":"Provence-Alpes-Côte d'Azur","departement":"Bouches-du-Rhône","departementCode":"13","horaires":"Le Mardi : de 08h30 à 13h00\nLe Jeudi : de 08h30 à 13h00 de 14h00 à 17h00\nLe Vendredi : de 08h30 à 13h00","email":"contact@stantoninsurbayon.fr","telephone":"04 42 66 91 51","latitude":43.5467,"longitude":5.52179,"website":"http://www.mairiesaintantoninsurbayon.fr/","url":"https://lannuaire.service-public.gouv.fr/provence-alpes-cote-d-azur/bouches-du-rhone/00fbd6d6-89a6-4509-a0b5-51299b7750d1"}
{"nom":"Saint-Cannat","adresse":"14 place de la République , 13760 , Saint-Cannat , France","codePostal":"13760 ","region":"Provence-Alpes-Côte d'Azur","departement":"Bouches-du-Rhône","departementCode":"13","horaires":"Du Lundi au Vendredi : de 08h00 à 12h00 de 13h30 à 17h00\nLe Samedi : de 09h30 à 12h00","email":"accueil.mairie@ville-saint-cannat.fr","telephone":"04 42 50 82 00","latitude":43.6208,"longitude":5.29875,"website":"https://saint-cannat.fr/","url":"https://lannuaire.service-public.gouv.fr/provence-alpes-cote-d-azur/bouches-du-rhone/5d87eaca-69c1-4ce7-838e-12b99f33462a"}
{"nom":"Saint-Chamas","adresse":"Place de la Mairie , 13250 , Saint-Chamas , France","codePostal":"13250 ","region":"Provence-Alpes-Côte d'Azur","departement":"Bouches-du-Rhône","departementCode":"13","horaires":"Du Lundi au Vendredi : de 08h30 à 12h00 de 14h00 à 17h30","email":"mairie@saint-chamas.com","telephone":"04 90 44 52 00","latitude":43.550713,"longitude":5.038872,"website":"https://www.saint-chamas.com/","url":"https://lannuaire.service-public.gouv.fr/provence-alpes-cote-d-azur/bouches-du-rhone/282b0595-0040-4c45-a1cd-f2adfd9a9256"}
{"nom":"Saintes-Maries-de-la-Mer","adresse":"Avenue de la République , 13460 , Saintes-Maries-de-la-Mer , France","codePostal":"13460 ","region":"Provence-Alpes-Côte d'Azur","departement":"Bouches-du-Rhône","departementCode":"13","horaires":"Du Lundi au Vendredi : de 08h30 à 12h00 de 13h30 à 17h00","email":"accueil@lessaintesmaries.fr","telephone":"04 90 97 80 05","latitude":43.4515,"longitude":4.42923,"website":"http://www.lessaintesmaries.fr/","url":"https://lannuaire.service-public.gouv.fr/provence-alpes-cote-d-azur/bouches-du-rhone/a8a52cc2-b3ad-4044-98dd-01fe793e793c"}
{"nom":"Saint-Estève-Janson","adresse":"86 boulevard des Écoles , 13610 , Saint-Estève-Janson , France","codePostal":"13610 ","region":"Provence-Alpes-Côte d'Azur","departement":"Bouches-du-Rhône","departementCode":"13","horaires":"Le Lundi : de 08h30 à 12h00 de 14h00 à 17h30\nLe Mardi : de 08h30 à 12h00\nDu Jeudi au Vendredi : de 08h30 à 12h00 de 14h00 à 17h30","email":"mairie.sej@saint-esteve-janson.com","telephone":"04 42 61 97 03","latitude":43.685337,"longitude":5.3975487,"website":"http://www.saint-esteve-janson.com/","url":"https://lannuaire.service-public.gouv.fr/provence-alpes-cote-d-azur/bouches-du-rhone/e84b76af-9314-4627-b9f3-2aae6339f383"}
{"nom":"Saint-Étienne-du-Grès","adresse":"Place de la Mairie , 13103 , Saint-Étienne-du-Grès , France","codePostal":"13103 ","region":"Provence-Alpes-Côte d'Azur","departement":"Bouches-du-Rhône","departementCode":"13","horaires":"Du Lundi au Mercredi : de 08h00 à 12h00 de 13h30 à 17h00\nLe Vendredi : de 08h00 à 12h00 de 13h30 à 17h00","email":"mairie@saintetiennedugres.com","telephone":"04 90 49 16 46","latitude":43.7814,"longitude":4.73093,"website":"https://saintetiennedugres.com/","url":"https://lannuaire.service-public.gouv.fr/provence-alpes-cote-d-azur/bouches-du-rhone/26e780a4-d5cd-41ac-9096-099a9ed7d9fe"}
{"nom":"Saint-Marc-Jaumegarde","adresse":"Place de la Mairie , 13100 , Saint-Marc-Jaumegarde , France","codePostal":"13100 ","region":"Provence-Alpes-Côte d'Azur","departement":"Bouches-du-Rhône","departementCode":"13","horaires":"Du Lundi au Vendredi : de 08h00 à 12h00","email":"mairie@saint-marc-jaumegarde.fr","telephone":"04 42 24 99 99","latitude":43.5467,"longitude":5.52179,"website":"http://www.saint-marc-jaumegarde.fr/","url":"https://lannuaire.service-public.gouv.fr/provence-alpes-cote-d-azur/bouches-du-rhone/7b9df372-e5e9-4ded-b84a-bc0bd503f209"}
{"nom":"Saint-Martin-de-Crau","adresse":"1 place du Docteur-Bagnaninchi , 13310 , Saint-Martin-de-Crau Cedex , France","codePostal":"13310 ","region":"Provence-Alpes-Côte d'Azur","departement":"Bouches-du-Rhône","departementCode":"13","horaires":"Du Lundi au Jeudi : de 08h30 à 12h00 de 13h30 à 17h30\nLe Vendredi : de 08h30 à 12h00 de 13h30 à 16h30\nLe Samedi : de 08h30 à 12h00","email":"mairie@stmartindecrau.fr","telephone":"04 90 47 17 29","latitude":43.638638,"longitude":4.811884,"website":"https://www.saintmartindecrau.fr/","url":"https://lannuaire.service-public.gouv.fr/provence-alpes-cote-d-azur/bouches-du-rhone/e7a5fd0a-c704-47d0-a2a4-125fbcbce2f6"}
{"nom":"Saint-Mitre-les-Remparts","adresse":"9 avenue Charles-de-Gaulle , 13920 , Saint-Mitre-les-Remparts , France","codePostal":"13920 ","region":"Provence-Alpes-Côte d'Azur","departement":"Bouches-du-Rhône","departementCode":"13","horaires":"Du Lundi au Vendredi : de 08h00 à 12h00 de 13h30 à 17h00","email":"accueilmairie@saintmitrelesremparts.fr","telephone":"04 42 80 98 55","latitude":43.4516,"longitude":5.01443,"website":"https://www.saintmitrelesremparts.fr/","url":"https://lannuaire.service-public.gouv.fr/provence-alpes-cote-d-azur/bouches-du-rhone/ee02ab29-12d8-4680-b204-c4040b6eb0f0"}
{"nom":"Saint-Paul-lez-Durance","adresse":"Place Jean-Santini , 13115 , Saint-Paul-lez-Durance , France","codePostal":"13115 ","region":"Provence-Alpes-Côte d'Azur","departement":"Bouches-du-Rhône","departementCode":"13","horaires":"Le Lundi : de 08h00 à 12h00 de 13h30 à 17h30\nLe Mardi : de 08h00 à 12h00\nDu Mercredi au Jeudi : de 08h00 à 12h00 de 13h30 à 17h30\nLe Vendredi : de 08h00 à 12h00","email":"mairie@stpaul.fr","telephone":"04 42 57 40 56","latitude":43.6873,"longitude":5.7084455,"website":"https://www.stpaul.fr/","url":"https://lannuaire.service-public.gouv.fr/provence-alpes-cote-d-azur/bouches-du-rhone/f9334808-6fa7-4c78-bc5a-a79ff218dc1b"}
{"nom":"Saint-Pierre-de-Mézoargues","adresse":"Place de la Mairie , 13150 , Saint-Pierre-de-Mézoargues , France","codePostal":"13150 ","region":"Provence-Alpes-Côte d'Azur","departement":"Bouches-du-Rhône","departementCode":"13","horaires":"Du Lundi au Vendredi : de 13h30 à 17h30","email":"","telephone":"04 90 43 93 42","latitude":43.859367,"longitude":4.651276,"website":"http://www.saint-pierre-de-mezoargues.fr/","url":"https://lannuaire.service-public.gouv.fr/provence-alpes-cote-d-azur/bouches-du-rhone/61e3f21a-b9c4-4910-96b6-ba21d46f8c8a"}
{"nom":"Saint-Rémy-de-Provence","adresse":"Place Jules-Pellissier , 13210 , Saint-Rémy-de-Provence , France","codePostal":"13210 ","region":"Provence-Alpes-Côte d'Azur","departement":"Bouches-du-Rhône","departementCode":"13","horaires":"Du Lundi au Jeudi : de 08h30 à 12h00 de 13h30 à 17h30\nLe Vendredi : de 08h30 à 12h00 de 13h30 à 16h30","email":"contact@ville-srdp.fr","telephone":"04 90 92 08 10","latitude":43.78859,"longitude":4.830037,"website":"https://www.mairie-saintremydeprovence.com/","url":"https://lannuaire.service-public.gouv.fr/provence-alpes-cote-d-azur/bouches-du-rhone/e239e6d1-a9f7-4647-8af7-78ffd4416a46"}
{"nom":"Saint-Savournin","adresse":"33 avenue Pierre-Dubois-Jean-Ciny , 13119 , Saint-Savournin , France","codePostal":"13119 ","region":"Provence-Alpes-Côte d'Azur","departement":"Bouches-du-Rhône","departementCode":"13","horaires":"Du Lundi au Mardi : de 09h00 à 12h00 de 14h00 à 17h30\nLe Mercredi : de 09h00 à 12h00\nDu Jeudi au Vendredi : de 09h00 à 12h00 de 14h00 à 17h30","email":"mairie@mairie-stsavournin.fr","telephone":"04 42 04 64 03","latitude":43.4085,"longitude":5.5269,"website":"http://www.saint-savournin.com/","url":"https://lannuaire.service-public.gouv.fr/provence-alpes-cote-d-azur/bouches-du-rhone/fd722e49-7769-4d83-a4e3-4bc8ef967789"}
{"nom":"Saint-Victoret","adresse":"Hôtel-de-Ville , 13729 , Saint-Victoret , France","codePostal":"13729 ","region":"Provence-Alpes-Côte d'Azur","departement":"Bouches-du-Rhône","departementCode":"13","horaires":"Du Lundi au Jeudi : de 08h30 à 12h15 de 13h30 à 17h00\nLe Vendredi : de 08h30 à 12h00 de 13h30 à 16h00","email":"adjointe.dgs@mairiesaintvictoret.fr","telephone":"04 42 15 32 00","latitude":43.42094,"longitude":5.233104,"website":"https://www.saintvictoret.fr/","url":"https://lannuaire.service-public.gouv.fr/provence-alpes-cote-d-azur/bouches-du-rhone/b726dd51-d392-4d5e-8872-4764279b111d"}
{"nom":"Salon-de-Provence","adresse":"174 place de l'Hôtel-de-Ville , 13657 , Salon-de-Provence Cedex , France","codePostal":"13657 ","region":"Provence-Alpes-Côte d'Azur","departement":"Bouches-du-Rhône","departementCode":"13","horaires":"Du Lundi au Vendredi : de 08h30 à 12h15 de 13h15 à 17h00","email":"webcontact.mairie@salon-de-provence.org","telephone":"04 90 44 89 00","latitude":43.640663,"longitude":5.099439,"website":"http://www.salon-de-provence.org/","url":"https://lannuaire.service-public.gouv.fr/provence-alpes-cote-d-azur/bouches-du-rhone/dd7f0636-08a6-462b-83c0-8f7f22e5a134"}
{"nom":"Sausset-les-Pins","adresse":"Place des Droits-de-l'Homme , 13960 , Sausset-les-Pins , France","codePostal":"13960 ","region":"Provence-Alpes-Côte d'Azur","departement":"Bouches-du-Rhône","departementCode":"13","horaires":"Du Lundi au Vendredi : de 08h30 à 12h00 de 14h00 à 17h00","email":"secretariat@saussetlespins.fr","telephone":"04 42 44 51 51","latitude":43.331074,"longitude":5.106447,"website":"http://www.ville-sausset-les-pins.fr/","url":"https://lannuaire.service-public.gouv.fr/provence-alpes-cote-d-azur/bouches-du-rhone/6a0f1cd1-6e89-4378-ad7b-bec5cabd03fc"}
{"nom":"Sénas","adresse":"Place Victor-Hugo , 13560 , Sénas , France","codePostal":"13560 ","region":"Provence-Alpes-Côte d'Azur","departement":"Bouches-du-Rhône","departementCode":"13","horaires":"Du Lundi au Jeudi : de 08h30 à 12h00 de 13h30 à 17h30\nLe Vendredi : de 08h30 à 12h00 de 13h30 à 16h00","email":"accueil@senas.fr","telephone":"04 90 57 20 03","latitude":43.7458,"longitude":5.07807,"website":"https://www.senas.fr/","url":"https://lannuaire.service-public.gouv.fr/provence-alpes-cote-d-azur/bouches-du-rhone/d172c735-918c-4ce0-b0ac-8a1c0547eb15"}
{"nom":"Septèmes-les-Vallons","adresse":"Place Didier-Tramoni , 13240 , Septèmes-les-Vallons , France","codePostal":"13240 ","region":"Provence-Alpes-Côte d'Azur","departement":"Bouches-du-Rhône","departementCode":"13","horaires":"Du Lundi au Vendredi : de 08h30 à 16h30","email":"secretariat@ville-septemes.fr","telephone":"04 91 96 31 00","latitude":43.3887,"longitude":5.35588,"website":"http://www.ville-septemes.fr/","url":"https://lannuaire.service-public.gouv.fr/provence-alpes-cote-d-azur/bouches-du-rhone/85b23343-c617-4c79-b33b-c1b36b68b4b8"}
{"nom":"Simiane-Collongue","adresse":"Place Le-Sévigné , 13109 , Simiane-Collongue , France","codePostal":"13109 ","region":"Provence-Alpes-Côte d'Azur","departement":"Bouches-du-Rhône","departementCode":"13","horaires":"Le Lundi : de 08h30 à 12h00 de 13h30 à 17h00\nLe Mardi : de 08h30 à 12h00 de 13h30 à 17h30\nLe Mercredi : de 08h30 à 12h00 de 13h30 à 17h00\nLe Jeudi : de 08h30 à 12h00 de 13h30 à 17h30\nLe Vendredi : de 08h30 à 12h00 de 13h30 à 17h00\nLe Samedi : de 09h00 à 12h00\n\nAccueil ouvert un samedi sur deux, tous les services reçoivent sur rendez-vous uniquement.","email":"accueil.mairie@simiane-collongue.fr","telephone":"04 42 94 91 91","latitude":43.42981,"longitude":5.434834,"website":"http://www.simiane-collongue.fr/","url":"https://lannuaire.service-public.gouv.fr/provence-alpes-cote-d-azur/bouches-du-rhone/727b8a25-3ee2-4023-a739-aafe9667f975"}
{"nom":"Tarascon","adresse":"2 place du Marché , 13150 , Tarascon Cedex , France","codePostal":"13150 ","region":"Provence-Alpes-Côte d'Azur","departement":"Bouches-du-Rhône","departementCode":"13","horaires":"Du Lundi au Jeudi : de 08h00 à 12h00 de 13h30 à 17h00\nLe Vendredi : de 08h00 à 12h00 de 13h30 à 16h30","email":"courrier@mairie-tarascon13.fr","telephone":"04 90 91 00 07","latitude":43.806,"longitude":4.65809,"website":"https://www.tarascon.fr/","url":"https://lannuaire.service-public.gouv.fr/provence-alpes-cote-d-azur/bouches-du-rhone/322fdef8-f73a-4848-8cee-3324b0b35cae"}
{"nom":"Trets","adresse":"Place du 14-Juillet , 13530 , Trets , France","codePostal":"13530 ","region":"Provence-Alpes-Côte d'Azur","departement":"Bouches-du-Rhône","departementCode":"13","horaires":"Le Lundi : de 08h00 à 12h00 de 13h30 à 18h30\nDu Mardi au Jeudi : de 08h00 à 12h00 de 13h30 à 16h30\nLe Vendredi : de 08h00 à 12h00 de 13h30 à 16h30\nLe Samedi : de 08h00 à 12h00","email":"accueil@trets.fr","telephone":"04 42 37 55 00","latitude":43.44721,"longitude":5.684063,"website":"https://www.trets.fr/","url":"https://lannuaire.service-public.gouv.fr/provence-alpes-cote-d-azur/bouches-du-rhone/22f3fc1a-2277-42ae-88ca-ea5ee7dc7260"}
{"nom":"Vauvenargues","adresse":"12 boulevard du Moraliste , 13126 , Vauvenargues , France","codePostal":"13126 ","region":"Provence-Alpes-Côte d'Azur","departement":"Bouches-du-Rhône","departementCode":"13","horaires":"Du Lundi au Vendredi : de 08h30 à 12h30","email":"contact@vauvenargues.fr","telephone":"04 42 66 01 88","latitude":43.5552,"longitude":5.59874,"website":"http://www.vauvenargues.fr/","url":"https://lannuaire.service-public.gouv.fr/provence-alpes-cote-d-azur/bouches-du-rhone/5ca3e2e1-c24a-4ea9-883b-a4b8a87e836e"}
{"nom":"Velaux","adresse":"997 avenue Jean-Moulin , 13880 , Velaux , France","codePostal":"13880 ","region":"Provence-Alpes-Côte d'Azur","departement":"Bouches-du-Rhône","departementCode":"13","horaires":"Du Lundi au Vendredi : de 08h30 à 12h00 de 14h00 à 17h00","email":"administration.generale@mairie-de-velaux.fr","telephone":"04 42 87 73 73","latitude":43.52489,"longitude":5.257476,"website":"https://www.velaux.fr/","url":"https://lannuaire.service-public.gouv.fr/provence-alpes-cote-d-azur/bouches-du-rhone/0e24f177-3817-4285-a1a4-6a144b6cd841"}
{"nom":"Venelles","adresse":"Place Marius-Trucy , 13614 , Venelles Cedex , France","codePostal":"13614 ","region":"Provence-Alpes-Côte d'Azur","departement":"Bouches-du-Rhône","departementCode":"13","horaires":"Du Lundi au Vendredi : de 08h00 à 12h00 de 13h00 à 17h00","email":"mairie@venelles.fr","telephone":"04 42 54 16 16","latitude":43.59846,"longitude":5.484376,"website":"https://www.venelles.fr/","url":"https://lannuaire.service-public.gouv.fr/provence-alpes-cote-d-azur/bouches-du-rhone/ad0f9bbb-49da-4cb5-8b4d-49d25d974f13"}
{"nom":"Ventabren","adresse":"17 Grand'rue , 13122 , Ventabren , France","codePostal":"13122 ","region":"Provence-Alpes-Côte d'Azur","departement":"Bouches-du-Rhône","departementCode":"13","horaires":"Du Lundi au Mercredi : de 08h00 à 12h00 de 13h30 à 17h00\nDu Jeudi au Vendredi : de 08h00 à 12h00 de 13h30 à 16h30","email":"accueil@mairie-ventabren.fr","telephone":"04 42 28 80 14","latitude":43.53879,"longitude":5.2929864,"website":"https://www.ventabren.fr/","url":"https://lannuaire.service-public.gouv.fr/provence-alpes-cote-d-azur/bouches-du-rhone/6266c8a9-f7ad-4cc9-bc7c-3f98ca9350a4"}
{"nom":"Vernègues","adresse":"Esplanade de la Mairie , 13116 , Vernègues , France","codePostal":"13116 ","region":"Provence-Alpes-Côte d'Azur","departement":"Bouches-du-Rhône","departementCode":"13","horaires":"Du Lundi au Vendredi : de 08h30 à 12h00 de 13h30 à 17h00","email":"accueil@vernegues.com","telephone":"04 90 59 36 07","latitude":43.7202,"longitude":5.2451,"website":"https://vernegues.fr/","url":"https://lannuaire.service-public.gouv.fr/provence-alpes-cote-d-azur/bouches-du-rhone/24daf780-d24f-4189-aa0f-4f309d63e687"}
{"nom":"Verquières","adresse":"Place de la Mairie , 13670 , Verquières , France","codePostal":"13670 ","region":"Provence-Alpes-Côte d'Azur","departement":"Bouches-du-Rhône","departementCode":"13","horaires":"Du Lundi au Mardi : de 08h00 à 12h15 de 13h30 à 16h30\nLe Mercredi : de 08h00 à 12h15\nDu Jeudi au Vendredi : de 08h00 à 12h15 de 13h30 à 16h30","email":"mairie@verquieres.com","telephone":"04 90 90 22 50","latitude":43.839794,"longitude":4.919601,"website":"https://www.verquieres.com/","url":"https://lannuaire.service-public.gouv.fr/provence-alpes-cote-d-azur/bouches-du-rhone/87e85301-678e-456f-8c49-f4d9dc5c9f78"}
{"nom":"Vitrolles","adresse":"Place de Provence , 13743 , Vitrolles , France","codePostal":"13743 ","region":"Provence-Alpes-Côte d'Azur","departement":"Bouches-du-Rhône","departementCode":"13","horaires":"Du Lundi au Vendredi : de 08h30 à 16h30","email":"communication@ville-vitrolles13.fr","telephone":"04 42 77 90 00","latitude":43.4483,"longitude":5.248829,"website":"https://www.vitrolles13.fr/accueil/","url":"https://lannuaire.service-public.gouv.fr/provence-alpes-cote-d-azur/bouches-du-rhone/e475ba25-16b5-4921-b3a7-d149458aa11d"}
