{"nom":"Afa","adresse":"Merria , 20167 , Afa , France","codePostal":"20167 ","region":"Corse","departement":"Corse-du-Sud","departementCode":"2","horaires":"Du Lundi au Vendredi : de 08h30 à 12h00 de 14h00 à 16h00","email":"secretariat-mairie@afa.corsica","telephone":"04 95 10 90 00","latitude":41.985893,"longitude":8.801513,"website":"https://afa.corsica/","url":"https://lannuaire.service-public.gouv.fr/corse/corse-du-sud/35d2793d-8cea-4120-b3fa-3884538f5125"}
{"nom":"Ajaccio","adresse":"Avenue Antoine-Serafini , 20304 , Ajaccio Cedex 1, France","codePostal":"20304 ","region":"Corse","departement":"Corse-du-Sud","departementCode":"2","horaires":"Du Lundi au Vendredi : de 08h00 à 17h00","email":"mairie@ajaccio.fr","telephone":"04 95 51 52 53","latitude":41.918648,"longitude":8.736879,"website":"http://www.ajaccio.fr/","url":"https://lannuaire.service-public.gouv.fr/corse/corse-du-sud/5b723e4d-6243-48f7-8f09-1128f3113083"}
{"nom":"Alata","adresse":"Village , 20167 , Alata, France","codePostal":"20167 ","region":"Corse","departement":"Corse-du-Sud","departementCode":"2","horaires":"Du Lundi au Vendredi : de 08h00 à 15h00","email":"contact@alata.corsica","telephone":"09 70 71 81 81","latitude":41.975933,"longitude":8.742111,"website":"https://alata.corsica/","url":"https://lannuaire.service-public.gouv.fr/corse/corse-du-sud/0e4d7301-dbf3-4eab-86a3-45346f3f3e89"}
{"nom":"Albitreccia","adresse":"Molini-Agosta , 20166 , Albitreccia, France","codePostal":"20166 ","region":"Corse","departement":"Corse-du-Sud","departementCode":"2","horaires":"Du Lundi au Vendredi : de 09h00 à 12h00","email":"mairie.albitreccia@wanadoo.fr","telephone":"04 95 25 08 64","latitude":41.863804,"longitude":8.940534,"website":"http://www.albitreccia.fr/","url":"https://lannuaire.service-public.gouv.fr/corse/corse-du-sud/a4f320bd-7e74-45b7-8f11-1c0ed4d82249"}
{"nom":"Altagène","adresse":"Village , 20112 , Altagène, France","codePostal":"20112 ","region":"Corse","departement":"Corse-du-Sud","departementCode":"2","horaires":"Le Lundi : de 08h00 à 12h00\nLe Mardi : de 13h00 à 17h00\nLe Jeudi : de 08h00 à 12h00\nLe Vendredi : de 13h00 à 17h00","email":"mairie.altagene@wanadoo.fr","telephone":"04 95 78 80 14","latitude":41.70648,"longitude":9.069479,"website":"","url":"https://lannuaire.service-public.gouv.fr/corse/corse-du-sud/8e1768a1-8e87-495a-986e-ab18161fbe5c"}
{"nom":"Ambiegna","adresse":"Le Village , 20151 , Ambiegna, France","codePostal":"20151 ","region":"Corse","departement":"Corse-du-Sud","departementCode":"2","horaires":"Le Mardi : de 09h00 à 14h00","email":"mairie.ambiegna@orange.fr","telephone":"04 95 52 29 50","latitude":42.0939,"longitude":8.71216,"website":"","url":"https://lannuaire.service-public.gouv.fr/corse/corse-du-sud/ee93145c-4cf2-41c8-9e67-8b2b1fa9b6af"}
{"nom":"Appietto","adresse":"164 Strada Lt Toussaint Gozzi , 20167 , Appietto , France","codePostal":"20167 ","region":"Corse","departement":"Corse-du-Sud","departementCode":"2","horaires":"Du Lundi au Vendredi : de 09h00 à 12h00 de 14h00 à 17h00","email":"mairie@appietto.corsica","telephone":"04 95 22 80 53","latitude":42.015053,"longitude":8.76713,"website":"https://appietto.corsica/","url":"https://lannuaire.service-public.gouv.fr/corse/corse-du-sud/4bedd782-53a4-4de0-bb3d-df07d9d1e237"}
{"nom":"Arbellara","adresse":"Village , 20110 , Arbellara, France","codePostal":"20110 ","region":"Corse","departement":"Corse-du-Sud","departementCode":"2","horaires":"Du Lundi au Mardi : de 09h00 à 12h00\nDu Jeudi au Vendredi : de 09h00 à 12h00","email":"mairie.darbellara@wanadoo.fr","telephone":"04 95 73 43 97","latitude":41.68205,"longitude":8.990948,"website":"","url":"https://lannuaire.service-public.gouv.fr/corse/corse-du-sud/030cb5ba-e749-48a6-aa49-db89fd0ef1a4"}
{"nom":"Arbori","adresse":"Le Village , 20160 , Arbori, France","codePostal":"20160 ","region":"Corse","departement":"Corse-du-Sud","departementCode":"2","horaires":"Le Lundi : de 09h00 à 12h30 de 13h30 à 17h00\nLe Vendredi : de 09h00 à 12h30 de 13h30 à 17h00","email":"mairie.arbori@orange.fr","telephone":"04 95 26 63 50","latitude":42.1428,"longitude":8.7975,"website":"","url":"https://lannuaire.service-public.gouv.fr/corse/corse-du-sud/e6a86b86-8f18-4018-81cb-6299dec05cef"}
{"nom":"Argiusta-Moriccio","adresse":"Le Bourg , 20140 , Argiusta-Moriccio, France","codePostal":"20140 ","region":"Corse","departement":"Corse-du-Sud","departementCode":"2","horaires":"Du Lundi au Vendredi : de 09h00 à 12h00","email":"mairie.argiusta@orange.fr","telephone":"04 95 24 32 36","latitude":41.81563,"longitude":9.025083,"website":"","url":"https://lannuaire.service-public.gouv.fr/corse/corse-du-sud/3e6bda8d-5ee5-4498-b1d8-c8c3037aa6ed"}
{"nom":"Arro","adresse":"Le Village , 20151 , Arro, France","codePostal":"20151 ","region":"Corse","departement":"Corse-du-Sud","departementCode":"2","horaires":"Le Jeudi : de 13h00 à 17h00","email":"mairie.arro@wanadoo.fr","telephone":"04 95 28 94 20","latitude":42.093227,"longitude":8.81469,"website":"","url":"https://lannuaire.service-public.gouv.fr/corse/corse-du-sud/b77e0a70-0665-4e12-8238-36806872d287"}
{"nom":"Aullène","adresse":"Cardelli , 20116 , Aullène, France","codePostal":"20116 ","region":"Corse","departement":"Corse-du-Sud","departementCode":"2","horaires":"Du Lundi au Vendredi : de 09h00 à 12h00 de 14h00 à 17h00\nLe Samedi : de 09h00 à 12h00","email":"mairie-aullene@wanadoo.fr","telephone":"04 95 78 60 93","latitude":41.77198,"longitude":9.079863,"website":"","url":"https://lannuaire.service-public.gouv.fr/corse/corse-du-sud/31566123-b72b-41f4-83d7-d510f7e734e3"}
{"nom":"Azilone-Ampaza","adresse":"Le Bourg , 20190 , Azilone-Ampaza, France","codePostal":"20190 ","region":"Corse","departement":"Corse-du-Sud","departementCode":"2","horaires":"Du Lundi au Vendredi : de 08h30 à 12h00","email":"mairie.azilone@orange.fr","telephone":"04 95 53 62 25","latitude":41.86444,"longitude":9.014499,"website":"https://www.mairie-azilone.com/","url":"https://lannuaire.service-public.gouv.fr/corse/corse-du-sud/51e37bb6-6cae-44bf-a70d-a6d9315e9b7b"}
{"nom":"Azzana","adresse":"Capanaccia , 20121 , Azzana, France","codePostal":"20121 ","region":"Corse","departement":"Corse-du-Sud","departementCode":"2","horaires":"Le Lundi : de 09h00 à 12h00\nLe Jeudi : de 09h00 à 12h00","email":"mairie.azzana@orange.fr","telephone":"04 95 28 91 42","latitude":42.117466,"longitude":8.924858,"website":"","url":"https://lannuaire.service-public.gouv.fr/corse/corse-du-sud/a363b0c1-9d2e-4905-a61e-40a76e8703c2"}
{"nom":"Balogna","adresse":"U Canale , 20160 , Balogna, France","codePostal":"20160 ","region":"Corse","departement":"Corse-du-Sud","departementCode":"2","horaires":"Du Lundi au Vendredi : de 09h00 à 12h30","email":"mairie.balogna@orange.fr","telephone":"04 95 26 68 27","latitude":42.179058,"longitude":8.780358,"website":"","url":"https://lannuaire.service-public.gouv.fr/corse/corse-du-sud/8aa80af7-0af2-4099-b232-993e9129e003"}
{"nom":"Bastelica","adresse":"Corso Sampiero , 20119 , Bastelica, France","codePostal":"20119 ","region":"Corse","departement":"Corse-du-Sud","departementCode":"2","horaires":"Du Lundi au Vendredi : de 08h30 à 12h30 de 13h30 à 16h30","email":"mairie.de.bastelica@wanadoo.fr","telephone":"04 95 28 70 61","latitude":42.00143,"longitude":9.051598,"website":"https://www.bastelica.fr/","url":"https://lannuaire.service-public.gouv.fr/corse/corse-du-sud/bb80698c-ad45-45f0-9e3e-f623dc83b19b"}
{"nom":"Bastelicaccia","adresse":"Pela-Curacchia , 20129 , Bastelicaccia, France","codePostal":"20129 ","region":"Corse","departement":"Corse-du-Sud","departementCode":"2","horaires":"Du Lundi au Vendredi : de 08h30 à 12h00 de 13h00 à 16h00","email":"mairie.bastelicaccia@wanadoo.fr","telephone":"04 95 20 03 38","latitude":41.926487,"longitude":8.829362,"website":"http://www.mairiedebastelicaccia.com/","url":"https://lannuaire.service-public.gouv.fr/corse/corse-du-sud/f255c264-3a92-4650-af1f-227510317432"}
{"nom":"Belvédère-Campomoro","adresse":"Hôtel de Ville , 20110 , Belvédère-Campomoro, France","codePostal":"20110 ","region":"Corse","departement":"Corse-du-Sud","departementCode":"2","horaires":"Le Mardi : de 09h00 à 12h00\nLe Vendredi : de 09h00 à 12h00","email":"mairiebelvederecampomoro@wanadoo.fr","telephone":"04 95 74 20 27","latitude":41.62909,"longitude":8.815997,"website":"","url":"https://lannuaire.service-public.gouv.fr/corse/corse-du-sud/222ce1f5-6a84-4ab7-949e-c2a535fab9fd"}
{"nom":"Bilia","adresse":"Village , 20100 , Bilia, France","codePostal":"20100 ","region":"Corse","departement":"Corse-du-Sud","departementCode":"2","horaires":"Le Vendredi : de 13h00 à 17h00","email":"mairiebilia@wanadoo.fr","telephone":"04 95 73 49 56","latitude":41.624554,"longitude":8.906533,"website":"","url":"https://lannuaire.service-public.gouv.fr/corse/corse-du-sud/bf5220de-8cf5-4888-9aa7-7a044866630e"}
{"nom":"Bocognano","adresse":"Corsacci , 20136 , Bocognano, France","codePostal":"20136 ","region":"Corse","departement":"Corse-du-Sud","departementCode":"2","horaires":"Du Lundi au Vendredi : de 08h00 à 15h00","email":"bocognano.mairie@orange.fr","telephone":"04 95 27 40 23","latitude":42.080753,"longitude":9.057818,"website":"http://www.bocognano-mairie.fr/","url":"https://lannuaire.service-public.gouv.fr/corse/corse-du-sud/ac02a8db-f93c-481a-8287-6dadab410ee1"}
{"nom":"Bonifacio","adresse":"12 place de l'Europe , 20169 , Bonifacio, France","codePostal":"20169 ","region":"Corse","departement":"Corse-du-Sud","departementCode":"2","horaires":"Du Lundi au Vendredi : de 08h30 à 12h00 de 14h00 à 17h00","email":"","telephone":"04 95 73 00 15","latitude":41.386948,"longitude":9.158389,"website":"http://www.bonifacio-mairie.fr/","url":"https://lannuaire.service-public.gouv.fr/corse/corse-du-sud/2dfb6c32-57f3-41e2-80c5-4ad74e32dd2f"}
{"nom":"Calcatoggio","adresse":"Place du Docteur-Versini , 20111 , Calcatoggio, France","codePostal":"20111 ","region":"Corse","departement":"Corse-du-Sud","departementCode":"2","horaires":"Du Lundi au Vendredi : de 09h00 à 16h00","email":"mairiedecalcatoggio@wanadoo.fr","telephone":"04 95 52 22 83","latitude":42.02844,"longitude":8.76638,"website":"https://www.calcatoggio.net/","url":"https://lannuaire.service-public.gouv.fr/corse/corse-du-sud/597dde2c-54a5-44ab-9d4e-a6f2b7d392b1"}
{"nom":"Campo","adresse":"Le Village , 20142 , Campo, France","codePostal":"20142 ","region":"Corse","departement":"Corse-du-Sud","departementCode":"2","horaires":"Du Lundi au Vendredi : de 08h00 à 12h00","email":"mairie.campo@wanadoo.fr","telephone":"09 77 91 25 59","latitude":41.89086,"longitude":9.003797,"website":"","url":"https://lannuaire.service-public.gouv.fr/corse/corse-du-sud/048ccee2-df7f-487b-b440-2267e90e63c4"}
{"nom":"Cannelle","adresse":"Village , 20151 , Cannelle, France","codePostal":"20151 ","region":"Corse","departement":"Corse-du-Sud","departementCode":"2","horaires":"Le Mercredi : de 14h00 à 17h00","email":"mairiecannelle@orange.fr","telephone":"04 95 27 21 13","latitude":42.048626,"longitude":8.821514,"website":"","url":"https://lannuaire.service-public.gouv.fr/corse/corse-du-sud/c52c1056-e306-43c0-afa0-6ca60344a184"}
{"nom":"Carbini","adresse":"19 Strada di u Primu Bataillon-de-Choc , 20170 , Carbini, France","codePostal":"20170 ","region":"Corse","departement":"Corse-du-Sud","departementCode":"2","horaires":"Du Lundi au Vendredi : de 09h00 à 12h00 de 14h00 à 16h00","email":"contact.mairie.carbini@orange.fr","telephone":"04 95 78 43 65","latitude":41.67919,"longitude":9.146942,"website":"https://www.carbini.fr/","url":"https://lannuaire.service-public.gouv.fr/corse/corse-du-sud/3ddd0780-35ef-443e-af51-b1f88f1bbc98"}
{"nom":"Carbuccia","adresse":"Costa , 20133 , Carbuccia , France","codePostal":"20133 ","region":"Corse","departement":"Corse-du-Sud","departementCode":"2","horaires":"Du Lundi au Vendredi : de 08h30 à 12h30","email":"mairiecarbuccia@gmail.com","telephone":"04 95 52 81 25","latitude":42.04053,"longitude":8.955666,"website":"https://www.carbuccia.corsica/","url":"https://lannuaire.service-public.gouv.fr/corse/corse-du-sud/5880226e-22b8-45e4-bcff-5737cf3d0480"}
{"nom":"Cardo-Torgia","adresse":"Le Village , 20190 , Cardo-Torgia, France","codePostal":"20190 ","region":"Corse","departement":"Corse-du-Sud","departementCode":"2","horaires":"Le Mardi : de 15h00 à 17h00","email":"cardo-torgia@orange.fr","telephone":"04 95 53 61 11","latitude":41.868435,"longitude":8.978851,"website":"","url":"https://lannuaire.service-public.gouv.fr/corse/corse-du-sud/93b87c7e-01ca-4931-ad13-488339abf1c9"}
{"nom":"Cargèse","adresse":"Rue Marbeuf , 20130 , Cargèse, France","codePostal":"20130 ","region":"Corse","departement":"Corse-du-Sud","departementCode":"2","horaires":"Du Lundi au Vendredi : de 09h00 à 12h00","email":"mairie@cargese.corsica","telephone":"04 95 26 41 01","latitude":42.134766,"longitude":8.595274,"website":"http://www.cargese.corsica/","url":"https://lannuaire.service-public.gouv.fr/corse/corse-du-sud/33ee7706-b9cf-455a-b9df-e6214147630a"}
{"nom":"Cargiaca","adresse":"Casa Communa , 20164 , Cargiaca, France","codePostal":"20164 ","region":"Corse","departement":"Corse-du-Sud","departementCode":"2","horaires":"Du Lundi au Mardi : de 14h00 à 16h00\nLe Jeudi : de 14h00 à 16h00","email":"commune-de-cargiaca@orange.fr","telephone":"04 95 78 84 02","latitude":41.73097,"longitude":9.047448,"website":"","url":"https://lannuaire.service-public.gouv.fr/corse/corse-du-sud/05ce6f1c-c5ef-4113-8389-4c198a81cc6a"}
{"nom":"Casaglione","adresse":"Piazza di a Casa Cumuna , 20111 , Casaglione , France","codePostal":"20111 ","region":"Corse","departement":"Corse-du-Sud","departementCode":"2","horaires":"Du Lundi au Jeudi : de 09h00 à 12h00","email":"casaglione@orange.fr","telephone":"04 95 52 22 80","latitude":42.06901,"longitude":8.787506,"website":"https://casaglione-tiuccia.corsica/","url":"https://lannuaire.service-public.gouv.fr/corse/corse-du-sud/7d323d75-d777-4198-9d0c-b2c9e1af7e6c"}
{"nom":"Casalabriva","adresse":"Route départementale 657 , 20140 , Casalabriva, France","codePostal":"20140 ","region":"Corse","departement":"Corse-du-Sud","departementCode":"2","horaires":"Du Lundi au Vendredi : de 08h30 à 15h30\nLe Mercredi : de 08h30 à 12h00","email":"contact@mairie-casalabriva.com","telephone":"04 95 74 60 41","latitude":41.75268,"longitude":8.938166,"website":"","url":"https://lannuaire.service-public.gouv.fr/corse/corse-du-sud/4546200e-0ce4-4277-b242-9c418d6f1aa4"}
{"nom":"Cauro","adresse":"La Teghia , 20117 , Cauro, France","codePostal":"20117 ","region":"Corse","departement":"Corse-du-Sud","departementCode":"2","horaires":"Du Lundi au Vendredi : de 08h30 à 12h00 de 14h00 à 16h30","email":"mairie-cauro@wanadoo.fr","telephone":"04 95 28 40 89","latitude":41.91818,"longitude":8.916,"website":"https://www.mairie-cauro.fr/","url":"https://lannuaire.service-public.gouv.fr/corse/corse-du-sud/35cd685e-278a-4db6-9a16-fde25e540194"}
{"nom":"Ciamannacce","adresse":"Maison commune , 20134 , Ciamannacce, France","codePostal":"20134 ","region":"Corse","departement":"Corse-du-Sud","departementCode":"2","horaires":"Le Mardi : de 09h00 à 17h00\nLe Jeudi : de 09h00 à 17h00","email":"mairie-ciamannacce@wanadoo.fr","telephone":"04 95 24 51 12","latitude":41.95179,"longitude":9.147635,"website":"http://www.ciamannacce.com/","url":"https://lannuaire.service-public.gouv.fr/corse/corse-du-sud/09392d68-fea1-406b-b497-03cd73abe7c6"}
{"nom":"Coggia","adresse":"Lieu-dit Crucciate , 20160 , Coggia , France","codePostal":"20160 ","region":"Corse","departement":"Corse-du-Sud","departementCode":"2","horaires":"Du Lundi au Vendredi : de 09h00 à 12h00 de 14h00 à 16h00","email":"secretariat@mairie-coggia.corsica","telephone":"04 95 52 22 45","latitude":42.11214,"longitude":8.753637,"website":"https://www.mairie-coggia.corsica/","url":"https://lannuaire.service-public.gouv.fr/corse/corse-du-sud/dceff702-154c-4871-8bca-33e88c03f60d"}
{"nom":"Cognocoli-Monticchi","adresse":"Village , 20123 , Cognocoli-Monticchi, France","codePostal":"20123 ","region":"Corse","departement":"Corse-du-Sud","departementCode":"2","horaires":"Du Lundi au Vendredi : de 08h00 à 12h00","email":"mairie.cognocoli@wanadoo.fr","telephone":"04 95 24 22 95","latitude":41.8286,"longitude":8.90508,"website":"","url":"https://lannuaire.service-public.gouv.fr/corse/corse-du-sud/d79c73a9-1ba9-4267-ae92-12456d5c28a2"}
{"nom":"Conca","adresse":"Piazza d'a-Mirria , 20135 , Conca , France","codePostal":"20135 ","region":"Corse","departement":"Corse-du-Sud","departementCode":"2","horaires":"Du Lundi au Jeudi : de 08h30 à 12h00 de 13h30 à 17h00\nLe Vendredi : de 08h30 à 12h00 de 13h30 à 16h30","email":"mairie.conca@conca.fr","telephone":"04 95 71 41 68","latitude":41.734932,"longitude":9.334976,"website":"https://conca.fr/","url":"https://lannuaire.service-public.gouv.fr/corse/corse-du-sud/0e2b7926-3e67-4e7a-9b74-8552284048fb"}
{"nom":"Corrano","adresse":"Mairie , 20168 , Corrano, France","codePostal":"20168 ","region":"Corse","departement":"Corse-du-Sud","departementCode":"2","horaires":"Du Lundi au Vendredi : de 08h00 à 12h30","email":"mairie.corrano@wanadoo.fr","telephone":"04 95 24 23 22","latitude":41.891327,"longitude":9.06322,"website":"","url":"https://lannuaire.service-public.gouv.fr/corse/corse-du-sud/404ac610-c55d-4d9f-a035-c4b4c06db16c"}
{"nom":"Coti-Chiavari","adresse":"Bâtiment communal , 20138 , Coti-Chiavari, France","codePostal":"20138 ","region":"Corse","departement":"Corse-du-Sud","departementCode":"2","horaires":"Du Lundi au Vendredi : de 08h00 à 12h00 de 14h00 à 17h00","email":"mairie.cotichiavari@orange.fr","telephone":"04 95 27 10 80","latitude":41.772766,"longitude":8.771593,"website":"http://www.coti-chiavari.corsica/","url":"https://lannuaire.service-public.gouv.fr/corse/corse-du-sud/cff4d7df-41c1-4768-b484-67a0868c5cd1"}
{"nom":"Cozzano","adresse":"1 strada fransescu renuccu , 20148 , Cozzano, France","codePostal":"20148 ","region":"Corse","departement":"Corse-du-Sud","departementCode":"2","horaires":"Du Lundi au Mardi : de 08h30 à 12h00 de 13h00 à 16h30\nDu Jeudi au Vendredi : de 08h30 à 12h00 de 13h00 à 16h30","email":"contact@cozzano.corsica","telephone":"04 95 24 40 38","latitude":41.934505,"longitude":9.155064,"website":"https://www.cozzano.corsica/","url":"https://lannuaire.service-public.gouv.fr/corse/corse-du-sud/384d99fc-b549-41c5-9587-32b31f00f454"}
{"nom":"Cristinacce","adresse":"Croce , 20126 , Cristinacce, France","codePostal":"20126 ","region":"Corse","departement":"Corse-du-Sud","departementCode":"2","horaires":"Le Lundi : de 09h00 à 12h00 de 14h00 à 17h00\nLe Jeudi : de 14h00 à 17h00\nLe Vendredi : de 09h00 à 12h00 de 14h00 à 17h00","email":"mairie.cristinacce@orange.fr","telephone":"04 95 26 20 42","latitude":42.24352,"longitude":8.830989,"website":"","url":"https://lannuaire.service-public.gouv.fr/corse/corse-du-sud/e826958d-feaa-4d9e-9a6c-0afbcb56d103"}
{"nom":"Cuttoli-Corticchiato","adresse":"Casarimaccio , 20167 , Cuttoli-Corticchiato, France","codePostal":"20167 ","region":"Corse","departement":"Corse-du-Sud","departementCode":"2","horaires":"Du Lundi au Vendredi : de 09h00 à 12h00 de 13h30 à 16h30","email":"communecuttoli@wanadoo.fr","telephone":"04 95 25 61 36","latitude":41.988285,"longitude":8.907829,"website":"http://www.cuttoli.fr/","url":"https://lannuaire.service-public.gouv.fr/corse/corse-du-sud/ccb62bee-fe57-4df3-b622-3bf8f209f8af"}
{"nom":"Eccica-Suarella","adresse":"Place de la Mairie , 20117 , Eccica-Suarella, France","codePostal":"20117 ","region":"Corse","departement":"Corse-du-Sud","departementCode":"2","horaires":"Du Lundi au Jeudi : de 08h00 à 12h00 de 13h00 à 17h00\nLe Vendredi : de 08h00 à 12h00 de 13h00 à 16h00","email":"mairie.eccicasuarella@wanadoo.fr","telephone":"04 95 28 40 11","latitude":41.924282,"longitude":8.824173,"website":"","url":"https://lannuaire.service-public.gouv.fr/corse/corse-du-sud/feb583eb-b323-4a60-b88d-1d1a74ad1e40"}
{"nom":"Évisa","adresse":"Capo Soprano , 20126 , Évisa, France","codePostal":"20126 ","region":"Corse","departement":"Corse-du-Sud","departementCode":"2","horaires":"Du Lundi au Vendredi : de 09h00 à 12h00","email":"mairie-evisa@orange.fr","telephone":"04 95 26 20 09","latitude":42.253475,"longitude":8.801899,"website":"","url":"https://lannuaire.service-public.gouv.fr/corse/corse-du-sud/d75a6441-f9c3-4664-ba6f-2923a68d31a0"}
{"nom":"Figari","adresse":"Piazza de l'Ottu di Dicembri , 20114 , Figari, France","codePostal":"20114 ","region":"Corse","departement":"Corse-du-Sud","departementCode":"2","horaires":"Du Lundi au Vendredi : de 09h00 à 12h30 de 13h30 à 16h00","email":"accueil@mairiedefigari.corsica","telephone":"04 95 71 00 23","latitude":41.488235,"longitude":9.129723,"website":"http://www.figari.fr/","url":"https://lannuaire.service-public.gouv.fr/corse/corse-du-sud/b377ae0e-2918-4873-82bc-f9e32c1db38c"}
{"nom":"Foce","adresse":"Bilzese , 20100 , Foce, France","codePostal":"20100 ","region":"Corse","departement":"Corse-du-Sud","departementCode":"2","horaires":"Du Lundi au Jeudi : de 08h00 à 12h00","email":"communedefoce@orange.fr","telephone":"04 95 77 04 90","latitude":41.623276,"longitude":9.012535,"website":"","url":"https://lannuaire.service-public.gouv.fr/corse/corse-du-sud/b1a40c65-e8c0-4848-b92d-ba8e518e1d72"}
{"nom":"Forciolo","adresse":"Valdo , 20190 , Forciolo, France","codePostal":"20190 ","region":"Corse","departement":"Corse-du-Sud","departementCode":"2","horaires":"Le Lundi : de 14h00 à 17h00\nLe Mercredi : de 14h00 à 17h00\nLe Vendredi : de 14h00 à 17h00","email":"communedeforciolo@orange.fr","telephone":"04 95 53 61 15","latitude":41.85366,"longitude":9.01019,"website":"","url":"https://lannuaire.service-public.gouv.fr/corse/corse-du-sud/7b0d43c3-2951-410f-bba1-716952ea3b65"}
{"nom":"Fozzano","adresse":"Le Village , 20143 , Fozzano, France","codePostal":"20143 ","region":"Corse","departement":"Corse-du-Sud","departementCode":"2","horaires":"Le Lundi : de 13h30 à 16h30\nLe Mardi : de 13h30 à 16h30\nLe Jeudi : de 13h30 à 16h30\nLe Vendredi : de 13h30 à 16h30","email":"mairie.de.fozzano@orange.fr","telephone":"04 95 73 43 15","latitude":41.69702,"longitude":9.001286,"website":"","url":"https://lannuaire.service-public.gouv.fr/corse/corse-du-sud/84e54ea5-27d5-4eef-be2f-debf5e48f711"}
{"nom":"Frasseto","adresse":"Cudeta , 20157 , Frasseto, France","codePostal":"20157 ","region":"Corse","departement":"Corse-du-Sud","departementCode":"2","horaires":"Du Lundi au Jeudi : de 13h30 à 16h30","email":"mairie-de-frasseto@wanadoo.fr","telephone":"09 63 22 05 17","latitude":41.89618,"longitude":9.021887,"website":"","url":"https://lannuaire.service-public.gouv.fr/corse/corse-du-sud/db3a7740-488c-4b21-b6e6-547a4c74b700"}
{"nom":"Giuncheto","adresse":"Place de l'École , 20100 , Giuncheto, France","codePostal":"20100 ","region":"Corse","departement":"Corse-du-Sud","departementCode":"2","horaires":"Du Lundi au Vendredi : de 08h30 à 12h30","email":"mairiegiuncheto@orange.fr","telephone":"04 95 73 45 88","latitude":41.86861,"longitude":8.964279,"website":"","url":"https://lannuaire.service-public.gouv.fr/corse/corse-du-sud/c44a1a8d-2ddb-4847-8fc3-7804ce612d9e"}
{"nom":"Granace","adresse":"Village , 20100 , Granace, France","codePostal":"20100 ","region":"Corse","departement":"Corse-du-Sud","departementCode":"2","horaires":"Le Lundi : de 14h00 à 18h00","email":"mairie.granace@orange.fr","telephone":"04 95 77 12 11","latitude":41.645863,"longitude":9.007683,"website":"https://www.granace.fr/","url":"https://lannuaire.service-public.gouv.fr/corse/corse-du-sud/d2ef7a7c-2c64-4392-90bc-3c0d029f43d7"}
{"nom":"Grossa","adresse":"5 U-linaru , 20100 , Grossa, France","codePostal":"20100 ","region":"Corse","departement":"Corse-du-Sud","departementCode":"2","horaires":"Du Lundi au Vendredi : de 09h00 à 12h00","email":"mairie.grossa@orange.fr","telephone":"04 95 73 48 96","latitude":41.609196,"longitude":8.877487,"website":"https://sites.google.com/view/mairiedegrossa/","url":"https://lannuaire.service-public.gouv.fr/corse/corse-du-sud/b412b2fd-1973-4a4d-b0b6-28e086cb061a"}
{"nom":"Grosseto-Prugna","adresse":"Groupe scolaire , 20128 , Grosseto-Prugna, France","codePostal":"20128 ","region":"Corse","departement":"Corse-du-Sud","departementCode":"2","horaires":"Du Lundi au Jeudi : de 08h30 à 12h00 de 13h30 à 16h30\nLe Vendredi : de 08h30 à 12h00 de 13h30 à 16h00","email":"mairievillage@mairie-gpp.corsica","telephone":"04 95 25 71 16","latitude":41.86861,"longitude":8.964279,"website":"https://mairie-grosseto-prugna-porticcio.corsica/","url":"https://lannuaire.service-public.gouv.fr/corse/corse-du-sud/8c5aa4ec-830f-4568-98ac-2a59d9f83c08"}
{"nom":"Guagno","adresse":"Village , 20160 , Guagno, France","codePostal":"20160 ","region":"Corse","departement":"Corse-du-Sud","departementCode":"2","horaires":"Le Lundi : de 09h00 à 15h00\nLe Jeudi : de 09h00 à 15h00","email":"commune-de-guagno@orange.fr","telephone":"04 95 28 31 24","latitude":42.16802,"longitude":8.952751,"website":"","url":"https://lannuaire.service-public.gouv.fr/corse/corse-du-sud/1de78d13-67c9-406a-8705-655b4d78e6bb"}
{"nom":"Guarguale","adresse":"Cours Félix-Antoine Casanova , 20128 , Guarguale, France","codePostal":"20128 ","region":"Corse","departement":"Corse-du-Sud","departementCode":"2","horaires":"Du Lundi au Mardi : de 09h00 à 12h00\nLe Jeudi : de 09h00 à 12h00\nLe Vendredi : de 09h00 à 11h00","email":"communedeguarguale@hotmail.fr","telephone":"04 95 24 20 57","latitude":41.83874,"longitude":8.92754,"website":"","url":"https://lannuaire.service-public.gouv.fr/corse/corse-du-sud/9fb78c46-f4ef-42db-925c-7167eaa1ee9e"}
{"nom":"Guitera-les-Bains","adresse":"Le Village , 20153 , Guitera-les-Bains, France","codePostal":"20153 ","region":"Corse","departement":"Corse-du-Sud","departementCode":"2","horaires":"Du Lundi au Vendredi : de 09h00 à 12h00","email":"mairie.guitera-les-bains@orange.fr","telephone":"04 95 24 45 21","latitude":41.913948,"longitude":9.086305,"website":"","url":"https://lannuaire.service-public.gouv.fr/corse/corse-du-sud/d22b2833-4d30-4502-85ff-a36027f61414"}
{"nom":"Lecci","adresse":"Stradonu di-a-Merria , 20137 , Lecci, France","codePostal":"20137 ","region":"Corse","departement":"Corse-du-Sud","departementCode":"2","horaires":"Du Lundi au Vendredi : de 09h00 à 12h00 de 14h00 à 17h00","email":"mairie.lecci@wanadoo.fr","telephone":"04 95 71 43 43","latitude":41.67969,"longitude":9.317593,"website":"https://www.lecci.fr/","url":"https://lannuaire.service-public.gouv.fr/corse/corse-du-sud/2f486112-a5f0-4e03-bce5-07ca85ac0764"}
{"nom":"Letia","adresse":"Poghju-a-Botte , 20160 , Letia, France","codePostal":"20160 ","region":"Corse","departement":"Corse-du-Sud","departementCode":"2","horaires":"Du Lundi au Vendredi : de 09h00 à 12h00","email":"commune-de-letia@wanadoo.fr","telephone":"04 95 26 63 24","latitude":42.189964,"longitude":8.850285,"website":"","url":"https://lannuaire.service-public.gouv.fr/corse/corse-du-sud/ae9e8c03-f42a-4717-8fa4-e46d7940a5ab"}
{"nom":"Levie","adresse":"Rue Sorba , 20170 , Levie , France","codePostal":"20170 ","region":"Corse","departement":"Corse-du-Sud","departementCode":"2","horaires":"Du Lundi au Jeudi : de 08h00 à 12h00 de 14h00 à 17h00\nLe Vendredi : de 08h00 à 12h00 de 14h00 à 16h00","email":"mairie@levie.fr","telephone":"04 95 78 00 00","latitude":41.70281,"longitude":9.122093,"website":"https://www.levie.fr/","url":"https://lannuaire.service-public.gouv.fr/corse/corse-du-sud/2e4dfb0d-ca8b-4c70-bf15-abe97fb1a112"}
{"nom":"Lopigna","adresse":"Le Village , 20139 , Lopigna, France","codePostal":"20139 ","region":"Corse","departement":"Corse-du-Sud","departementCode":"2","horaires":"Du Lundi au Vendredi : de 09h00 à 12h00 de 14h00 à 17h00","email":"mairie.lopigna@orange.fr","telephone":"04 95 28 94 33","latitude":42.096306,"longitude":8.852817,"website":"","url":"https://lannuaire.service-public.gouv.fr/corse/corse-du-sud/07a37f83-8c24-424b-a031-1df92ee021e4"}
{"nom":"Loreto-di-Tallano","adresse":"Village , 20165 , Loreto-di-Tallano, France","codePostal":"20165 ","region":"Corse","departement":"Corse-du-Sud","departementCode":"2","horaires":"","email":"commune.loretoditallano@orange.fr","telephone":"04 95 78 84 09","latitude":41.719215,"longitude":9.037042,"website":"","url":"https://lannuaire.service-public.gouv.fr/corse/corse-du-sud/18c3803c-2364-41ab-8340-8a272b9878fb"}
{"nom":"Marignana","adresse":"Le Village , 20141 , Marignana, France","codePostal":"20141 ","region":"Corse","departement":"Corse-du-Sud","departementCode":"2","horaires":"Du Lundi au Mardi : de 08h00 à 12h00 de 13h30 à 16h30\nDu Jeudi au Vendredi : de 08h00 à 12h00 de 13h30 à 16h30","email":"mairie.marignana894@orange.fr","telephone":"04 95 26 21 03","latitude":42.232452,"longitude":8.800548,"website":"","url":"https://lannuaire.service-public.gouv.fr/corse/corse-du-sud/a3048ee6-a6be-4304-b0b5-a8cafcbaf269"}
{"nom":"Mela-de-Tallano","adresse":"Campana , 20112 , Mela, France","codePostal":"20112 ","region":"Corse","departement":"Corse-du-Sud","departementCode":"2","horaires":"Le Lundi : de 13h00 à 17h00\nLe Mardi : de 08h00 à 12h00\nLe Jeudi : de 13h00 à 17h00\nLe Vendredi : de 08h00 à 12h00","email":"mairie.mela@wanadoo.fr","telephone":"04 95 78 80 28","latitude":41.696236,"longitude":9.094392,"website":"","url":"https://lannuaire.service-public.gouv.fr/corse/corse-du-sud/dd6b5b07-047c-4676-941f-171b917af857"}
{"nom":"Moca-Croce","adresse":"Pozzo , 20140 , Moca-Croce, France","codePostal":"20140 ","region":"Corse","departement":"Corse-du-Sud","departementCode":"2","horaires":"Du Lundi au Vendredi : de 13h30 à 16h30","email":"secretariat@mairie-mocacroce.fr","telephone":"04 95 24 32 21","latitude":41.808704,"longitude":9.011963,"website":"","url":"https://lannuaire.service-public.gouv.fr/corse/corse-du-sud/146be1bc-b888-413d-950b-07e4bda57ea6"}
{"nom":"Monacia-d'Aullène","adresse":"Quartier Frisella , 20171 , Monacia-d'Aullène, France","codePostal":"20171 ","region":"Corse","departement":"Corse-du-Sud","departementCode":"2","horaires":"Du Lundi au Vendredi : de 09h00 à 12h00","email":"mairie.monacia-aullene@orange.fr","telephone":"04 95 71 81 09","latitude":41.512146,"longitude":9.011181,"website":"","url":"https://lannuaire.service-public.gouv.fr/corse/corse-du-sud/8c61cc09-b00e-43af-b023-41198e02940b"}
{"nom":"Murzo","adresse":"Casa Chiesale , 20160 , Murzo, France","codePostal":"20160 ","region":"Corse","departement":"Corse-du-Sud","departementCode":"2","horaires":"Le Mardi : de 09h00 à 12h30 de 13h30 à 17h00","email":"mairie.murzo@orange.fr","telephone":"04 95 26 68 60","latitude":42.16792,"longitude":8.826969,"website":"","url":"https://lannuaire.service-public.gouv.fr/corse/corse-du-sud/200ecb16-b772-4859-bc47-1f8cf040d053"}
{"nom":"Ocana","adresse":"Vazzina , 20117 , Ocana, France","codePostal":"20117 ","region":"Corse","departement":"Corse-du-Sud","departementCode":"2","horaires":"Du Lundi au Vendredi : de 09h00 à 12h30","email":"ocana3@wanadoo.fr","telephone":"04 95 27 02 90","latitude":41.95832,"longitude":8.934158,"website":"","url":"https://lannuaire.service-public.gouv.fr/corse/corse-du-sud/25a9dfee-7902-4c47-bf07-1bbbb54edfb4"}
{"nom":"Olivese","adresse":"Le Village , 20140 , Olivese, France","codePostal":"20140 ","region":"Corse","departement":"Corse-du-Sud","departementCode":"2","horaires":"Du Lundi au Vendredi : de 09h00 à 12h00 de 13h30 à 16h30\nLe Samedi : de 09h00 à 12h00","email":"mairie-olivese@orange.fr","telephone":"04 95 27 90 42","latitude":41.84563,"longitude":9.055219,"website":"http://www.olivese.net/","url":"https://lannuaire.service-public.gouv.fr/corse/corse-du-sud/eb62b4b3-1bd6-4793-ba05-3f31802fd5ee"}
{"nom":"Olmeto","adresse":"5 cours Balisoni , 20113 , Olmeto, France","codePostal":"20113 ","region":"Corse","departement":"Corse-du-Sud","departementCode":"2","horaires":"Du Lundi au Vendredi : de 09h00 à 12h00 de 14h00 à 17h00","email":"commune.olmeto@gmail.com","telephone":"04 95 74 60 73","latitude":41.717464,"longitude":8.918185,"website":"http://www.olmeto.net/","url":"https://lannuaire.service-public.gouv.fr/corse/corse-du-sud/ddfc304b-9558-4e14-b13e-e70efb51c372"}
{"nom":"Olmiccia","adresse":"Lieu-dit Fenaggio , 20112 , Olmiccia, France","codePostal":"20112 ","region":"Corse","departement":"Corse-du-Sud","departementCode":"2","horaires":"Le Lundi : de 09h00 à 12h30 de 13h30 à 16h00\nDu Mardi au Jeudi : de 09h00 à 12h30 de 13h30 à 16h30\nLe Mercredi : de 09h00 à 12h00\nLe Vendredi : de 09h00 à 12h30 de 13h30 à 15h00","email":"mairie.olmiccia@wanadoo.fr","telephone":"04 95 78 83 26","latitude":41.690754,"longitude":9.058847,"website":"","url":"https://lannuaire.service-public.gouv.fr/corse/corse-du-sud/840b8f95-cde8-4dea-ad5b-b393a968bbe6"}
{"nom":"Orto","adresse":"Le Village , 20125 , Orto, France","codePostal":"20125 ","region":"Corse","departement":"Corse-du-Sud","departementCode":"2","horaires":"Le Mardi : de 09h30 à 15h30\nLe Vendredi : de 09h30 à 15h30","email":"mairie.orto@orange.fr","telephone":"04 95 28 32 86","latitude":42.187508,"longitude":8.93172,"website":"","url":"https://lannuaire.service-public.gouv.fr/corse/corse-du-sud/fd1b6be4-f3ce-40ba-981c-80964aa8282d"}
{"nom":"Osani","adresse":"Le Village , 20147 , Osani, France","codePostal":"20147 ","region":"Corse","departement":"Corse-du-Sud","departementCode":"2","horaires":"Du Lundi au Mardi : de 09h00 à 12h00","email":"mairie.osani@gmail.com","telephone":"04 95 27 30 74","latitude":42.0783,"longitude":8.724347,"website":"https://mairie-osani.mairie.pagespro-orange.fr/","url":"https://lannuaire.service-public.gouv.fr/corse/corse-du-sud/ac717161-89a0-480c-9e8f-a8beb186fbea"}
{"nom":"Ota","adresse":"9 Pargolello , 20150 , Ota , France","codePostal":"20150 ","region":"Corse","departement":"Corse-du-Sud","departementCode":"2","horaires":"Du Lundi au Jeudi : de 09h00 à 15h30\nLe Vendredi : de 09h00 à 12h00","email":"mairie@mairieota.fr","telephone":"04 95 26 10 05","latitude":42.25242,"longitude":8.68183,"website":"https://www.ota-porto.fr/","url":"https://lannuaire.service-public.gouv.fr/corse/corse-du-sud/16238647-b5e4-4364-8088-d411a4c97859"}
{"nom":"Palneca","adresse":"Le Village , 20134 , Palneca, France","codePostal":"20134 ","region":"Corse","departement":"Corse-du-Sud","departementCode":"2","horaires":"Du Lundi au Vendredi : de 08h00 à 12h00 de 13h30 à 16h30\nLe Mercredi : de 08h00 à 12h00","email":"commune.palneca@orange.fr","telephone":"04 95 24 51 21","latitude":41.96978,"longitude":9.172356,"website":"https://www.maire-palneca.fr/","url":"https://lannuaire.service-public.gouv.fr/corse/corse-du-sud/5e386b87-1a57-4e8b-a97b-f1e439507150"}
{"nom":"Partinello","adresse":"Le Village , 20147 , Partinello, France","codePostal":"20147 ","region":"Corse","departement":"Corse-du-Sud","departementCode":"2","horaires":"Du Lundi au Vendredi : de 08h00 à 15h00","email":"mairie.partinello@wanadoo.fr","telephone":"04 95 27 30 23","latitude":42.31205,"longitude":8.681269,"website":"http://www.partinello.fr/","url":"https://lannuaire.service-public.gouv.fr/corse/corse-du-sud/6e74008f-90d2-4195-8205-eaf82c52b76d"}
{"nom":"Pastricciola","adresse":"Village , 20121 , Pastricciola, France","codePostal":"20121 ","region":"Corse","departement":"Corse-du-Sud","departementCode":"2","horaires":"Le Lundi : de 09h30 à 12h30 de 13h00 à 15h00\nLe Jeudi : de 09h30 à 12h00 de 13h00 à 15h00","email":"mairiedepastricciola@orange.fr","telephone":"04 95 28 91 85","latitude":42.14036,"longitude":8.9841,"website":"","url":"https://lannuaire.service-public.gouv.fr/corse/corse-du-sud/f25ce168-e729-4555-a387-11acb6c56fa8"}
{"nom":"Peri","adresse":"RT 20 Facciata-Rossa , 20167 , Peri , France","codePostal":"20167 ","region":"Corse","departement":"Corse-du-Sud","departementCode":"2","horaires":"Du Lundi au Vendredi : de 08h30 à 16h00","email":"commune-de-peri@orange.fr","telephone":"04 95 25 63 53","latitude":42.00403,"longitude":8.920958,"website":"","url":"https://lannuaire.service-public.gouv.fr/corse/corse-du-sud/e69efd6f-277c-4371-83e5-3b1d268d83f9"}
{"nom":"Petreto-Bicchisano","adresse":"Quartier Mairie , 20140 , Petreto-Bicchisano, France","codePostal":"20140 ","region":"Corse","departement":"Corse-du-Sud","departementCode":"2","horaires":"Du Lundi au Vendredi : de 08h30 à 12h00 de 14h00 à 17h00","email":"petreto-bicchisano@wanadoo.fr","telephone":"04 95 24 30 14","latitude":41.7853,"longitude":8.980413,"website":"","url":"https://lannuaire.service-public.gouv.fr/corse/corse-du-sud/67d0c20f-3181-408e-b9bc-1616d76882a4"}
{"nom":"Piana","adresse":"Place de la Mairie , 20115 , Piana, France","codePostal":"20115 ","region":"Corse","departement":"Corse-du-Sud","departementCode":"2","horaires":"Du Lundi au Vendredi : de 09h00 à 12h00 de 14h00 à 17h00","email":"mairie.piana@orange.fr","telephone":"04 95 27 80 28","latitude":42.238033,"longitude":8.636382,"website":"http://www.piana.fr/","url":"https://lannuaire.service-public.gouv.fr/corse/corse-du-sud/063a55db-81c0-4587-bebc-6575c100bf1c"}
{"nom":"Pianottoli-Caldarello","adresse":"viagenti , 20131 , Pianottoli-Caldarello , France","codePostal":"20131 ","region":"Corse","departement":"Corse-du-Sud","departementCode":"2","horaires":"Du Lundi au Vendredi : de 08h00 à 12h00 de 14h00 à 17h00","email":"mairie@pianottoli-caldarello.fr","telephone":"04 95 71 80 06","latitude":41.494415,"longitude":9.056255,"website":"https://www.pianottoli-caldarello.fr/","url":"https://lannuaire.service-public.gouv.fr/corse/corse-du-sud/e3d2060e-e644-4177-a9a8-fd357702fa96"}
{"nom":"Pietrosella","adresse":"Annexe Sorbella , 20166 , Pietrosella, France","codePostal":"20166 ","region":"Corse","departement":"Corse-du-Sud","departementCode":"2","horaires":"Le Lundi : de 08h30 à 12h00 de 13h30 à 16h30","email":"mairie.pietrosella@wanadoo.fr","telephone":"04 95 53 50 50","latitude":41.836697,"longitude":8.845757,"website":"http://www.pietrosella.fr/","url":"https://lannuaire.service-public.gouv.fr/corse/corse-du-sud/9a6a300b-e019-48be-98a8-e58fe841f195"}
{"nom":"Pila-Canale","adresse":"Avenue Jérôme-Guarnieri , 20123 , Pila-Canale, France","codePostal":"20123 ","region":"Corse","departement":"Corse-du-Sud","departementCode":"2","horaires":"Du Lundi au Vendredi : de 09h00 à 12h00 de 14h00 à 16h30","email":"mairie.pilacanale@gmail.com","telephone":"04 95 24 22 24","latitude":41.812737,"longitude":8.911024,"website":"","url":"https://lannuaire.service-public.gouv.fr/corse/corse-du-sud/9c6f2ff5-6a3c-490c-8e51-d6f412a93b0a"}
{"nom":"Poggiolo","adresse":"Le Village , 20125 , Poggiolo, France","codePostal":"20125 ","region":"Corse","departement":"Corse-du-Sud","departementCode":"2","horaires":"Le Mercredi : de 16h00 à 18h00","email":"commune-de-poggiolo@orange.fr","telephone":"04 95 28 39 90","latitude":42.17253,"longitude":8.910825,"website":"","url":"https://lannuaire.service-public.gouv.fr/corse/corse-du-sud/d39e226a-c4e6-4bd1-823c-e0e3426527fd"}
{"nom":"Porto-Vecchio","adresse":"Rue Fred-Scamaroni , 20530 , Porto-Vecchio, France","codePostal":"20530 ","region":"Corse","departement":"Corse-du-Sud","departementCode":"2","horaires":"Du Lundi au Vendredi : de 08h15 à 12h00 de 14h00 à 17h45","email":"contact@porto-vecchio.fr","telephone":"04 95 70 95 30","latitude":41.5917,"longitude":9.278199,"website":"https://www.portivechju.corsica/","url":"https://lannuaire.service-public.gouv.fr/corse/corse-du-sud/975231e7-302a-4f0e-bd60-2ac49ced0237"}
{"nom":"Propriano","adresse":"6 avenue Napoléon-III , 20110 , Propriano, France","codePostal":"20110 ","region":"Corse","departement":"Corse-du-Sud","departementCode":"2","horaires":"Du Lundi au Vendredi : de 08h30 à 12h00 de 13h30 à 17h00","email":"admgenerale@mairiepropriano.fr","telephone":"04 95 76 00 44","latitude":41.675106,"longitude":8.904369,"website":"http://www.mairie-propriano.com/","url":"https://lannuaire.service-public.gouv.fr/corse/corse-du-sud/0fab71cb-6d19-45b4-86af-d23879563b92"}
{"nom":"Quasquara","adresse":"Vazzina , 20142 , Quasquara, France","codePostal":"20142 ","region":"Corse","departement":"Corse-du-Sud","departementCode":"2","horaires":"Du Lundi au Vendredi : de 08h30 à 12h30","email":"commune-de.quasquara@orange.fr","telephone":"04 95 25 73 43","latitude":41.90018,"longitude":9.009234,"website":"","url":"https://lannuaire.service-public.gouv.fr/corse/corse-du-sud/eb939b63-ab6a-4529-894c-840e1b4f4d34"}
{"nom":"Quenza","adresse":"2 piazza di a Ghjesia , 20122 , Quenza , France","codePostal":"20122 ","region":"Corse","departement":"Corse-du-Sud","departementCode":"2","horaires":"Du Lundi au Vendredi : de 09h00 à 12h00","email":"contact@cumunaquenza.corsica","telephone":"04 95 78 62 11","latitude":41.765274,"longitude":9.137854,"website":"https://www.cumunaquenza.corsica/fr/","url":"https://lannuaire.service-public.gouv.fr/corse/corse-du-sud/4f05b3f6-3d0d-4495-891e-8070feebf033"}
{"nom":"Renno","adresse":"Hameau-de-Poggio , 20160 , Renno, France","codePostal":"20160 ","region":"Corse","departement":"Corse-du-Sud","departementCode":"2","horaires":"Du Lundi au Vendredi : de 09h00 à 12h00","email":"contact@rennu.corsica","telephone":"04 95 26 65 35","latitude":42.210266,"longitude":8.827122,"website":"","url":"https://lannuaire.service-public.gouv.fr/corse/corse-du-sud/cc48892f-291b-40d4-b22d-58d1941f62f2"}
{"nom":"Rezza","adresse":"Village , 20121 , Rezza, France","codePostal":"20121 ","region":"Corse","departement":"Corse-du-Sud","departementCode":"2","horaires":"Le Mardi : de 14h00 à 18h00\nLe Jeudi : de 14h00 à 18h00","email":"mairie.rezza@wanadoo.fr","telephone":"04 95 28 90 01","latitude":42.12547,"longitude":8.94316,"website":"","url":"https://lannuaire.service-public.gouv.fr/corse/corse-du-sud/0c709c05-82bc-451a-a655-0abd40beda60"}
{"nom":"Rosazia","adresse":"Quartier Pianutoli , 20121 , Rosazia, France","codePostal":"20121 ","region":"Corse","departement":"Corse-du-Sud","departementCode":"2","horaires":"Le Vendredi : de 14h00 à 17h00","email":"commune.rosaz@orange.fr","telephone":"04 95 28 90 99","latitude":42.105347,"longitude":8.918626,"website":"","url":"https://lannuaire.service-public.gouv.fr/corse/corse-du-sud/753b5483-1da8-4871-ad77-97aabef9b8bb"}
{"nom":"Sainte-Lucie-de-Tallano","adresse":"Mairie Sainte-Lucie-de-Tallano , 20112 , Sainte-Lucie-de-Tallano, France","codePostal":"20112 ","region":"Corse","departement":"Corse-du-Sud","departementCode":"2","horaires":"Du Lundi au Jeudi : de 09h00 à 12h00 de 13h00 à 16h00\nLe Vendredi : de 09h00 à 12h00 de 13h00 à 15h30","email":"santa.lucia.di.talla@wanadoo.fr","telephone":"04 95 78 80 13","latitude":41.697376,"longitude":9.064333,"website":"https://www.tallano.fr/","url":"https://lannuaire.service-public.gouv.fr/corse/corse-du-sud/2707e5ce-57aa-464b-a045-a262f4fa5fd2"}
{"nom":"Salice","adresse":"Cadastella , 20121 , Salice, France","codePostal":"20121 ","region":"Corse","departement":"Corse-du-Sud","departementCode":"2","horaires":"Le Mercredi : de 09h00 à 14h30\nLe Vendredi : de 09h00 à 14h30","email":"mairie.salice@orange.fr","telephone":"04 95 28 91 84","latitude":42.119846,"longitude":8.90059,"website":"","url":"https://lannuaire.service-public.gouv.fr/corse/corse-du-sud/aa8c3993-19f4-4ccc-8f53-e7c5aeb43a43"}
{"nom":"Sampolo","adresse":"Le Village , 20134 , Sampolo, France","codePostal":"20134 ","region":"Corse","departement":"Corse-du-Sud","departementCode":"2","horaires":"Le Mardi : de 13h30 à 17h30\nLe Vendredi : de 13h30 à 17h30","email":"mairie-sampolo@orange.fr","telephone":"04 95 24 51 55","latitude":41.941795,"longitude":9.123345,"website":"http://www.mairie-sampolo.com/","url":"https://lannuaire.service-public.gouv.fr/corse/corse-du-sud/c449b559-f4a5-4ab5-acaf-6032a5704697"}
{"nom":"San-Gavino-di-Carbini","adresse":"Place du 9-Septembre-1943 , 20170 , San-Gavino-di-Carbini, France","codePostal":"20170 ","region":"Corse","departement":"Corse-du-Sud","departementCode":"2","horaires":"Du Lundi au Vendredi : de 09h00 à 12h00 de 14h00 à 17h00","email":"sangavinodicarbini@orange.fr","telephone":"04 95 78 43 28","latitude":41.72146,"longitude":9.148444,"website":"https://mairiesangavinodicarbini.corsica/","url":"https://lannuaire.service-public.gouv.fr/corse/corse-du-sud/9323c3c6-eee8-4171-8b59-d7ddf5607aff"}
{"nom":"Sant'Andréa-d'Orcino","adresse":"Ancienne École , 20151 , Sant'Andréa-d'Orcino, France","codePostal":"20151 ","region":"Corse","departement":"Corse-du-Sud","departementCode":"2","horaires":"Du Lundi au Vendredi : de 11h00 à 15h00","email":"mairie.santandreadorcino@orange.fr","telephone":"09 64 35 26 22","latitude":42.047302,"longitude":8.800703,"website":"","url":"https://lannuaire.service-public.gouv.fr/corse/corse-du-sud/792ceb5d-14ed-489e-90e4-cd18bf0575e0"}
{"nom":"Santa-Maria-Figaniella","adresse":"Le Village , 20143 , Santa-Maria-Figaniella, France","codePostal":"20143 ","region":"Corse","departement":"Corse-du-Sud","departementCode":"2","horaires":"Du Lundi au Mardi : de 09h00 à 12h00\nDu Jeudi au Vendredi : de 09h00 à 12h00","email":"mairie.sta.maria.figaniella@orange.fr","telephone":"04 95 73 43 23","latitude":41.72027,"longitude":9.005877,"website":"","url":"https://lannuaire.service-public.gouv.fr/corse/corse-du-sud/8a37cbe8-2b61-4b00-8ae9-07fab1974b19"}
{"nom":"Santa-Maria-Siché","adresse":"Ceppo , 20190 , Santa-Maria-Siché, France","codePostal":"20190 ","region":"Corse","departement":"Corse-du-Sud","departementCode":"2","horaires":"Le Lundi : de 09h00 à 12h30\nLe Mardi : de 09h00 à 12h30 de 14h00 à 16h00\nLe Mercredi : de 09h00 à 12h30\nLe Jeudi : de 09h00 à 12h30 de 14h00 à 16h00","email":"mairiesantamariasiche@wanadoo.fr","telephone":"04 95 25 70 48","latitude":41.87593,"longitude":8.979835,"website":"","url":"https://lannuaire.service-public.gouv.fr/corse/corse-du-sud/2b28b668-296a-4c1e-817c-5df0895413a8"}
{"nom":"Sari-d'Orcino","adresse":"Le Village , 20151 , Sari-d'Orcino, France","codePostal":"20151 ","region":"Corse","departement":"Corse-du-Sud","departementCode":"2","horaires":"Du Lundi au Vendredi : de 08h00 à 15h00","email":"mairie@saridorcino.fr","telephone":"04 95 27 20 02","latitude":42.062366,"longitude":8.824376,"website":"http://www.saridorcino.fr/","url":"https://lannuaire.service-public.gouv.fr/corse/corse-du-sud/14e8181c-a075-476f-958f-0843e222f712"}
{"nom":"Sari-Solenzara","adresse":"Mairie , 20145 , Sari-Solenzara, France","codePostal":"20145 ","region":"Corse","departement":"Corse-du-Sud","departementCode":"2","horaires":"Le Lundi : de 09h00 à 12h00 de 14h00 à 17h00\nLe Mardi : de 09h00 à 12h00\nLe Mercredi : de 09h00 à 12h00 de 14h00 à 17h00\nLe Jeudi : de 09h00 à 12h00\nLe Vendredi : de 09h00 à 12h00 de 14h00 à 17h00","email":"mairiedesolenzara@wanadoo.fr","telephone":"04 95 57 40 05","latitude":41.836967,"longitude":9.372875,"website":"http://www.sarisolenzara.fr/","url":"https://lannuaire.service-public.gouv.fr/corse/corse-du-sud/d11a4508-2809-4191-bf44-49e993c98902"}
{"nom":"Sarrola-Carcopino","adresse":"Lieu-dit A-Torra , 20167 , Sarrola-Carcopino, France","codePostal":"20167 ","region":"Corse","departement":"Corse-du-Sud","departementCode":"2","horaires":"Du Lundi au Mardi : de 08h00 à 16h00\nLe Mercredi : de 08h00 à 15h00\nLe Jeudi : de 08h00 à 16h00\nLe Vendredi : de 08h00 à 12h00","email":"accueil@mairie-sarrolacarcopino.fr","telephone":"04 95 25 63 68","latitude":42.014317,"longitude":8.835788,"website":"https://www.sarrola-carcopino.com/","url":"https://lannuaire.service-public.gouv.fr/corse/corse-du-sud/cc93a887-6294-4373-a004-8512b807d571"}
{"nom":"Sartène","adresse":"Place de la Libération , 20100 , Sartène , France","codePostal":"20100 ","region":"Corse","departement":"Corse-du-Sud","departementCode":"2","horaires":"Du Lundi au Vendredi : de 08h00 à 12h00 de 14h00 à 17h00","email":"mairiesartene.dgs@gmail.com","telephone":"04 95 77 74 00","latitude":41.62112,"longitude":8.97203,"website":"https://lapagelocale.fr/20100-sartene","url":"https://lannuaire.service-public.gouv.fr/corse/corse-du-sud/fde8cc33-a7c9-4fdb-baed-50ed1c744f6c"}
{"nom":"Serra-di-Ferro","adresse":"2 A Sarra , 20140 , Serra-di-Ferro, France","codePostal":"20140 ","region":"Corse","departement":"Corse-du-Sud","departementCode":"2","horaires":"Du Lundi au Vendredi : de 08h00 à 16h00","email":"mairie@sarradifarru.corsica","telephone":"04 95 74 02 12","latitude":41.728046,"longitude":8.798221,"website":"http://www.serra-di-ferro.com/","url":"https://lannuaire.service-public.gouv.fr/corse/corse-du-sud/f6ec2a27-4682-4e19-a1d8-0b79f9458f86"}
{"nom":"Serra-di-Scopamène","adresse":"95 Costa , 20127 , Serra-di-Scopamène, France","codePostal":"20127 ","region":"Corse","departement":"Corse-du-Sud","departementCode":"2","horaires":"Du Lundi au Vendredi : de 09h00 à 12h00","email":"serradiscopamena@gmail.com","telephone":"04 95 78 60 13","latitude":41.75404,"longitude":9.100876,"website":"","url":"https://lannuaire.service-public.gouv.fr/corse/corse-du-sud/5577269a-fa17-4923-9d9b-332b355405e5"}
{"nom":"Serriera","adresse":"Place de la Mairie , 20147 , Serriera , France","codePostal":"20147 ","region":"Corse","departement":"Corse-du-Sud","departementCode":"2","horaires":"Du Lundi au Mardi : de 09h00 à 13h00\nDu Jeudi au Vendredi : de 09h00 à 13h00","email":"mairiedeserriera@gmail.com","telephone":"04 95 26 14 44","latitude":42.301395,"longitude":8.708652,"website":"","url":"https://lannuaire.service-public.gouv.fr/corse/corse-du-sud/4f8182e7-c2a5-4ed5-9faa-55a2859ea289"}
{"nom":"Soccia","adresse":"Umbriccia , 20125 , Soccia, France","codePostal":"20125 ","region":"Corse","departement":"Corse-du-Sud","departementCode":"2","horaires":"Le Mardi : de 09h00 à 12h00\nLe Jeudi : de 09h00 à 12h00\nLe Vendredi : de 15h00 à 18h00","email":"mairie@soccia.corsica","telephone":"04 95 28 30 08","latitude":42.190014,"longitude":8.91063,"website":"","url":"https://lannuaire.service-public.gouv.fr/corse/corse-du-sud/8de097ff-382a-4c00-9fa9-acbac33e1bec"}
{"nom":"Sollacaro","adresse":"Maison communale , 20140 , Sollacaro, France","codePostal":"20140 ","region":"Corse","departement":"Corse-du-Sud","departementCode":"2","horaires":"Du Lundi au Vendredi : de 08h30 à 12h00 de 13h30 à 16h30","email":"mairie.sollacaro@wanadoo.fr","telephone":"04 95 74 61 82","latitude":41.74422,"longitude":8.912094,"website":"http://www.mairie-sollacaro.fr/","url":"https://lannuaire.service-public.gouv.fr/corse/corse-du-sud/1ac7bd46-3d7f-4638-b338-fbbd54543291"}
{"nom":"Sorbollano","adresse":"Chedi-Agnulellu , 20152 , Sorbollano, France","codePostal":"20152 ","region":"Corse","departement":"Corse-du-Sud","departementCode":"2","horaires":"Du Lundi au Jeudi : de 09h00 à 12h00 de 14h00 à 17h00\nLe Vendredi : de 09h00 à 12h00","email":"mairie-de-sorbo@wanadoo.fr","telephone":"04 95 78 60 30","latitude":41.75189,"longitude":9.111029,"website":"http://www.sorbollano.com/","url":"https://lannuaire.service-public.gouv.fr/corse/corse-du-sud/9de44e23-f105-4d9b-a807-668364915c95"}
{"nom":"Sotta","adresse":"Le Village , 20146 , Sotta, France","codePostal":"20146 ","region":"Corse","departement":"Corse-du-Sud","departementCode":"2","horaires":"Du Lundi au Vendredi : de 08h00 à 12h00 de 13h30 à 16h30","email":"mairie@sotta.fr","telephone":"04 95 71 20 75","latitude":41.56275,"longitude":9.17883,"website":"http://www.sotta.fr/","url":"https://lannuaire.service-public.gouv.fr/corse/corse-du-sud/93d7403f-7f81-4fb7-975d-fa6b23b42229"}
{"nom":"Tasso","adresse":"Village , 20134 , Tasso, France","codePostal":"20134 ","region":"Corse","departement":"Corse-du-Sud","departementCode":"2","horaires":"Du Lundi au Vendredi : de 09h00 à 12h00","email":"communedetasso@orange.fr","telephone":"07 85 87 05 28","latitude":41.94499,"longitude":9.104407,"website":"","url":"https://lannuaire.service-public.gouv.fr/corse/corse-du-sud/fac3297a-935c-49f1-9b94-a8d58001c6ef"}
{"nom":"Tavaco","adresse":"Figarella , 20167 , Tavaco, France","codePostal":"20167 ","region":"Corse","departement":"Corse-du-Sud","departementCode":"2","horaires":"Du Lundi au Jeudi : de 08h30 à 15h30\nLe Vendredi : de 08h30 à 12h30","email":"commune-de-tavaco@orange.fr","telephone":"04 95 52 84 88","latitude":42.034855,"longitude":8.899247,"website":"","url":"https://lannuaire.service-public.gouv.fr/corse/corse-du-sud/f4f31f41-d3a8-4261-96b3-4b5bde61e55b"}
{"nom":"Tavera","adresse":"Corso , 20163 , Tavera, France","codePostal":"20163 ","region":"Corse","departement":"Corse-du-Sud","departementCode":"2","horaires":"Du Lundi au Mardi : de 09h00 à 17h00\nLe Mercredi : de 08h30 à 11h30\nDu Jeudi au Vendredi : de 09h00 à 17h00","email":"mairiedetavera@wanadoo.fr","telephone":"04 95 52 81 65","latitude":42.06875,"longitude":9.015235,"website":"","url":"https://lannuaire.service-public.gouv.fr/corse/corse-du-sud/fecc3848-88b6-4568-8b0c-48443d200d6d"}
{"nom":"Tolla","adresse":"Le Village , 20117 , Tolla, France","codePostal":"20117 ","region":"Corse","departement":"Corse-du-Sud","departementCode":"2","horaires":"Du Lundi au Vendredi : de 09h00 à 12h00","email":"mairiedetolla@orange.fr","telephone":"04 95 27 00 71","latitude":41.97527,"longitude":8.973493,"website":"","url":"https://lannuaire.service-public.gouv.fr/corse/corse-du-sud/921c475d-6292-46ca-81b2-46664b7910f3"}
{"nom":"Ucciani","adresse":"Canavajola , 20133 , Ucciani, France","codePostal":"20133 ","region":"Corse","departement":"Corse-du-Sud","departementCode":"2","horaires":"Du Lundi au Vendredi : de 08h00 à 12h00","email":"mairie.ucciani@wanadoo.fr","telephone":"04 95 52 80 02","latitude":42.041237,"longitude":8.976596,"website":"http://cumunadaucciani.corsica/index.php/2023-2/","url":"https://lannuaire.service-public.gouv.fr/corse/corse-du-sud/d9d8fd52-7cb0-4f35-8d02-1ed06490157b"}
{"nom":"Urbalacone","adresse":"Quartier Nociarato , 20128 , Urbalacone, France","codePostal":"20128 ","region":"Corse","departement":"Corse-du-Sud","departementCode":"2","horaires":"Le Lundi : de 09h00 à 12h00","email":"commune-d-urbalacone@orange.fr","telephone":"04 95 25 74 32","latitude":41.835693,"longitude":8.948945,"website":"","url":"https://lannuaire.service-public.gouv.fr/corse/corse-du-sud/69c5cc0d-cc9e-4fa5-b4eb-ce1253781251"}
{"nom":"Valle-di-Mezzana","adresse":"Poggiale , 20167 , Valle-di-Mezzana, France","codePostal":"20167 ","region":"Corse","departement":"Corse-du-Sud","departementCode":"2","horaires":"Du Lundi au Jeudi : de 08h30 à 12h00 de 14h00 à 16h30\nLe Vendredi : de 08h30 à 12h00","email":"valle-di-mezzana@orange.fr","telephone":"04 95 25 61 94","latitude":42.021812,"longitude":8.826898,"website":"http://www.valle-di-mezzana.corsica/","url":"https://lannuaire.service-public.gouv.fr/corse/corse-du-sud/fd06a2ed-a370-4a32-a44c-4eb49c6ab25e"}
{"nom":"Vero","adresse":"Piazza Communa , 20172 , Vero, France","codePostal":"20172 ","region":"Corse","departement":"Corse-du-Sud","departementCode":"2","horaires":"Du Lundi au Mardi : de 08h00 à 17h00\nLe Mercredi : de 08h00 à 12h00\nDu Jeudi au Vendredi : de 08h00 à 17h00","email":"mairie.vero@orange.fr","telephone":"04 95 52 81 22","latitude":42.06228,"longitude":8.931945,"website":"","url":"https://lannuaire.service-public.gouv.fr/corse/corse-du-sud/cc0ce165-26dc-4b61-abb8-1f57f2addd4a"}
{"nom":"Vico","adresse":"Place Casanelli , 20160 , Vico , France","codePostal":"20160 ","region":"Corse","departement":"Corse-du-Sud","departementCode":"2","horaires":"Du Lundi au Vendredi : de 08h30 à 12h00 de 13h30 à 17h00\nAccueil ouvert sur rendez-vous uniquement pour les passeports et cartes d'identité.","email":"mairie.vico@orange.fr","telephone":"04 95 26 60 58","latitude":42.16657,"longitude":8.797796,"website":"","url":"https://lannuaire.service-public.gouv.fr/corse/corse-du-sud/ab2700c4-08a8-426f-abcb-f2f39073d6d3"}
{"nom":"Viggianello","adresse":"Le Village , 20110 , Viggianello, France","codePostal":"20110 ","region":"Corse","departement":"Corse-du-Sud","departementCode":"2","horaires":"Du Lundi au Vendredi : de 08h30 à 12h00","email":"mairiedeviggianello@orange.fr","telephone":"04 95 76 05 41","latitude":41.68197,"longitude":8.950981,"website":"","url":"https://lannuaire.service-public.gouv.fr/corse/corse-du-sud/8d797de7-5e4a-4149-bb16-a2c2799a1678"}
{"nom":"Villanova","adresse":"Casa Cumuna , 20167 , Villanova , France","codePostal":"20167 ","region":"Corse","departement":"Corse-du-Sud","departementCode":"2","horaires":"Le Lundi : de 09h00 à 13h00\nLe Mardi : de 13h00 à 16h00\nLe Mercredi : de 09h00 à 16h00\nLe Jeudi : de 09h00 à 13h00\nLe Vendredi : de 09h00 à 16h00","email":"villanova.mairie@wanadoo.fr","telephone":"04 95 25 33 82","latitude":41.95949,"longitude":8.668395,"website":"https://www.villanova-mairie.fr/","url":"https://lannuaire.service-public.gouv.fr/corse/corse-du-sud/929dcb2f-a27e-44dc-b384-ea54ab1bbee6"}
{"nom":"Zérubia","adresse":"Village , 20116 , Zérubia, France","codePostal":"20116 ","region":"Corse","departement":"Corse-du-Sud","departementCode":"2","horaires":"Du Lundi au Jeudi : de 10h00 à 13h00","email":"mairiezerubia@orange.fr","telephone":"04 95 78 60 65","latitude":41.7534,"longitude":9.075573,"website":"","url":"https://lannuaire.service-public.gouv.fr/corse/corse-du-sud/f8a87ce7-9f3e-4749-8293-eafd0e54d030"}
{"nom":"Zevaco","adresse":"Fontana-di-Zevaco , 20173 , Zevaco , France","codePostal":"20173 ","region":"Corse","departement":"Corse-du-Sud","departementCode":"2","horaires":"Du Lundi au Mardi : de 09h30 à 12h00 de 13h00 à 15h30\nDu Jeudi au Vendredi : de 09h30 à 12h00 de 13h00 à 15h30","email":"mairiezevaco@orange.fr","telephone":"04 95 24 43 76","latitude":41.891994,"longitude":9.04921,"website":"https://www.zevacu.com/","url":"https://lannuaire.service-public.gouv.fr/corse/corse-du-sud/726f5841-41ce-420a-9d52-c4da26fe6bd7"}
{"nom":"Zicavo","adresse":"Quartier de l'Église , 20132 , Zicavo, France","codePostal":"20132 ","region":"Corse","departement":"Corse-du-Sud","departementCode":"2","horaires":"Du Lundi au Mardi : de 08h00 à 12h00\nDu Jeudi au Vendredi : de 08h00 à 12h00","email":"mairiedezicavo@wanadoo.fr","telephone":"04 95 24 40 05","latitude":41.90807,"longitude":9.130012,"website":"","url":"https://lannuaire.service-public.gouv.fr/corse/corse-du-sud/182d3ec6-78a7-4a56-8e3e-59ff7b29e820"}
{"nom":"Zigliara","adresse":"A Chiappa , 20190 , Zigliara , France","codePostal":"20190 ","region":"Corse","departement":"Corse-du-Sud","departementCode":"2","horaires":"Du Lundi au Mardi : de 08h00 à 12h00\nLe Mercredi : de 08h00 à 12h00 de 14h00 à 16h00\nDu Jeudi au Vendredi : de 08h00 à 12h00","email":"commune-de-zigliara@orange.fr","telephone":"04 95 25 00 22","latitude":41.846107,"longitude":8.993668,"website":"","url":"https://lannuaire.service-public.gouv.fr/corse/corse-du-sud/c88de05a-20bd-4f6f-8de0-8151a10f5c73"}
{"nom":"Zonza","adresse":"Annexe de Sainte-Lucie-de-Porto-Vecchio , 20144 , Sainte-Lucie-de-Porto-Vecchio, France","codePostal":"20144 ","region":"Corse","departement":"Corse-du-Sud","departementCode":"2","horaires":"Du Lundi au Vendredi : de 08h30 à 12h00 de 14h00 à 16h00","email":"","telephone":"04 95 71 40 16","latitude":41.699673,"longitude":9.347457,"website":"https://www.zonzasantalucia.corsica/","url":"https://lannuaire.service-public.gouv.fr/corse/corse-du-sud/eec30c17-90c7-4e76-99e4-1e69b853e0b6"}
{"nom":"Zoza","adresse":"Le Village , 20112 , Zoza, France","codePostal":"20112 ","region":"Corse","departement":"Corse-du-Sud","departementCode":"2","horaires":"Le Lundi : de 09h00 à 11h00\nLe Mercredi : de 09h00 à 11h00\nLe Vendredi : de 09h00 à 11h00","email":"mairiezoza@orange.fr","telephone":"04 95 78 80 04","latitude":41.717037,"longitude":9.069177,"website":"","url":"https://lannuaire.service-public.gouv.fr/corse/corse-du-sud/306a4fe2-7f60-44e2-a243-be92bf1d2eff"}
