{"nom":"Albaret-le-Comtal","adresse":"Le Village , 48310 , Albaret-le-Comtal , France","codePostal":"48310","region":"Occitanie","departement":"Lozère","departementCode":"48","horaires":"Le Mardi : de 10h00 à 12h00\nLe Vendredi : de 10h00 à 12h00","email":"commune-d-albaret-le-comtal@orange.fr","telephone":"04 66 31 62 09","latitude":44.8756,"longitude":3.12742,"website":"","url":"https://lannuaire.service-public.gouv.fr/occitanie/lozere/10442294-e581-47f0-b311-3099f9e0e4b8"}
{"nom":"Albaret-Sainte-Marie","adresse":"La Garde , 48200 , Albaret-Sainte-Marie , France","codePostal":"48200","region":"Occitanie","departement":"Lozère","departementCode":"48","horaires":"Du Lundi au Samedi : de 09h00 à 12h00","email":"asm48200@gmail.com","telephone":"04 66 31 92 83","latitude":44.8819,"longitude":3.24646,"website":"https://www.albaret-ste-marie.fr/","url":"https://lannuaire.service-public.gouv.fr/occitanie/lozere/bdc1f5f0-e734-4c88-9a06-ad4ca365cd4a"}
{"nom":"Allenc","adresse":"Le Village , 48190 , Allenc , France","codePostal":"48190","region":"Occitanie","departement":"Lozère","departementCode":"48","horaires":"Du Lundi au Mardi : de 09h00 à 12h00 de 13h00 à 17h00\nLe Mercredi : de 09h00 à 12h00","email":"allenc.mairie@wanadoo.fr","telephone":"04 66 47 66 79","latitude":44.54176,"longitude":3.661809,"website":"http://www.allenc.fr/","url":"https://lannuaire.service-public.gouv.fr/occitanie/lozere/1455cf73-b3fe-41fd-944c-747691aaa8b1"}
{"nom":"Altier","adresse":"Village , 48800 , Altier , France","codePostal":"48800","region":"Occitanie","departement":"Lozère","departementCode":"48","horaires":"Le Lundi : de 08h00 à 12h00 de 13h30 à 17h30\nLe Mardi : de 08h00 à 12h00\nLe Jeudi : de 08h00 à 12h00 de 13h30 à 17h30\nLe Vendredi : de 08h00 à 12h00","email":"commune-altier@orange.fr","telephone":"04 66 46 81 61","latitude":44.47333,"longitude":3.858628,"website":"https://www.altier48.fr/","url":"https://lannuaire.service-public.gouv.fr/occitanie/lozere/197d9b4f-06c4-4b5b-a561-bb960cd64530"}
{"nom":"Antrenas","adresse":"Le Village , 48100 , Antrenas , France","codePostal":"48100","region":"Occitanie","departement":"Lozère","departementCode":"48","horaires":"Le Mardi : de 08h30 à 12h30 de 13h30 à 17h00\nLe Jeudi : de 08h30 à 12h30 de 13h30 à 17h00\nLe Vendredi : de 12h30 à 15h30","email":"mairie.antrenas@wanadoo.fr","telephone":"04 66 32 18 45","latitude":44.58098,"longitude":3.266554,"website":"","url":"https://lannuaire.service-public.gouv.fr/occitanie/lozere/c06289c5-0b21-49b7-a277-76b360404c91"}
{"nom":"Arzenc-d'Apcher","adresse":"Le Village , 48310 , Arzenc-d'Apcher , France","codePostal":"48310","region":"Occitanie","departement":"Lozère","departementCode":"48","horaires":"Le Mercredi : de 09h00 à 18h00","email":"mairie@ville-arzencdapcher.fr","telephone":"04 66 45 31 46","latitude":44.85509,"longitude":3.09789,"website":"","url":"https://lannuaire.service-public.gouv.fr/occitanie/lozere/bfb027a8-9525-4cc6-b095-5a061bb601b8"}
{"nom":"Arzenc-de-Randon","adresse":"7 rue de l'Église , 48170 , Arzenc-de-Randon , France","codePostal":"48170","region":"Occitanie","departement":"Lozère","departementCode":"48","horaires":"Le Lundi : de 09h30 à 12h30\nLe Mercredi : de 09h30 à 12h30\nLe Vendredi : de 09h30 à 12h30","email":"mairie.arzenc.de.randon@wanadoo.fr","telephone":"04 66 47 94 91","latitude":44.66248,"longitude":3.632617,"website":"","url":"https://lannuaire.service-public.gouv.fr/occitanie/lozere/95db43f1-5ea5-4d01-9bfb-03b6cb7e4d13"}
{"nom":"Auroux","adresse":"Place du Village , 48600 , Auroux , France","codePostal":"48600","region":"Occitanie","departement":"Lozère","departementCode":"48","horaires":"Du Lundi au Mardi : de 09h00 à 12h00 de 13h30 à 16h30\nDu Jeudi au Vendredi : de 09h00 à 12h00 de 13h30 à 16h30","email":"mairie@auroux.fr","telephone":"04 66 69 55 17","latitude":44.753418,"longitude":3.726259,"website":"http://www.auroux.fr/","url":"https://lannuaire.service-public.gouv.fr/occitanie/lozere/b7401e8b-0416-4305-b2d4-dacbe6fc7b33"}
{"nom":"Badaroux","adresse":"2 rue de l'Égalité , 48000 , Badaroux , France","codePostal":"48000","region":"Occitanie","departement":"Lozère","departementCode":"48","horaires":"Du Lundi au Vendredi : de 08h30 à 12h00 de 13h00 à 17h30","email":"badaroux3@wanadoo.fr","telephone":"04 66 47 71 32","latitude":44.53626,"longitude":3.550353,"website":"http://www.badaroux.fr/","url":"https://lannuaire.service-public.gouv.fr/occitanie/lozere/25677f67-1621-4d21-936d-901621099b52"}
{"nom":"Mairie déléguée - Bagnols-les-Bains","adresse":"Bagnols-les-Bains , 48190 , Mont Lozère et Goulet , France","codePostal":"48190","region":"Occitanie","departement":"Lozère","departementCode":"48","horaires":"Le Lundi : de 09h00 à 12h00\nLe Mercredi : de 09h00 à 12h00","email":"mairie@montlozeregoulet.fr","telephone":"04 66 47 64 79","latitude":44.506886,"longitude":3.6638663,"website":"https://www.xn--mont-lozre-et-goulet-w1b.fr/","url":"https://lannuaire.service-public.gouv.fr/occitanie/lozere/dae3fc9a-d5d5-4143-9973-a21187df00f7"}
{"nom":"Balsièges","adresse":"94 route de Florac , 48000 , Balsièges , France","codePostal":"48000","region":"Occitanie","departement":"Lozère","departementCode":"48","horaires":"Le Mardi : de 09h00 à 12h00\nDu Mercredi au Jeudi : de 09h00 à 12h00 de 14h00 à 16h30","email":"mairie.balsieges@orange.fr","telephone":"04 66 47 05 66","latitude":44.482006,"longitude":3.456726,"website":"https://balsieges.fr/","url":"https://lannuaire.service-public.gouv.fr/occitanie/lozere/2f8dd0c3-f211-4700-b7ee-e909c0bc6006"}
{"nom":"Banassac-Canilhac","adresse":"4 place de l'Église-Saint-Médard , 48500 , Banassac-Canilhac , France","codePostal":"48500","region":"Occitanie","departement":"Lozère","departementCode":"48","horaires":"Du Lundi au Mercredi : de 08h00 à 12h00 de 14h00 à 18h00\nLe Vendredi : de 08h00 à 12h00 de 14h00 à 17h00","email":"mairie.banassac-canilhac@orange.fr","telephone":"04 66 32 82 10","latitude":44.434788,"longitude":3.20147,"website":"https://www.banassac-canilhac.fr/","url":"https://lannuaire.service-public.gouv.fr/occitanie/lozere/87744e35-e418-487d-a9b6-5b8af18bfda3"}
{"nom":"Barjac","adresse":"1 place de la Mairie , 48000 , Barjac , France","codePostal":"48000","region":"Occitanie","departement":"Lozère","departementCode":"48","horaires":"Du Lundi au Vendredi : de 08h30 à 12h00","email":"mairie-de-barjac48@wanadoo.fr","telephone":"04 66 47 01 04","latitude":44.5047,"longitude":3.41142,"website":"","url":"https://lannuaire.service-public.gouv.fr/occitanie/lozere/e4af38ec-3329-4b73-bfa3-dea47a545420"}
{"nom":"Barre-des-Cévennes","adresse":"29 Grande-Rue , 48400 , Barre-des-Cévennes , France","codePostal":"48400","region":"Occitanie","departement":"Lozère","departementCode":"48","horaires":"Du Lundi au Mardi : de 08h00 à 12h00\nLe Jeudi : de 08h00 à 12h00","email":"contact@barredescevennes.fr","telephone":"04 66 45 05 07","latitude":44.24472,"longitude":3.653531,"website":"https://www.barredescevennes.fr/","url":"https://lannuaire.service-public.gouv.fr/occitanie/lozere/886eb588-9351-4fac-8009-f01e1d7d9186"}
{"nom":"Bassurels","adresse":"Le Village , 48400 , Bassurels , France","codePostal":"48400","region":"Occitanie","departement":"Lozère","departementCode":"48","horaires":"Le Mardi : de 10h00 à 17h00\nLe Jeudi : de 10h00 à 17h00\n\nEn juillet et aout le lundi et vendredi de 10h00 à 17h00","email":"mairiebassurels@orange.fr","telephone":"04 66 60 32 56","latitude":44.179173,"longitude":3.624848,"website":"https://www.mairie-bassurels.fr/","url":"https://lannuaire.service-public.gouv.fr/occitanie/lozere/0c2c4fc0-05da-413f-88bc-7ea625e1f776"}
{"nom":"Bédouès-Cocurès","adresse":"Place de la Croix , 48400 , Bédouès-Cocurès , France","codePostal":"48400","region":"Occitanie","departement":"Lozère","departementCode":"48","horaires":"Le Lundi : de 13h45 à 16h45\nLe Mardi : de 08h30 à 12h30 de 13h00 à 17h30\nLe Mercredi : de 08h30 à 11h30\nLe Jeudi : de 13h00 à 16h45\nLe Vendredi : de 08h45 à 12h15 de 13h30 à 16h30","email":"mairie.bedoues-cocures@orange.fr","telephone":"04 66 45 23 49","latitude":44.348392,"longitude":3.621586,"website":"http://www.bedoues-cocures.fr/","url":"https://lannuaire.service-public.gouv.fr/occitanie/lozere/e61f8d1c-d5fd-49f9-b74f-df1bf8a172bd"}
{"nom":"Bel-Air-Val-d'Ance","adresse":"11 place des Chirac , 48600 , Bel-Air-Val-d'Ance , France","codePostal":"48600","region":"Occitanie","departement":"Lozère","departementCode":"48","horaires":"Du Mardi au Vendredi : de 09h00 à 12h00","email":"mairie.belairvaldance@gmail.com","telephone":"04 66 69 69 84","latitude":44.853065,"longitude":3.659961,"website":"https://www.belairvaldance.com/","url":"https://lannuaire.service-public.gouv.fr/occitanie/lozere/6e6d10a3-b7e1-4219-b8e7-b2c28dbb8351"}
{"nom":"Mairie déléguée - Belvezet","adresse":"Belvezet , 48170 , Mont Lozère et Goulet , France","codePostal":"48170","region":"Occitanie","departement":"Lozère","departementCode":"48","horaires":"Le Lundi : de 14h00 à 17h00\nLe Mercredi : de 09h00 à 12h00","email":"mairie@montlozeregoulet.fr","telephone":"04 66 47 97 50","latitude":44.563313,"longitude":3.74394,"website":"https://www.xn--mont-lozre-et-goulet-w1b.fr/","url":"https://lannuaire.service-public.gouv.fr/occitanie/lozere/b1273b73-e528-4a9d-babc-029afd3f7471"}
{"nom":"Blavignac","adresse":"1 place de la mairie , 48200 , Blavignac , France","codePostal":"48200","region":"Occitanie","departement":"Lozère","departementCode":"48","horaires":"Le Lundi : de 09h00 à 12h00 de 13h00 à 17h00\nLe Mercredi : de 09h00 à 12h00 de 13h00 à 17h00","email":"mairieblavignac@wanadoo.fr","telephone":"04 66 31 92 97","latitude":44.8847,"longitude":3.286087,"website":"","url":"https://lannuaire.service-public.gouv.fr/occitanie/lozere/9520f969-4156-42e2-9aff-d9de74d6843c"}
{"nom":"Bourgs-sur-Colagne","adresse":"Le Monastier , 48100 , Bourgs-sur-Colagne , France","codePostal":"48100","region":"Occitanie","departement":"Lozère","departementCode":"48","horaires":"Du Lundi au Jeudi : de 10h00 à 12h00 de 14h00 à 16h00\nDu Vendredi au Samedi : de 10h00 à 12h00","email":"mairie@bourgssurcolagne.fr","telephone":"04 66 32 72 17","latitude":44.513428,"longitude":3.253101,"website":"http://www.bourgssurcolagne.fr/","url":"https://lannuaire.service-public.gouv.fr/occitanie/lozere/5672342d-1a94-4ab2-86e4-d9e963143505"}
{"nom":"Brenoux","adresse":"2 place de l'Église , 48000 , Brenoux , France","codePostal":"48000","region":"Occitanie","departement":"Lozère","departementCode":"48","horaires":"Du Lundi au Mardi : de 08h30 à 12h00\nLe Mercredi : de 08h30 à 12h00 de 13h30 à 17h30\nLe Jeudi : de 08h30 à 12h00","email":"mairie@brenoux.fr","telephone":"04 66 48 06 34","latitude":44.48353,"longitude":3.5334187,"website":"https://www.brenoux.fr/","url":"https://lannuaire.service-public.gouv.fr/occitanie/lozere/fbc6bc7e-cc8c-418e-9f1a-e0e4993cb4de"}
{"nom":"Brion","adresse":"Le Bourg , 48310 , Brion , France","codePostal":"48310","region":"Occitanie","departement":"Lozère","departementCode":"48","horaires":"Le Mercredi : de 14h00 à 16h30\nLe Vendredi : de 14h00 à 16h30","email":"commune-de-brion0978@orange.fr","telephone":"04 66 31 66 65","latitude":44.7535,"longitude":3.09299,"website":"","url":"https://lannuaire.service-public.gouv.fr/occitanie/lozere/836c0de5-1131-40ff-a3b3-3133b186dca4"}
{"nom":"Cans-et-Cévennes","adresse":"Village , 48400 , Saint-Laurent-de-Trèves , France","codePostal":"48400","region":"Occitanie","departement":"Lozère","departementCode":"48","horaires":"Le Mardi : de 09h00 à 12h00 de 14h00 à 17h00\nLe Mercredi : de 09h00 à 12h00\nLe Vendredi : de 09h00 à 12h00","email":"mairie.cc@orange.fr","telephone":"04 66 45 01 94","latitude":44.30151,"longitude":3.663124,"website":"","url":"https://lannuaire.service-public.gouv.fr/occitanie/lozere/87f6e6ed-d97f-44a2-be90-fe8d50a7696c"}
{"nom":"Cassagnas","adresse":"Le Village , 48400 , Cassagnas , France","codePostal":"48400","region":"Occitanie","departement":"Lozère","departementCode":"48","horaires":"Le Lundi : de 08h00 à 12h00\nLe Jeudi : de 08h00 à 12h00","email":"mairie-cassagnas@wanadoo.fr","telephone":"04 66 45 06 56","latitude":44.271038,"longitude":3.746149,"website":"http://www.cassagnas.fr/","url":"https://lannuaire.service-public.gouv.fr/occitanie/lozere/91cb6a66-cc97-47f5-a400-2e7052155f7b"}
{"nom":"Chadenet","adresse":"Village , 48190 , Chadenet , France","codePostal":"48190","region":"Occitanie","departement":"Lozère","departementCode":"48","horaires":"Le Mercredi : de 13h00 à 15h00\nLe Vendredi : de 09h00 à 12h00 de 13h00 à 17h00","email":"mairie.chadenet@wanadoo.fr","telephone":"04 66 47 61 41","latitude":44.516426,"longitude":3.636685,"website":"","url":"https://lannuaire.service-public.gouv.fr/occitanie/lozere/e51b5852-84d3-4106-bc9c-1b7c23134676"}
{"nom":"Chanac","adresse":"9 place de la Bascule , 48230 , Chanac , France","codePostal":"48230","region":"Occitanie","departement":"Lozère","departementCode":"48","horaires":"Du Lundi au Mardi : de 08h30 à 12h00 de 13h30 à 17h45\nLe Mercredi : de 13h30 à 17h45\nLe Jeudi : de 08h30 à 12h00\nLe Vendredi : de 08h30 à 12h00 de 13h30 à 17h45","email":"mairie@chanac.fr","telephone":"04 66 48 20 21","latitude":44.466175,"longitude":3.343515,"website":"https://www.chanac.fr/","url":"https://lannuaire.service-public.gouv.fr/occitanie/lozere/b581ad58-4a75-4769-9f0a-2149bb78515e"}
{"nom":"Mairie déléguée - Chasseradès","adresse":"Chasseradès , 48250 , Mont Lozère et Goulet , France","codePostal":"48250","region":"Occitanie","departement":"Lozère","departementCode":"48","horaires":"Le Lundi : de 09h00 à 12h00 de 14h00 à 16h00\nLe Jeudi : de 09h00 à 12h00 de 14h00 à 16h00","email":"mairie@montlozeregoulet.fr","telephone":"04 66 46 01 16","latitude":44.551445,"longitude":3.825623,"website":"https://www.xn--mont-lozre-et-goulet-w1b.fr/","url":"https://lannuaire.service-public.gouv.fr/occitanie/lozere/29613257-9d21-4aab-b678-d467417fd0d7"}
{"nom":"Chastanier","adresse":"Le Bourg , 48300 , Chastanier , France","codePostal":"48300","region":"Occitanie","departement":"Lozère","departementCode":"48","horaires":"Le Mercredi : de 09h00 à 12h00","email":"chastanier.mairie@orange.fr","telephone":"04 66 69 50 70","latitude":44.72473,"longitude":3.754818,"website":"","url":"https://lannuaire.service-public.gouv.fr/occitanie/lozere/68a7df00-227c-4692-b39e-37ab18e7dad1"}
{"nom":"Chastel-Nouvel","adresse":"10 rue Principale , 48000 , Chastel-Nouvel , France","codePostal":"48000","region":"Occitanie","departement":"Lozère","departementCode":"48","horaires":"Du Lundi au Mardi : de 08h00 à 12h00 de 13h30 à 17h00\nLe Mercredi : de 08h00 à 12h00 de 13h30 à 18h30\nLe Jeudi : de 13h30 à 17h00\nLe Vendredi : de 08h00 à 12h00 de 13h30 à 17h00","email":"mairie@chastel-nouvel.fr","telephone":"04 66 49 04 33","latitude":44.558456,"longitude":3.501403,"website":"https://www.chastel-nouvel.fr/","url":"https://lannuaire.service-public.gouv.fr/occitanie/lozere/19c4c88c-be67-4cfa-9b87-644f16a539b6"}
{"nom":"Châteauneuf-de-Randon","adresse":"1 place Duguesclin , 48170 , Châteauneuf-de-Randon , France","codePostal":"48170","region":"Occitanie","departement":"Lozère","departementCode":"48","horaires":"Du Lundi au Vendredi : de 08h00 à 12h00","email":"mairie.chateauneuf@wanadoo.fr","telephone":"04 66 47 91 43","latitude":44.640823,"longitude":3.6755617,"website":"","url":"https://lannuaire.service-public.gouv.fr/occitanie/lozere/e70f8e14-c9cf-46be-b446-def118666a99"}
{"nom":"Chauchailles","adresse":"Le Bourg , 48310 , Chauchailles , France","codePostal":"48310","region":"Occitanie","departement":"Lozère","departementCode":"48","horaires":"Le Lundi : de 14h00 à 17h00\nLe Vendredi : de 10h30 à 12h00","email":"commune.chauchailles@orange.fr","telephone":"04 66 31 63 51","latitude":44.795235,"longitude":3.083278,"website":"","url":"https://lannuaire.service-public.gouv.fr/occitanie/lozere/97a1fcbc-eb06-4c44-8ddf-daca596d77f4"}
{"nom":"Chaudeyrac","adresse":"19 rue Hubert Libourel , 48170 , Chaudeyrac , France","codePostal":"48170","region":"Occitanie","departement":"Lozère","departementCode":"48","horaires":"Le Lundi : de 14h00 à 17h30\nLe Mardi : de 08h30 à 12h30 de 14h00 à 17h30\nLe Jeudi : de 08h30 à 12h30 de 14h00 à 17h30","email":"mairie.chaudeyrac@wanadoo.fr","telephone":"04 66 47 91 07","latitude":44.659588,"longitude":3.758069,"website":"https://chaudeyrac.fr/","url":"https://lannuaire.service-public.gouv.fr/occitanie/lozere/473059bd-a63a-4c04-ab33-5eaa88648f9a"}
{"nom":"Chaulhac","adresse":"Le Village , 48140 , Chaulhac , France","codePostal":"48140","region":"Occitanie","departement":"Lozère","departementCode":"48","horaires":"Le Jeudi : de 18h00 à 19h30","email":"mairie.chaulhac@wanadoo.fr","telephone":"04 66 31 91 63","latitude":44.922737,"longitude":3.257061,"website":"https://www.chaulhac.fr/","url":"https://lannuaire.service-public.gouv.fr/occitanie/lozere/890e82b4-5907-460c-8229-1fb9217af6da"}
{"nom":"Cheylard-l'Évêque","adresse":"Le Bourg , 48300 , Cheylard-l'Évêque , France","codePostal":"48300","region":"Occitanie","departement":"Lozère","departementCode":"48","horaires":"Le Lundi : de 13h45 à 17h45\nLe Jeudi : de 13h45 à 17h45","email":"mairie.cheylard.48@free.fr","telephone":"04 66 69 03 14","latitude":44.64379,"longitude":3.799958,"website":"","url":"https://lannuaire.service-public.gouv.fr/occitanie/lozere/2e53f47c-44fe-4c4f-9780-d610a45e4c18"}
{"nom":"Cubières","adresse":"Le Village , 48190 , Cubières , France","codePostal":"48190","region":"Occitanie","departement":"Lozère","departementCode":"48","horaires":"Du Mardi au Jeudi : de 10h00 à 12h00 de 14h00 à 17h00","email":"mairie.cubieres@orange.fr","telephone":"04 66 48 66 80","latitude":44.47322,"longitude":3.77161,"website":"http://www.cubieres.fr/","url":"https://lannuaire.service-public.gouv.fr/occitanie/lozere/401cafa1-d42a-4ecd-9f63-038d6bdf32f3"}
{"nom":"Cubierettes","adresse":"Cubierettes , 48190 , Cubierettes , France","codePostal":"48190","region":"Occitanie","departement":"Lozère","departementCode":"48","horaires":"Le Samedi : de 14h00 à 16h00","email":"commune-de-cubierettes@orange.fr","telephone":"04 66 48 61 62","latitude":44.460358,"longitude":3.784598,"website":"","url":"https://lannuaire.service-public.gouv.fr/occitanie/lozere/932e3ce9-ecb4-4a53-924d-00a2b7b9d343"}
{"nom":"Cultures","adresse":"1 place de la mairie , 48230 , Cultures , France","codePostal":"48230","region":"Occitanie","departement":"Lozère","departementCode":"48","horaires":"Le Lundi : de 13h30 à 17h30\nLe Vendredi : de 13h30 à 17h30\n\nPendant la crise sanitaire accueil ouvert les lundis et vendredis de 13h à 17h.","email":"communedecultures@orange.fr","telephone":"04 66 48 25 75","latitude":44.492764,"longitude":3.378165,"website":"","url":"https://lannuaire.service-public.gouv.fr/occitanie/lozere/47be6d46-1e18-4ba2-a6aa-09c019d8b47b"}
{"nom":"Esclanèdes","adresse":"Le Bruel , 48230 , Esclanèdes , France","codePostal":"48230","region":"Occitanie","departement":"Lozère","departementCode":"48","horaires":"Le Mardi : de 09h00 à 12h00 de 14h00 à 17h00\nLe Jeudi : de 09h00 à 12h00 de 14h00 à 17h00\nLe Samedi : de 10h00 à 12h00","email":"mairie.esclanedes@wanadoo.fr","telephone":"04 66 48 25 24","latitude":44.482475,"longitude":3.358885,"website":"http://www.esclanedes.fr/","url":"https://lannuaire.service-public.gouv.fr/occitanie/lozere/528d8f98-ea97-40a2-9032-e205126fb1e1"}
{"nom":"Mairie déléguée - Fau-de-Peyre","adresse":"Fau-de-Peyre , 48130 , Peyre en Aubrac , France","codePostal":"48130","region":"Occitanie","departement":"Lozère","departementCode":"48","horaires":"Le Jeudi : de 10h00 à 12h00","email":"mairie.faudepeyre@peyreenaubrac.fr","telephone":"04 66 31 11 07","latitude":44.748276,"longitude":3.222545,"website":"https://peyreenaubrac.fr/","url":"https://lannuaire.service-public.gouv.fr/occitanie/lozere/f3e158bd-1642-48d9-a437-51c2b12e98f3"}
{"nom":"Florac-Trois-Rivières","adresse":"Florac , 48400 , Florac-Trois-Rivières , France","codePostal":"48400","region":"Occitanie","departement":"Lozère","departementCode":"48","horaires":"Le Lundi : de 08h30 à 12h00\nDu Mardi au Vendredi : de 08h30 à 12h00 de 14h00 à 17h30","email":"mairie@floractroisrivieres48.fr","telephone":"04 66 45 00 53","latitude":44.323917,"longitude":3.5940242,"website":"https://www.floractroisrivieres.fr/","url":"https://lannuaire.service-public.gouv.fr/occitanie/lozere/31143b03-ec9a-4c1f-93c5-d309da87f879"}
{"nom":"Fontans","adresse":"Le Bourg , 48700 , Fontans , France","codePostal":"48700","region":"Occitanie","departement":"Lozère","departementCode":"48","horaires":"Le Mardi : de 09h00 à 12h00 de 14h00 à 17h00\nLe Vendredi : de 09h00 à 12h00","email":"communedefontans@orange.fr","telephone":"04 66 48 31 00","latitude":44.739227,"longitude":3.386647,"website":"","url":"https://lannuaire.service-public.gouv.fr/occitanie/lozere/eb8fcaf3-073e-430e-ba31-dad45735f323"}
{"nom":"Fournels","adresse":"Place de la Mairie , 48310 , Fournels , France","codePostal":"48310","region":"Occitanie","departement":"Lozère","departementCode":"48","horaires":"Le Lundi : de 10h00 à 12h00\nLe Mardi : de 10h00 à 12h00 de 14h00 à 16h00\nLe Mercredi : de 10h00 à 12h00\nLe Vendredi : de 10h00 à 12h00 de 14h00 à 16h00","email":"mairie@fournels48.fr","telephone":"04 66 31 60 15","latitude":44.817017,"longitude":3.121306,"website":"","url":"https://lannuaire.service-public.gouv.fr/occitanie/lozere/b58a814d-ca52-4d7f-bc84-8c3506689307"}
{"nom":"Fraissinet-de-Fourques","adresse":"Village , 48400 , Fraissinet-de-Fourques , France","codePostal":"48400","region":"Occitanie","departement":"Lozère","departementCode":"48","horaires":"Le Lundi : de 14h30 à 15h30","email":"commune-de-fraissinet6@orange.fr","telephone":"04 66 44 01 51","latitude":44.215115,"longitude":3.539035,"website":"","url":"https://lannuaire.service-public.gouv.fr/occitanie/lozere/8c036b36-775f-4dae-9867-c38bcb784261"}
{"nom":"Gabriac","adresse":"Le Village , 48110 , Gabriac , France","codePostal":"48110","region":"Occitanie","departement":"Lozère","departementCode":"48","horaires":"Le Mardi : de 08h45 à 12h15 de 12h45 à 16h45\nLe Vendredi : de 08h45 à 12h15 de 12h45 à 16h45","email":"mairie.gabriac@wanadoo.fr","telephone":"04 66 44 71 08","latitude":44.17855,"longitude":3.72348,"website":"","url":"https://lannuaire.service-public.gouv.fr/occitanie/lozere/2f86f988-e8a7-4df0-9c7e-720dfad206b3"}
{"nom":"Gabrias","adresse":"Goudard , 48100 , Gabrias , France","codePostal":"48100","region":"Occitanie","departement":"Lozère","departementCode":"48","horaires":"Le Lundi : de 08h30 à 12h00\nLe Vendredi : de 08h30 à 12h00","email":"gabrias.mairie@wanadoo.fr","telephone":"04 66 32 14 93","latitude":44.544796,"longitude":3.372998,"website":"http://www.gabrias.fr/","url":"https://lannuaire.service-public.gouv.fr/occitanie/lozere/a005ae93-86f4-45bc-9826-dca1955516d2"}
{"nom":"Gatuzières","adresse":"Village , 48150 , Gatuzières , France","codePostal":"48150","region":"Occitanie","departement":"Lozère","departementCode":"48","horaires":"Du Lundi au Vendredi : de 09h00 à 12h30 de 13h30 à 16h30","email":"mairie@meyrueis.fr","telephone":"04 66 45 62 64","latitude":44.198444,"longitude":3.489571,"website":"https://www.meyrueis.fr/","url":"https://lannuaire.service-public.gouv.fr/occitanie/lozere/01d31061-47f3-4b20-8aee-4ea4e6bc859e"}
{"nom":"Gorges du Tarn Causses","adresse":"Sainte-Enimie , 48210 , Gorges du Tarn Causses , France","codePostal":"48210","region":"Occitanie","departement":"Lozère","departementCode":"48","horaires":"Du Lundi au Mardi : de 08h30 à 12h00 de 13h30 à 17h00\nLe Mercredi : de 09h00 à 12h00\nLe Jeudi : de 09h00 à 12h00 de 13h30 à 17h00\nLe Vendredi : de 09h00 à 12h00","email":"mairie-gtc@orange.fr","telephone":"04 66 48 50 09","latitude":44.36669,"longitude":3.410413,"website":"https://www.gorgesdutarn-causses.fr/","url":"https://lannuaire.service-public.gouv.fr/occitanie/lozere/c894f9f5-868b-40d3-8a66-ea3f42fad0ce"}
{"nom":"Grandrieu","adresse":"43 avenue Principale , 48600 , Grandrieu , France","codePostal":"48600","region":"Occitanie","departement":"Lozère","departementCode":"48","horaires":"Du Lundi au Vendredi : de 08h30 à 12h00","email":"mairie.grandrieu@wanadoo.fr","telephone":"04 66 46 30 26","latitude":44.7841,"longitude":3.63389,"website":"","url":"https://lannuaire.service-public.gouv.fr/occitanie/lozere/f976611d-0416-4f7f-b1d6-4725dc1e7c55"}
{"nom":"Grandvals","adresse":"Le Village , 48260 , Grandvals , France","codePostal":"48260","region":"Occitanie","departement":"Lozère","departementCode":"48","horaires":"Le Mardi : de 14h00 à 16h00\nLe Jeudi : de 14h00 à 16h00","email":"commune-de-grandvals@orange.fr","telephone":"04 66 32 52 43","latitude":44.74003,"longitude":3.03703,"website":"","url":"https://lannuaire.service-public.gouv.fr/occitanie/lozere/dad217be-929d-4acc-96f2-be42d8b9e5f9"}
{"nom":"Grèzes","adresse":"Le Village , 48100 , Grèzes , France","codePostal":"48100","region":"Occitanie","departement":"Lozère","departementCode":"48","horaires":"Le Lundi : de 08h30 à 12h30 de 13h30 à 16h30\nLe Mercredi : de 08h30 à 12h30 de 13h30 à 16h30\nLe Vendredi : de 08h30 à 11h30","email":"mairie.grezes@gmail.com","telephone":"09 61 31 44 22","latitude":44.512455,"longitude":3.336881,"website":"","url":"https://lannuaire.service-public.gouv.fr/occitanie/lozere/312d7ff5-654c-436d-9dcb-25e51a5f5375"}
{"nom":"Hures-la-Parade","adresse":"La Parade , 48150 , Hures-la-Parade , France","codePostal":"48150","region":"Occitanie","departement":"Lozère","departementCode":"48","horaires":"Le Lundi : de 14h00 à 17h00","email":"mairie.hureslaparade@wanadoo.fr","telephone":"04 66 45 61 38","latitude":44.24475,"longitude":3.352648,"website":"","url":"https://lannuaire.service-public.gouv.fr/occitanie/lozere/3d13b5d8-2733-4fdb-b1a4-c578834ef4d0"}
{"nom":"Ispagnac","adresse":"Place Jules-Laget , 48320 , Ispagnac , France","codePostal":"48320","region":"Occitanie","departement":"Lozère","departementCode":"48","horaires":"Du Lundi au Mardi : de 08h30 à 12h00\nDu Mercredi au Jeudi : de 08h30 à 12h00 de 13h30 à 17h30\nLe Vendredi : de 08h30 à 12h00 de 13h30 à 17h00","email":"mairie@ispagnac.fr","telephone":"04 66 44 20 50","latitude":44.3705,"longitude":3.535,"website":"https://www.ispagnac.fr/","url":"https://lannuaire.service-public.gouv.fr/occitanie/lozere/4d5d996c-0eef-41f0-b3bc-a90075a61317"}
{"nom":"Mairie déléguée - Javols","adresse":"Javols , 48130 , Peyre en Aubrac , France","codePostal":"48130","region":"Occitanie","departement":"Lozère","departementCode":"48","horaires":"Le Mardi : de 10h00 à 12h00\nLe Jeudi : de 10h00 à 12h00","email":"secretariat@mairie-javols.fr","telephone":"04 66 42 84 06","latitude":44.69387,"longitude":3.342674,"website":"https://peyreenaubrac.fr/","url":"https://lannuaire.service-public.gouv.fr/occitanie/lozere/279796b3-e88f-48b2-bbe8-19b60b8ecba3"}
{"nom":"Julianges","adresse":"Le Village , 48140 , Julianges , France","codePostal":"48140","region":"Occitanie","departement":"Lozère","departementCode":"48","horaires":"Le Mardi : de 09h00 à 12h00 de 13h00 à 17h00\nLe Jeudi : de 09h00 à 12h00","email":"communejulianges@orange.fr","telephone":"04 66 31 77 44","latitude":44.9302,"longitude":3.307422,"website":"","url":"https://lannuaire.service-public.gouv.fr/occitanie/lozere/3d74030c-6e74-45e9-a5f6-5f02506aa5ae"}
{"nom":"La Bastide-Puylaurent","adresse":"Le Village , 48250 , La Bastide-Puylaurent , France","codePostal":"48250","region":"Occitanie","departement":"Lozère","departementCode":"48","horaires":"Du Lundi au Vendredi : de 09h00 à 12h00 de 14h00 à 16h00","email":"mairie.labastide@wanadoo.fr","telephone":"04 66 46 00 59","latitude":44.59051,"longitude":3.905629,"website":"http://www.bastide-puylaurent.fr/","url":"https://lannuaire.service-public.gouv.fr/occitanie/lozere/f826f844-b28a-4521-918c-de3444b3b861"}
{"nom":"La Canourgue","adresse":"1 place du Pré-Commun , 48500 , La Canourgue , France","codePostal":"48500","region":"Occitanie","departement":"Lozère","departementCode":"48","horaires":"Du Lundi au Samedi : de 08h30 à 12h30","email":"mairie@la-canourgue.com","telephone":"04 66 32 81 47","latitude":44.4308,"longitude":3.21545,"website":"https://www.la-canourgue.com/","url":"https://lannuaire.service-public.gouv.fr/occitanie/lozere/6093f529-5887-4403-b398-74ac68b16b53"}
{"nom":"Mairie déléguée - Lachamp","adresse":"Lachamp , 48100 , Lachamp-Ribennes , France","codePostal":"48100","region":"Occitanie","departement":"Lozère","departementCode":"48","horaires":"Le Mardi : de 08h30 à 12h00 de 13h00 à 17h00\nLe Mercredi : de 08h30 à 13h00","email":"mairielachamp48@wanadoo.fr","telephone":"04 66 47 32 48","latitude":44.61143,"longitude":3.371284,"website":"http://www.lachamp48.fr/","url":"https://lannuaire.service-public.gouv.fr/occitanie/lozere/81a869ee-a299-4705-832e-54823581b1fd"}
{"nom":"Lachamp-Ribennes","adresse":"Ribennes , 48700 , Lachamp-Ribennes , France","codePostal":"48700","region":"Occitanie","departement":"Lozère","departementCode":"48","horaires":"Le Lundi : de 08h00 à 12h00 de 14h00 à 17h00\nLe Mardi : de 08h00 à 12h00\nLe Jeudi : de 09h00 à 12h00 de 14h00 à 16h00","email":"lachamp-ribennes@orange.fr","telephone":"04 66 47 36 09","latitude":44.63865,"longitude":3.395103,"website":"","url":"https://lannuaire.service-public.gouv.fr/occitanie/lozere/c632cd28-a958-434b-b252-46af10ad003c"}
{"nom":"Mairie déléguée - La Chaze-de-Peyre","adresse":"Chaze-de-Peyre , 48130 , Peyre en Aubrac , France","codePostal":"48130","region":"Occitanie","departement":"Lozère","departementCode":"48","horaires":"Le Lundi : de 15h45 à 17h15\nLe Jeudi : de 15h45 à 17h15","email":"","telephone":"04 66 42 88 80","latitude":44.7288,"longitude":3.257,"website":"https://lachazedepeyre.fr/","url":"https://lannuaire.service-public.gouv.fr/occitanie/lozere/47986191-1cb1-4690-90d2-ea74f3854afc"}
{"nom":"La Fage-Montivernoux","adresse":"Fage-Montivernoux , 48310 , La Fage-Montivernoux , France","codePostal":"48310","region":"Occitanie","departement":"Lozère","departementCode":"48","horaires":"Le Jeudi : de 14h00 à 16h00\nLe Dimanche : de 10h00 à 12h00","email":"mairie.fage@wanadoo.fr","telephone":"04 66 31 68 89","latitude":44.757652,"longitude":3.152984,"website":"","url":"https://lannuaire.service-public.gouv.fr/occitanie/lozere/532fb53a-f0f0-4cb4-9759-54822fa37be3"}
{"nom":"La Fage-Saint-Julien","adresse":"Fage-Saint-Julien , 48200 , La Fage-Saint-Julien , France","codePostal":"48200","region":"Occitanie","departement":"Lozère","departementCode":"48","horaires":"Le Lundi : de 09h00 à 12h00 de 14h00 à 16h00\nLe Jeudi : de 09h00 à 12h00 de 14h00 à 16h00","email":"contact@lafagesaintjulien.fr","telephone":"04 66 31 22 83","latitude":44.7998,"longitude":3.19193,"website":"","url":"https://lannuaire.service-public.gouv.fr/occitanie/lozere/6cd8d481-c35d-4e7f-8fee-2db87c3010d7"}
{"nom":"Lajo","adresse":"Le Village , 48120 , Lajo , France","codePostal":"48120","region":"Occitanie","departement":"Lozère","departementCode":"48","horaires":"Le Lundi : de 08h30 à 12h00\nLe Jeudi : de 13h30 à 17h30","email":"mairielajo@orange.fr","telephone":"04 66 31 53 91","latitude":44.83714,"longitude":3.426913,"website":"","url":"https://lannuaire.service-public.gouv.fr/occitanie/lozere/933589dc-0c37-42be-b7ae-d8ce41221b86"}
{"nom":"La Malène","adresse":"Le Village , 48210 , La Malène , France","codePostal":"48210","region":"Occitanie","departement":"Lozère","departementCode":"48","horaires":"Du Lundi au Vendredi : de 08h30 à 12h00 de 13h30 à 16h30","email":"lamalenemairie@gmail.com","telephone":"04 66 48 51 16","latitude":44.301376,"longitude":3.320253,"website":"http://www.lamalene.fr/","url":"https://lannuaire.service-public.gouv.fr/occitanie/lozere/5daa4eb8-1b3c-484d-9436-5402b27b2742"}
{"nom":"Langogne","adresse":"Boulevard des Capucins , 48300 , Langogne , France","codePostal":"48300","region":"Occitanie","departement":"Lozère","departementCode":"48","horaires":"Du Lundi au Vendredi : de 08h00 à 12h00 de 13h30 à 17h00\nLe Samedi : de 09h00 à 12h00","email":"contact@mairie-Langogne.fr","telephone":"04 66 69 10 33","latitude":44.7269,"longitude":3.85456,"website":"","url":"https://lannuaire.service-public.gouv.fr/occitanie/lozere/52ec8b63-67e6-4a06-8030-cf4e5ad4841b"}
{"nom":"Lanuéjols","adresse":"4 place Adrien-Vitrolles , 48000 , Lanuéjols , France","codePostal":"48000","region":"Occitanie","departement":"Lozère","departementCode":"48","horaires":"Du Lundi au Mardi : de 08h30 à 12h30\nLe Mercredi : de 08h30 à 12h30 de 13h30 à 17h00\nLe Jeudi : de 08h30 à 12h30","email":"village.lanuejols@wanadoo.fr","telephone":"04 66 48 00 82","latitude":44.500732,"longitude":3.571598,"website":"https://www.lanuejols-lozere.fr/","url":"https://lannuaire.service-public.gouv.fr/occitanie/lozere/08007160-5214-4a3a-911c-348df8091f4e"}
{"nom":"La Panouse","adresse":"Le Village , 48600 , La Panouse , France","codePostal":"48600","region":"Occitanie","departement":"Lozère","departementCode":"48","horaires":"Le Mercredi : de 08h00 à 12h00\nLe Vendredi : de 10h00 à 12h00","email":"mairie.lapanouse@wanadoo.fr","telephone":"04 66 46 41 46","latitude":44.72917,"longitude":3.588808,"website":"","url":"https://lannuaire.service-public.gouv.fr/occitanie/lozere/76019c9c-c40d-49f8-88e4-7bdf1c7c1a41"}
{"nom":"La Tieule","adresse":"1 Place de la Mairie , 48500 , La Tieule , France","codePostal":"48500","region":"Occitanie","departement":"Lozère","departementCode":"48","horaires":"Le Mardi : de 09h00 à 12h00\nLe Vendredi : de 14h00 à 17h00","email":"commune.latieule@orange.fr","telephone":"04 66 48 85 88","latitude":44.38386,"longitude":3.155336,"website":"","url":"https://lannuaire.service-public.gouv.fr/occitanie/lozere/344b5e8b-0691-4703-bf20-1e3f58dedee7"}
{"nom":"Laubert","adresse":"Le Village , 48170 , Laubert , France","codePostal":"48170","region":"Occitanie","departement":"Lozère","departementCode":"48","horaires":"Le Lundi : de 09h00 à 12h00 de 14h00 à 16h00\nLe Vendredi : de 09h00 à 12h00 de 14h00 à 16h00","email":"mairielaubert@orange.fr","telephone":"04 66 47 71 37","latitude":44.584496,"longitude":3.640258,"website":"","url":"https://lannuaire.service-public.gouv.fr/occitanie/lozere/fe0063d9-2bcd-44de-ac53-c69f662ec9ba"}
{"nom":"Mairie déléguée - Laval-Atger","adresse":"Laval-Atger , 48600 , Saint-Bonnet-Laval , France","codePostal":"48600","region":"Occitanie","departement":"Lozère","departementCode":"48","horaires":"Le Mercredi : de 17h00 à 18h30","email":"mairie.stbonnetlaval@gmail.com","telephone":"04 66 46 41 71","latitude":44.808826,"longitude":3.694838,"website":"https://www.saint-bonnet-laval.fr/","url":"https://lannuaire.service-public.gouv.fr/occitanie/lozere/b227ff7f-b9ac-4e98-9ada-387a05b89e5b"}
{"nom":"Laval-du-Tarn","adresse":"Le Village , 48500 , Laval-du-Tarn , France","codePostal":"48500","region":"Occitanie","departement":"Lozère","departementCode":"48","horaires":"Le Mardi : de 09h00 à 12h00 de 13h00 à 17h00\nLe Jeudi : de 09h00 à 12h00 de 13h00 à 17h00","email":"communelavaldutarn@orange.fr","telephone":"04 66 48 55 72","latitude":44.35353,"longitude":3.352358,"website":"","url":"https://lannuaire.service-public.gouv.fr/occitanie/lozere/b3d9acc6-85b6-4297-9243-44b23cbb3921"}
{"nom":"Mairie déléguée - Le Bleymard","adresse":"Le Bleymard , 48190 , Mont Lozère et Goulet , France","codePostal":"48190","region":"Occitanie","departement":"Lozère","departementCode":"48","horaires":"Du Lundi au Mardi : de 08h30 à 12h00 de 13h30 à 17h00\nLe Jeudi : de 08h30 à 12h00 de 13h30 à 17h00\nLe Vendredi : de 08h30 à 12h00 de 13h30 à 16h00","email":"mairie@montlozeregoulet.fr","telephone":"04 66 31 13 83","latitude":44.485855,"longitude":3.7334943,"website":"https://www.xn--mont-lozre-et-goulet-w1b.fr/","url":"https://lannuaire.service-public.gouv.fr/occitanie/lozere/ffd629ca-071a-4041-81d5-44fa2590dc0e"}
{"nom":"Le Born","adresse":"172 Rue Victorin-Galière , 48000 , Le Born , France","codePostal":"48000","region":"Occitanie","departement":"Lozère","departementCode":"48","horaires":"Le Mardi : de 08h30 à 12h00 de 14h00 à 16h00\nLe Jeudi : de 08h30 à 12h00 de 14h00 à 16h00","email":"mairieleborn48@orange.fr","telephone":"04 66 47 70 45","latitude":44.55911,"longitude":3.561346,"website":"","url":"https://lannuaire.service-public.gouv.fr/occitanie/lozere/841dcaad-736f-40e7-8ef7-df3eb3ed877b"}
{"nom":"Le Buisson","adresse":"203 route du Buisson , 48100 , Le Buisson , France","codePostal":"48100","region":"Occitanie","departement":"Lozère","departementCode":"48","horaires":"Du Lundi au Vendredi : de 08h30 à 12h30","email":"mairie.le.buisson@orange.fr","telephone":"04 66 32 09 25","latitude":44.62731,"longitude":3.235044,"website":"","url":"https://lannuaire.service-public.gouv.fr/occitanie/lozere/f8331a00-91d8-4cfc-8985-4d59de9f29f9"}
{"nom":"Le Collet-de-Dèze","adresse":"12 route de sauveplane , 48160 , Le Collet-de-Dèze , France","codePostal":"48160","region":"Occitanie","departement":"Lozère","departementCode":"48","horaires":"Du Lundi au Mardi : de 09h00 à 12h00 de 14h00 à 17h00\nLe Mercredi : de 09h00 à 12h00\nDu Jeudi au Vendredi : de 09h00 à 12h00 de 14h00 à 17h00","email":"mairie-du-collet-de-deze@orange.fr","telephone":"04 66 45 50 14","latitude":44.245476,"longitude":3.92309,"website":"https://www.le-collet-de-deze.fr/","url":"https://lannuaire.service-public.gouv.fr/occitanie/lozere/ac1dbef2-6007-43b8-ade9-1a6f448abcac"}
{"nom":"Le Malzieu-Forain","adresse":"34 Boulevard Robert-de-Flers , 48140 , Le Malzieu-Ville , France","codePostal":"48140","region":"Occitanie","departement":"Lozère","departementCode":"48","horaires":"Le Lundi : de 08h00 à 12h00 de 13h30 à 17h30\nLe Jeudi : de 08h00 à 12h00 de 13h30 à 17h30","email":"mairie.malzieuforain@wanadoo.fr","telephone":"04 66 31 70 41","latitude":44.856354,"longitude":3.3306484,"website":"https://www.lemalzieuforain.fr/","url":"https://lannuaire.service-public.gouv.fr/occitanie/lozere/0af86a09-fb2d-4b01-9c05-aac624e0d34b"}
{"nom":"Le Malzieu-Ville","adresse":"305 boulevard Général-Brun-de-Villeret , 48140 , Le Malzieu-Ville , France","codePostal":"48140","region":"Occitanie","departement":"Lozère","departementCode":"48","horaires":"Le Mardi : de 13h30 à 15h00\nLe Mercredi : de 10h00 à 12h00\nLe Vendredi : de 10h00 à 12h00\nLe Samedi : de 09h00 à 12h00","email":"secretariat@lemalzieu.fr","telephone":"04 66 31 70 25","latitude":44.85201,"longitude":3.3301167,"website":"http://le-malzieu-ville.fr/","url":"https://lannuaire.service-public.gouv.fr/occitanie/lozere/563b6946-1fb1-4b93-8220-521ef2db2ca5"}
{"nom":"Le Pompidou","adresse":"Le Château , 48110 , Le Pompidou , France","codePostal":"48110","region":"Occitanie","departement":"Lozère","departementCode":"48","horaires":"Le Lundi : de 09h00 à 12h00 de 14h00 à 17h00\nLe Jeudi : de 09h00 à 12h00 de 14h00 à 17h00","email":"mairiepompidou@wanadoo.fr","telephone":"04 66 60 32 00","latitude":44.19495,"longitude":3.654859,"website":"http://www.lepompidou.fr/","url":"https://lannuaire.service-public.gouv.fr/occitanie/lozere/30ced330-22e7-4e5c-a63d-a30e89917411"}
{"nom":"Le Rozier","adresse":"Le Rozier , 48150 , Le Rozier , France","codePostal":"48150","region":"Occitanie","departement":"Lozère","departementCode":"48","horaires":"Le Mardi : de 15h30 à 17h30","email":"mairie@lerozier.fr","telephone":"05 65 62 64 64","latitude":44.191643,"longitude":3.206943,"website":"https://www.la-mairie.com/rozier","url":"https://lannuaire.service-public.gouv.fr/occitanie/lozere/9e4a1ff7-34aa-426c-b516-e22f5126e749"}
{"nom":"Les Bessons","adresse":"445 rue de la Tourre , 48200 , Les Bessons , France","codePostal":"48200","region":"Occitanie","departement":"Lozère","departementCode":"48","horaires":"Le Lundi : de 13h00 à 17h30\nLe Jeudi : de 13h00 à 17h30\nLe Vendredi : de 08h30 à 11h30","email":"mairie.les.bessons@wanadoo.fr","telephone":"04 66 31 16 10","latitude":44.77386,"longitude":3.252649,"website":"","url":"https://lannuaire.service-public.gouv.fr/occitanie/lozere/18b8c56a-2f58-4bde-bd54-af8069f120cd"}
{"nom":"Les Bondons","adresse":"Le Village , 48400 , Les Bondons , France","codePostal":"48400","region":"Occitanie","departement":"Lozère","departementCode":"48","horaires":"Du Mercredi au Jeudi : de 09h00 à 12h00 de 14h00 à 16h00","email":"mairielesbondons@orange.fr","telephone":"04 66 45 09 64","latitude":44.38625,"longitude":3.618957,"website":"","url":"https://lannuaire.service-public.gouv.fr/occitanie/lozere/1720cc49-c696-42f1-8936-43e72b3b95e3"}
{"nom":"Les Hermaux","adresse":"Le Village , 48340 , Les Hermaux , France","codePostal":"48340","region":"Occitanie","departement":"Lozère","departementCode":"48","horaires":"Le Mardi : de 09h00 à 12h00 de 14h00 à 16h00\nLe Jeudi : de 09h00 à 12h00 de 14h00 à 16h00","email":"commune-les-hermaux@orange.fr","telephone":"04 66 32 69 44","latitude":44.51529,"longitude":3.130537,"website":"https://www.les-hermaux.fr/","url":"https://lannuaire.service-public.gouv.fr/occitanie/lozere/cc3df238-1890-462f-8a9d-6ad4788531e8"}
{"nom":"Les Laubies","adresse":"Le Village , 48700 , Les Laubies , France","codePostal":"48700","region":"Occitanie","departement":"Lozère","departementCode":"48","horaires":"Le Mardi : de 08h30 à 12h00\nDu Jeudi au Vendredi : de 08h30 à 12h00\nLe Vendredi : de 08h00 à 12h00","email":"mairie.leslaubies@wanadoo.fr","telephone":"04 66 47 31 82","latitude":44.687267,"longitude":3.432121,"website":"https://www.les-laubies.fr/","url":"https://lannuaire.service-public.gouv.fr/occitanie/lozere/08c4a51b-2c00-4cd6-8a32-93ecfb19e2f2"}
{"nom":"Les Monts-Verts","adresse":"Le Bacon , 48200 , Les Monts-Verts , France","codePostal":"48200","region":"Occitanie","departement":"Lozère","departementCode":"48","horaires":"Le Mardi : de 08h00 à 12h00 de 13h00 à 17h00\nLe Jeudi : de 08h00 à 12h00 de 13h00 à 17h00","email":"monts-verts.commune@wanadoo.fr","telephone":"04 66 31 93 04","latitude":44.8577,"longitude":3.20453,"website":"https://lesmontsverts.wixsite.com/mairie","url":"https://lannuaire.service-public.gouv.fr/occitanie/lozere/7ee738a9-f39d-4577-9fcd-4c30f501f847"}
{"nom":"Les Salces","adresse":"Le Village , 48100 , Les Salces , France","codePostal":"48100","region":"Occitanie","departement":"Lozère","departementCode":"48","horaires":"Le Mardi : de 08h30 à 12h30 de 13h30 à 16h30\nLe Jeudi : de 08h30 à 12h30 de 13h30 à 16h30\nLe Vendredi : de 08h30 à 12h30 de 13h30 à 16h30","email":"commune-les-salces@orange.fr","telephone":"04 66 32 69 24","latitude":44.53386,"longitude":3.161906,"website":"https://www.les-salces.fr/","url":"https://lannuaire.service-public.gouv.fr/occitanie/lozere/df30c311-7e7d-4e1e-aa69-563d7fea5206"}
{"nom":"Les Salelles","adresse":"91 rue des Fontaines , 48230 , Les Salelles , France","codePostal":"48230","region":"Occitanie","departement":"Lozère","departementCode":"48","horaires":"Le Lundi : de 09h00 à 12h00\nLe Vendredi : de 09h00 à 12h00","email":"mairiedessalelles@gmail.com","telephone":"04 66 48 21 61","latitude":44.481354,"longitude":3.279906,"website":"https://www.les-salelles-lozere.fr/","url":"https://lannuaire.service-public.gouv.fr/occitanie/lozere/d9c123d0-166c-4c8e-8a3f-c29f392c4a5f"}
{"nom":"Luc","adresse":"Le Village , 48250 , Luc , France","codePostal":"48250","region":"Occitanie","departement":"Lozère","departementCode":"48","horaires":"Du Lundi au Mardi : de 14h00 à 17h00\nDu Jeudi au Vendredi : de 14h00 à 17h00","email":"mairie.luc48@wanadoo.fr","telephone":"04 66 46 60 07","latitude":44.650154,"longitude":3.891261,"website":"http://www.luc48.fr/","url":"https://lannuaire.service-public.gouv.fr/occitanie/lozere/afc3d001-d6c1-4a06-a181-2b84eb1aeeb5"}
{"nom":"Marchastel","adresse":"Le Bourg , 48260 , Marchastel , France","codePostal":"48260","region":"Occitanie","departement":"Lozère","departementCode":"48","horaires":"Le Mardi : de 14h00 à 17h00","email":"mairie.marchastel@wanadoo.fr","telephone":"04 66 32 53 61","latitude":44.650867,"longitude":3.106386,"website":"http://www.marchastel.com/","url":"https://lannuaire.service-public.gouv.fr/occitanie/lozere/e92d9546-ed6b-42e7-a02b-d8d1ad380a75"}
{"nom":"Marvejols","adresse":"9 avenue Savorgnan-de-Brazza , 48100 , Marvejols , France","codePostal":"48100","region":"Occitanie","departement":"Lozère","departementCode":"48","horaires":"Du Lundi au Vendredi : de 08h00 à 12h00 de 13h30 à 17h00","email":"contact@ville-marvejols.fr","telephone":"04 66 32 00 45","latitude":44.5504,"longitude":3.28952,"website":"http://www.ville-marvejols.fr/","url":"https://lannuaire.service-public.gouv.fr/occitanie/lozere/19a8bd93-0f4e-4bd5-8b37-bc8d2b742180"}
{"nom":"Mas-Saint-Chély","adresse":"Village , 48210 , Mas-Saint-Chély , France","codePostal":"48210","region":"Occitanie","departement":"Lozère","departementCode":"48","horaires":"Le Mardi : de 09h00 à 12h00\nLe Vendredi : de 09h00 à 12h00","email":"contact@massaintchely.com","telephone":"04 66 48 52 31","latitude":44.329952,"longitude":3.3993752,"website":"http://massaintchely.com/","url":"https://lannuaire.service-public.gouv.fr/occitanie/lozere/d0e6b5d1-65d4-4d6e-84a4-e67a9a81b07d"}
{"nom":"Massegros-Causses-Gorges","adresse":"Le Massegros , 48500 , Massegros-Causses-Gorges , France","codePostal":"48500","region":"Occitanie","departement":"Lozère","departementCode":"48","horaires":"Du Lundi au Mardi : de 08h30 à 12h30 de 13h30 à 17h00\nLe Mercredi : de 08h30 à 12h30\nDu Jeudi au Vendredi : de 08h30 à 12h30 de 13h30 à 17h00","email":"contact@massegros-causses-gorges.fr","telephone":"04 66 48 80 11","latitude":44.30978,"longitude":3.173889,"website":"","url":"https://lannuaire.service-public.gouv.fr/occitanie/lozere/53b5c2e8-31e2-4898-8dfe-5129ddceaffe"}
{"nom":"Mende","adresse":"1 place du Général-de-Gaulle , 48000 , Mende , France","codePostal":"48000","region":"Occitanie","departement":"Lozère","departementCode":"48","horaires":"Du Lundi au Vendredi : de 08h00 à 12h00 de 13h30 à 17h00","email":"contact@mende.fr","telephone":"04 66 49 40 00","latitude":44.51782,"longitude":3.501172,"website":"https://mende.fr/","url":"https://lannuaire.service-public.gouv.fr/occitanie/lozere/f4922cb7-34aa-4014-8f92-9c9a6afae291"}
{"nom":"Meyrueis","adresse":"Rue des Apiès , 48150 , Meyrueis , France","codePostal":"48150","region":"Occitanie","departement":"Lozère","departementCode":"48","horaires":"Du Lundi au Vendredi : de 09h00 à 12h00","email":"mairie@meyrueis.fr","telephone":"04 66 45 62 64","latitude":44.1805,"longitude":3.42928,"website":"https://www.meyrueis.fr/","url":"https://lannuaire.service-public.gouv.fr/occitanie/lozere/3f74e905-ad39-4314-8544-f0a2b84f97d5"}
{"nom":"Moissac-Vallée-Française","adresse":"Le Village , 48110 , Moissac-Vallée-Française , France","codePostal":"48110","region":"Occitanie","departement":"Lozère","departementCode":"48","horaires":"Le Mercredi : de 09h00 à 12h00\nLe Jeudi : de 09h00 à 12h45 de 13h30 à 17h00","email":"mairie.moissac.v.f@wanadoo.fr","telephone":"04 66 44 71 31","latitude":44.165558,"longitude":3.768076,"website":"http://moissac-vallee.fr/","url":"https://lannuaire.service-public.gouv.fr/occitanie/lozere/103fa8a2-54fb-4017-bc08-8239fd84cd38"}
{"nom":"Molezon","adresse":"Biasses , 48110 , Molezon , France","codePostal":"48110","region":"Occitanie","departement":"Lozère","departementCode":"48","horaires":"Le Lundi : de 09h30 à 12h30 de 13h00 à 18h00\nLe Jeudi : de 09h30 à 12h30 de 13h00 à 18h00","email":"secretariat.molezon@orange.fr","telephone":"04 66 45 28 79","latitude":44.2079,"longitude":3.682,"website":"","url":"https://lannuaire.service-public.gouv.fr/occitanie/lozere/a9313ede-70ba-433c-acf9-1ff74cbdcb11"}
{"nom":"Montbel","adresse":"150 rue du Passadou , 48170 , Montbel , France","codePostal":"48170","region":"Occitanie","departement":"Lozère","departementCode":"48","horaires":"Le Mardi : de 09h00 à 17h00\nLe Vendredi : de 09h00 à 17h00","email":"mairie-montbel@orange.fr","telephone":"04 66 47 96 15","latitude":44.592014,"longitude":3.715681,"website":"","url":"https://lannuaire.service-public.gouv.fr/occitanie/lozere/abd1dddd-0c7b-40ca-b187-376744b95c6b"}
{"nom":"Mairie déléguée - Montbrun","adresse":"Montbrun , 48210 , Gorges du Tarn Causses , France","codePostal":"48210","region":"Occitanie","departement":"Lozère","departementCode":"48","horaires":"Le Mercredi : de 08h30 à 12h30 de 13h30 à 16h30","email":"montbrun.mairie@wanadoo.fr","telephone":"04 66 48 55 21","latitude":44.33702,"longitude":3.504067,"website":"http://www.gorgesdutarn-causses.fr/","url":"https://lannuaire.service-public.gouv.fr/occitanie/lozere/d9a377c9-05f5-4c8a-aa59-c8a9e746b3fb"}
{"nom":"Mont Lozère et Goulet","adresse":"Quartier la Remise , 48190 , Mont Lozère et Goulet , France","codePostal":"48190","region":"Occitanie","departement":"Lozère","departementCode":"48","horaires":"Du Lundi au Mardi : de 08h30 à 12h00 de 13h30 à 17h00\nDu Jeudi au Vendredi : de 08h30 à 12h00 de 13h30 à 17h00","email":"mairie@montlozeregoulet.fr","telephone":"04 66 31 13 83","latitude":44.4864,"longitude":3.73564,"website":"https://www.xn--mont-lozre-et-goulet-w1b.fr/","url":"https://lannuaire.service-public.gouv.fr/occitanie/lozere/105dfffb-70e5-41d9-996d-4cd3c4434907"}
{"nom":"Montrodat","adresse":"16 rue des Manjo-Prunos , 48100 , Montrodat , France","codePostal":"48100","region":"Occitanie","departement":"Lozère","departementCode":"48","horaires":"Du Lundi au Vendredi : de 08h30 à 12h00 de 13h30 à 17h00","email":"mairie.montrodat@wanadoo.fr","telephone":"04 66 32 10 68","latitude":44.5522,"longitude":3.32939,"website":"https://www.montrodat.fr/","url":"https://lannuaire.service-public.gouv.fr/occitanie/lozere/2d454d2f-8596-44e7-b32d-25ec62354b8d"}
{"nom":"Monts-de-Randon","adresse":"Rue de Salassous , 48700 , Monts-de-Randon , France","codePostal":"48700","region":"Occitanie","departement":"Lozère","departementCode":"48","horaires":"Du Lundi au Vendredi : de 08h30 à 12h00 de 13h30 à 17h00","email":"montsderandon@orange.fr","telephone":"04 66 47 33 31","latitude":44.632168,"longitude":3.4788332,"website":"https://www.montsderandon.fr/","url":"https://lannuaire.service-public.gouv.fr/occitanie/lozere/57ffbbb9-f2e6-4ff0-b56f-ea8c8e4c8fd3"}
{"nom":"Nasbinals","adresse":"12 Rue Principale , 48260 , Nasbinals , France","codePostal":"48260","region":"Occitanie","departement":"Lozère","departementCode":"48","horaires":"Du Lundi au Vendredi : de 08h30 à 12h00 de 14h00 à 17h30","email":"mairie@communedenasbinals.fr","telephone":"04 66 32 50 17","latitude":44.66214,"longitude":3.046554,"website":"https://www.nasbinals.fr/","url":"https://lannuaire.service-public.gouv.fr/occitanie/lozere/26c471e2-0666-48f0-9abe-9ef810ece54a"}
{"nom":"Naussac-Fontanes","adresse":"Rue de l'Église , 48300 , Naussac-Fontanes , France","codePostal":"48300","region":"Occitanie","departement":"Lozère","departementCode":"48","horaires":"Le Lundi : de 08h00 à 12h00 de 14h00 à 18h00\nLe Jeudi : de 08h00 à 12h00 de 14h00 à 18h00\n(permanence sur Fontanes 14h-16h)","email":"naussac-fontanes.mairie@orange.fr","telephone":"04 66 69 16 59","latitude":44.726963,"longitude":3.8391151,"website":"http://www.naussacfontanes.fr/","url":"https://lannuaire.service-public.gouv.fr/occitanie/lozere/88457e0e-bf73-4a00-a372-bae3c70bfff3"}
{"nom":"Noalhac","adresse":"Le Bourg , 48310 , Noalhac , France","codePostal":"48310","region":"Occitanie","departement":"Lozère","departementCode":"48","horaires":"Le Jeudi : de 10h00 à 12h00","email":"mairie.noalhac@orange.fr","telephone":"04 66 31 68 64","latitude":44.811592,"longitude":3.108077,"website":"","url":"https://lannuaire.service-public.gouv.fr/occitanie/lozere/ea114236-2cdf-4cb5-9ce1-210309e96d2e"}
{"nom":"Palhers","adresse":"Rue du Val-Jordane , 48100 , Palhers , France","codePostal":"48100","region":"Occitanie","departement":"Lozère","departementCode":"48","horaires":"Le Mardi : de 09h00 à 12h00 de 13h30 à 17h30\nLe Jeudi : de 09h00 à 12h00 de 13h30 à 17h30","email":"palhers.mairie@orange.fr","telephone":"04 66 32 31 17","latitude":44.51973,"longitude":3.29951,"website":"http://www.palhers.fr/","url":"https://lannuaire.service-public.gouv.fr/occitanie/lozere/d621ccd8-acb8-4c4c-8084-edb1fd96d1df"}
{"nom":"Paulhac-en-Margeride","adresse":"Le Village , 48140 , Paulhac-en-Margeride , France","codePostal":"48140","region":"Occitanie","departement":"Lozère","departementCode":"48","horaires":"Le Jeudi : de 14h00 à 17h00\nLe Vendredi : de 09h00 à 12h00","email":"com-paulhac-margeride@orange.fr","telephone":"04 66 31 75 87","latitude":44.9468,"longitude":3.38106,"website":"","url":"https://lannuaire.service-public.gouv.fr/occitanie/lozere/485c74bb-e32a-4fb0-971b-954ccaec0a5a"}
{"nom":"Pelouse","adresse":"35 Rue Sagnelongue , 48000 , Pelouse , France","codePostal":"48000","region":"Occitanie","departement":"Lozère","departementCode":"48","horaires":"Le Lundi : de 13h30 à 17h00\nLe Vendredi : de 13h30 à 17h00","email":"mairie.pelouse@orange.fr","telephone":"04 66 47 70 92","latitude":44.56816,"longitude":3.617014,"website":"","url":"https://lannuaire.service-public.gouv.fr/occitanie/lozere/74713a32-dee7-4ec7-81e3-627a49448566"}
{"nom":"Peyre-en-Aubrac","adresse":"Aumont-Aubrac , 48130 , Peyre en Aubrac , France","codePostal":"48130","region":"Occitanie","departement":"Lozère","departementCode":"48","horaires":"Du Lundi au Jeudi : de 09h00 à 12h00 de 14h00 à 17h00\nLe Vendredi : de 09h00 à 12h00 de 14h00 à 16h30","email":"mairie@peyreenaubrac.fr","telephone":"04 66 42 84 70","latitude":44.708374,"longitude":3.282606,"website":"https://peyreenaubrac.fr/","url":"https://lannuaire.service-public.gouv.fr/occitanie/lozere/679c34d7-4219-4e0a-bad0-198f4aa8bb36"}
{"nom":"Pied-de-Borne","adresse":"90 route des aydons , 48800 , Pied-de-Borne , France","codePostal":"48800","region":"Occitanie","departement":"Lozère","departementCode":"48","horaires":"Du Lundi au Mardi : de 07h30 à 12h00 de 13h30 à 17h00\nLe Mercredi : de 07h30 à 11h30\nLe Jeudi : de 07h30 à 12h00 de 13h30 à 17h00\nLe Vendredi : de 07h30 à 12h00 de 13h30 à 16h00","email":"mairie.pieddeborne@wanadoo.fr","telephone":"04 66 69 82 23","latitude":44.475204,"longitude":3.985122,"website":"","url":"https://lannuaire.service-public.gouv.fr/occitanie/lozere/aa997c0d-a438-4539-a41e-46215806f6f6"}
{"nom":"Pierrefiche","adresse":"Le Bourg , 48300 , Pierrefiche , France","codePostal":"48300","region":"Occitanie","departement":"Lozère","departementCode":"48","horaires":"Le Mardi : de 09h00 à 12h00\nLe Jeudi : de 09h00 à 12h00","email":"secretariat.pierrefiche@orange.fr","telephone":"04 66 69 51 57","latitude":44.6663,"longitude":3.70373,"website":"","url":"https://lannuaire.service-public.gouv.fr/occitanie/lozere/5e3ad837-46a5-457c-a763-0b32c16086c3"}
{"nom":"Pont de Montvert - Sud Mont Lozère","adresse":"Le Pont-de-Montvert , 48220 , Pont de Monvert Sud Mont Lozère , France","codePostal":"48220","region":"Occitanie","departement":"Lozère","departementCode":"48","horaires":"Le Mercredi : de 09h00 à 12h00 de 14h00 à 17h00\nDu Jeudi au Vendredi : de 09h00 à 12h00","email":"accueil@pdmsml.fr","telephone":"04 34 09 06 10","latitude":44.36318,"longitude":3.745267,"website":"https://www.pontdemontvert-sudmontlozere.fr/","url":"https://lannuaire.service-public.gouv.fr/occitanie/lozere/dcfc38b2-59c8-4373-b76a-858053a90399"}
{"nom":"Pourcharesses","adresse":"15 rue de l'Église , 48800 , Villefort , France","codePostal":"48800","region":"Occitanie","departement":"Lozère","departementCode":"48","horaires":"Le Mardi : de 14h00 à 17h00\nDu Jeudi au Vendredi : de 08h30 à 12h00","email":"mairie.pourcharesses@orange.fr","telephone":"04 66 46 89 08","latitude":44.4387,"longitude":3.93303,"website":"","url":"https://lannuaire.service-public.gouv.fr/occitanie/lozere/a348223b-0563-4d82-9699-b1f343627214"}
{"nom":"Prévenchères","adresse":"3 place de l'Église , 48800 , Prévenchères , France","codePostal":"48800","region":"Occitanie","departement":"Lozère","departementCode":"48","horaires":"Du Mardi au Vendredi : de 09h00 à 12h00 de 14h00 à 17h00","email":"mairie@prevencheres.fr","telephone":"04 66 46 01 58","latitude":44.424484,"longitude":3.919669,"website":"http://www.prevencheres.fr/","url":"https://lannuaire.service-public.gouv.fr/occitanie/lozere/311a0e6c-4f7c-4d7f-baf9-509dae3fd69b"}
{"nom":"Mairie déléguée - Prinsuéjols","adresse":"Village Malbouzon , 48100 , Prinsuéjols-Malbouzon , France","codePostal":"48100","region":"Occitanie","departement":"Lozère","departementCode":"48","horaires":"Le Lundi : de 09h00 à 12h30 de 13h30 à 17h00\nLe Jeudi : de 09h00 à 12h30 de 13h30 à 17h00","email":"mairie.prinsuejolsmalbouzon@orange.fr","telephone":"04 66 32 53 20","latitude":44.678745,"longitude":3.168713,"website":"","url":"https://lannuaire.service-public.gouv.fr/occitanie/lozere/dd8a4f07-0e01-4549-bc54-9050c5073916"}
{"nom":"Prinsuéjols-Malbouzon","adresse":"village de Malbouzon , 48100 , Prinsuéjols-Malbouzon , France","codePostal":"48100","region":"Occitanie","departement":"Lozère","departementCode":"48","horaires":"Le Lundi : de 09h00 à 12h30 de 13h30 à 17h00\nLe Jeudi : de 09h00 à 12h30 de 13h30 à 17h00","email":"mairie.prinsuejolsmalbouzon@orange.fr","telephone":"04 66 32 53 20","latitude":44.5229,"longitude":3.2665,"website":"","url":"https://lannuaire.service-public.gouv.fr/occitanie/lozere/051e883c-2ef7-4784-b163-5c3c280ba1be"}
{"nom":"Prunières","adresse":"Le Bourg , 48200 , Prunières , France","codePostal":"48200","region":"Occitanie","departement":"Lozère","departementCode":"48","horaires":"Le Mardi : de 13h30 à 17h30\nLe Vendredi : de 13h30 à 17h30","email":"mairie.prunieres@wanadoo.fr","telephone":"04 66 31 08 77","latitude":44.826664,"longitude":3.342207,"website":"http://www.prunieres-apcher.fr/","url":"https://lannuaire.service-public.gouv.fr/occitanie/lozere/7ebeadfd-3206-4fbc-a5b8-aae2f04e5675"}
{"nom":"Mairie déléguée - Quézac","adresse":"Quézac , 48320 , Gorges du Tarn Causses , France","codePostal":"48320","region":"Occitanie","departement":"Lozère","departementCode":"48","horaires":"Du Lundi au Mardi : de 08h00 à 12h00 de 13h30 à 17h00\nLe Jeudi : de 08h00 à 12h00\nLe Vendredi : de 08h00 à 12h00 de 13h30 à 17h00","email":"mairie.quezac@wanadoo.fr","telephone":"04 66 44 21 26","latitude":44.371384,"longitude":3.524454,"website":"https://www.gorgesdutarn-causses.fr/","url":"https://lannuaire.service-public.gouv.fr/occitanie/lozere/251ae230-8b26-4012-82a1-d5da81685f6e"}
{"nom":"Recoules-d'Aubrac","adresse":"Place de la Mairie , 48260 , Recoules-d'Aubrac , France","codePostal":"48260","region":"Occitanie","departement":"Lozère","departementCode":"48","horaires":"Le Mardi : de 14h00 à 16h00\nLe Jeudi : de 14h00 à 16h00","email":"mairie.recoules.aubrac@orange.fr","telephone":"04 66 32 52 14","latitude":44.692356,"longitude":3.024565,"website":"","url":"https://lannuaire.service-public.gouv.fr/occitanie/lozere/853af5a7-8b48-413b-b054-f72f73d9122d"}
{"nom":"Recoules-de-Fumas","adresse":"2 route du Pont-du-Sucre , 48100 , Recoules-de-Fumas , France","codePostal":"48100","region":"Occitanie","departement":"Lozère","departementCode":"48","horaires":"Le Lundi : de 08h30 à 12h30 de 13h30 à 16h30\nLe Mercredi : de 08h30 à 12h30 de 13h30 à 16h30","email":"commune-recoules-de-fumas@orange.fr","telephone":"04 66 42 91 34","latitude":44.64666,"longitude":3.335488,"website":"https://www.recoules-de-fumas.fr/","url":"https://lannuaire.service-public.gouv.fr/occitanie/lozere/cc732f40-9e06-4174-ae89-631b7a3dc0bd"}
{"nom":"Rimeize","adresse":"6 avenue de la Mairie , 48200 , Rimeize , France","codePostal":"48200","region":"Occitanie","departement":"Lozère","departementCode":"48","horaires":"Le Lundi : de 09h00 à 12h00 de 13h30 à 17h00\nLe Mardi : de 08h00 à 12h00 de 13h30 à 17h00\nDu Jeudi au Vendredi : de 08h00 à 12h00 de 13h30 à 17h00\nLe Samedi : de 09h00 à 12h00","email":"mairie.rimeize@wanadoo.fr","telephone":"04 66 31 08 20","latitude":44.76632,"longitude":3.324912,"website":"https://www.rimeize.fr/","url":"https://lannuaire.service-public.gouv.fr/occitanie/lozere/232089a5-5b14-4c4a-ba51-8cb06068f34f"}
{"nom":"Rocles","adresse":"Le Village , 48300 , Rocles , France","codePostal":"48300","region":"Occitanie","departement":"Lozère","departementCode":"48","horaires":"Du Lundi au Vendredi : de 08h00 à 12h00","email":"mairie-rocles@wanadoo.fr","telephone":"04 66 69 50 44","latitude":44.713776,"longitude":3.781326,"website":"","url":"https://lannuaire.service-public.gouv.fr/occitanie/lozere/279bad4e-bfc5-4a99-8184-cd259f1d8f8f"}
{"nom":"Rousses","adresse":"Le Village , 48400 , Rousses , France","codePostal":"48400","region":"Occitanie","departement":"Lozère","departementCode":"48","horaires":"Le Mercredi : de 09h30 à 12h30 de 14h00 à 17h30\nLe Vendredi : de 09h30 à 12h30 de 14h00 à 16h00\n\nSecrétariat ouvert le mercredi de 9h30 à 12h30 et de 14h à 17h30 pour Juillet et Août","email":"communederousses@wanadoo.fr","telephone":"04 66 44 08 74","latitude":44.20622,"longitude":3.593121,"website":"https://communederousses.fr/","url":"https://lannuaire.service-public.gouv.fr/occitanie/lozere/9a70ecb3-e049-4bde-ac78-10e7b0cf15f6"}
{"nom":"Saint-Alban-sur-Limagnole","adresse":"Place du Breuil , 48120 , Saint-Alban-sur-Limagnole , France","codePostal":"48120","region":"Occitanie","departement":"Lozère","departementCode":"48","horaires":"Du Lundi au Mardi : de 09h00 à 12h00 de 14h00 à 17h00\nDu Jeudi au Vendredi : de 09h00 à 12h00 de 14h00 à 17h00\nLe Samedi : de 09h00 à 12h00","email":"mairie.stalban48@orange.fr","telephone":"04 66 31 50 29","latitude":44.7816,"longitude":3.38645,"website":"https://www.stalbansurlimagnole.fr/","url":"https://lannuaire.service-public.gouv.fr/occitanie/lozere/ba9cd685-80da-45ef-ac82-23f4e990c342"}
{"nom":"Saint-André-Capcèze","adresse":"Le Village , 48800 , Saint-André-Capcèze , France","codePostal":"48800","region":"Occitanie","departement":"Lozère","departementCode":"48","horaires":"Le Mardi : de 10h30 à 12h00\nLe Jeudi : de 15h30 à 16h30","email":"mairie.standrecapceze@wanadoo.fr","telephone":"04 66 46 86 25","latitude":44.416504,"longitude":3.948765,"website":"","url":"https://lannuaire.service-public.gouv.fr/occitanie/lozere/7c89e7c4-1039-4b42-b0ab-709369060194"}
{"nom":"Saint-André-de-Lancize","adresse":"Le Village , 48240 , Saint-André-de-Lancize , France","codePostal":"48240","region":"Occitanie","departement":"Lozère","departementCode":"48","horaires":"Le Lundi : de 14h00 à 17h30\nLe Jeudi : de 14h00 à 17h30","email":"mairie@st-andredelancize.net","telephone":"04 66 45 90 97","latitude":44.2766,"longitude":3.83973,"website":"","url":"https://lannuaire.service-public.gouv.fr/occitanie/lozere/9284b6eb-5b8b-4198-a834-ccd43fcb987a"}
{"nom":"Saint-Bauzile","adresse":"226 route du Causse , 48000 , Saint-Bauzile , France","codePostal":"48000","region":"Occitanie","departement":"Lozère","departementCode":"48","horaires":"Du Lundi au Jeudi : de 08h30 à 12h00 de 13h30 à 17h00\nLe Vendredi : de 08h30 à 12h30 de 14h00 à 16h30","email":"mairiedestbauzile@wanadoo.fr","telephone":"04 66 47 00 45","latitude":44.48192,"longitude":3.503033,"website":"https://www.saint-bauzile.fr/","url":"https://lannuaire.service-public.gouv.fr/occitanie/lozere/8c16f1a7-d9c1-4a5a-82b5-5b75d0b8ae7e"}
{"nom":"Saint-Bonnet-de-Chirac","adresse":"Les Bories , 48100 , Saint-Bonnet-de-Chirac , France","codePostal":"48100","region":"Occitanie","departement":"Lozère","departementCode":"48","horaires":"Le Mardi : de 14h00 à 16h00","email":"mairiestbonnetdechirac@orange.fr","telephone":"04 66 32 79 55","latitude":44.5088,"longitude":3.27851,"website":"","url":"https://lannuaire.service-public.gouv.fr/occitanie/lozere/652b8aee-8530-49a5-a6bf-18470e30e96e"}
{"nom":"Saint-Bonnet-Laval","adresse":"Le Village , 48600 , Saint-Bonnet-Laval , France","codePostal":"48600","region":"Occitanie","departement":"Lozère","departementCode":"48","horaires":"Du Mardi au Mercredi : de 08h00 à 12h00 de 13h00 à 17h00\n\nSaint Bonnet de Montauroux\nLe Vendredi : de 08h00 à 12h00 de 13h00 à 17h00","email":"mairie.stbonnetlaval@gmail.com","telephone":"04 66 46 41 52","latitude":44.81612,"longitude":3.71856,"website":"https://www.saint-bonnet-laval.fr/","url":"https://lannuaire.service-public.gouv.fr/occitanie/lozere/58076556-6dad-43fa-8ba3-aaf8c187f856"}
{"nom":"Saint-Chély-d'Apcher","adresse":"67 rue Théophile-Roussel , 48200 , Saint-Chély-d'Apcher , France","codePostal":"48200","region":"Occitanie","departement":"Lozère","departementCode":"48","horaires":"Du Lundi au Jeudi : de 08h30 à 12h00 de 13h30 à 17h30\nLe Vendredi : de 08h30 à 12h00 de 13h30 à 17h00","email":"mairie@stchelydapcher.fr","telephone":"04 66 31 00 67","latitude":44.802773,"longitude":3.275655,"website":"https://www.stchelydapcher.fr/","url":"https://lannuaire.service-public.gouv.fr/occitanie/lozere/713e1489-26a0-4731-b101-6bff27604cf6"}
{"nom":"Saint-Denis-en-Margeride","adresse":"73 rue du Barry , 48700 , Saint-Denis-en-Margeride , France","codePostal":"48700","region":"Occitanie","departement":"Lozère","departementCode":"48","horaires":"Du Lundi au Mardi : de 09h00 à 12h00","email":"mairiestdenismargeride@orange.fr","telephone":"04 66 47 38 66","latitude":44.735916,"longitude":3.471144,"website":"","url":"https://lannuaire.service-public.gouv.fr/occitanie/lozere/bf0487a6-062f-4522-8ae9-04f540bc0641"}
{"nom":"Mairie déléguée - Sainte-Colombe-de-Peyre","adresse":"Sainte-Colombe-de-Peyre , 48130 , Peyre en Aubrac , France","codePostal":"48130","region":"Occitanie","departement":"Lozère","departementCode":"48","horaires":"Le Lundi : de 14h00 à 15h30\nLe Jeudi : de 14h00 à 15h30","email":"mairie.stecolombepeyre@orange.fr","telephone":"04 66 42 83 08","latitude":44.69056,"longitude":3.239612,"website":"https://peyreenaubrac.fr/","url":"https://lannuaire.service-public.gouv.fr/occitanie/lozere/0f8faf53-bf80-4d92-9e7b-50328c3eb858"}
{"nom":"Sainte-Croix-Vallée-Française","adresse":"Le Village , 48110 , Sainte-Croix-Vallée-Française , France","codePostal":"48110","region":"Occitanie","departement":"Lozère","departementCode":"48","horaires":"Du Lundi au Mardi : de 10h00 à 12h00 de 16h00 à 17h30\nDu Jeudi au Vendredi : de 10h00 à 12h00","email":"sainte-croix-vf.mairie@wanadoo.fr","telephone":"04 66 44 70 50","latitude":44.18041,"longitude":3.740514,"website":"","url":"https://lannuaire.service-public.gouv.fr/occitanie/lozere/147d0e08-197e-449e-85ba-b986b1828f60"}
{"nom":"Sainte Eulalie","adresse":"Village , 48120 , Sainte-Eulalie , France","codePostal":"48120","region":"Occitanie","departement":"Lozère","departementCode":"48","horaires":"Le Mardi : de 14h00 à 16h00\nLe Jeudi : de 08h00 à 12h00","email":"commune-ste-eulalie@orange.fr","telephone":"04 66 31 57 58","latitude":44.791172,"longitude":3.46601,"website":"","url":"https://lannuaire.service-public.gouv.fr/occitanie/lozere/35988a16-3114-4d64-9230-0a3aa2a207f7"}
{"nom":"Sainte-Hélène","adresse":"Le Village , 48190 , Sainte-Hélène , France","codePostal":"48190","region":"Occitanie","departement":"Lozère","departementCode":"48","horaires":"Le Jeudi : de 10h00 à 12h00","email":"mairie.saintehelene@wanadoo.fr","telephone":"04 66 47 61 06","latitude":44.519222,"longitude":3.603143,"website":"","url":"https://lannuaire.service-public.gouv.fr/occitanie/lozere/03945fa3-83f8-403b-81aa-0dcacec123c2"}
{"nom":"Saint-Étienne-du-Valdonnez","adresse":"Place de la Mairie , 48000 , Saint-Étienne-du-Valdonnez , France","codePostal":"48000","region":"Occitanie","departement":"Lozère","departementCode":"48","horaires":"Le Lundi : de 09h00 à 12h00 de 13h30 à 17h00\nLe Mercredi : de 13h30 à 17h00\nLe Jeudi : de 13h30 à 17h00\nLe Vendredi : de 09h00 à 12h00 de 13h30 à 17h00","email":"mairie.valdonnez@orange.fr","telephone":"04 66 48 01 66","latitude":44.455322,"longitude":3.561383,"website":"http://www.saint-etienne-du-valdonnez.fr/","url":"https://lannuaire.service-public.gouv.fr/occitanie/lozere/b63f0050-0c8f-4d3f-807a-8a54cc89975b"}
{"nom":"Saint-Étienne-Vallée-Française","adresse":"Les Prats , 48330 , Saint-Étienne-Vallée-Française , France","codePostal":"48330","region":"Occitanie","departement":"Lozère","departementCode":"48","horaires":"Du Lundi au Mardi : de 09h00 à 12h00\nDu Jeudi au Vendredi : de 09h00 à 12h00","email":"mairie.stevf@wanadoo.fr","telephone":"04 66 45 70 02","latitude":44.16601,"longitude":3.840406,"website":"","url":"https://lannuaire.service-public.gouv.fr/occitanie/lozere/0b0636a8-bb14-4bbb-bf1b-4b9a1e23dcee"}
{"nom":"Saint-Flour-de-Mercoire","adresse":"Le Village , 48300 , Saint-Flour-de-Mercoire , France","codePostal":"48300","region":"Occitanie","departement":"Lozère","departementCode":"48","horaires":"Le Mardi : de 08h00 à 12h00 de 13h30 à 16h30\nLe Vendredi : de 08h00 à 12h00","email":"mairie.st.flour.mercoire@wanadoo.fr","telephone":"04 66 69 01 71","latitude":44.69586,"longitude":3.825703,"website":"","url":"https://lannuaire.service-public.gouv.fr/occitanie/lozere/f0fd1b7b-0446-483f-ad3c-482b1c09459f"}
{"nom":"Saint-Frézal-d'Albuges","adresse":"Chazeaux , 48170 , Saint-Frézal-d'Albuges , France","codePostal":"48170","region":"Occitanie","departement":"Lozère","departementCode":"48","horaires":"Le Jeudi : de 08h00 à 17h00","email":"mairie.stfrezaldalbuges@wanadoo.fr","telephone":"04 66 47 95 36","latitude":44.56841,"longitude":3.755446,"website":"","url":"https://lannuaire.service-public.gouv.fr/occitanie/lozere/918c074b-aea0-44f2-8fbd-78012dce79c3"}
{"nom":"Saint-Gal","adresse":"Le Village , 48700 , Saint-Gal , France","codePostal":"48700","region":"Occitanie","departement":"Lozère","departementCode":"48","horaires":"Le Lundi : de 09h00 à 12h00 de 13h00 à 19h00\nLe Jeudi : de 09h00 à 12h00","email":"communedestgal@orange.fr","telephone":"04 66 47 36 57","latitude":44.669544,"longitude":3.424547,"website":"","url":"https://lannuaire.service-public.gouv.fr/occitanie/lozere/6493db4b-7a67-4e98-a4cc-8e6664ce6d12"}
{"nom":"Saint-Germain-de-Calberte","adresse":"Le Village , 48370 , Saint-Germain-de-Calberte , France","codePostal":"48370","region":"Occitanie","departement":"Lozère","departementCode":"48","horaires":"Le Lundi : de 09h00 à 12h30\nDu Mardi au Mercredi : de 09h30 à 12h30 de 14h00 à 17h30\nLe Vendredi : de 09h30 à 12h30 de 14h00 à 17h30","email":"mairie@st-germain.net","telephone":"04 66 45 90 06","latitude":44.2766,"longitude":3.83973,"website":"","url":"https://lannuaire.service-public.gouv.fr/occitanie/lozere/a4af73ac-6cdd-4b23-b6e8-5966f0ae9a3a"}
{"nom":"Saint-Germain-du-Teil","adresse":"8 place de Layral , 48340 , Saint-Germain-du-Teil , France","codePostal":"48340","region":"Occitanie","departement":"Lozère","departementCode":"48","horaires":"Le Lundi : de 08h00 à 12h00\nLe Mardi : de 08h00 à 12h00 de 13h30 à 17h30\nLe Mercredi : de 08h00 à 12h00\nLe Jeudi : de 08h00 à 12h00 de 13h30 à 17h30\nLe Vendredi : de 08h00 à 12h00 de 13h30 à 16h30","email":"mairiestgermainduteil@wanadoo.fr","telephone":"04 66 32 60 16","latitude":44.479683,"longitude":3.1710227,"website":"https://stgermainduteil.fr/","url":"https://lannuaire.service-public.gouv.fr/occitanie/lozere/2242c7a0-8e11-4835-9bae-bda607be9a27"}
{"nom":"Saint-Hilaire-de-Lavit","adresse":"Village , 48160 , Saint-Hilaire-de-Lavit , France","codePostal":"48160","region":"Occitanie","departement":"Lozère","departementCode":"48","horaires":"Le Mardi : de 14h00 à 16h30\nLe Vendredi : de 14h00 à 16h30","email":"mairie.sthilairedelavit@wanadoo.fr","telephone":"04 66 45 50 63","latitude":44.254448,"longitude":3.865119,"website":"","url":"https://lannuaire.service-public.gouv.fr/occitanie/lozere/42e050c7-295f-4e20-a78e-1616eb4ec5b5"}
{"nom":"Saint-Jean-la-Fouillouse","adresse":"Le Village , 48170 , Saint-Jean-la-Fouillouse , France","codePostal":"48170","region":"Occitanie","departement":"Lozère","departementCode":"48","horaires":"Le Mardi : de 13h00 à 17h00\nLe Vendredi : de 09h00 à 12h00","email":"secretariat-st-jean-fouillouse@orange.fr","telephone":"04 66 69 55 29","latitude":44.7,"longitude":3.69053,"website":"","url":"https://lannuaire.service-public.gouv.fr/occitanie/lozere/e3e5f8f3-6dd6-422c-9c0e-2d167849a0c8"}
{"nom":"Saint-Juéry","adresse":"Le Village , 48310 , Saint-Juéry , France","codePostal":"48310","region":"Occitanie","departement":"Lozère","departementCode":"48","horaires":"Le Mardi : de 09h00 à 13h00","email":"mairiesaintjuery@orange.fr","telephone":"04 66 31 20 58","latitude":44.827522,"longitude":3.085957,"website":"","url":"https://lannuaire.service-public.gouv.fr/occitanie/lozere/58fc631a-19c4-49c3-a96d-9192c9fd8ea1"}
{"nom":"Saint-Julien-des-Points","adresse":"La Lèche , 48160 , Saint-Julien-des-Points , France","codePostal":"48160","region":"Occitanie","departement":"Lozère","departementCode":"48","horaires":"Le Lundi : de 09h00 à 13h00\nLe Vendredi : de 09h00 à 13h00","email":"saint-julien-des-points@wanadoo.fr","telephone":"04 66 45 53 02","latitude":44.2549,"longitude":3.96493,"website":"","url":"https://lannuaire.service-public.gouv.fr/occitanie/lozere/b6f153fc-f1ae-41b1-8ea9-2008b2277a69"}
{"nom":"Mairie déléguée - Saint-Julien-du-Tournel","adresse":"Saint-Julien-du-Tournel , 48190 , Mont Lozère et Goulet , France","codePostal":"48190","region":"Occitanie","departement":"Lozère","departementCode":"48","horaires":"Du Lundi au Mardi : de 09h00 à 12h00 de 12h30 à 16h45\nLe Jeudi : de 09h00 à 12h00 de 12h30 à 16h45","email":"st-julien.du.tournel@wanadoo.fr","telephone":"04 66 47 67 12","latitude":44.50099,"longitude":3.684404,"website":"http://www.bleymard-montlozere.com/commune/stjuliendutournel.html","url":"https://lannuaire.service-public.gouv.fr/occitanie/lozere/e966c400-5c68-4f06-ad8e-593dd50b5678"}
{"nom":"Saint-Laurent-de-Muret","adresse":"Le Bourg , 48100 , Saint-Laurent-de-Muret , France","codePostal":"48100","region":"Occitanie","departement":"Lozère","departementCode":"48","horaires":"Le Mardi : de 09h00 à 11h30\nLe Mercredi : de 14h00 à 17h00\nLe Jeudi : de 14h00 à 19h00","email":"mairie.st.laurent.le.muret@wanadoo.fr","telephone":"04 66 32 20 40","latitude":44.602013,"longitude":3.207575,"website":"http://www.mairiestlaurentlem.wixsite.com/saintlaurentdemuret","url":"https://lannuaire.service-public.gouv.fr/occitanie/lozere/130d727e-1c38-41c6-bde8-82652dfd1158"}
{"nom":"Saint-Laurent-de-Veyrès","adresse":"Village , 48310 , Saint-Laurent-de-Veyrès , France","codePostal":"48310","region":"Occitanie","departement":"Lozère","departementCode":"48","horaires":"Le Lundi : de 14h00 à 17h00","email":"mairie.st.laurent.de.veyres@wanadoo.fr","telephone":"04 66 31 68 56","latitude":44.77266,"longitude":3.133173,"website":"","url":"https://lannuaire.service-public.gouv.fr/occitanie/lozere/5ecc7304-e333-4e10-8500-0ec00ac3142c"}
{"nom":"Saint-Léger-de-Peyre","adresse":"Le Village , 48100 , Saint-Léger-de-Peyre , France","codePostal":"48100","region":"Occitanie","departement":"Lozère","departementCode":"48","horaires":"Du Lundi au Mardi : de 08h30 à 12h00","email":"commune.stlegerdepeyre@wanadoo.fr","telephone":"04 66 32 13 06","latitude":44.593803,"longitude":3.302648,"website":"","url":"https://lannuaire.service-public.gouv.fr/occitanie/lozere/ef8e1af1-ab3c-414c-8486-d3916cbc46a2"}
{"nom":"Saint-Léger-du-Malzieu","adresse":"Le Village , 48140 , Saint-Léger-du-Malzieu , France","codePostal":"48140","region":"Occitanie","departement":"Lozère","departementCode":"48","horaires":"Le Mardi : de 09h00 à 12h00 de 14h00 à 16h00\nLe Vendredi : de 13h30 à 17h30","email":"mairie.stlegerdumalzieu@wanadoo.fr","telephone":"04 66 31 77 75","latitude":44.88849,"longitude":3.31341,"website":"","url":"https://lannuaire.service-public.gouv.fr/occitanie/lozere/c6b6500d-0939-4149-b702-b3de1ed30508"}
{"nom":"Saint-Martin-de-Boubaux","adresse":"Le Village , 48160 , Saint-Martin-de-Boubaux , France","codePostal":"48160","region":"Occitanie","departement":"Lozère","departementCode":"48","horaires":"Le Mardi : de 09h00 à 12h00 de 14h00 à 18h00\nLe Vendredi : de 08h00 à 12h00 de 14h00 à 18h00","email":"mairie-st-martin-boubaux@wanadoo.fr","telephone":"04 66 45 55 97","latitude":44.200214,"longitude":3.922162,"website":"https://saintmartindeboubaux.fr/","url":"https://lannuaire.service-public.gouv.fr/occitanie/lozere/25ac42ec-7704-4dd0-ae45-e149564e0282"}
{"nom":"Saint-Martin-de-Lansuscle","adresse":"Le Village , 48110 , Saint-Martin-de-Lansuscle , France","codePostal":"48110","region":"Occitanie","departement":"Lozère","departementCode":"48","horaires":"Du Mardi au Jeudi : de 09h00 à 12h00","email":"stmartinmairie@wanadoo.fr","telephone":"04 66 45 92 84","latitude":44.216774,"longitude":3.753235,"website":"","url":"https://lannuaire.service-public.gouv.fr/occitanie/lozere/7e62e030-2d78-45f7-80b2-146b7c6ac018"}
{"nom":"Saint-Michel-de-Dèze","adresse":"Le Village , 48160 , Saint-Michel-de-Dèze , France","codePostal":"48160","region":"Occitanie","departement":"Lozère","departementCode":"48","horaires":"Le Mardi : de 10h00 à 12h00\nLe Jeudi : de 14h00 à 16h00","email":"mairie.stmicheldedeze@orange.fr","telephone":"04 66 45 51 83","latitude":44.238914,"longitude":3.891047,"website":"http://www.stmicheldedeze.fr/","url":"https://lannuaire.service-public.gouv.fr/occitanie/lozere/9229d386-02b8-40bc-a637-ede82c2cf186"}
{"nom":"Saint-Paul-le-Froid","adresse":"Chayla d'Ance , 48600 , Saint-Paul-le-Froid , France","codePostal":"48600","region":"Occitanie","departement":"Lozère","departementCode":"48","horaires":"Le Lundi : de 09h00 à 16h30","email":"mairiestpaullefroid@orange.fr","telephone":"04 66 46 40 33","latitude":44.791264,"longitude":3.572143,"website":"","url":"https://lannuaire.service-public.gouv.fr/occitanie/lozere/e481e102-1f6f-40a8-92bb-2e3e817cded4"}
{"nom":"Saint-Pierre-de-Nogaret","adresse":"Nogardel , 48340 , Saint-Pierre-de-Nogaret , France","codePostal":"48340","region":"Occitanie","departement":"Lozère","departementCode":"48","horaires":"Le Mardi : de 13h30 à 17h30\nLe Jeudi : de 08h30 à 12h00","email":"mairie.st-pierre-nogaret.48@wanadoo.fr","telephone":"04 66 32 64 08","latitude":44.46229,"longitude":3.1364992,"website":"","url":"https://lannuaire.service-public.gouv.fr/occitanie/lozere/fd88fe69-3ba7-4aa5-8c90-197df87b4ee0"}
{"nom":"Saint-Pierre-des-Tripiers","adresse":"Le Truel , 48150 , Saint-Pierre-des-Tripiers , France","codePostal":"48150","region":"Occitanie","departement":"Lozère","departementCode":"48","horaires":"Le Vendredi : de 15h00 à 17h00","email":"mairie.saintpierredestripiers@orange.fr","telephone":"05 65 62 66 77","latitude":44.19978,"longitude":3.25849,"website":"","url":"https://lannuaire.service-public.gouv.fr/occitanie/lozere/9cd86d5b-7ef9-4643-8c0b-ef3448d1a9b7"}
{"nom":"Saint-Pierre-le-Vieux","adresse":"Vareilles , 48200 , Saint-Pierre-le-Vieux , France","codePostal":"48200","region":"Occitanie","departement":"Lozère","departementCode":"48","horaires":"Le Lundi : de 09h00 à 12h00\nLe Mercredi : de 13h30 à 18h00\nLe Vendredi : de 09h00 à 12h00","email":"mairiestpierrelevieux@wanadoo.fr","telephone":"04 66 31 80 08","latitude":44.847664,"longitude":3.308826,"website":"http://saint-pierrelevieux48200.blogspot.com/","url":"https://lannuaire.service-public.gouv.fr/occitanie/lozere/6f801727-2726-4891-b541-c15abf88a110"}
{"nom":"Saint-Privat-de-Fau","adresse":"Le Bourg , 48140 , Saint-Privat-du-Fau , France","codePostal":"48140","region":"Occitanie","departement":"Lozère","departementCode":"48","horaires":"Le Lundi : de 08h45 à 11h45\nLe Jeudi : de 13h45 à 16h45","email":"communestprivatdufau@orange.fr","telephone":"04 66 31 81 55","latitude":44.91693,"longitude":3.341451,"website":"","url":"https://lannuaire.service-public.gouv.fr/occitanie/lozere/9b808754-adba-45ef-be1a-d9da3020f86f"}
{"nom":"Saint-Privat-de-Vallongue","adresse":"La Combe , 48240 , Saint-Privat-de-Vallongue , France","codePostal":"48240","region":"Occitanie","departement":"Lozère","departementCode":"48","horaires":"Du Lundi au Vendredi : de 09h00 à 12h00","email":"mairie@stprivatdevallongue.fr","telephone":"04 66 45 51 13","latitude":44.27828,"longitude":3.83646,"website":"https://stprivatdevallongue.fr/","url":"https://lannuaire.service-public.gouv.fr/occitanie/lozere/bdba43a6-591e-4034-a5cf-4aa90c15fee9"}
{"nom":"Saint-Saturnin","adresse":"Le Village , 48500 , Saint-Saturnin , France","codePostal":"48500","region":"Occitanie","departement":"Lozère","departementCode":"48","horaires":"Le Vendredi : de 10h00 à 12h00 de 14h00 à 16h00","email":"commune-de-st-saturnin@orange.fr","telephone":"04 66 32 93 20","latitude":44.411682,"longitude":3.188662,"website":"https://www.saint-saturnin.lozere.sitew.com/","url":"https://lannuaire.service-public.gouv.fr/occitanie/lozere/4f25e0fe-0f16-4abb-a3e4-338a380a7f1c"}
{"nom":"Saint-Sauveur-de-Ginestoux","adresse":"10 route de Saint Sauveur , 48170 , Saint-Sauveur-de-Ginestoux , France","codePostal":"48170","region":"Occitanie","departement":"Lozère","departementCode":"48","horaires":"Le Mardi : de 09h00 à 12h00 de 13h00 à 16h30","email":"mairie.st.sauveur.de.gtx@wanadoo.fr","telephone":"04 66 47 91 92","latitude":44.70546,"longitude":3.60706,"website":"","url":"https://lannuaire.service-public.gouv.fr/occitanie/lozere/c678901a-4955-4527-b1af-482f3ba593d3"}
{"nom":"Mairie déléguée - Saint-Sauveur-de-Peyre","adresse":"Saint-Sauveur-de-Peyre , 48130 , Peyre en Aubrac , France","codePostal":"48130","region":"Occitanie","departement":"Lozère","departementCode":"48","horaires":"Le Mercredi : de 10h00 à 12h00","email":"mairie.stsauveurdepeyre@orange.fr","telephone":"04 66 42 85 14","latitude":44.65888,"longitude":3.287693,"website":"https://www.saintsauveurdepeyre.fr/","url":"https://lannuaire.service-public.gouv.fr/occitanie/lozere/8d837f0f-488f-49da-9890-5a883fb0d535"}
{"nom":"Mairie déléguée - Saint-Symphorien","adresse":"Saint-Symphorien , 48600 , Bel-Air-Val-d'Ance , France","codePostal":"48600","region":"Occitanie","departement":"Lozère","departementCode":"48","horaires":"Du Jeudi au Vendredi : de 14h00 à 16h00","email":"mairie.belairvaldance@gmail.com","telephone":"04 66 46 33 08","latitude":44.839348,"longitude":3.625658,"website":"https://belairvaldance.com/","url":"https://lannuaire.service-public.gouv.fr/occitanie/lozere/2aeffd87-6b71-4b63-8495-83df081adc67"}
{"nom":"Serverette","adresse":"Route Principale , 48700 , Serverette , France","codePostal":"48700","region":"Occitanie","departement":"Lozère","departementCode":"48","horaires":"Le Lundi : de 10h00 à 12h00\nLe Mardi : de 15h00 à 17h00","email":"mairie.serverette@gmail.com","telephone":"04 66 48 30 36","latitude":44.7049,"longitude":3.386029,"website":"http://www.serverette.fr/","url":"https://lannuaire.service-public.gouv.fr/occitanie/lozere/61a10b8e-f0a8-4d1f-92c2-730fee6c7fea"}
{"nom":"Termes","adresse":"Le Village , 48310 , Termes , France","codePostal":"48310","region":"Occitanie","departement":"Lozère","departementCode":"48","horaires":"Le Mercredi : de 09h00 à 12h00\nLe Vendredi : de 09h00 à 12h00","email":"mairie.termes.48@orange.fr","telephone":"04 66 31 62 52","latitude":44.81169,"longitude":3.166533,"website":"","url":"https://lannuaire.service-public.gouv.fr/occitanie/lozere/72679f7a-9c8e-480f-b438-c69d1e7fd78e"}
{"nom":"Trélans","adresse":"Le Village , 48340 , Trélans , France","codePostal":"48340","region":"Occitanie","departement":"Lozère","departementCode":"48","horaires":"Le Lundi : de 09h00 à 17h30\nLe Jeudi : de 09h00 à 12h00","email":"commune-de-trelans@orange.fr","telephone":"04 66 32 61 24","latitude":44.49927,"longitude":3.092235,"website":"","url":"https://lannuaire.service-public.gouv.fr/occitanie/lozere/59006616-f9d1-45b1-9962-c0c2a64848de"}
{"nom":"Vebron","adresse":"Le Village , 48400 , Vebron , France","codePostal":"48400","region":"Occitanie","departement":"Lozère","departementCode":"48","horaires":"Le Lundi : de 09h00 à 12h30 de 14h00 à 17h00\nLe Mardi : de 08h30 à 12h30 de 14h00 à 17h00\nLe Mercredi : de 08h30 à 12h00","email":"mairie.vebron@wanadoo.fr","telephone":"04 66 44 00 18","latitude":44.23914,"longitude":3.578578,"website":"https://www.mairievebron.fr/","url":"https://lannuaire.service-public.gouv.fr/occitanie/lozere/f3ecd4fe-89b2-4986-8ffd-87363df42d14"}
{"nom":"Ventalon-en-Cévennes","adresse":"Le Géripon , 48240 , Ventalon-en-Cévennes , France","codePostal":"48240","region":"Occitanie","departement":"Lozère","departementCode":"48","horaires":"Les lundis, mardis et jeudis sur rendez-vous.","email":"mairie.ventalon@gmail.com","telephone":"04 66 45 56 15","latitude":44.2853,"longitude":3.85529,"website":"https://ventalon.fr/","url":"https://lannuaire.service-public.gouv.fr/occitanie/lozere/b7f7fdcc-9801-468e-930f-dc0ad2317b27"}
{"nom":"Vialas","adresse":"134 rue Basse , 48220 , Vialas , France","codePostal":"48220","region":"Occitanie","departement":"Lozère","departementCode":"48","horaires":"Du Lundi au Vendredi : de 08h30 à 12h00","email":"contact@mairievialas.fr","telephone":"04 66 41 00 05","latitude":44.334137,"longitude":3.8968644,"website":"https://mairievialas.fr/","url":"https://lannuaire.service-public.gouv.fr/occitanie/lozere/9685689b-7353-44b7-8671-21f8821ae1b4"}
{"nom":"Villefort","adresse":"19 rue de l'Église , 48800 , Villefort , France","codePostal":"48800","region":"Occitanie","departement":"Lozère","departementCode":"48","horaires":"Du Lundi au Vendredi : de 09h00 à 12h00 de 13h30 à 17h00","email":"contact@mairievillefort.com","telephone":"04 66 46 80 26","latitude":44.438442,"longitude":3.932879,"website":"https://www.mairievillefort.com/","url":"https://lannuaire.service-public.gouv.fr/occitanie/lozere/cc7d3e35-bb78-46b1-851d-34ea8155a0db"}
