{"nom":"Paris - 10e arrondissement","adresse":"72 rue du Faubourg-Saint-Martin , 75010 , Paris , France","codePostal":"75010","region":"Île-de-France","departement":"Paris","departementCode":"75","horaires":"Le Lundi : de 08h30 à 17h00\nLe Mardi : de 10h30 à 17h00\nLe Mercredi : de 08h30 à 17h00\nLe Jeudi : de 08h30 à 19h30\nLe Vendredi : de 08h30 à 17h00\nLe Samedi : de 09h30 à 12h30\n\nAccueil ouvert uniquement pour les reconnaissances de paternité ainsi que les déclarations de naissance et de décès","email":"ddct-ma10-accueil@paris.fr","telephone":"01 53 72 10 10","latitude":48.871784,"longitude":2.357383,"website":"https://mairie10.paris.fr/","url":"https://lannuaire.service-public.gouv.fr/ile-de-france/paris/48ff8263-27f0-4e53-bcf8-103688dba80e"}
{"nom":"Paris - 11e arrondissement","adresse":"12 place Léon-Blum , 75011 , Paris , France","codePostal":"75011","region":"Île-de-France","departement":"Paris","departementCode":"75","horaires":"Du Lundi au Mercredi : de 08h30 à 17h00\nLe Jeudi : de 08h30 à 19h30\nLe Vendredi : de 08h30 à 17h00\nLe Samedi : de 09h00 à 12h30\n\nAccueil ouvert uniquement pour les déclarations de naissances, de reconnaissance d'enfant et de décès.","email":"","telephone":"01 53 27 11 11","latitude":48.8585,"longitude":2.379521,"website":"https://mairie11.paris.fr/","url":"https://lannuaire.service-public.gouv.fr/ile-de-france/paris/08fd0b09-e446-426d-a64d-876bcb6a74a0"}
{"nom":"Paris - 12e arrondissement","adresse":"22 rue Gabriel-Lamé , 75012 , Paris , France","codePostal":"75012","region":"Île-de-France","departement":"Paris","departementCode":"75","horaires":"Du Lundi au Mercredi : de 08h30 à 17h00\nLe Jeudi : de 17h00 à 19h30\nLe Vendredi : de 08h30 à 17h00\nLe Samedi : de 09h00 à 12h30\n\nuniquement pour les déclarations de naissances ou de décès)","email":"","telephone":"01 44 68 12 12","latitude":48.834347,"longitude":2.387154,"website":"https://mairie12.paris.fr/","url":"https://lannuaire.service-public.gouv.fr/ile-de-france/paris/55361e18-31e6-40ce-9492-a5c4a4e92efc"}
{"nom":"Paris - 13e arrondissement","adresse":"1 place d'Italie , 75013 , Paris , France","codePostal":"75013","region":"Île-de-France","departement":"Paris","departementCode":"75","horaires":"Du Lundi au Mercredi : de 08h30 à 17h00\nLe Jeudi : de 13h00 à 19h30\nLe Vendredi : de 08h30 à 17h00\nLe Samedi : de 09h00 à 12h30\n\nUniquement pour déclaration de naissance et de décès et célébration de mariage.","email":"","telephone":"01 44 08 13 13","latitude":48.832314,"longitude":2.355313,"website":"https://mairie13.paris.fr/","url":"https://lannuaire.service-public.gouv.fr/ile-de-france/paris/00053c80-6183-4252-a5dd-b4831440c7d0"}
{"nom":"Paris - 14e arrondissement","adresse":"2 place Ferdinand-Brunot , 75014 , Paris , France","codePostal":"75014","region":"Île-de-France","departement":"Paris","departementCode":"75","horaires":"Du Lundi au Mercredi : de 08h30 à 17h00\nLe Jeudi : de 08h30 à 19h30\nLe Vendredi : de 08h30 à 17h00\nLe Samedi : de 09h00 à 12h30\n\nAccueil ouvert uniquement pour les déclarations de naissance et de décès.","email":"","telephone":"01 53 90 67 14","latitude":48.832996,"longitude":2.326854,"website":"https://mairie14.paris.fr/","url":"https://lannuaire.service-public.gouv.fr/ile-de-france/paris/1a28b686-1d86-4b8a-bd4c-e6d9e97c1e42"}
{"nom":"Paris - 15e arrondissement","adresse":"31 rue Péclet , 75015 , Paris , France","codePostal":"75015","region":"Île-de-France","departement":"Paris","departementCode":"75","horaires":"Du Lundi au Mercredi : de 08h30 à 17h00\nLe Jeudi : de 08h30 à 19h30\nLe Vendredi : de 08h30 à 17h00\nLe Samedi : de 09h00 à 12h30\n\nUniquement pour le service de l'état-civil et pour les déclarations de naissances et de décès.","email":"","telephone":"01 55 76 75 15","latitude":48.841515,"longitude":2.299884,"website":"https://mairie15.paris.fr/","url":"https://lannuaire.service-public.gouv.fr/ile-de-france/paris/55cb6240-173d-47f8-8d76-79d53858e418"}
{"nom":"Paris - 16e arrondissement","adresse":"71 avenue Henri-Martin , 75016 , Paris , France","codePostal":"75016","region":"Île-de-France","departement":"Paris","departementCode":"75","horaires":"Du Lundi au Mercredi : de 08h30 à 17h00\nLe Jeudi : de 08h30 à 19h30\nLe Vendredi : de 08h30 à 17h00\nLe Samedi : de 09h00 à 12h30\n\nUniquement pour la célébration des mariages, les déclarations de naissance, et de décès.","email":"","telephone":"01 40 72 16 16","latitude":48.86394,"longitude":2.276653,"website":"https://mairie16.paris.fr/","url":"https://lannuaire.service-public.gouv.fr/ile-de-france/paris/dbd7baac-288a-4bc4-9ed9-77ae90bc4de3"}
{"nom":"Paris - 17e arrondissement","adresse":"16-20 rue des Batignolles , 75017 , Paris , France","codePostal":"75017","region":"Île-de-France","departement":"Paris","departementCode":"75","horaires":"Du Lundi au Mercredi : de 08h30 à 17h00\nLe Jeudi : de 08h30 à 19h30\nLe Vendredi : de 08h30 à 17h00\nLe Samedi : de 09h30 à 12h30\n\nAccueil ouvert uniquement pour les déclarations de naissance et le décès.","email":"","telephone":"01 44 69 17 17","latitude":48.884495,"longitude":2.321834,"website":"https://mairie17.paris.fr/","url":"https://lannuaire.service-public.gouv.fr/ile-de-france/paris/30f29b0b-2a16-4ca6-92a0-30f15ad17366"}
{"nom":"Paris - 18e arrondissement","adresse":"1 place Jules-Joffrin , 75018 , Paris , France","codePostal":"75018","region":"Île-de-France","departement":"Paris","departementCode":"75","horaires":"Du Lundi au Mercredi : de 08h30 à 17h00\nLe Jeudi : de 08h30 à 19h30\nLe Vendredi : de 08h30 à 17h00\nLe Samedi : de 09h00 à 12h30\n\nUniquement pour déclaration de naissance, de reconnaissance et de décès.","email":"","telephone":"01 53 41 18 18","latitude":48.892303,"longitude":2.344687,"website":"https://mairie18.paris.fr/","url":"https://lannuaire.service-public.gouv.fr/ile-de-france/paris/5400a19b-1813-4f86-92bc-9760cd4bac07"}
{"nom":"Paris - 19e arrondissement","adresse":"5-7 place Roger Madec , 75019 , Paris , France","codePostal":"75019","region":"Île-de-France","departement":"Paris","departementCode":"75","horaires":"Du Lundi au Mercredi : de 08h30 à 17h00\nLe Jeudi : de 08h30 à 19h30\nLe Vendredi : de 08h30 à 17h00","email":"","telephone":"01 44 52 29 19","latitude":48.882874,"longitude":2.382162,"website":"https://mairie19.paris.fr/","url":"https://lannuaire.service-public.gouv.fr/ile-de-france/paris/4f5c10ae-9152-4f40-8999-c33873f61a9f"}
{"nom":"Paris - 20e arrondissement","adresse":"6 place Gambetta , 75020 , Paris , France","codePostal":"75020","region":"Île-de-France","departement":"Paris","departementCode":"75","horaires":"Du Lundi au Mercredi : de 08h30 à 17h00\nLe Jeudi : de 08h30 à 19h30\nLe Vendredi : de 08h30 à 17h00\nLe Samedi : de 09h00 à 12h30\n\nAccueil ouvert uniquement pour les déclarations de naissance, de décès, ainsi que pour les célébrations de mariage et de PACS.","email":"","telephone":"01 43 15 20 20","latitude":48.86509,"longitude":2.398998,"website":"https://mairie20.paris.fr/","url":"https://lannuaire.service-public.gouv.fr/ile-de-france/paris/2e3b8d0a-f8cd-4a04-ba0b-6848300b6a36"}
{"nom":"Paris - 5e arrondissement","adresse":"21 place du Panthéon , 75005 , Paris , France","codePostal":"75005","region":"Île-de-France","departement":"Paris","departementCode":"75","horaires":"Du Lundi au Vendredi : de 08h30 à 17h00\nLe Samedi : de 09h00 à 12h30\n\nUniquement pour les déclarations de naissance, de reconnaissance, les déclarations de décès et pour les cérémonies de mariage.","email":"ddct-ma05-accueil@paris.fr","telephone":"01 56 81 75 05","latitude":48.84619,"longitude":2.344581,"website":"https://www.mairie05.paris.fr/","url":"https://lannuaire.service-public.gouv.fr/ile-de-france/paris/fc3156d4-0aa8-4f60-87e5-e967345476d8"}
{"nom":"Paris - 6e arrondissement","adresse":"78 rue Bonaparte , 75006 , Paris , France","codePostal":"75006","region":"Île-de-France","departement":"Paris","departementCode":"75","horaires":"Du Lundi au Mercredi : de 08h30 à 17h00\nLe Jeudi : de 08h30 à 19h30\nLe Vendredi : de 08h30 à 17h00\nLe Samedi : de 09h00 à 12h30\n\nPermanence de l'état civil uniquement.","email":"ddct-ma06-dgs@paris.fr","telephone":"01 40 46 75 06","latitude":48.850536,"longitude":2.332611,"website":"https://www.mairie06.paris.fr/","url":"https://lannuaire.service-public.gouv.fr/ile-de-france/paris/75f1daf1-1cfd-4211-b4c2-e53494bfc755"}
{"nom":"Paris - 7e arrondissement","adresse":"116 rue de Grenelle , 75007 , Paris , France","codePostal":"75007","region":"Île-de-France","departement":"Paris","departementCode":"75","horaires":"Du Lundi au Vendredi : de 08h30 à 17h00\nLe Samedi : de 09h00 à 12h30\n\nPour déclaration de naissance, de reconnaissance et de décès.","email":"","telephone":"01 53 58 75 07","latitude":48.856865,"longitude":2.320044,"website":"https://www.mairie07.paris.fr/","url":"https://lannuaire.service-public.gouv.fr/ile-de-france/paris/fe2cbdd1-e488-4e0a-a608-390f72eae260"}
{"nom":"Paris - 8e arrondissement","adresse":"3 rue de Lisbonne , 75008 , Paris , France","codePostal":"75008","region":"Île-de-France","departement":"Paris","departementCode":"75","horaires":"Du Lundi au Mercredi : de 08h30 à 17h00\nLe Jeudi : de 08h30 à 19h30\nLe Vendredi : de 08h30 à 17h00\nLe Samedi : de 09h00 à 12h30\n\npour les déclarations de naissance et de décès.","email":"ddct-ma08-accueil@paris.fr","telephone":"01 44 90 76 98","latitude":48.87775,"longitude":2.317486,"website":"https://www.mairie08.paris.fr/","url":"https://lannuaire.service-public.gouv.fr/ile-de-france/paris/94bd581d-8494-4467-b375-55f916d0e079"}
{"nom":"Paris - 9e arrondissement","adresse":"6 rue Drouot , 75009 , Paris , France","codePostal":"75009","region":"Île-de-France","departement":"Paris","departementCode":"75","horaires":"Du Lundi au Mercredi : de 08h30 à 17h00\nLe Jeudi : de 08h30 à 19h30\nLe Vendredi : de 08h30 à 17h00\nLe Samedi : de 08h30 à 12h30\n\nUniquement pour déclarations de naissance ou de décès et reconnaissances de paternité.","email":"","telephone":"01 71 37 75 09","latitude":48.872593,"longitude":2.340481,"website":"https://www.mairie09.paris.fr/","url":"https://lannuaire.service-public.gouv.fr/ile-de-france/paris/d7c1f15a-d319-4ba1-9101-211f96cf0f1d"}
{"nom":"Paris-Centre (1er, 2e, 3e 4e arrondissements)","adresse":"2 rue Eugène-Spuller , 75003 , Paris , France","codePostal":"75003","region":"Île-de-France","departement":"Paris","departementCode":"75","horaires":"Du Lundi au Mercredi : de 08h30 à 17h00\n\nChaque 2ème mardi du mois, les services de la mairie sont fermés le matin jusqu'à 13h00.\nLe Jeudi : de 08h30 à 19h30\nLe Vendredi : de 08h30 à 17h00\nLe Samedi : de 09h00 à 12h30\n\nUniquement pour les déclarations de décès, naissances et reconnaissance d'enfants.","email":"","telephone":"01 87 02 61 00","latitude":48.86393,"longitude":2.361638,"website":"https://mairiepariscentre.paris.fr/","url":"https://lannuaire.service-public.gouv.fr/ile-de-france/paris/31db3776-9b0b-4d49-b10e-7364d5835cee"}
{"nom":"Paris - Hôtel-de-Ville","adresse":"29 rue de Rivoli , 75004 , Paris , France","codePostal":"75004","region":"Île-de-France","departement":"Paris","departementCode":"75","horaires":"Du Lundi au Samedi : de 10h00 à 19h00","email":"","telephone":"01 42 76 40 40","latitude":48.857018,"longitude":2.352848,"website":"https://www.paris.fr/","url":"https://lannuaire.service-public.gouv.fr/ile-de-france/paris/34506f20-cf20-4c08-a9de-e56e680aa5ec"}
