{"nom":"Aiguines","adresse":"1 Place de la Mairie , 83630 , Aiguines , France","codePostal":"83630","region":"Provence-Alpes-Côte d'Azur","departement":"Var","departementCode":"83","horaires":"Du Lundi au Vendredi : de 09h00 à 12h00","email":"contact@aiguines.fr","telephone":"04 94 70 21 93","latitude":43.7747,"longitude":6.24345,"website":"https://www.aiguines.fr/","url":"https://lannuaire.service-public.gouv.fr/provence-alpes-cote-d-azur/var/6182ac0a-7a9d-48ac-a1dc-1347d4a4d273"}
{"nom":"Ampus","adresse":"Place de la Mairie , 83111 , Ampus , France","codePostal":"83111","region":"Provence-Alpes-Côte d'Azur","departement":"Var","departementCode":"83","horaires":"Du Lundi au Mardi : de 09h30 à 12h30\nLe Mercredi : de 09h30 à 12h30 de 14h00 à 17h00\nDu Jeudi au Vendredi : de 09h30 à 12h00","email":"ampus@mairie-ampus.fr","telephone":"04 94 70 97 11","latitude":43.6072,"longitude":6.38344,"website":"https://www.mairie-ampus.com/","url":"https://lannuaire.service-public.gouv.fr/provence-alpes-cote-d-azur/var/2f218c2a-2962-4c3b-9c65-0597568640cf"}
{"nom":"Artignosc-sur-Verdon","adresse":"54 chemin des Planets , 83630 , Artignosc-sur-Verdon , France","codePostal":"83630","region":"Provence-Alpes-Côte d'Azur","departement":"Var","departementCode":"83","horaires":"Du Lundi au Mardi : de 08h30 à 12h30 de 13h30 à 16h30\nLe Mercredi : de 08h00 à 12h00\nDu Jeudi au Vendredi : de 08h30 à 12h30 de 13h30 à 16h30","email":"mairie-artignosc@wanadoo.fr","telephone":"04 94 80 70 04","latitude":43.704365,"longitude":6.092873,"website":"https://www.artignosc-sur-verdon.fr/","url":"https://lannuaire.service-public.gouv.fr/provence-alpes-cote-d-azur/var/264daf29-c0f3-45f6-afe4-ee35dcc336bf"}
{"nom":"Artigues","adresse":"7 rue de la Mairie , 83560 , Artigues , France","codePostal":"83560","region":"Provence-Alpes-Côte d'Azur","departement":"Var","departementCode":"83","horaires":"Le Lundi : de 08h00 à 12h30 de 14h00 à 17h00\nDu Mardi au Jeudi : de 08h00 à 12h30\nLe Vendredi : de 08h00 à 12h30 de 14h00 à 17h00","email":"mairieartigues@orange.fr","telephone":"04 94 80 31 02","latitude":43.59335,"longitude":5.8114505,"website":"https://artiguesenprovence.fr/","url":"https://lannuaire.service-public.gouv.fr/provence-alpes-cote-d-azur/var/76a13f6e-7620-4d23-8f4c-d1c466368399"}
{"nom":"Aups","adresse":"Place Frédéric-Mistral , 83630 , Aups , France","codePostal":"83630","region":"Provence-Alpes-Côte d'Azur","departement":"Var","departementCode":"83","horaires":"Du Lundi au Mardi : de 08h00 à 12h00 de 13h30 à 16h30\nLe Mercredi : de 08h00 à 12h00\nDu Jeudi au Vendredi : de 08h00 à 12h00 de 13h30 à 16h30\nLe Samedi : de 09h00 à 12h00\n\nLe service cartes d'identité et passeports est fermé le samedi et ouvert sur rendez-vous uniquement les autres jours.","email":"accueil@mairie-aups.com","telephone":"04 94 70 00 07","latitude":43.6272,"longitude":6.22341,"website":"https://aups.fr/","url":"https://lannuaire.service-public.gouv.fr/provence-alpes-cote-d-azur/var/55ad711c-0cb8-4f39-8cf4-81f83fc76f90"}
{"nom":"Bagnols-en-Forêt","adresse":"1 place de l'Hôtel-de-Ville , 83600 , Bagnols-en-Forêt , France","codePostal":"83600","region":"Provence-Alpes-Côte d'Azur","departement":"Var","departementCode":"83","horaires":"Du Lundi au Vendredi : de 09h00 à 12h00 de 14h00 à 17h00","email":"mairie@bagnolsenforet.fr","telephone":"04 94 40 31 50","latitude":43.537178,"longitude":6.698654,"website":"https://www.bagnolsenforet.fr/","url":"https://lannuaire.service-public.gouv.fr/provence-alpes-cote-d-azur/var/e7f92f20-6bf4-4321-b25d-bf75101746e2"}
{"nom":"Bandol","adresse":"1 Place de la Liberté , 83150 , Bandol , France","codePostal":"83150","region":"Provence-Alpes-Côte d'Azur","departement":"Var","departementCode":"83","horaires":"Du Lundi au Jeudi : de 08h30 à 12h00 de 13h30 à 17h00\nLe Vendredi : de 08h30 à 12h00 de 13h30 à 16h30","email":"dgs@bandol.fr","telephone":"04 94 29 12 30","latitude":43.136204,"longitude":5.75474,"website":"https://www.bandol.fr/","url":"https://lannuaire.service-public.gouv.fr/provence-alpes-cote-d-azur/var/b346668f-f12f-4c9b-9bad-d8701648cf95"}
{"nom":"Bargème","adresse":"1 place de la Mairie , 83840 , Bargème , France","codePostal":"83840","region":"Provence-Alpes-Côte d'Azur","departement":"Var","departementCode":"83","horaires":"Du Lundi au Mardi : de 09h00 à 12h00 de 14h00 à 17h00\nDu Jeudi au Vendredi : de 09h00 à 12h00 de 14h00 à 17h00","email":"contact@mairie-bargeme.fr","telephone":"04 94 50 21 94","latitude":43.73005,"longitude":6.57287,"website":"https://www.bargeme.fr/","url":"https://lannuaire.service-public.gouv.fr/provence-alpes-cote-d-azur/var/7bd36f27-54c5-4100-8006-acd2f7e993fb"}
{"nom":"Bargemon","adresse":"1 place de la Mairie , 83830 , Bargemon , France","codePostal":"83830","region":"Provence-Alpes-Côte d'Azur","departement":"Var","departementCode":"83","horaires":"Du Lundi au Vendredi : de 08h00 à 12h00 de 14h00 à 17h00","email":"mairiebargemon@orange.fr","telephone":"04 94 39 09 20","latitude":43.619038,"longitude":6.550857,"website":"https://mairie-bargemon.fr/","url":"https://lannuaire.service-public.gouv.fr/provence-alpes-cote-d-azur/var/bf94c3e6-d70f-47a3-a628-f85df6742318"}
{"nom":"Barjols","adresse":"Place Capitaine-Vincens , 83670 , Barjols , France","codePostal":"83670","region":"Provence-Alpes-Côte d'Azur","departement":"Var","departementCode":"83","horaires":"Du Mardi au Vendredi : de 09h00 à 12h00 de 13h30 à 17h45\nLe Samedi : de 09h00 à 12h00","email":"dg-secretariat@barjols.fr","telephone":"04 94 72 80 60","latitude":43.5574,"longitude":6.0077,"website":"https://barjols.fr/","url":"https://lannuaire.service-public.gouv.fr/provence-alpes-cote-d-azur/var/5eb46a9b-eaa8-4675-9c56-23e3d59772b3"}
{"nom":"Baudinard-sur-Verdon","adresse":"36 Grand'rue , 83630 , Baudinard-sur-Verdon , France","codePostal":"83630","region":"Provence-Alpes-Côte d'Azur","departement":"Var","departementCode":"83","horaires":"Du Lundi au Vendredi : de 08h00 à 12h00","email":"mairiedebaudinard@gmail.com","telephone":"04 94 70 18 61","latitude":43.716564,"longitude":6.1364326,"website":"http://www.baudinard.fr/","url":"https://lannuaire.service-public.gouv.fr/provence-alpes-cote-d-azur/var/79051615-1c2c-4ee4-94b8-f48d91f76cd3"}
{"nom":"Bauduen","adresse":"Place du Monument-aux-Morts , 83630 , Bauduen , France","codePostal":"83630","region":"Provence-Alpes-Côte d'Azur","departement":"Var","departementCode":"83","horaires":"Du Lundi au Vendredi : de 09h00 à 12h00","email":"mairie@bauduen.fr","telephone":"04 94 50 99 05","latitude":43.73418,"longitude":6.174812,"website":"https://www.bauduen.fr/","url":"https://lannuaire.service-public.gouv.fr/provence-alpes-cote-d-azur/var/9e62f845-e386-46a4-adc8-318e60ee8026"}
{"nom":"Belgentier","adresse":"Avenue du 8-Mai-1945 , 83210 , Belgentier , France","codePostal":"83210","region":"Provence-Alpes-Côte d'Azur","departement":"Var","departementCode":"83","horaires":"Du Lundi au Vendredi : de 10h00 à 12h00 de 14h00 à 17h00","email":"mairie.belgentier@wanadoo.fr","telephone":"04 94 33 13 00","latitude":43.24385,"longitude":6.001002,"website":"https://belgentier.fr/","url":"https://lannuaire.service-public.gouv.fr/provence-alpes-cote-d-azur/var/8b081b86-a835-4287-a1f9-e2649dd611f8"}
{"nom":"Besse-sur-Issole","adresse":"15 boulevard Paul-Bert , 83890 , Besse-sur-Issole , France","codePostal":"83890","region":"Provence-Alpes-Côte d'Azur","departement":"Var","departementCode":"83","horaires":"Du Lundi au Jeudi : de 08h00 à 12h00 de 13h30 à 17h30\nLe Vendredi : de 08h00 à 12h00 de 13h30 à 16h30","email":"mairie.besse@wanadoo.fr","telephone":"04 94 69 70 04","latitude":43.348656,"longitude":6.178561,"website":"https://www.besse-sur-issole.fr/","url":"https://lannuaire.service-public.gouv.fr/provence-alpes-cote-d-azur/var/3881f929-ae2a-456c-80b4-9500c83cb1c1"}
{"nom":"Bormes-les-Mimosas","adresse":"1 place Saint-François , 83230 , Bormes-les-Mimosas , France","codePostal":"83230","region":"Provence-Alpes-Côte d'Azur","departement":"Var","departementCode":"83","horaires":"Du Lundi au Vendredi : de 08h00 à 12h00 de 13h30 à 17h00","email":"courrier@ville-bormes.fr","telephone":"04 94 05 34 50","latitude":43.151173,"longitude":6.344367,"website":"https://www.ville-bormes.fr/fr","url":"https://lannuaire.service-public.gouv.fr/provence-alpes-cote-d-azur/var/0cc6c1f3-c064-4873-8e5f-13207226378d"}
{"nom":"Bras","adresse":"Route de Brignoles , 83149 , Bras , France","codePostal":"83149","region":"Provence-Alpes-Côte d'Azur","departement":"Var","departementCode":"83","horaires":"Du Lundi au Vendredi : de 08h00 à 12h00 de 13h30 à 16h00","email":"secretariat@mairie-bras.fr","telephone":"04 94 37 23 40","latitude":43.47081,"longitude":5.9575,"website":"https://mairie-bras.fr/fr/","url":"https://lannuaire.service-public.gouv.fr/provence-alpes-cote-d-azur/var/ce2a9be7-3e3b-477e-9b2f-6360f44bf8bb"}
{"nom":"Brenon","adresse":"Hameau des Henry , 83840 , Brenon , France","codePostal":"83840","region":"Provence-Alpes-Côte d'Azur","departement":"Var","departementCode":"83","horaires":"Le Mardi : de 09h00 à 12h00\nDu Jeudi au Vendredi : de 09h00 à 12h00","email":"mairiedebrenon@gmail.com","telephone":"06 13 85 62 14","latitude":43.766724,"longitude":6.543774,"website":"","url":"https://lannuaire.service-public.gouv.fr/provence-alpes-cote-d-azur/var/d5ce689f-b063-40ea-91c0-cfe09229dc75"}
{"nom":"Brignoles","adresse":"9 place Carami , 83170 , Brignoles , France","codePostal":"83170","region":"Provence-Alpes-Côte d'Azur","departement":"Var","departementCode":"83","horaires":"Du Lundi au Vendredi : de 08h00 à 12h00 de 13h30 à 17h00\nLe Samedi : de 09h00 à 12h00","email":"contact@brignoles.fr","telephone":"04 94 86 22 22","latitude":43.406597,"longitude":6.061673,"website":"https://www.brignoles.fr/","url":"https://lannuaire.service-public.gouv.fr/provence-alpes-cote-d-azur/var/9b35c458-6d65-449c-955f-32d8b5fbcec2"}
{"nom":"Brue-Auriac","adresse":"Cours Roux-de-Corse , 83119 , Brue-Auriac , France","codePostal":"83119","region":"Provence-Alpes-Côte d'Azur","departement":"Var","departementCode":"83","horaires":"Du Lundi au Mardi : de 10h00 à 12h00 de 15h00 à 17h30\nDu Jeudi au Vendredi : de 10h00 à 12h00 de 15h00 à 17h30","email":"accueil@brue-auriac.fr","telephone":"04 98 05 26 26","latitude":43.52709,"longitude":5.9468355,"website":"https://www.brue-auriac.fr/Commune.a/b0l/Tous","url":"https://lannuaire.service-public.gouv.fr/provence-alpes-cote-d-azur/var/546a4538-84e3-4228-92a7-aa0ae05163e8"}
{"nom":"Cabasse","adresse":"1 place de la République , 83340 , Cabasse-sur-Issole , France","codePostal":"83340","region":"Provence-Alpes-Côte d'Azur","departement":"Var","departementCode":"83","horaires":"Du Lundi au Vendredi : de 08h30 à 12h30 de 15h00 à 17h00\nPermanence de l'urbanisme sur rendez-vous.","email":"mairie.cabasse@orange.fr","telephone":"04 98 05 12 80","latitude":43.426147,"longitude":6.222106,"website":"https://www.mairie-cabasse.fr/","url":"https://lannuaire.service-public.gouv.fr/provence-alpes-cote-d-azur/var/1d72c6de-9789-43d6-8f48-55b5abff42cc"}
{"nom":"Callas","adresse":"Place de la Victoire , 83830 , Callas , France","codePostal":"83830","region":"Provence-Alpes-Côte d'Azur","departement":"Var","departementCode":"83","horaires":"Du Lundi au Vendredi : de 09h30 à 12h00 de 14h00 à 16h00\nLe Samedi : de 09h30 à 12h00","email":"mairie@callas.fr","telephone":"04 94 76 61 07","latitude":43.59282,"longitude":6.537958,"website":"https://callas.fr/","url":"https://lannuaire.service-public.gouv.fr/provence-alpes-cote-d-azur/var/3196df89-bc93-4ac5-af17-087a599b8827"}
{"nom":"Callian","adresse":"Place de la Mairie , 83440 , Callian , France","codePostal":"83440","region":"Provence-Alpes-Côte d'Azur","departement":"Var","departementCode":"83","horaires":"Du Lundi au Vendredi : de 09h00 à 12h00 de 14h00 à 17h00","email":"mairiecallian@callian.fr","telephone":"04 94 39 98 40","latitude":43.62267,"longitude":6.7532,"website":"https://www.callian.fr/","url":"https://lannuaire.service-public.gouv.fr/provence-alpes-cote-d-azur/var/3de97e28-e83b-4e51-9715-20498207c748"}
{"nom":"Camps-la-Source","adresse":"1 place de la Mairie , 83170 , Camps-la-Source , France","codePostal":"83170","region":"Provence-Alpes-Côte d'Azur","departement":"Var","departementCode":"83","horaires":"Le Lundi : de 09h00 à 12h00\nLe Mardi : de 09h00 à 12h00 de 14h00 à 17h00\nLe Mercredi : de 09h00 à 12h00 de 14h00 à 16h00\nLe Jeudi : de 09h00 à 12h00\nLe Vendredi : de 09h00 à 12h00 de 14h00 à 16h00","email":"mairie.camps.la.source@wanadoo.fr","telephone":"04 94 80 83 59","latitude":43.386276,"longitude":6.094485,"website":"https://www.campslasource.fr/","url":"https://lannuaire.service-public.gouv.fr/provence-alpes-cote-d-azur/var/8341b5f7-073d-42ea-9b78-21e4337e66ab"}
{"nom":"Carcès","adresse":"31 rue du Maréchal-Foch , 83570 , Carcès , France","codePostal":"83570","region":"Provence-Alpes-Côte d'Azur","departement":"Var","departementCode":"83","horaires":"Le Lundi : de 09h00 à 12h00 de 13h30 à 17h00\nLe Mardi : de 09h00 à 12h00\nDu Mercredi au Jeudi : de 09h00 à 12h00 de 13h30 à 17h00\nDu Vendredi au Samedi : de 09h00 à 12h00","email":"accueil@mairie-carces.fr","telephone":"04 94 04 50 14","latitude":43.47651,"longitude":6.182329,"website":"https://www.carces.fr/","url":"https://lannuaire.service-public.gouv.fr/provence-alpes-cote-d-azur/var/fa54db59-f6fe-4549-abde-b90f84d730ec"}
{"nom":"Carnoules","adresse":"27 cours Victor-Hugo , 83660 , Carnoules , France","codePostal":"83660","region":"Provence-Alpes-Côte d'Azur","departement":"Var","departementCode":"83","horaires":"Du Lundi au Vendredi : de 08h00 à 12h00 de 15h00 à 17h00","email":"mairie@carnoules.fr","telephone":"04 94 13 80 00","latitude":43.3029,"longitude":6.18964,"website":"https://www.carnoules.fr/","url":"https://lannuaire.service-public.gouv.fr/provence-alpes-cote-d-azur/var/dcbbc1b0-a793-4f44-b65e-204bba5a833e"}
{"nom":"Carqueiranne","adresse":"Place de la République , 83320 , Carqueiranne , France","codePostal":"83320","region":"Provence-Alpes-Côte d'Azur","departement":"Var","departementCode":"83","horaires":"Du Lundi au Vendredi : de 08h30 à 12h00 de 13h45 à 17h30","email":"","telephone":"04 94 01 40 40","latitude":43.09489,"longitude":6.074489,"website":"https://www.carqueiranne.fr/","url":"https://lannuaire.service-public.gouv.fr/provence-alpes-cote-d-azur/var/7b4731bb-be00-4cc7-bb87-8039cde74396"}
{"nom":"Cavalaire-sur-Mer","adresse":"109 avenue Gabriel Peri , 83240 , Cavalaire-sur-Mer , France","codePostal":"83240","region":"Provence-Alpes-Côte d'Azur","departement":"Var","departementCode":"83","horaires":"Du Lundi au Jeudi : de 08h00 à 17h00\nLe Vendredi : de 08h00 à 16h00","email":"courrier@cavalaire.fr","telephone":"04 94 00 48 00","latitude":43.17344,"longitude":6.5316505,"website":"https://www.cavalaire.fr/","url":"https://lannuaire.service-public.gouv.fr/provence-alpes-cote-d-azur/var/8740727c-80ed-4beb-8df3-0dc5419d64ec"}
{"nom":"Châteaudouble","adresse":"1 Place Vieille , 83300 , Châteaudouble , France","codePostal":"83300","region":"Provence-Alpes-Côte d'Azur","departement":"Var","departementCode":"83","horaires":"Du Lundi au Vendredi : de 08h30 à 12h00","email":"chateaudouble@orange.fr","telephone":"04 98 10 51 35","latitude":43.59967,"longitude":6.449266,"website":"https://www.chateaudouble.fr/","url":"https://lannuaire.service-public.gouv.fr/provence-alpes-cote-d-azur/var/08ec5db8-72f9-415a-884e-d616318493a7"}
{"nom":"Châteauvert","adresse":"24 route de Barjols , 83670 , Châteauvert , France","codePostal":"83670","region":"Provence-Alpes-Côte d'Azur","departement":"Var","departementCode":"83","horaires":"Du Lundi au Mardi : de 08h00 à 12h30 de 13h00 à 17h30\nLe Jeudi : de 08h00 à 12h30 de 13h00 à 17h30\nLe Vendredi : de 08h00 à 12h30 de 13h00 à 16h30","email":"mairie.chateauvert83@orange.fr","telephone":"04 94 77 02 02","latitude":43.503105,"longitude":6.008204,"website":"http://www.chateauvert.fr/","url":"https://lannuaire.service-public.gouv.fr/provence-alpes-cote-d-azur/var/2dcc71f5-6099-4828-b75c-7839adef12ca"}
{"nom":"Châteauvieux","adresse":"70 rue de la Mairie , 83840 , Châteauvieux , France","codePostal":"83840","region":"Provence-Alpes-Côte d'Azur","departement":"Var","departementCode":"83","horaires":"Du Lundi au Mardi : de 09h00 à 12h00 de 13h00 à 17h00\nDu Jeudi au Vendredi : de 09h00 à 12h00 de 13h00 à 17h00","email":"chateauvieux3@wanadoo.fr","telephone":"04 94 84 20 16","latitude":43.77809,"longitude":6.576752,"website":"","url":"https://lannuaire.service-public.gouv.fr/provence-alpes-cote-d-azur/var/9c1f8c9a-d37e-4de0-90cd-a4ae3f3726e6"}
{"nom":"Claviers","adresse":"3 place du 8-Mai-1945 , 83830 , Claviers , France","codePostal":"83830","region":"Provence-Alpes-Côte d'Azur","departement":"Var","departementCode":"83","horaires":"Du Lundi au Mardi : de 09h00 à 12h00 de 14h00 à 18h00\nDu Mercredi au Vendredi : de 09h00 à 12h00","email":"mairie@mairie-claviers.fr","telephone":"04 94 76 62 07","latitude":43.601227,"longitude":6.562124,"website":"http://www.mairie-claviers.fr/","url":"https://lannuaire.service-public.gouv.fr/provence-alpes-cote-d-azur/var/68b3a8bb-cd5e-442a-a125-f6a92df3512c"}
{"nom":"Cogolin","adresse":"2 place de la République , 83310 , Cogolin , France","codePostal":"83310","region":"Provence-Alpes-Côte d'Azur","departement":"Var","departementCode":"83","horaires":"Du Lundi au Jeudi : de 08h30 à 17h00\nLe Vendredi : de 08h30 à 15h30","email":"mairie@cogolin.fr","telephone":"04 94 56 65 45","latitude":43.251865,"longitude":6.533501,"website":"https://www.cogolin.fr/","url":"https://lannuaire.service-public.gouv.fr/provence-alpes-cote-d-azur/var/dee6f89f-69bf-4753-ac2f-0b6ae85e3169"}
{"nom":"Collobrières","adresse":"Place de la Libération , 83610 , Collobrières , France","codePostal":"83610","region":"Provence-Alpes-Côte d'Azur","departement":"Var","departementCode":"83","horaires":"Du Lundi au Vendredi : de 08h30 à 12h30 de 15h30 à 17h45","email":"servicecommunication@collobrieres.fr","telephone":"04 94 13 83 83","latitude":43.2375,"longitude":6.30899,"website":"https://www.collobrieres.fr/","url":"https://lannuaire.service-public.gouv.fr/provence-alpes-cote-d-azur/var/817d8982-e378-45d5-9330-b904b9d9def0"}
{"nom":"Comps-sur-Artuby","adresse":"2 place de la République , 83840 , Comps-sur-Artuby , France","codePostal":"83840","region":"Provence-Alpes-Côte d'Azur","departement":"Var","departementCode":"83","horaires":"Du Lundi au Vendredi : de 10h30 à 12h30 de 14h30 à 16h30","email":"mairie.compsurartuby@wanadoo.fr","telephone":"04 94 50 24 00","latitude":43.7097,"longitude":6.50847,"website":"https://comps-sur-artuby.fr/","url":"https://lannuaire.service-public.gouv.fr/provence-alpes-cote-d-azur/var/e02270d2-4b60-4d31-8bc1-4458678b5638"}
{"nom":"Correns","adresse":"5 place du Général-de-Gaulle , 83570 , Correns , France","codePostal":"83570","region":"Provence-Alpes-Côte d'Azur","departement":"Var","departementCode":"83","horaires":"Du Mardi au Samedi : de 09h00 à 12h00","email":"mairie@correns.fr","telephone":"04 94 37 21 95","latitude":43.48798,"longitude":6.079518,"website":"https://www.correns.fr/fr/","url":"https://lannuaire.service-public.gouv.fr/provence-alpes-cote-d-azur/var/dc6c4bb2-5be2-4a9f-84d1-10380938b0da"}
{"nom":"Cotignac","adresse":"Hôtel de Ville , 83570 , Cotignac , France","codePostal":"83570","region":"Provence-Alpes-Côte d'Azur","departement":"Var","departementCode":"83","horaires":"Du Lundi au Vendredi : de 09h00 à 12h00","email":"contact@mairiecotignac.fr","telephone":"04 94 72 60 20","latitude":43.529003,"longitude":6.1486597,"website":"https://mairiecotignac.fr/","url":"https://lannuaire.service-public.gouv.fr/provence-alpes-cote-d-azur/var/4797d8c6-1666-4a97-80ba-acc8f76246d3"}
{"nom":"Cuers","adresse":"Place du Général-Magnan , 83390 , Cuers , France","codePostal":"83390","region":"Provence-Alpes-Côte d'Azur","departement":"Var","departementCode":"83","horaires":"Du Lundi au Jeudi : de 08h00 à 12h00 de 13h30 à 17h00\nLe Vendredi : de 08h00 à 12h00 de 13h30 à 16h30","email":"standard.mairie@cuers.fr","telephone":"04 94 13 50 70","latitude":43.23729,"longitude":6.072796,"website":"https://www.cuers.fr/","url":"https://lannuaire.service-public.gouv.fr/provence-alpes-cote-d-azur/var/093d2254-5982-40a6-a53a-429a0d474167"}
{"nom":"Draguignan","adresse":"28 rue Georges-Cisson , 83300 , Draguignan , France","codePostal":"83300","region":"Provence-Alpes-Côte d'Azur","departement":"Var","departementCode":"83","horaires":"Du Lundi au Vendredi : de 08h00 à 17h00\nLe Samedi : de 09h00 à 12h00\n\nAccueil ouvert pour l'état civil uniquement.","email":"mairie@ville-draguignan.fr","telephone":"04 94 60 31 00","latitude":43.53792,"longitude":6.4634905,"website":"https://www.ville-draguignan.fr/","url":"https://lannuaire.service-public.gouv.fr/provence-alpes-cote-d-azur/var/2b1aaadb-0d1d-4759-a90f-e71384aba738"}
{"nom":"Entrecasteaux","adresse":"1 place du Général-Estève , 83570 , Entrecasteaux , France","codePostal":"83570","region":"Provence-Alpes-Côte d'Azur","departement":"Var","departementCode":"83","horaires":"Le Lundi : de 08h30 à 12h00 de 13h30 à 16h30\nLe Mardi : de 08h30 à 12h00 de 14h30 à 16h30\nLe Mercredi : de 08h30 à 12h00\nLe Jeudi : de 08h30 à 12h00 de 14h30 à 16h30\nLe Vendredi : de 08h30 à 12h00 de 13h30 à 16h30","email":"mairie@entrecasteaux.fr","telephone":"04 94 37 22 88","latitude":43.514675,"longitude":6.242711,"website":"http://www.entrecasteaux.fr/","url":"https://lannuaire.service-public.gouv.fr/provence-alpes-cote-d-azur/var/e6a619d5-9007-4c70-9db8-150fd34e96ef"}
{"nom":"Esparron‑de‑Pallières","adresse":"Place de l'Église , 83560 , Esparron‑de‑Pallières , France","codePostal":"83560","region":"Provence-Alpes-Côte d'Azur","departement":"Var","departementCode":"83","horaires":"Du Mardi au Mercredi : de 08h00 à 12h00\nLe Vendredi : de 13h00 à 16h00\nLe Samedi : de 10h00 à 12h00","email":"mairie@esparron.fr","telephone":"04 94 80 60 26","latitude":43.698772,"longitude":5.954354,"website":"https://www.esparron.fr/","url":"https://lannuaire.service-public.gouv.fr/provence-alpes-cote-d-azur/var/17d138e9-dcaf-4944-96b1-fd35d6ee7a30"}
{"nom":"Evenos","adresse":"2 Route de Toulon , 83330 , Évenos , France","codePostal":"83330","region":"Provence-Alpes-Côte d'Azur","departement":"Var","departementCode":"83","horaires":"Du Lundi au Jeudi : de 08h30 à 12h00 de 14h30 à 17h00\nLe Vendredi : de 08h30 à 12h00 de 14h30 à 16h00","email":"mairie@evenos.fr","telephone":"04 94 98 50 86","latitude":43.167904,"longitude":5.828511,"website":"https://www.evenos.fr/","url":"https://lannuaire.service-public.gouv.fr/provence-alpes-cote-d-azur/var/d8b722d9-af88-4972-9815-58d9a66b6ae3"}
{"nom":"Fayence","adresse":"2 place de la République , 83440 , Fayence , France","codePostal":"83440","region":"Provence-Alpes-Côte d'Azur","departement":"Var","departementCode":"83","horaires":"Du Lundi au Vendredi : de 08h30 à 12h30 de 13h30 à 17h30","email":"contact@ville-fayence.fr","telephone":"04 94 39 15 00","latitude":43.62402,"longitude":6.694492,"website":"https://www.ville-fayence.fr/","url":"https://lannuaire.service-public.gouv.fr/provence-alpes-cote-d-azur/var/15a5bd53-0283-4398-b21b-654aec4f6121"}
{"nom":"Figanières","adresse":"1 rue Saint-Éloi , 83830 , Figanières , France","codePostal":"83830","region":"Provence-Alpes-Côte d'Azur","departement":"Var","departementCode":"83","horaires":"Le Lundi : de 10h00 à 12h00\nLe Mardi : de 10h00 à 12h00 de 15h00 à 17h00\nLe Mercredi : de 10h00 à 12h00\nDu Jeudi au Vendredi : de 10h00 à 12h00 de 15h00 à 17h00","email":"mairie@figanieres.com","telephone":"04 94 50 93 60","latitude":43.570583,"longitude":6.496807,"website":"https://figanieres.com/","url":"https://lannuaire.service-public.gouv.fr/provence-alpes-cote-d-azur/var/f7460772-e015-4010-868e-9b7fb7bedb89"}
{"nom":"Flassans-sur-Issole","adresse":"30 bis avenue du Général-de-Gaulle , 83340 , Flassans-sur-Issole , France","codePostal":"83340","region":"Provence-Alpes-Côte d'Azur","departement":"Var","departementCode":"83","horaires":"Le Lundi : de 08h30 à 12h00 de 13h30 à 17h15\nLe Mardi : de 08h30 à 12h00\nDu Mercredi au Vendredi : de 08h30 à 12h00 de 13h30 à 17h15","email":"portailfamille@flassans.fr","telephone":"04 94 37 00 50","latitude":43.37,"longitude":6.22356,"website":"https://www.flassans.fr/","url":"https://lannuaire.service-public.gouv.fr/provence-alpes-cote-d-azur/var/89c5b563-f92b-4dc7-9e19-dfc599b8e2c0"}
{"nom":"Flayosc","adresse":"100 Avenue Angelin-German , 83780 , Flayosc , France","codePostal":"83780","region":"Provence-Alpes-Côte d'Azur","departement":"Var","departementCode":"83","horaires":"Du Lundi au Jeudi : de 08h30 à 12h00 de 13h30 à 17h00\nLe Vendredi : de 08h30 à 15h00","email":"mairie@flayosc.fr","telephone":"04 94 70 40 03","latitude":43.534573,"longitude":6.394899,"website":"http://www.flayosc.fr/","url":"https://lannuaire.service-public.gouv.fr/provence-alpes-cote-d-azur/var/d9a6f2d2-a637-446b-b035-102b4567e5d9"}
{"nom":"Forcalqueiret","adresse":"27 avenue Frédéric-Mistral , 83136 , Forcalqueiret , France","codePostal":"83136","region":"Provence-Alpes-Côte d'Azur","departement":"Var","departementCode":"83","horaires":"Du Lundi au Mardi : de 08h00 à 12h00 de 13h30 à 17h15\nLe Mercredi : de 08h00 à 12h00\nDu Jeudi au Vendredi : de 08h00 à 12h00 de 13h30 à 17h15","email":"accueil@forcalqueiret.fr","telephone":"04 98 05 13 99","latitude":43.33534,"longitude":6.07975,"website":"https://www.forcalqueiret.fr/","url":"https://lannuaire.service-public.gouv.fr/provence-alpes-cote-d-azur/var/d774caba-8317-438f-9b73-dd5fe022a9b4"}
{"nom":"Fox-Amphoux","adresse":"132 place de la Mairie , 83670 , Fox-Amphoux , France","codePostal":"83670","region":"Provence-Alpes-Côte d'Azur","departement":"Var","departementCode":"83","horaires":"Le Lundi : de 09h00 à 16h00\nDu Mardi au Vendredi : de 08h00 à 12h00","email":"mairie.fox@orange.fr","telephone":"04 94 80 71 58","latitude":43.59558,"longitude":6.108256,"website":"https://www.foxamphoux.fr/","url":"https://lannuaire.service-public.gouv.fr/provence-alpes-cote-d-azur/var/e02fbe53-0752-4126-864e-284a39ccba11"}
{"nom":"Fréjus","adresse":"45 place Camille-Formigé , 83608 , Fréjus , France","codePostal":"83608","region":"Provence-Alpes-Côte d'Azur","departement":"Var","departementCode":"83","horaires":"Du Lundi au Vendredi : de 08h30 à 12h00 de 13h00 à 17h00\n\nContacter l'accueil pour obtenir les horaires d'ouverture des différents services.\nLe Samedi : de 08h30 à 12h00\n\n(uniquement cartes d'identités et passeports sur RDV)","email":"s.courrier@ville-frejus.fr","telephone":"04 94 17 66 00","latitude":43.432755,"longitude":6.73655,"website":"https://www.ville-frejus.fr/","url":"https://lannuaire.service-public.gouv.fr/provence-alpes-cote-d-azur/var/2c344fe0-7ff2-4899-b0fa-f3e3cb6b10d9"}
{"nom":"Garéoult","adresse":"16 place de l'Église , 83136 , Garéoult , France","codePostal":"83136","region":"Provence-Alpes-Côte d'Azur","departement":"Var","departementCode":"83","horaires":"Du Lundi au Jeudi : de 08h30 à 12h00 de 13h30 à 17h15\nLe Vendredi : de 08h30 à 12h00 de 13h30 à 16h00\nLe Samedi : de 08h30 à 12h00\n\nAccueil ouvert pour l'état civil uniquement.","email":"mairie@gareoult.fr","telephone":"04 94 04 94 72","latitude":43.328995,"longitude":6.0462523,"website":"https://www.gareoult.fr/","url":"https://lannuaire.service-public.gouv.fr/provence-alpes-cote-d-azur/var/4f32960e-d414-40d0-a9a3-14891aad9275"}
{"nom":"Gassin","adresse":"Place de la Mairie , 83580 , Gassin , France","codePostal":"83580","region":"Provence-Alpes-Côte d'Azur","departement":"Var","departementCode":"83","horaires":"Du Lundi au Vendredi : de 08h30 à 12h00 de 14h00 à 17h00","email":"secretariat@mairie-gassin.fr","telephone":"04 94 56 62 00","latitude":43.228687,"longitude":6.585478,"website":"https://www.mairie-gassin.fr/","url":"https://lannuaire.service-public.gouv.fr/provence-alpes-cote-d-azur/var/89f23a04-bd4b-4edb-8f0b-3c15434154cd"}
{"nom":"Ginasservis","adresse":"Place du Docteur-Richaud , 83560 , Ginasservis , France","codePostal":"83560","region":"Provence-Alpes-Côte d'Azur","departement":"Var","departementCode":"83","horaires":"Du Lundi au Vendredi : de 09h00 à 12h00 de 16h00 à 18h00\nLe Samedi : de 09h00 à 12h00","email":"mairie@ginasservis.com","telephone":"04 98 05 21 41","latitude":43.67103,"longitude":5.848495,"website":"https://ginasservis.fr/","url":"https://lannuaire.service-public.gouv.fr/provence-alpes-cote-d-azur/var/3cb2bbf7-ddd5-4d8b-bd01-d308f66d520c"}
{"nom":"Gonfaron","adresse":"1 avenue du 8-Mai-1945 , 83590 , Gonfaron , France","codePostal":"83590","region":"Provence-Alpes-Côte d'Azur","departement":"Var","departementCode":"83","horaires":"Du Lundi au Vendredi : de 08h00 à 12h00 de 14h00 à 17h00","email":"mairie-gonfaron@wanadoo.fr","telephone":"04 94 78 30 05","latitude":43.319916,"longitude":6.287701,"website":"https://www.mairie-gonfaron.fr/","url":"https://lannuaire.service-public.gouv.fr/provence-alpes-cote-d-azur/var/38c01fbd-c4f6-45f0-afd7-d8c6af00ed2d"}
{"nom":"Grimaud","adresse":"Avenue de la Cabro-d'Or , 83310 , Grimaud , France","codePostal":"83310","region":"Provence-Alpes-Côte d'Azur","departement":"Var","departementCode":"83","horaires":"Du Lundi au Vendredi : de 09h00 à 12h00 de 14h00 à 17h00","email":"dir.generale@mairie-grimaud.fr","telephone":"04 94 55 69 00","latitude":43.274815,"longitude":6.522919,"website":"http://www.mairie-grimaud.fr/","url":"https://lannuaire.service-public.gouv.fr/provence-alpes-cote-d-azur/var/fffdb221-ef56-4c28-b30e-601f60dae6d6"}
{"nom":"Hyères","adresse":"12 avenue Joseph-Clotis , 83412 , Hyères Cedex , France","codePostal":"83412","region":"Provence-Alpes-Côte d'Azur","departement":"Var","departementCode":"83","horaires":"Du Lundi au Vendredi : de 08h30 à 17h30","email":"mairie@ville-hyeres.fr","telephone":"04 94 00 78 78","latitude":43.1201,"longitude":6.13017,"website":"https://hyeres.fr/","url":"https://lannuaire.service-public.gouv.fr/provence-alpes-cote-d-azur/var/64b74e90-e388-4758-a891-34c7ba070f8a"}
{"nom":"La Bastide","adresse":"32 chemin du Château , 83840 , La Bastide , France","codePostal":"83840","region":"Provence-Alpes-Côte d'Azur","departement":"Var","departementCode":"83","horaires":"Le Lundi : de 08h00 à 12h30 de 14h00 à 18h00\nLe Mardi : de 14h00 à 18h00\nLe Mercredi : de 08h30 à 12h30\nDu Jeudi au Vendredi : de 14h00 à 18h00","email":"mairie.labastide0779@orange.fr","telephone":"04 94 76 80 19","latitude":43.733715,"longitude":6.6241946,"website":"","url":"https://lannuaire.service-public.gouv.fr/provence-alpes-cote-d-azur/var/a00d638e-6942-42bc-a051-59d8a68ce380"}
{"nom":"La Cadière-d'Azur","adresse":"11 rue Gabriel Péri , 83740 , La Cadière-d'Azur , France","codePostal":"83740","region":"Provence-Alpes-Côte d'Azur","departement":"Var","departementCode":"83","horaires":"Du Lundi au Vendredi : de 08h30 à 12h30 de 13h30 à 17h00","email":"secretariat@lacadieredazur.fr","telephone":"04 94 98 25 25","latitude":43.19651,"longitude":5.756717,"website":"https://lacadieredazur.fr/","url":"https://lannuaire.service-public.gouv.fr/provence-alpes-cote-d-azur/var/14aa1c4f-f24c-46cd-b722-a4bcb4196910"}
{"nom":"La Celle","adresse":"2 place du Général-de-Gaulle , 83170 , La Celle , France","codePostal":"83170","region":"Provence-Alpes-Côte d'Azur","departement":"Var","departementCode":"83","horaires":"Le Lundi : de 09h00 à 12h00\nLe Mardi : de 09h00 à 12h00 de 14h00 à 16h00\nLe Mercredi : de 09h00 à 12h00 de 14h00 à 16h00\nLe Jeudi : de 09h30 à 12h00 de 14h00 à 16h00\nLe Vendredi : de 09h00 à 12h00 de 14h00 à 16h00","email":"contact@mairielacelle.fr","telephone":"04 94 69 09 04","latitude":43.3939,"longitude":6.04084,"website":"https://www.lacelle-var.fr/","url":"https://lannuaire.service-public.gouv.fr/provence-alpes-cote-d-azur/var/71bcd0a3-084d-4d3a-bcc3-6fd442cba484"}
{"nom":"La Crau","adresse":"Boulevard de la République , 83260 , La Crau , France","codePostal":"83260","region":"Provence-Alpes-Côte d'Azur","departement":"Var","departementCode":"83","horaires":"Du Lundi au Vendredi : de 08h00 à 12h00 de 13h30 à 17h00","email":"mairie@villedelacrau.fr","telephone":"04 94 01 56 80","latitude":43.1484,"longitude":6.0739555,"website":"http://www.villedelacrau.fr/","url":"https://lannuaire.service-public.gouv.fr/provence-alpes-cote-d-azur/var/865ca40d-33fc-433f-9750-95806cc64b5d"}
{"nom":"La Croix-Valmer","adresse":"102 rue Louis-Martin , 83420 , La Croix-Valmer , France","codePostal":"83420","region":"Provence-Alpes-Côte d'Azur","departement":"Var","departementCode":"83","horaires":"Du Lundi au Jeudi : de 08h30 à 16h30\nLe Vendredi : de 08h30 à 13h00","email":"contact@lacroixvalmer.fr","telephone":"04 94 55 13 13","latitude":43.208035,"longitude":6.5683074,"website":"https://www.lacroixvalmer.fr/","url":"https://lannuaire.service-public.gouv.fr/provence-alpes-cote-d-azur/var/b89f50fe-293e-480a-9e14-3103384989bc"}
{"nom":"La Farlède","adresse":"Place de la Liberté , 83210 , La Farlède , France","codePostal":"83210","region":"Provence-Alpes-Côte d'Azur","departement":"Var","departementCode":"83","horaires":"Du Lundi au Vendredi : de 08h00 à 12h30 de 14h00 à 17h00\n\nPendant la crise sanitaire contacter l'accueil afin de savoir si un rendez-vous est nécessaire.","email":"mairie@lafarlede.fr","telephone":"04 94 27 85 85","latitude":43.16705,"longitude":6.04314,"website":"https://www.lafarlede.fr/","url":"https://lannuaire.service-public.gouv.fr/provence-alpes-cote-d-azur/var/918c022b-4d2a-4053-9ff0-dc9e2cd0c85b"}
{"nom":"La Garde","adresse":"Rue Jean-Baptiste-Lavène , 83130 , La Garde , France","codePostal":"83130","region":"Provence-Alpes-Côte d'Azur","departement":"Var","departementCode":"83","horaires":"Du Lundi au Vendredi : de 08h30 à 12h00 de 13h30 à 17h30\nLe Samedi : de 08h30 à 12h00\n\nAccueil ouvert uniquement pour l'état civil.","email":"contact-mairie@ville-lagarde.fr","telephone":"04 94 08 98 00","latitude":43.123695,"longitude":6.010975,"website":"https://www.ville-lagarde.fr/","url":"https://lannuaire.service-public.gouv.fr/provence-alpes-cote-d-azur/var/d5e22cde-6dd2-41e4-b163-3afb98130438"}
{"nom":"La Garde-Freinet","adresse":"Place de la Mairie , 83680 , La Garde-Freinet , France","codePostal":"83680","region":"Provence-Alpes-Côte d'Azur","departement":"Var","departementCode":"83","horaires":"Du Lundi au Jeudi : de 08h30 à 12h30 de 14h00 à 17h00\nLe Vendredi : de 08h30 à 12h30 de 14h00 à 16h00","email":"mairie@lagardefreinet.fr","telephone":"04 94 55 21 00","latitude":43.3182,"longitude":6.46889,"website":"https://www.lgf83.fr/","url":"https://lannuaire.service-public.gouv.fr/provence-alpes-cote-d-azur/var/af267e59-0fca-41c5-89d3-61947cc2eeba"}
{"nom":"La Londe-les-Maures","adresse":"Place du 11-Novembre , 83250 , La Londe-les-Maures , France","codePostal":"83250","region":"Provence-Alpes-Côte d'Azur","departement":"Var","departementCode":"83","horaires":"Du Lundi au Vendredi : de 08h00 à 12h30 de 13h30 à 17h00\nLe Samedi : de 09h00 à 11h30","email":"contact@lalondelesmaures.fr","telephone":"04 94 01 55 00","latitude":43.138386,"longitude":6.235621,"website":"https://www.ville-lalondelesmaures.fr/","url":"https://lannuaire.service-public.gouv.fr/provence-alpes-cote-d-azur/var/1aa750a7-70dc-4b71-9e42-1f13b1c0f46a"}
{"nom":"La Martre","adresse":"1 Place des Tilleuls , 83840 , La Martre , France","codePostal":"83840","region":"Provence-Alpes-Côte d'Azur","departement":"Var","departementCode":"83","horaires":"Du Lundi au Mardi : de 09h00 à 12h00 de 14h00 à 18h00\nDu Jeudi au Vendredi : de 09h00 à 12h00 de 14h00 à 18h00","email":"mairie-lamartre@orange.fr","telephone":"04 94 60 47 90","latitude":43.77161,"longitude":6.599143,"website":"https://lamartre.fr/","url":"https://lannuaire.service-public.gouv.fr/provence-alpes-cote-d-azur/var/8a147125-1202-4318-add9-f46216eb0496"}
{"nom":"La Mole","adresse":"2 place de la Mairie , 83310 , La Mole , France","codePostal":"83310","region":"Provence-Alpes-Côte d'Azur","departement":"Var","departementCode":"83","horaires":"Le Lundi : de 08h30 à 12h00\nLe Mardi : de 08h30 à 12h00 de 13h00 à 16h30\nLe Mercredi : de 08h30 à 12h00 de 13h00 à 16h30\nLe Jeudi : de 08h30 à 12h00\nLe Vendredi : de 08h30 à 12h00 de 13h00 à 16h30","email":"contact@lamole.fr","telephone":"04 94 40 05 80","latitude":43.207195,"longitude":6.465124,"website":"https://www.lamole.fr/","url":"https://lannuaire.service-public.gouv.fr/provence-alpes-cote-d-azur/var/2aa6cf37-5889-48c0-b927-22846f4aecdc"}
{"nom":"La Motte","adresse":"Place Clemenceau , 83920 , La Motte , France","codePostal":"83920","region":"Provence-Alpes-Côte d'Azur","departement":"Var","departementCode":"83","horaires":"Du Lundi au Vendredi : de 08h30 à 12h30 de 13h30 à 16h30","email":"secretaire-general@ville-la-motte.com","telephone":"04 94 50 44 55","latitude":43.492664,"longitude":6.534828,"website":"https://ville-la-motte.com/","url":"https://lannuaire.service-public.gouv.fr/provence-alpes-cote-d-azur/var/f67d5aa1-9c61-439b-ae4f-3ec48078e963"}
{"nom":"La Roquebrussanne","adresse":"31 rue Georges-Clemenceau , 83136 , La Roquebrussanne , France","codePostal":"83136","region":"Provence-Alpes-Côte d'Azur","departement":"Var","departementCode":"83","horaires":"Le Lundi : de 09h00 à 12h00 de 14h00 à 16h00\nLe Mardi : de 09h00 à 12h00 de 14h00 à 16h00\nLe Mercredi : de 09h00 à 12h00\nLe Jeudi : de 09h00 à 12h00 de 14h00 à 16h00\nLe Vendredi : de 09h00 à 12h00\nLe Samedi : de 09h00 à 12h00\n\nLe 1er et 3ème samedi de chaque mois","email":"mairie@laroquebrussanne.fr","telephone":"04 94 37 00 90","latitude":43.339615,"longitude":5.9765463,"website":"https://www.la-roquebrussanne.fr/","url":"https://lannuaire.service-public.gouv.fr/provence-alpes-cote-d-azur/var/b9e6b7d1-c736-4fb1-bb3b-d2230e0be555"}
{"nom":"La Roque-Esclapon","adresse":"50 rue de la Mairie , 83840 , La Roque-Esclapon , France","codePostal":"83840","region":"Provence-Alpes-Côte d'Azur","departement":"Var","departementCode":"83","horaires":"Du Lundi au Vendredi : de 09h30 à 12h30","email":"mairie@laroque-esclapon.fr","telephone":"04 94 50 40 50","latitude":43.72414,"longitude":6.629795,"website":"https://laroque-esclapon.fr/","url":"https://lannuaire.service-public.gouv.fr/provence-alpes-cote-d-azur/var/cd2946cd-82a3-49ea-ae43-07f209569ebc"}
{"nom":"La Seyne-sur-Mer","adresse":"20 quai Saturnin-Fabre , 83500 , La Seyne-sur-Mer , France","codePostal":"83500","region":"Provence-Alpes-Côte d'Azur","departement":"Var","departementCode":"83","horaires":"Du Lundi au Vendredi : de 08h00 à 17h30","email":"mairie@la-seyne.fr","telephone":"04 94 06 95 00","latitude":43.10156,"longitude":5.881795,"website":"https://www.la-seyne.fr/","url":"https://lannuaire.service-public.gouv.fr/provence-alpes-cote-d-azur/var/15678b88-9fee-4cfe-9fa3-1e86aba91ea6"}
{"nom":"La Valette-du-Var","adresse":"Batiment A , 83167 , La Valette-du-Var Cedex , France","codePostal":"83167","region":"Provence-Alpes-Côte d'Azur","departement":"Var","departementCode":"83","horaires":"Le Lundi : de 08h30 à 17h30\nDu Mardi au Mercredi : de 08h30 à 12h30 de 13h30 à 17h30\nLe Jeudi : de 08h30 à 12h30\nLe Vendredi : de 08h30 à 12h30 de 13h30 à 17h30","email":"cabinet.maire@lavalette83.fr","telephone":"04 94 61 90 90","latitude":43.13758,"longitude":5.985054,"website":"https://www.lavalette83.fr/","url":"https://lannuaire.service-public.gouv.fr/provence-alpes-cote-d-azur/var/ed319700-e95e-4cc6-9ae6-e34aa02fc764"}
{"nom":"La Verdière","adresse":"Hôtel de Ville , 83560 , La Verdière , France","codePostal":"83560","region":"Provence-Alpes-Côte d'Azur","departement":"Var","departementCode":"83","horaires":"Le Lundi : de 09h00 à 12h00 de 14h00 à 17h00\nDu Mardi au Jeudi : de 09h00 à 12h00\nLe Vendredi : de 09h00 à 12h00 de 14h00 à 17h00","email":"mairiedelaverdiere@orange.fr","telephone":"04 94 04 12 10","latitude":43.636078,"longitude":5.93655,"website":"https://laverdiere.fr/","url":"https://lannuaire.service-public.gouv.fr/provence-alpes-cote-d-azur/var/760ee3ac-7ff7-4897-b014-7b6940d4340f"}
{"nom":"Le Beausset","adresse":"Place Jean-Jaurès , 83330 , Le Beausset , France","codePostal":"83330","region":"Provence-Alpes-Côte d'Azur","departement":"Var","departementCode":"83","horaires":"Du Lundi au Jeudi : de 08h00 à 12h00 de 13h30 à 17h00\nLe Vendredi : de 08h00 à 12h00 de 13h30 à 16h00\n\nAccueil sur rendez-vous uniquement pour le service passeports et cartes d'identités, pendant la crise sanitaire accueil sur rendez-vous uniquement.","email":"accueil@ville-lebeausset.fr","telephone":"04 94 98 55 75","latitude":43.1984,"longitude":5.80185,"website":"https://www.ville-lebeausset.fr/","url":"https://lannuaire.service-public.gouv.fr/provence-alpes-cote-d-azur/var/f4d7c5cb-8e06-494f-a9c2-3939e950d284"}
{"nom":"Le Bourguet","adresse":"1 rue du Château , 83840 , Le Bourguet , France","codePostal":"83840","region":"Provence-Alpes-Côte d'Azur","departement":"Var","departementCode":"83","horaires":"Le Lundi : de 09h00 à 16h30\nLe Mercredi : de 09h00 à 16h30","email":"mairie-lebourguet@orange.fr","telephone":"04 94 76 91 82","latitude":43.78368,"longitude":6.518749,"website":"","url":"https://lannuaire.service-public.gouv.fr/provence-alpes-cote-d-azur/var/376ce981-7f0c-4089-85ed-2184224228c0"}
{"nom":"Le Cannet-des-Maures","adresse":"Parc Henri-Pellegrin , 83340 , Le Cannet-des-Maures , France","codePostal":"83340","region":"Provence-Alpes-Côte d'Azur","departement":"Var","departementCode":"83","horaires":"Du Lundi au Jeudi : de 08h30 à 12h00 de 13h30 à 17h30\nLe Vendredi : de 08h30 à 12h00 de 13h30 à 16h30\n\nEt les veilles de jours fériés.","email":"accueil.mairie@lecannetdesmaures.com","telephone":"04 94 50 06 00","latitude":43.3922,"longitude":6.34179,"website":"https://www.lecannetdesmaures.com/","url":"https://lannuaire.service-public.gouv.fr/provence-alpes-cote-d-azur/var/6f102082-fd55-42d1-8b8c-f114330dcb9f"}
{"nom":"Le Castellet","adresse":"Place du Champ-de-Bataille , 83330 , Le Castellet , France","codePostal":"83330","region":"Provence-Alpes-Côte d'Azur","departement":"Var","departementCode":"83","horaires":"Du Lundi au Jeudi : de 08h00 à 12h00 de 13h30 à 17h00\nLe Vendredi : de 08h00 à 12h00 de 13h30 à 16h30\n\nL'accueil pour l'urbanisme se fait sur rendez-vous uniquement.","email":"mairie.centrale@ville-lecastellet.fr","telephone":"04 94 98 57 90","latitude":43.203484,"longitude":5.7763886,"website":"https://www.ville-lecastellet.fr/","url":"https://lannuaire.service-public.gouv.fr/provence-alpes-cote-d-azur/var/8369a19f-2543-4ad7-807c-a5a5a046723c"}
{"nom":"Le Lavandou","adresse":"Place Ernest-Reyer , 83980 , Le Lavandou , France","codePostal":"83980","region":"Provence-Alpes-Côte d'Azur","departement":"Var","departementCode":"83","horaires":"Du Lundi au Vendredi : de 08h30 à 12h00 de 13h30 à 17h00","email":"secretariat.maire@le-lavandou.fr","telephone":"04 94 05 15 70","latitude":43.138004,"longitude":6.3691487,"website":"https://le-lavandou.fr/","url":"https://lannuaire.service-public.gouv.fr/provence-alpes-cote-d-azur/var/3c8d8968-5ee5-43f0-988c-56d973966dd7"}
{"nom":"Le Luc","adresse":"3 place de la Liberté , 83340 , Le Luc , France","codePostal":"83340","region":"Provence-Alpes-Côte d'Azur","departement":"Var","departementCode":"83","horaires":"Du Lundi au Mercredi : de 08h30 à 12h30 de 13h30 à 17h00\nLe Jeudi : de 08h30 à 12h30 de 14h30 à 17h00\nLe Vendredi : de 08h30 à 12h30 de 13h30 à 16h30\nLe Samedi : de 08h30 à 12h30","email":"cab@mairie-leluc.fr","telephone":"04 94 50 01 00","latitude":43.394527,"longitude":6.313178,"website":"https://www.mairie-leluc.com/","url":"https://lannuaire.service-public.gouv.fr/provence-alpes-cote-d-azur/var/6312e17d-36ee-4b89-a15d-99b7f8575356"}
{"nom":"Le Muy","adresse":"4 rue de l'Hôtel-de-Ville , 83490 , Le Muy , France","codePostal":"83490","region":"Provence-Alpes-Côte d'Azur","departement":"Var","departementCode":"83","horaires":"Du Lundi au Vendredi : de 08h30 à 12h00 de 13h30 à 17h00","email":"info@ville-lemuy.fr","telephone":"04 94 19 84 24","latitude":43.4703,"longitude":6.56571,"website":"https://www.ville-lemuy.fr/index.php","url":"https://lannuaire.service-public.gouv.fr/provence-alpes-cote-d-azur/var/43870cd4-f10f-4615-8cce-18cb4878d310"}
{"nom":"Le Plan-de-la-Tour","adresse":"37 Place Maréchal-Foch , 83120 , Le Plan-de-la-Tour , France","codePostal":"83120","region":"Provence-Alpes-Côte d'Azur","departement":"Var","departementCode":"83","horaires":"Du Lundi au Vendredi : de 08h30 à 12h00 de 15h30 à 17h30","email":"mairie@plandelatour.net","telephone":"04 94 55 07 55","latitude":43.33858,"longitude":6.546521,"website":"https://www.leplandelatour.fr/","url":"https://lannuaire.service-public.gouv.fr/provence-alpes-cote-d-azur/var/121082a9-f124-438a-af7d-63cd71ab55e2"}
{"nom":"Le Pradet","adresse":"Parc Cravero , 83220 , Le Pradet , France","codePostal":"83220","region":"Provence-Alpes-Côte d'Azur","departement":"Var","departementCode":"83","horaires":"Du Lundi au Vendredi : de 08h30 à 12h00 de 13h30 à 17h00","email":"accueil@le-pradet.fr","telephone":"04 94 08 69 47","latitude":43.107323,"longitude":6.021054,"website":"https://www.le-pradet.fr/","url":"https://lannuaire.service-public.gouv.fr/provence-alpes-cote-d-azur/var/14b3d1fe-91e9-4286-963c-2c9ef503a2b0"}
{"nom":"Le Revest-les-Eaux","adresse":"Place Jean-Jaurès , 83200 , Le Revest-les-Eaux , France","codePostal":"83200","region":"Provence-Alpes-Côte d'Azur","departement":"Var","departementCode":"83","horaires":"Du Lundi au Vendredi : de 08h30 à 12h00 de 14h00 à 17h30","email":"contactmairie@lerevest83.fr","telephone":"04 94 98 19 90","latitude":43.176666,"longitude":5.925439,"website":"https://www.lerevest83.fr/fr/","url":"https://lannuaire.service-public.gouv.fr/provence-alpes-cote-d-azur/var/f7aefd67-65bb-47f4-9f34-baaff37a8394"}
{"nom":"Les Adrets-de-l'Estérel","adresse":"2 route du Violon , 83600 , Les Adrets-de-l'Estérel , France","codePostal":"83600","region":"Provence-Alpes-Côte d'Azur","departement":"Var","departementCode":"83","horaires":"Du Lundi au Jeudi : de 08h00 à 12h00 de 13h30 à 17h30\nLe Vendredi : de 08h00 à 12h00 de 14h00 à 17h00","email":"contact@mairie-adrets-esterel.fr","telephone":"04 94 19 36 66","latitude":43.525684,"longitude":6.814348,"website":"https://www.lesadretsdelesterel.fr/","url":"https://lannuaire.service-public.gouv.fr/provence-alpes-cote-d-azur/var/b78ddee3-79f6-41f8-82bb-fc2c35b03dea"}
{"nom":"Les Arcs","adresse":"Place du Général-de-Gaulle , 83460 , Les Arcs , France","codePostal":"83460","region":"Provence-Alpes-Côte d'Azur","departement":"Var","departementCode":"83","horaires":"Du Lundi au Vendredi : de 08h30 à 12h00 de 13h30 à 17h00","email":"mairie@lesarcssurargens.fr","telephone":"04 94 47 56 70","latitude":43.462914,"longitude":6.479028,"website":"https://www.mairie-les-arcs-sur-argens.fr/","url":"https://lannuaire.service-public.gouv.fr/provence-alpes-cote-d-azur/var/78cb5b25-f57f-43bc-a49d-92737e31b571"}
{"nom":"Les Mayons","adresse":"143 Grande-Rue , 83340 , Les Mayons , France","codePostal":"83340","region":"Provence-Alpes-Côte d'Azur","departement":"Var","departementCode":"83","horaires":"Du Lundi au Vendredi : de 10h00 à 12h00 de 16h30 à 17h30","email":"mairielesmayons@wanadoo.fr","telephone":"04 94 60 00 93","latitude":43.313942,"longitude":6.357829,"website":"https://www.lesmayons.fr/","url":"https://lannuaire.service-public.gouv.fr/provence-alpes-cote-d-azur/var/2cbb2835-b453-44f6-81d8-896a638174e6"}
{"nom":"Les Salles-sur-Verdon","adresse":"Place Sainte-Anne , 83630 , Les Salles-sur-Verdon , France","codePostal":"83630","region":"Provence-Alpes-Côte d'Azur","departement":"Var","departementCode":"83","horaires":"Du Lundi au Vendredi : de 09h00 à 12h00","email":"mairie@lessallessurverdon.fr","telephone":"04 98 10 63 56","latitude":43.773655,"longitude":6.208357,"website":"http://www.lessallessurverdon.fr/","url":"https://lannuaire.service-public.gouv.fr/provence-alpes-cote-d-azur/var/cf5e2737-4446-4b02-a92b-3b3ab666f694"}
{"nom":"Le Thoronet","adresse":"4 place Sadi-Carnot , 83340 , Le Thoronet , France","codePostal":"83340","region":"Provence-Alpes-Côte d'Azur","departement":"Var","departementCode":"83","horaires":"Du Lundi au Jeudi : de 08h30 à 11h30 de 14h30 à 17h30\nLe Vendredi : de 08h30 à 11h30 de 14h30 à 16h00","email":"contact@lethoronet.fr","telephone":"04 94 73 87 11","latitude":43.45193,"longitude":6.3019724,"website":"http://www.lethoronet.org/","url":"https://lannuaire.service-public.gouv.fr/provence-alpes-cote-d-azur/var/44c71f4c-bdfc-425f-ac78-a0b4b7b545f1"}
{"nom":"Le Val","adresse":"5 place de la Libération , 83143 , Le Val , France","codePostal":"83143","region":"Provence-Alpes-Côte d'Azur","departement":"Var","departementCode":"83","horaires":"Du Lundi au Vendredi : de 08h30 à 12h00 de 14h00 à 17h00","email":"contact@mairie-leval.fr","telephone":"04 94 37 02 20","latitude":43.439087,"longitude":6.072571,"website":"https://www.mairie-leval.fr/","url":"https://lannuaire.service-public.gouv.fr/provence-alpes-cote-d-azur/var/8f61f175-0539-4c58-bd8c-95819b3f0004"}
{"nom":"Lorgues","adresse":"Cours de la République , 83510 , Lorgues , France","codePostal":"83510","region":"Provence-Alpes-Côte d'Azur","departement":"Var","departementCode":"83","horaires":"Du Lundi au Jeudi : de 08h30 à 12h00 de 13h30 à 17h00\nLe Vendredi : de 08h30 à 16h30","email":"infos@lorgues.fr","telephone":"04 94 85 92 92","latitude":43.49309,"longitude":6.3584595,"website":"https://www.mairiedelorgues.fr/","url":"https://lannuaire.service-public.gouv.fr/provence-alpes-cote-d-azur/var/5b58d647-6055-4989-8085-0a2d7f11546d"}
{"nom":"Mazaugues","adresse":"46 boulevard Lambert , 83136 , Mazaugues , France","codePostal":"83136","region":"Provence-Alpes-Côte d'Azur","departement":"Var","departementCode":"83","horaires":"Du Lundi au Mercredi : de 09h00 à 12h00 de 13h30 à 16h30\nLe Jeudi : de 09h00 à 12h00\nLe Vendredi : de 09h00 à 12h00 de 13h30 à 16h30\nLe Samedi : de 09h00 à 12h00","email":"accueil@mairie-mazaugues.org","telephone":"04 94 86 95 03","latitude":43.347576,"longitude":5.922395,"website":"https://www.mazaugues.net/","url":"https://lannuaire.service-public.gouv.fr/provence-alpes-cote-d-azur/var/af53f59e-d664-4274-9384-768f5f7a101d"}
{"nom":"Méounes-lès-Montrieux","adresse":"12 route de Brignoles , 83136 , Méounes-lès-Montrieux , France","codePostal":"83136","region":"Provence-Alpes-Côte d'Azur","departement":"Var","departementCode":"83","horaires":"Du Lundi au Mardi : de 08h30 à 12h00 de 14h00 à 16h00\nLe Mercredi : de 08h30 à 11h00\nDu Jeudi au Vendredi : de 08h30 à 12h00 de 14h00 à 16h00\nLe Samedi : de 08h30 à 11h00","email":"mairie@meounes.com","telephone":"04 94 13 83 20","latitude":43.2818,"longitude":5.96993,"website":"https://www.meounes.com/","url":"https://lannuaire.service-public.gouv.fr/provence-alpes-cote-d-azur/var/dd442a72-77d8-4752-b539-dcaa150304ef"}
{"nom":"Moissac-Bellevue","adresse":"15 le Cours , 83630 , Moissac-Bellevue , France","codePostal":"83630","region":"Provence-Alpes-Côte d'Azur","departement":"Var","departementCode":"83","horaires":"Le Lundi : de 08h30 à 11h30\nDu Mercredi au Vendredi : de 08h30 à 11h30","email":"mairiemoissac83@orange.fr","telephone":"04 94 70 16 21","latitude":43.652992,"longitude":6.166823,"website":"https://www.moissac-bellevue.fr/","url":"https://lannuaire.service-public.gouv.fr/provence-alpes-cote-d-azur/var/8e8a1110-1263-4fb2-81af-2b515457940d"}
{"nom":"Mons","adresse":"1 place Saint-Sébastien , 83440 , Mons , France","codePostal":"83440","region":"Provence-Alpes-Côte d'Azur","departement":"Var","departementCode":"83","horaires":"Le Lundi : de 08h30 à 12h00 de 14h00 à 16h00\nLe Mardi : de 08h30 à 12h00\nLe Mercredi : de 08h30 à 12h00 de 14h00 à 16h00\nLe Jeudi : de 08h30 à 12h00\nLe Vendredi : de 08h30 à 12h00 de 14h00 à 16h00","email":"mairie-mons83@wanadoo.fr","telephone":"04 94 39 22 39","latitude":43.68925,"longitude":6.71275,"website":"https://mairie-mons83.fr/","url":"https://lannuaire.service-public.gouv.fr/provence-alpes-cote-d-azur/var/02ecbb45-db71-45c4-ac69-6b219cc9c370"}
{"nom":"Montauroux","adresse":"Place du Clos , 83440 , Montauroux , France","codePostal":"83440","region":"Provence-Alpes-Côte d'Azur","departement":"Var","departementCode":"83","horaires":"Du Lundi au Vendredi : de 08h30 à 12h00 de 14h00 à 17h00","email":"mairie@ville-montauroux.fr","telephone":"04 94 50 41 00","latitude":43.6178,"longitude":6.76446,"website":"https://www.montauroux.fr/","url":"https://lannuaire.service-public.gouv.fr/provence-alpes-cote-d-azur/var/3ac3a597-5d4c-44d8-838c-6bc7f1bcf426"}
{"nom":"Montferrat","adresse":"1 placette de la Mairie , 83131 , Montferrat , France","codePostal":"83131","region":"Provence-Alpes-Côte d'Azur","departement":"Var","departementCode":"83","horaires":"Le Lundi : de 09h00 à 12h00\nLe Mardi : de 09h00 à 12h00 de 14h00 à 17h00\nDu Mercredi au Jeudi : de 09h00 à 12h00\nLe Vendredi : de 09h00 à 12h00 de 14h00 à 17h00","email":"mairie@montferrat.fr","telephone":"04 94 50 21 91","latitude":43.61286,"longitude":6.481968,"website":"https://www.montferrat.fr/","url":"https://lannuaire.service-public.gouv.fr/provence-alpes-cote-d-azur/var/c051245d-f982-4f77-8da4-700395cb8540"}
{"nom":"Montfort-sur-Argens","adresse":"7 rue de la Rouguière , 83570 , Montfort-sur-Argens , France","codePostal":"83570","region":"Provence-Alpes-Côte d'Azur","departement":"Var","departementCode":"83","horaires":"Du Lundi au Mardi : de 09h00 à 12h00\nLe Mercredi : de 09h00 à 12h00 de 14h00 à 17h00\nDu Jeudi au Samedi : de 09h00 à 12h00","email":"contact@montfortsurargens.fr","telephone":"04 94 37 22 90","latitude":43.473778,"longitude":6.121517,"website":"https://www.montfort-sur-argens.fr/","url":"https://lannuaire.service-public.gouv.fr/provence-alpes-cote-d-azur/var/01a7a78a-e426-476e-ae5e-37640e2ced6c"}
{"nom":"Montmeyan","adresse":"17 Avenue du Verdon , 83670 , Montmeyan , France","codePostal":"83670","region":"Provence-Alpes-Côte d'Azur","departement":"Var","departementCode":"83","horaires":"Du Lundi au Mercredi : de 09h00 à 12h00\nDu Vendredi au Samedi : de 09h00 à 12h00","email":"mairie.montmeyan@orange.fr","telephone":"04 94 69 60 80","latitude":43.6481,"longitude":6.06334,"website":"http://www.montmeyan.fr/","url":"https://lannuaire.service-public.gouv.fr/provence-alpes-cote-d-azur/var/5c3e73a9-89f9-48ff-8f97-5b441c7a6e3c"}
{"nom":"Nans-les-Pins","adresse":"13 avenue Julien-Jourdan , 83860 , Nans-les-Pins , France","codePostal":"83860","region":"Provence-Alpes-Côte d'Azur","departement":"Var","departementCode":"83","horaires":"Le Lundi : de 08h30 à 12h00 de 14h00 à 17h00\nLe Mardi : de 08h30 à 12h00\nLe Mercredi : de 08h30 à 12h00 de 14h00 à 17h00\nLe Jeudi : de 08h30 à 12h00\nLe Vendredi : de 08h30 à 12h00 de 14h00 à 17h00\nLe Samedi : de 09h00 à 12h00","email":"elus@mairie-nanslespins.fr","telephone":"04 94 37 21 41","latitude":43.3725,"longitude":5.78574,"website":"https://www.mairie-nanslespins.fr/","url":"https://lannuaire.service-public.gouv.fr/provence-alpes-cote-d-azur/var/0f305f11-69b7-4c8f-aeef-f9846536d57a"}
{"nom":"Néoules","adresse":"1 avenue de Provence , 83136 , Néoules , France","codePostal":"83136","region":"Provence-Alpes-Côte d'Azur","departement":"Var","departementCode":"83","horaires":"Du Lundi au Mardi : de 09h00 à 12h00 de 14h00 à 16h00\nDu Jeudi au Vendredi : de 09h00 à 12h00 de 14h00 à 16h00\nLe Samedi : de 09h00 à 12h00","email":"mairie@neoules.fr","telephone":"04 94 37 22 77","latitude":43.30936,"longitude":6.013246,"website":"https://www.neoules.fr/","url":"https://lannuaire.service-public.gouv.fr/provence-alpes-cote-d-azur/var/edbbccfa-5f2d-4786-b926-69c2c3d13b15"}
{"nom":"Ollières","adresse":"28 place Frédéric-Mistral , 83470 , Ollières , France","codePostal":"83470","region":"Provence-Alpes-Côte d'Azur","departement":"Var","departementCode":"83","horaires":"Du Lundi au Mardi : de 08h00 à 12h00\nLe Mercredi : de 14h00 à 17h00\nDu Jeudi au Vendredi : de 08h00 à 12h00","email":"mairie@ollieres.fr","telephone":"04 94 78 02 33","latitude":43.483185,"longitude":5.828748,"website":"https://www.ollieres-83.com/","url":"https://lannuaire.service-public.gouv.fr/provence-alpes-cote-d-azur/var/73b640a7-78ef-41dd-9cc5-a15a73452ce5"}
{"nom":"Ollioules","adresse":"7 avenue du Général-de-Gaulle , 83191 , Ollioules , France","codePostal":"83191","region":"Provence-Alpes-Côte d'Azur","departement":"Var","departementCode":"83","horaires":"Du Lundi au Vendredi : de 08h00 à 12h00 de 13h30 à 17h00\nLe Samedi : de 08h30 à 11h00\n\nAccueil ouvert uniquement pour l'état civil.","email":"contact@ollioules.fr","telephone":"04 94 30 41 41","latitude":43.139683,"longitude":5.847663,"website":"https://www.ollioules.fr/","url":"https://lannuaire.service-public.gouv.fr/provence-alpes-cote-d-azur/var/f606c005-4fde-436a-9c49-79bdbade8d8f"}
{"nom":"Pierrefeu-du-Var","adresse":"Place Urbain-Sénès , 83390 , Pierrefeu-du-Var , France","codePostal":"83390","region":"Provence-Alpes-Côte d'Azur","departement":"Var","departementCode":"83","horaires":"Du Lundi au Vendredi : de 08h30 à 12h00 de 13h00 à 17h00","email":"mairie@pierrefeu-du-var.fr","telephone":"04 94 13 53 13","latitude":43.2269,"longitude":6.14452,"website":"https://www.pierrefeu-du-var.fr/","url":"https://lannuaire.service-public.gouv.fr/provence-alpes-cote-d-azur/var/f68709be-9680-4bcc-906b-025722e6bb27"}
{"nom":"Pignans","adresse":"7 place de la Mairie , 83790 , Pignans , France","codePostal":"83790","region":"Provence-Alpes-Côte d'Azur","departement":"Var","departementCode":"83","horaires":"Du Lundi au Vendredi : de 08h30 à 12h00 de 14h30 à 17h00","email":"accueil@pignans.fr","telephone":"04 94 13 54 90","latitude":43.3498,"longitude":6.17711,"website":"http://www.pignans.fr/","url":"https://lannuaire.service-public.gouv.fr/provence-alpes-cote-d-azur/var/8402ccfb-0c89-4431-b69c-36773ca54b8b"}
{"nom":"Plan-d'Aups-Sainte-Baume","adresse":"1 avenue de la Libération , 83640 , Plan-d'Aups-Sainte-Baume , France","codePostal":"83640","region":"Provence-Alpes-Côte d'Azur","departement":"Var","departementCode":"83","horaires":"Le Lundi : de 13h30 à 17h00\nLe Mardi : de 08h30 à 12h00 de 13h30 à 17h00\nLe Mercredi : de 08h30 à 12h00\nDu Jeudi au Vendredi : de 08h30 à 12h00 de 13h30 à 17h00","email":"mairie@plan-daups.fr","telephone":"04 42 04 50 10","latitude":43.3268,"longitude":5.71182,"website":"https://www.plan-daups.fr/","url":"https://lannuaire.service-public.gouv.fr/provence-alpes-cote-d-azur/var/0b5ef5e2-5f2f-4901-96fa-f111e4751b1c"}
{"nom":"Pontevès","adresse":"31 L'Esplanade , 83670 , Pontevès , France","codePostal":"83670","region":"Provence-Alpes-Côte d'Azur","departement":"Var","departementCode":"83","horaires":"Du Lundi au Mardi : de 09h00 à 12h00\nDu Jeudi au Vendredi : de 09h00 à 12h00\nLe Samedi : de 09h00 à 12h00\n\n1er et 3ième samedi du mois.","email":"serviceadministratif@mairie-ponteves.fr","telephone":"04 94 77 11 41","latitude":43.55326,"longitude":6.031534,"website":"http://www.ponteves.fr/","url":"https://lannuaire.service-public.gouv.fr/provence-alpes-cote-d-azur/var/478b5645-ae55-41c2-8b9a-bc127cf194a8"}
{"nom":"Pourcieux","adresse":"25 rue de l'Église , 83470 , Pourcieux , France","codePostal":"83470","region":"Provence-Alpes-Côte d'Azur","departement":"Var","departementCode":"83","horaires":"Le Lundi : de 08h00 à 12h00 de 13h00 à 17h00\nLe Mardi : de 13h00 à 17h00\nLe Mercredi : de 08h00 à 12h00\nLe Jeudi : de 13h00 à 17h00\nLe Vendredi : de 08h00 à 12h00 de 13h00 à 17h00","email":"mairie@pourcieux.fr","telephone":"04 94 78 02 05","latitude":43.470505,"longitude":5.785839,"website":"http://www.pourcieux.fr/","url":"https://lannuaire.service-public.gouv.fr/provence-alpes-cote-d-azur/var/329a9b85-fec9-4f40-ac1e-6af558aefa8e"}
{"nom":"Pourrières","adresse":"Place Jules-Michel , 83910 , Pourrières , France","codePostal":"83910","region":"Provence-Alpes-Côte d'Azur","departement":"Var","departementCode":"83","horaires":"Du Lundi au Mardi : de 09h00 à 12h00 de 13h30 à 16h30\nLe Mercredi : de 09h00 à 12h00\nDu Jeudi au Vendredi : de 09h00 à 12h00 de 13h30 à 16h30","email":"accueil@pourrieres.fr","telephone":"04 98 05 11 70","latitude":43.50409,"longitude":5.73535,"website":"https://www.pourrieres.fr/","url":"https://lannuaire.service-public.gouv.fr/provence-alpes-cote-d-azur/var/7d88b6ab-63a9-403b-9a4e-7f7fa206a676"}
{"nom":"Puget-sur-Argens","adresse":"137 boulevard Cavalier , 83480 , Puget-sur-Argens , France","codePostal":"83480","region":"Provence-Alpes-Côte d'Azur","departement":"Var","departementCode":"83","horaires":"Le Lundi : de 08h00 à 17h00\nDu Lundi au Jeudi : de 08h00 à 12h00 de 14h00 à 17h00\nLe Vendredi : de 08h00 à 12h00 de 14h00 à 16h30","email":"accueilp@mairie-puget-sur-argens.com","telephone":"04 94 19 67 00","latitude":43.456333,"longitude":6.683368,"website":"https://www.pugetsurargens.fr/","url":"https://lannuaire.service-public.gouv.fr/provence-alpes-cote-d-azur/var/a86f9ee2-68c0-4e0b-b82b-71ac301ad38f"}
{"nom":"Puget-Ville","adresse":"368 rue de la Libération , 83390 , Puget-Ville , France","codePostal":"83390","region":"Provence-Alpes-Côte d'Azur","departement":"Var","departementCode":"83","horaires":"Le Lundi : de 08h30 à 12h00\nDu Mardi au Jeudi : de 08h30 à 12h00 de 14h00 à 17h30\nLe Vendredi : de 08h30 à 12h00\nLe Samedi : de 09h00 à 12h00","email":"mairie@puget-ville.fr","telephone":"04 94 13 82 00","latitude":43.28932,"longitude":6.136326,"website":"http://www.puget-ville.fr/","url":"https://lannuaire.service-public.gouv.fr/provence-alpes-cote-d-azur/var/29a9082d-7564-4e06-bb28-4071c761e369"}
{"nom":"Ramatuelle","adresse":"60 boulevard du 8-Mai-1945 , 83350 , Ramatuelle , France","codePostal":"83350","region":"Provence-Alpes-Côte d'Azur","departement":"Var","departementCode":"83","horaires":"Du Lundi au Vendredi : de 08h30 à 12h00 de 13h00 à 17h00","email":"info@mairie-ramatuelle.fr","telephone":"04 98 12 66 66","latitude":43.224304,"longitude":6.6317463,"website":"https://www.ramatuelle.fr/","url":"https://lannuaire.service-public.gouv.fr/provence-alpes-cote-d-azur/var/3e5f2063-90cd-4b1f-ad2a-56be9b6f210d"}
{"nom":"Rayol-Canadel-sur-Mer","adresse":"Route départementale 559 , 83820 , Rayol-Canadel-sur-Mer , France","codePostal":"83820","region":"Provence-Alpes-Côte d'Azur","departement":"Var","departementCode":"83","horaires":"Du Lundi au Jeudi : de 08h30 à 12h00 de 13h15 à 17h00\nLe Vendredi : de 08h30 à 12h00","email":"accueil.mairie@rayol-canadel.fr","telephone":"04 94 15 61 00","latitude":43.160717,"longitude":6.467125,"website":"https://www.rayol-canadel.fr/","url":"https://lannuaire.service-public.gouv.fr/provence-alpes-cote-d-azur/var/76c97584-3725-4799-907b-c85a3e11b812"}
{"nom":"Régusse","adresse":"48 Cours Alexandre-Gariel , 83630 , Régusse , France","codePostal":"83630","region":"Provence-Alpes-Côte d'Azur","departement":"Var","departementCode":"83","horaires":"Du Lundi au Vendredi : de 08h00 à 12h00","email":"contact@mairie-regusse83.fr","telephone":"04 94 70 16 23","latitude":43.65641,"longitude":6.129491,"website":"https://mairie-regusse83.fr/fr/","url":"https://lannuaire.service-public.gouv.fr/provence-alpes-cote-d-azur/var/46b54830-0359-4392-91af-45f3bf32595f"}
{"nom":"Rians","adresse":"30 rue de la République , 83560 , Rians , France","codePostal":"83560","region":"Provence-Alpes-Côte d'Azur","departement":"Var","departementCode":"83","horaires":"Du Lundi au Jeudi : de 08h00 à 12h00 de 13h30 à 16h15\nLe Vendredi : de 08h00 à 12h00 de 13h30 à 16h00\nLe Samedi : de 08h00 à 12h00","email":"accueil@mairie-rians.fr","telephone":"04 94 72 64 80","latitude":43.606514,"longitude":5.757851,"website":"https://www.ville-rians.fr/","url":"https://lannuaire.service-public.gouv.fr/provence-alpes-cote-d-azur/var/f2060dad-8be0-4201-800d-42503e9d818b"}
{"nom":"Riboux","adresse":"Placette de la Mairie , 13780 , Riboux , France","codePostal":"13780","region":"Provence-Alpes-Côte d'Azur","departement":"Var","departementCode":"83","horaires":"Le Mercredi : de 09h00 à 12h00\nLe Jeudi : de 09h00 à 12h00 de 13h30 à 15h30","email":"secretariat@mairiederiboux.fr","telephone":"04 42 73 88 68","latitude":43.302715,"longitude":5.756478,"website":"https://www.riboux.com/","url":"https://lannuaire.service-public.gouv.fr/provence-alpes-cote-d-azur/var/2983ff67-6ded-4eac-88cf-7f3183d78021"}
{"nom":"Rocbaron","adresse":"Place du Souvenir-Français , 83136 , Rocbaron , France","codePostal":"83136","region":"Provence-Alpes-Côte d'Azur","departement":"Var","departementCode":"83","horaires":"Du Lundi au Mardi : de 08h30 à 12h00 de 13h30 à 17h00\nLe Mercredi : de 08h30 à 12h00\nDu Jeudi au Vendredi : de 08h30 à 12h00 de 13h30 à 17h00","email":"contact@mairie-rocbaron.fr","telephone":"04 94 72 84 72","latitude":43.304176,"longitude":6.091139,"website":"https://www.mairie-rocbaron.fr/","url":"https://lannuaire.service-public.gouv.fr/provence-alpes-cote-d-azur/var/722d9bfd-8647-40c4-bf79-da95bff0f6e0"}
{"nom":"Roquebrune-sur-Argens","adresse":"Rue Grande-André-Cabasse , 83520 , Roquebrune-sur-Argens , France","codePostal":"83520","region":"Provence-Alpes-Côte d'Azur","departement":"Var","departementCode":"83","horaires":"Du Lundi au Jeudi : de 08h00 à 12h00 de 13h30 à 17h00\nLe Vendredi : de 08h30 à 12h00 de 13h30 à 16h30","email":"mairie@mairie-roquebrune-argens.fr","telephone":"04 94 19 59 59","latitude":43.4443,"longitude":6.63784,"website":"https://www.roquebrune.com/","url":"https://lannuaire.service-public.gouv.fr/provence-alpes-cote-d-azur/var/7ca7d9f9-3cfd-4e8f-af03-320148524802"}
{"nom":"Rougiers","adresse":"15 avenue de Brignoles , 83170 , Rougiers , France","codePostal":"83170","region":"Provence-Alpes-Côte d'Azur","departement":"Var","departementCode":"83","horaires":"Du Lundi au Mardi : de 08h30 à 12h30\nLe Mercredi : de 08h00 à 12h30 de 13h30 à 17h30\nLe Jeudi : de 08h30 à 12h30\nLe Vendredi : de 08h30 à 12h30 de 13h30 à 17h30","email":"mairie.de-rougiers@wanadoo.fr","telephone":"04 98 05 93 30","latitude":43.39269,"longitude":5.851676,"website":"https://www.rougiers.fr/","url":"https://lannuaire.service-public.gouv.fr/provence-alpes-cote-d-azur/var/c4485112-ff2a-41d2-ba54-42fddabb3743"}
{"nom":"Saint-Antonin-du-Var","adresse":"Route d'Entrecasteaux , 83510 , Saint-Antonin-du-Var , France","codePostal":"83510","region":"Provence-Alpes-Côte d'Azur","departement":"Var","departementCode":"83","horaires":"Le Lundi : de 08h30 à 11h30 de 14h00 à 17h00\nDu Mardi au Vendredi : de 08h30 à 11h30","email":"saint.antonin.mairie@orange.fr","telephone":"04 94 04 42 08","latitude":43.510105,"longitude":6.287412,"website":"http://www.saintantoninduvar.com/","url":"https://lannuaire.service-public.gouv.fr/provence-alpes-cote-d-azur/var/b0fff824-1fa1-4a41-8d0c-7b881104df6f"}
{"nom":"Saint-Cyr-sur-Mer","adresse":"Place d'Estienne-d'Orves , 83270 , Saint-Cyr-sur-Mer , France","codePostal":"83270","region":"Provence-Alpes-Côte d'Azur","departement":"Var","departementCode":"83","horaires":"Du Lundi au Vendredi : de 08h00 à 12h00 de 13h30 à 17h00\nLe Mardi : de 08h00 à 12h00 de 13h30 à 19h00","email":"mairie@saintcyrsurmer.fr","telephone":"04 94 26 26 22","latitude":43.18196,"longitude":5.710917,"website":"https://www.saintcyrsurmer.fr/saint-cyr-sur-mer-3.html","url":"https://lannuaire.service-public.gouv.fr/provence-alpes-cote-d-azur/var/b31ccf1b-2d45-4e1e-b9b4-e920ed4e05e9"}
{"nom":"Sainte-Anastasie-sur-Issole","adresse":"33 rue Notre-Dame , 83136 , Sainte-Anastasie-sur-Issole , France","codePostal":"83136","region":"Provence-Alpes-Côte d'Azur","departement":"Var","departementCode":"83","horaires":"Du Lundi au Mardi : de 08h00 à 12h00\nLe Mercredi : de 08h00 à 12h00 de 13h30 à 16h30\nDu Jeudi au Vendredi : de 08h00 à 12h00","email":"mairie@sainte-anastasie-sur-issole.fr","telephone":"04 94 69 64 40","latitude":43.341557,"longitude":6.125359,"website":"https://sainte-anastasie-sur-issole.fr/","url":"https://lannuaire.service-public.gouv.fr/provence-alpes-cote-d-azur/var/33d52743-c14d-4ee9-b9b8-53708d023e8e"}
{"nom":"Sainte-Maxime","adresse":"Boulevard des Mimosas , 83120 , Sainte-Maxime , France","codePostal":"83120","region":"Provence-Alpes-Côte d'Azur","departement":"Var","departementCode":"83","horaires":"Du Lundi au Vendredi : de 08h30 à 12h00 de 14h00 à 17h30","email":"mairie@sainte-maxime.fr","telephone":"04 94 79 42 42","latitude":43.309696,"longitude":6.640533,"website":"https://www.sainte-maxime.fr/","url":"https://lannuaire.service-public.gouv.fr/provence-alpes-cote-d-azur/var/2d741628-79ac-425c-8bbc-ea99f51ce23e"}
{"nom":"Saint-Julien","adresse":"22 rue de l'Hôtel-de-Ville , 83560 , Saint-Julien , France","codePostal":"83560","region":"Provence-Alpes-Côte d'Azur","departement":"Var","departementCode":"83","horaires":"Du Lundi au Vendredi : de 08h30 à 12h00\nLes trois premiers samedis du mois : de 08h30 à 12h00","email":"contact@sjlm.fr","telephone":"04 94 80 04 78","latitude":43.6937,"longitude":5.914947,"website":"https://www.sjlm.fr/","url":"https://lannuaire.service-public.gouv.fr/provence-alpes-cote-d-azur/var/97f9e456-e5de-422b-9108-6c6df3581de7"}
{"nom":"Saint-Mandrier-sur-Mer","adresse":"Place des Résistants , 83430 , Saint-Mandrier-sur-Mer , France","codePostal":"83430","region":"Provence-Alpes-Côte d'Azur","departement":"Var","departementCode":"83","horaires":"Du Lundi au Vendredi : de 08h30 à 12h00 de 13h30 à 17h00\nLe Samedi : de 09h00 à 12h00\n\nService urbanisme ouvert les lundis, mercredis et vendredis après midi sur rendez-vous uniquement.","email":"info@ville-saintmandrier.fr","telephone":"04 94 11 51 60","latitude":43.078163,"longitude":5.928626,"website":"https://www.ville-saintmandrier.fr/","url":"https://lannuaire.service-public.gouv.fr/provence-alpes-cote-d-azur/var/f7ed71a7-4b5c-4d3e-a670-fd9601d45be3"}
{"nom":"Saint-Martin-de-Pallières","adresse":"1 place de la Mairie , 83560 , Saint-Martin-de-Pallières , France","codePostal":"83560","region":"Provence-Alpes-Côte d'Azur","departement":"Var","departementCode":"83","horaires":"Le Mardi : de 09h00 à 12h00\nLe Jeudi : de 09h00 à 12h00\nLe Vendredi : de 14h00 à 18h00\nLe Samedi : de 09h00 à 12h00","email":"mairie-stmartindepallieres@orange.fr","telephone":"04 94 72 80 45","latitude":43.589046,"longitude":5.885031,"website":"https://mairie-stmartindepallieres.fr/","url":"https://lannuaire.service-public.gouv.fr/provence-alpes-cote-d-azur/var/29f5ea35-ea5a-4f22-9397-c496e631297a"}
{"nom":"Saint-Maximin-la-Sainte-Baume","adresse":"Parvis Charles-II-d'Anjou , 83470 , Saint-Maximin-la-Sainte-Baume , France","codePostal":"83470","region":"Provence-Alpes-Côte d'Azur","departement":"Var","departementCode":"83","horaires":"Du Lundi au Vendredi : de 08h30 à 12h00 de 13h30 à 17h00","email":"secretariatgeneral@st-maximin.fr","telephone":"04 94 72 93 00","latitude":43.45301,"longitude":5.8632474,"website":"https://www.st-maximin.fr/","url":"https://lannuaire.service-public.gouv.fr/provence-alpes-cote-d-azur/var/d7f6028b-0b6a-48f6-b49b-ad2ba651b3b5"}
{"nom":"Saint-Paul-en-Forêt","adresse":"154 place du Champ-de-Foire , 83440 , Saint-Paul-en-Forêt , France","codePostal":"83440","region":"Provence-Alpes-Côte d'Azur","departement":"Var","departementCode":"83","horaires":"Du Lundi au Mardi : de 08h30 à 12h00 de 13h30 à 17h00\nDu Jeudi au Vendredi : de 08h30 à 12h00 de 13h30 à 17h00","email":"accueil@saintpaulenforet.fr","telephone":"04 94 39 08 80","latitude":43.56675,"longitude":6.692764,"website":"http://www.saintpaulenforet.fr/","url":"https://lannuaire.service-public.gouv.fr/provence-alpes-cote-d-azur/var/5010961a-476e-47f7-9641-346e1b0d3c05"}
{"nom":"Saint-Raphaël","adresse":"Hôtel de Ville , 83701 , Saint-Raphaël Cedex , France","codePostal":"83701","region":"Provence-Alpes-Côte d'Azur","departement":"Var","departementCode":"83","horaires":"Du Lundi au Jeudi : de 08h00 à 12h00 de 13h30 à 17h00\nLe Vendredi : de 08h00 à 12h00 de 13h30 à 16h30","email":"monsieurlemaire@ville-saintraphael.fr","telephone":"04 94 82 15 00","latitude":43.42518,"longitude":6.768542,"website":"https://www.ville-saintraphael.fr/","url":"https://lannuaire.service-public.gouv.fr/provence-alpes-cote-d-azur/var/4b3fbc0a-81ba-4ef7-aeb0-58d621b5d72e"}
{"nom":"Saint-Tropez","adresse":"Place de l'Hôtel-de-ville , 83990 , Saint-Tropez , France","codePostal":"83990","region":"Provence-Alpes-Côte d'Azur","departement":"Var","departementCode":"83","horaires":"Du Lundi au Mardi : de 08h30 à 12h30 de 13h30 à 17h00\nLe Mercredi : de 08h30 à 17h00\nDu Jeudi au Vendredi : de 08h30 à 12h30 de 13h30 à 17h00","email":"citoyennete@ville-sainttropez.fr","telephone":"04 94 55 90 00","latitude":43.27341,"longitude":6.63964,"website":"https://www.saint-tropez.fr/","url":"https://lannuaire.service-public.gouv.fr/provence-alpes-cote-d-azur/var/9c86aa14-9784-433e-988e-a8d75eb2f6fa"}
{"nom":"Saint-Zacharie","adresse":"1 cours Louis-Blanc , 83640 , Saint-Zacharie , France","codePostal":"83640","region":"Provence-Alpes-Côte d'Azur","departement":"Var","departementCode":"83","horaires":"Du Lundi au Vendredi : de 08h30 à 12h00 de 14h00 à 18h00\nLe Samedi : de 08h30 à 12h00","email":"cabinetdumaire@st-zacharie.fr","telephone":"04 42 32 63 32","latitude":43.3859,"longitude":5.70703,"website":"http://www.saint-zacharie.fr/","url":"https://lannuaire.service-public.gouv.fr/provence-alpes-cote-d-azur/var/6c5b781b-1548-402f-9cfb-4fe97b4db2df"}
{"nom":"Salernes","adresse":"Place Georges-Clemenceau , 83690 , Salernes , France","codePostal":"83690","region":"Provence-Alpes-Côte d'Azur","departement":"Var","departementCode":"83","horaires":"Du Lundi au Jeudi : de 08h30 à 12h00 de 14h00 à 17h00\nLe Vendredi : de 08h30 à 12h00 de 14h00 à 16h30","email":"mairie@ville-salernes.fr","telephone":"04 94 60 40 00","latitude":43.5628,"longitude":6.23324,"website":"https://www.ville-salernes.fr/","url":"https://lannuaire.service-public.gouv.fr/provence-alpes-cote-d-azur/var/da7c749e-1d3a-48f9-ada9-16620b4152ec"}
{"nom":"Sanary-sur-Mer","adresse":"1 place de la République , 83110 , Sanary-sur-Mer , France","codePostal":"83110","region":"Provence-Alpes-Côte d'Azur","departement":"Var","departementCode":"83","horaires":"Du Lundi au Jeudi : de 08h30 à 16h30\nLe Vendredi : de 08h30 à 15h30","email":"contact@sanarysurmer.fr","telephone":"04 94 32 97 00","latitude":43.11802,"longitude":5.801435,"website":"https://www.sanarysurmer.com/","url":"https://lannuaire.service-public.gouv.fr/provence-alpes-cote-d-azur/var/f50f2502-cdad-461d-b6eb-f6195a18f940"}
{"nom":"Seillans","adresse":"9 rue du Valat , 83440 , Seillans , France","codePostal":"83440","region":"Provence-Alpes-Côte d'Azur","departement":"Var","departementCode":"83","horaires":"Du Lundi au Vendredi : de 08h30 à 12h00 de 13h30 à 17h00","email":"contact@seillans.fr","telephone":"04 94 50 45 46","latitude":43.63658,"longitude":6.643195,"website":"https://www.seillans.fr/","url":"https://lannuaire.service-public.gouv.fr/provence-alpes-cote-d-azur/var/d87f72ac-d511-406f-a686-1fd5d334e2d7"}
{"nom":"Seillons-Source-d'Argens","adresse":"39 Place Gabriel-Péri , 83470 , Seillons-Source-d'Argens , France","codePostal":"83470","region":"Provence-Alpes-Côte d'Azur","departement":"Var","departementCode":"83","horaires":"Du Lundi au Vendredi : de 08h30 à 12h00","email":"contact@mairie-de-seillons.fr","telephone":"04 98 05 20 40","latitude":43.496273,"longitude":5.883623,"website":"http://www.vivreaseillons.fr/","url":"https://lannuaire.service-public.gouv.fr/provence-alpes-cote-d-azur/var/5662d83e-4457-406c-a960-22b9fa088795"}
{"nom":"Signes","adresse":"5 rue Saint-Jean , 83870 , Signes , France","codePostal":"83870","region":"Provence-Alpes-Côte d'Azur","departement":"Var","departementCode":"83","horaires":"Du Lundi au Vendredi : de 09h00 à 12h00 de 14h00 à 16h30","email":"mairie@signes.fr","telephone":"04 94 25 30 80","latitude":43.290882,"longitude":5.863493,"website":"https://mairiesignes.fr/","url":"https://lannuaire.service-public.gouv.fr/provence-alpes-cote-d-azur/var/c58a985b-75d4-49d1-9347-e7e0eb79769a"}
{"nom":"Sillans-la-Cascade","adresse":"Rue du Château , 83690 , Sillans-la-Cascade , France","codePostal":"83690","region":"Provence-Alpes-Côte d'Azur","departement":"Var","departementCode":"83","horaires":"Du Lundi au Vendredi : de 08h30 à 12h00\n\nSur rendez-vous l'après-midi.","email":"mairie.sillans-la-cascade@wanadoo.fr","telephone":"04 94 04 63 04","latitude":43.5672,"longitude":6.17954,"website":"https://sillans-la-cascade.fr/","url":"https://lannuaire.service-public.gouv.fr/provence-alpes-cote-d-azur/var/382b880a-67d3-41af-90ca-fe1e1edc5e5b"}
{"nom":"Six-Fours-les-Plages","adresse":"Place du 18-Juin-1940 , 83183 , Six-Fours-les-Plages , France","codePostal":"83183","region":"Provence-Alpes-Côte d'Azur","departement":"Var","departementCode":"83","horaires":"Du Lundi au Vendredi : de 08h30 à 16h30\nLe Samedi : de 08h30 à 11h00\nAccueil ouvert de 7h45 à 15h15 en juillet-août.","email":"doleances@mairie-six-fours.fr","telephone":"04 94 34 93 00","latitude":43.093372,"longitude":5.83994,"website":"https://www.ville-six-fours.fr/","url":"https://lannuaire.service-public.gouv.fr/provence-alpes-cote-d-azur/var/4284c09c-f55a-41b5-90e0-ec62f75039ac"}
{"nom":"Solliès-Pont","adresse":"1 rue de la République , 83210 , Solliès-Pont , France","codePostal":"83210","region":"Provence-Alpes-Côte d'Azur","departement":"Var","departementCode":"83","horaires":"Le Lundi : de 08h30 à 12h30 de 13h30 à 17h30\nDu Mardi au Vendredi : de 08h30 à 12h30 de 13h30 à 17h00","email":"mairie@solliespont.fr","telephone":"04 94 13 58 00","latitude":43.190384,"longitude":6.041507,"website":"https://www.ville-sollies-pont.fr/","url":"https://lannuaire.service-public.gouv.fr/provence-alpes-cote-d-azur/var/23b0aedf-1d17-4b1f-a12b-a1be201ed44f"}
{"nom":"Solliès-Toucas","adresse":"Place Clément-Balestra , 83210 , Solliès-Toucas , France","codePostal":"83210","region":"Provence-Alpes-Côte d'Azur","departement":"Var","departementCode":"83","horaires":"Du Lundi au Vendredi : de 08h30 à 12h00 de 13h30 à 17h00\nEt le 1er Samedi du mois de 9h00 à 12h00.","email":"","telephone":"04 94 28 90 47","latitude":43.206303,"longitude":6.026143,"website":"https://www.ville-solliestoucas.fr/","url":"https://lannuaire.service-public.gouv.fr/provence-alpes-cote-d-azur/var/1e6c30ee-950a-422b-b89d-1dd085d4f3f1"}
{"nom":"Solliès-Ville","adresse":"9 rue du 6e-Régiment-de-Tirailleurs-Sénégalais , 83210 , Solliès-Ville , France","codePostal":"83210","region":"Provence-Alpes-Côte d'Azur","departement":"Var","departementCode":"83","horaires":"Du Lundi au Mercredi : de 08h00 à 12h00 de 13h00 à 16h30\nLe Jeudi : de 08h00 à 12h00\nLe Vendredi : de 08h00 à 12h00 de 13h00 à 16h30","email":"contact@solliesville.fr","telephone":"04 94 13 80 30","latitude":43.182487,"longitude":6.037807,"website":"https://solliesville.fr/","url":"https://lannuaire.service-public.gouv.fr/provence-alpes-cote-d-azur/var/6e9d7c7f-d715-4d0f-b217-2dc2488e29f5"}
{"nom":"Tanneron","adresse":"Place de la Mairie , 83440 , Tanneron , France","codePostal":"83440","region":"Provence-Alpes-Côte d'Azur","departement":"Var","departementCode":"83","horaires":"Du Lundi au Mardi : de 08h30 à 12h00 de 13h30 à 17h30\nLe Mercredi : de 08h30 à 12h00\nDu Jeudi au Vendredi : de 08h30 à 12h00 de 13h30 à 17h30","email":"accueil@communedetanneron.fr","telephone":"04 93 60 68 13","latitude":43.59034,"longitude":6.87568,"website":"https://www.communedetanneron.fr/","url":"https://lannuaire.service-public.gouv.fr/provence-alpes-cote-d-azur/var/d6f954d5-8770-4b3f-8c9a-5f34b6b79e1a"}
{"nom":"Taradeau","adresse":"38 route de Flayosc , 83460 , Taradeau , France","codePostal":"83460","region":"Provence-Alpes-Côte d'Azur","departement":"Var","departementCode":"83","horaires":"Le Lundi : de 09h00 à 12h00\nDu Mardi au Jeudi : de 09h00 à 12h00 de 15h00 à 17h30\nLe Vendredi : de 09h00 à 12h00","email":"accueil@mairie-taradeau.fr","telephone":"04 94 99 70 30","latitude":43.454594,"longitude":6.4275875,"website":"https://mairie-taradeau.fr/","url":"https://lannuaire.service-public.gouv.fr/provence-alpes-cote-d-azur/var/bf215370-523b-4a03-bae8-19df58d48217"}
{"nom":"Tavernes","adresse":"15 place de la Mairie , 83670 , Tavernes , France","codePostal":"83670","region":"Provence-Alpes-Côte d'Azur","departement":"Var","departementCode":"83","horaires":"Du Lundi au Mardi : de 08h00 à 16h00\nLe Mercredi : de 08h00 à 15h00\nLe Jeudi : de 08h00 à 16h00\nLe Vendredi : de 08h00 à 15h00","email":"mairiedetavernes@orange.fr","telephone":"04 98 05 36 36","latitude":43.59386,"longitude":6.016659,"website":"http://www.mairie-tavernes.fr/","url":"https://lannuaire.service-public.gouv.fr/provence-alpes-cote-d-azur/var/f0722b4e-a5db-4b5e-a68c-3ccf10006d86"}
{"nom":"Toulon","adresse":"Avenue de la République , 83000 , Toulon , France","codePostal":"83000","region":"Provence-Alpes-Côte d'Azur","departement":"Var","departementCode":"83","horaires":"Du Lundi au Vendredi : de 08h30 à 16h30","email":"","telephone":"04 94 36 30 00","latitude":43.119694,"longitude":5.9327555,"website":"https://www.toulon.fr/","url":"https://lannuaire.service-public.gouv.fr/provence-alpes-cote-d-azur/var/64b14e6b-d7ff-4cda-876b-bcebef5837e1"}
{"nom":"Tourrettes","adresse":"Place de la Mairie , 83440 , Tourrettes , France","codePostal":"83440","region":"Provence-Alpes-Côte d'Azur","departement":"Var","departementCode":"83","horaires":"Du Lundi au Vendredi : de 09h00 à 12h00 de 14h00 à 17h00\nLe Samedi : de 09h00 à 12h00\n\nAccueil ouvert uniquement pour l'état civil et les rendez-vous avec le maire et l'urbanisme.","email":"mairie@mairie-tourrettes-83.fr","telephone":"04 94 39 07 20","latitude":43.623173,"longitude":6.701985,"website":"https://www.mairie-tourrettes-83.fr/","url":"https://lannuaire.service-public.gouv.fr/provence-alpes-cote-d-azur/var/25e4f7b3-d093-438b-8be9-0d5e3678f6a4"}
{"nom":"Tourtour","adresse":"Château Raphélis , 83690 , Tourtour , France","codePostal":"83690","region":"Provence-Alpes-Côte d'Azur","departement":"Var","departementCode":"83","horaires":"Du Lundi au Vendredi : de 09h00 à 12h00","email":"accueil@mairietourtour.com","telephone":"04 98 10 25 25","latitude":43.589302,"longitude":6.302249,"website":"https://mairie-tourtour.fr/","url":"https://lannuaire.service-public.gouv.fr/provence-alpes-cote-d-azur/var/0614ff12-ce64-48cb-ad8e-f8bd6978cfe0"}
{"nom":"Tourves","adresse":"Place de l'Hôtel-de-Ville , 83170 , Tourves , France","codePostal":"83170","region":"Provence-Alpes-Côte d'Azur","departement":"Var","departementCode":"83","horaires":"Du Lundi au Vendredi : de 08h00 à 12h00 de 13h30 à 17h30","email":"accueil@tourves.fr","telephone":"04 94 37 00 00","latitude":43.407906,"longitude":5.924093,"website":"https://www.tourves.fr/","url":"https://lannuaire.service-public.gouv.fr/provence-alpes-cote-d-azur/var/8aed7736-151c-41b2-95e0-0d24990b9325"}
{"nom":"Trans-en-Provence","adresse":"25 avenue de la Gare , 83720 , Trans-en-Provence , France","codePostal":"83720","region":"Provence-Alpes-Côte d'Azur","departement":"Var","departementCode":"83","horaires":"Du Lundi au Jeudi : de 08h30 à 12h00 de 13h30 à 17h00\nLe Vendredi : de 08h30 à 12h30 de 13h30 à 16h30","email":"accueil@transenprovence.fr","telephone":"04 94 60 62 49","latitude":43.503582,"longitude":6.4853935,"website":"https://www.transenprovence.fr/","url":"https://lannuaire.service-public.gouv.fr/provence-alpes-cote-d-azur/var/85c638b1-c492-493a-94ae-b9846358ce06"}
{"nom":"Trigance","adresse":"6 place Saint-Michel , 83840 , Trigance , France","codePostal":"83840","region":"Provence-Alpes-Côte d'Azur","departement":"Var","departementCode":"83","horaires":"Le Lundi : de 09h00 à 12h00 de 13h30 à 17h00\nLe Mardi : de 09h00 à 12h00\nLe Mercredi : de 10h00 à 12h00 de 13h30 à 17h00\nLe Jeudi : de 09h00 à 12h00 de 13h30 à 17h00","email":"mairie@trigance.fr","telephone":"04 94 76 23 20","latitude":43.76022,"longitude":6.4418178,"website":"https://trigance.fr/","url":"https://lannuaire.service-public.gouv.fr/provence-alpes-cote-d-azur/var/0e0903b9-0adb-41eb-ace6-de1841044e7b"}
{"nom":"Varages","adresse":"Place de la IVe-République , 83670 , Varages , France","codePostal":"83670","region":"Provence-Alpes-Côte d'Azur","departement":"Var","departementCode":"83","horaires":"Du Lundi au Vendredi : de 09h00 à 12h00 de 13h30 à 15h30\nLe Samedi : de 09h00 à 12h00","email":"secretariatdumaire@varages.fr","telephone":"04 94 72 85 10","latitude":43.59682,"longitude":5.960297,"website":"http://www.varages.fr/","url":"https://lannuaire.service-public.gouv.fr/provence-alpes-cote-d-azur/var/4975dc08-04af-462c-aa5b-4fda880c6d93"}
{"nom":"Vérignon","adresse":"Le Hameau , 83630 , Vérignon , France","codePostal":"83630","region":"Provence-Alpes-Côte d'Azur","departement":"Var","departementCode":"83","horaires":"Du Lundi au Mardi : de 09h00 à 12h00\nDu Mercredi au Jeudi : de 09h00 à 12h00\nLe Vendredi : de 09h00 à 15h00","email":"mairie@verignon.fr","telephone":"04 94 70 07 81","latitude":43.653904,"longitude":6.272812,"website":"","url":"https://lannuaire.service-public.gouv.fr/provence-alpes-cote-d-azur/var/f0ee96ff-a1cf-412c-a005-be321a222000"}
{"nom":"Vidauban","adresse":"Place Georges-Clemenceau , 83550 , Vidauban , France","codePostal":"83550","region":"Provence-Alpes-Côte d'Azur","departement":"Var","departementCode":"83","horaires":"Du Lundi au Vendredi : de 08h30 à 12h00 de 13h30 à 17h00\n\nLe service état civil est ouvert le mardi jusqu'à 18h30.\nLe service état civil est ouvert le mardi jusqu'à 18h30.","email":"accueil@vidauban.fr","telephone":"04 94 99 99 00","latitude":43.4269,"longitude":6.43108,"website":"https://www.mairie-vidauban.fr/","url":"https://lannuaire.service-public.gouv.fr/provence-alpes-cote-d-azur/var/b1c7f75a-c055-45c7-a00d-41dcea7ca723"}
{"nom":"Villecroze","adresse":"Place Victor-Espitalier , 83690 , Villecroze , France","codePostal":"83690","region":"Provence-Alpes-Côte d'Azur","departement":"Var","departementCode":"83","horaires":"Le Lundi : de 08h30 à 12h00 de 13h30 à 16h30\nLe Mardi : de 08h30 à 12h00\nLe Mercredi : de 08h30 à 12h00 de 13h30 à 16h30\nDu Jeudi au Vendredi : de 08h30 à 12h00","email":"accueil@mairie-villecroze.fr","telephone":"04 94 70 63 06","latitude":43.582394,"longitude":6.274981,"website":"http://mairie-villecroze.fr/","url":"https://lannuaire.service-public.gouv.fr/provence-alpes-cote-d-azur/var/5d951203-dc82-4acd-ac10-72fd0e1c3b13"}
{"nom":"Vinon-sur-Verdon","adresse":"66 avenue de la Libération , 83560 , Vinon-sur-Verdon , France","codePostal":"83560","region":"Provence-Alpes-Côte d'Azur","departement":"Var","departementCode":"83","horaires":"Du Lundi au Mardi : de 08h30 à 12h00 de 13h30 à 17h00\nLe Mercredi : de 08h30 à 12h00\nLe Jeudi : de 08h30 à 12h00 de 13h30 à 17h00\nLe Vendredi : de 08h30 à 12h00","email":"secretariatdgs@vinon-sur-verdon.fr","telephone":"04 92 78 80 31","latitude":43.7256,"longitude":5.81267,"website":"https://www.vinon-sur-verdon.fr/","url":"https://lannuaire.service-public.gouv.fr/provence-alpes-cote-d-azur/var/2def46cd-c180-4252-9dff-6c2a47dd23c3"}
{"nom":"Vins-sur-Caramy","adresse":"Place de l'Église , 83170 , Vins-sur-Caramy , France","codePostal":"83170","region":"Provence-Alpes-Côte d'Azur","departement":"Var","departementCode":"83","horaires":"Du Lundi au Mardi : de 10h00 à 12h00 de 16h00 à 17h00\nLe Mercredi : de 10h00 à 12h00\nDu Jeudi au Vendredi : de 10h00 à 12h00 de 16h00 à 17h00","email":"accueil@vinssurcaramy.fr","telephone":"04 94 37 00 40","latitude":43.43358,"longitude":6.141687,"website":"https://www.vinssurcaramy.fr/","url":"https://lannuaire.service-public.gouv.fr/provence-alpes-cote-d-azur/var/9ef4c54c-3f4a-4e53-b762-e2c0d806d2f7"}
