{"nom":"Althen-des-Paluds","adresse":"Place de la Mairie , 84210 , Althen-des-Paluds , France","codePostal":"84210","region":"Provence-Alpes-Côte d'Azur","departement":"Vaucluse","departementCode":"84","horaires":"Du Lundi au Mardi : de 08h30 à 12h00 de 13h15 à 17h30\nLe Mercredi : de 08h00 à 12h00 de 13h15 à 17h30\nLe Jeudi : de 08h30 à 12h00 de 13h15 à 17h30\nLe Vendredi : de 08h30 à 12h00","email":"mairie@althendespaluds.fr","telephone":"04 90 62 01 02","latitude":44.004337,"longitude":4.958824,"website":"https://althendespaluds.fr/","url":"https://lannuaire.service-public.gouv.fr/provence-alpes-cote-d-azur/vaucluse/c6c97508-532b-423b-991f-1b5d7ccca739"}
{"nom":"Ansouis","adresse":"29 boulevard des Platanes , 84240 , Ansouis , France","codePostal":"84240","region":"Provence-Alpes-Côte d'Azur","departement":"Vaucluse","departementCode":"84","horaires":"Le Lundi : de 09h00 à 12h00 de 13h00 à 17h00\nLe Mardi : de 09h00 à 12h00\nLe Mercredi : de 09h00 à 12h00 de 13h00 à 17h00\nDu Jeudi au Vendredi : de 09h00 à 12h00","email":"mairie@ansouis.fr","telephone":"04 90 09 83 79","latitude":43.73798,"longitude":5.46484,"website":"https://ansouis.fr/","url":"https://lannuaire.service-public.gouv.fr/provence-alpes-cote-d-azur/vaucluse/b4d0d595-3099-4206-befe-1745fe2ccfb8"}
{"nom":"Apt","adresse":"Place Gabriel-Péri , 84405 , Apt , France","codePostal":"84405","region":"Provence-Alpes-Côte d'Azur","departement":"Vaucluse","departementCode":"84","horaires":"Du Lundi au Jeudi : de 08h00 à 12h00 de 14h00 à 17h30\nLe Vendredi : de 08h00 à 12h00 de 14h00 à 17h00","email":"mairie@apt.fr","telephone":"04 90 74 00 34","latitude":43.875965,"longitude":5.394576,"website":"http://www.apt.fr/","url":"https://lannuaire.service-public.gouv.fr/provence-alpes-cote-d-azur/vaucluse/0a4c3010-d46d-4f1c-b075-c0abd5ae42df"}
{"nom":"Aubignan","adresse":"1 place de l'Hôtel-de-Ville , 84810 , Aubignan , France","codePostal":"84810","region":"Provence-Alpes-Côte d'Azur","departement":"Vaucluse","departementCode":"84","horaires":"Du Lundi au Mardi : de 08h00 à 17h00\nLe Mercredi : de 08h00 à 12h00\nLe Jeudi : de 08h00 à 17h00\nLe Vendredi : de 08h00 à 12h00","email":"mairie@aubignan.fr","telephone":"04 90 62 61 14","latitude":44.099358,"longitude":5.025084,"website":"https://www.aubignan.fr/","url":"https://lannuaire.service-public.gouv.fr/provence-alpes-cote-d-azur/vaucluse/27732f6f-7981-4331-addf-3eac9c362da6"}
{"nom":"Aurel","adresse":"1 place de la Mairie , 84390 , Aurel , France","codePostal":"84390","region":"Provence-Alpes-Côte d'Azur","departement":"Vaucluse","departementCode":"84","horaires":"Le Lundi : de 09h00 à 12h00\nLe Mercredi : de 09h00 à 12h00 de 13h00 à 15h00\nLe Jeudi : de 09h00 à 12h00","email":"aurel.mairie@orange.fr","telephone":"04 90 64 00 76","latitude":44.128098,"longitude":5.427529,"website":"http://www.mairie-aurel.fr/","url":"https://lannuaire.service-public.gouv.fr/provence-alpes-cote-d-azur/vaucluse/c65415f5-4ec9-44af-91d0-fd4043911dd9"}
{"nom":"Auribeau","adresse":"44 rue Saint-Pierre , 84400 , Auribeau , France","codePostal":"84400","region":"Provence-Alpes-Côte d'Azur","departement":"Vaucluse","departementCode":"84","horaires":"Le Jeudi : de 13h00 à 17h00","email":"mairiedauribeau@wanadoo.fr","telephone":"04 90 75 20 65","latitude":43.836407,"longitude":5.458464,"website":"","url":"https://lannuaire.service-public.gouv.fr/provence-alpes-cote-d-azur/vaucluse/3adbb1d6-b87c-44f1-b653-d4fb2dac0871"}
{"nom":"Avignon","adresse":"Place de l'Horloge , 84000 , Avignon , France","codePostal":"84000","region":"Provence-Alpes-Côte d'Azur","departement":"Vaucluse","departementCode":"84","horaires":"Du Lundi au Vendredi : de 08h00 à 17h30","email":"contact@mairie-avignon.com","telephone":"04 90 80 80 00","latitude":43.949287,"longitude":4.805589,"website":"https://www.avignon.fr/","url":"https://lannuaire.service-public.gouv.fr/provence-alpes-cote-d-azur/vaucluse/e240fe6c-a111-4ce4-a40c-a32ee3c31feb"}
{"nom":"Beaumes-de-Venise","adresse":"85 avenue Raspail , 84190 , Beaumes-de-Venise , France","codePostal":"84190","region":"Provence-Alpes-Côte d'Azur","departement":"Vaucluse","departementCode":"84","horaires":"Du Lundi au Vendredi : de 08h30 à 12h00 de 13h30 à 16h00","email":"accueil.mairie@beaumes-de-venise.fr","telephone":"04 90 62 94 34","latitude":44.1207,"longitude":5.028429,"website":"https://www.beaumes-de-venise.fr/accueil.html","url":"https://lannuaire.service-public.gouv.fr/provence-alpes-cote-d-azur/vaucluse/3717403b-803e-4edd-8d48-34019ef0c071"}
{"nom":"Beaumont-de-Pertuis","adresse":"Avenue de Verdun , 84120 , Beaumont-de-Pertuis , France","codePostal":"84120","region":"Provence-Alpes-Côte d'Azur","departement":"Vaucluse","departementCode":"84","horaires":"Le Lundi : de 09h00 à 12h00 de 14h00 à 17h00\nLe Mardi : de 09h00 à 12h00\nLe Mercredi : de 09h00 à 12h00 de 14h00 à 16h00\nLe Jeudi : de 09h00 à 12h00\nLe Vendredi : de 09h00 à 12h00 de 14h00 à 17h00","email":"accueil@beaumontdepertuis.fr","telephone":"04 90 08 01 05","latitude":43.704086,"longitude":5.655983,"website":"https://beaumontdepertuis.fr/","url":"https://lannuaire.service-public.gouv.fr/provence-alpes-cote-d-azur/vaucluse/9f56e25a-320a-4616-998d-dcdaffad282a"}
{"nom":"Beaumont-du-Ventoux","adresse":"1 place de la Mairie , 84340 , Beaumont-du-Ventoux , France","codePostal":"84340","region":"Provence-Alpes-Côte d'Azur","departement":"Vaucluse","departementCode":"84","horaires":"Le Mardi : de 13h30 à 17h30\nLe Mercredi : de 09h00 à 12h00\nDu Jeudi au Vendredi : de 13h30 à 17h30","email":"mairie@beaumont-du-ventoux.fr","telephone":"04 90 65 21 13","latitude":44.184174,"longitude":5.166135,"website":"http://beaumontduventoux.fr/","url":"https://lannuaire.service-public.gouv.fr/provence-alpes-cote-d-azur/vaucluse/543947b1-a85f-4fb9-ab85-a1696de9d35e"}
{"nom":"Bédarrides","adresse":"36 Grande rue Charles-de-Gaulle , 84370 , Bédarrides , France","codePostal":"84370","region":"Provence-Alpes-Côte d'Azur","departement":"Vaucluse","departementCode":"84","horaires":"Du Lundi au Vendredi : de 08h30 à 12h00 de 13h00 à 16h30","email":"accueil@bedarrides.eu","telephone":"04 90 33 01 48","latitude":44.0407,"longitude":4.89767,"website":"https://www.ville-bedarrides.com/","url":"https://lannuaire.service-public.gouv.fr/provence-alpes-cote-d-azur/vaucluse/413e6361-75eb-4878-bce5-37c3c3aab488"}
{"nom":"Bédoin","adresse":"301 avenue Barral-des-Baux , 84410 , Bédoin , France","codePostal":"84410","region":"Provence-Alpes-Côte d'Azur","departement":"Vaucluse","departementCode":"84","horaires":"Du Lundi au Mardi : de 08h00 à 12h00 de 13h30 à 17h30\nLe Mercredi : de 08h00 à 12h00\nDu Jeudi au Vendredi : de 08h00 à 12h00 de 13h30 à 17h30\nLe Samedi : de 08h30 à 12h00","email":"accueil@bedoin.fr","telephone":"04 90 65 60 08","latitude":44.1229,"longitude":5.18046,"website":"https://www.bedoin-mont-ventoux.fr/accueil.html","url":"https://lannuaire.service-public.gouv.fr/provence-alpes-cote-d-azur/vaucluse/d759524a-153f-4f0c-a5c5-4eafa88cfde6"}
{"nom":"Blauvac","adresse":"9 route de Saint-Estève , 84570 , Blauvac , France","codePostal":"84570","region":"Provence-Alpes-Côte d'Azur","departement":"Vaucluse","departementCode":"84","horaires":"Du Lundi au Mercredi : de 09h00 à 12h00\nLe Jeudi : de 09h00 à 12h00 de 13h00 à 17h00\nLe Vendredi : de 09h00 à 12h00","email":"blauvac@wanadoo.fr","telephone":"04 90 61 81 41","latitude":44.02965,"longitude":5.199343,"website":"https://www.blauvac.fr/","url":"https://lannuaire.service-public.gouv.fr/provence-alpes-cote-d-azur/vaucluse/ea1c2c85-d911-47b1-9931-4d1976a01fb0"}
{"nom":"Bollène","adresse":"Place Reynaud-de-la-Gardette , 84500 , Bollène , France","codePostal":"84500","region":"Provence-Alpes-Côte d'Azur","departement":"Vaucluse","departementCode":"84","horaires":"Du Lundi au Vendredi : de 08h30 à 12h00 de 13h30 à 17h00","email":"mairie@ville-bollene.fr","telephone":"04 90 40 51 00","latitude":44.2801,"longitude":4.74831,"website":"https://ville-bollene.fr/fr/","url":"https://lannuaire.service-public.gouv.fr/provence-alpes-cote-d-azur/vaucluse/23b1ef9c-0db5-4ec9-95e0-4a1ee993862a"}
{"nom":"Bonnieux","adresse":"3 rue Jean-Baptiste-Aurard , 84480 , Bonnieux , France","codePostal":"84480","region":"Provence-Alpes-Côte d'Azur","departement":"Vaucluse","departementCode":"84","horaires":"Du Lundi au Vendredi : de 09h15 à 12h15","email":"mairie@bonnieux84.fr","telephone":"04 90 75 80 06","latitude":43.823006,"longitude":5.306584,"website":"http://www.bonnieux84.fr/","url":"https://lannuaire.service-public.gouv.fr/provence-alpes-cote-d-azur/vaucluse/9a760e0b-ae71-4f62-a56d-6e9468677456"}
{"nom":"Brantes","adresse":"Le village , 84390 , Brantes , France","codePostal":"84390","region":"Provence-Alpes-Côte d'Azur","departement":"Vaucluse","departementCode":"84","horaires":"Le Lundi : de 14h00 à 18h00\nLe Mercredi : de 08h00 à 12h00 de 14h00 à 18h00","email":"mairie.brantes@orange.fr","telephone":"04 75 28 09 46","latitude":44.19331,"longitude":5.334436,"website":"","url":"https://lannuaire.service-public.gouv.fr/provence-alpes-cote-d-azur/vaucluse/56273304-aa0b-4f75-b96c-92a0a65e1aa7"}
{"nom":"Buisson","adresse":"23 rue de la Mairie , 84110 , Buisson , France","codePostal":"84110","region":"Provence-Alpes-Côte d'Azur","departement":"Vaucluse","departementCode":"84","horaires":"Le Lundi : de 08h00 à 12h00 de 14h00 à 17h00\nLe Jeudi : de 08h00 à 12h00 de 14h00 à 17h00","email":"accueil@mairie-buisson.com","telephone":"04 90 28 90 20","latitude":44.279926,"longitude":4.9978127,"website":"http://www.mairie-buisson.com/","url":"https://lannuaire.service-public.gouv.fr/provence-alpes-cote-d-azur/vaucluse/67297b07-1c33-476e-a250-947d6f8f80b3"}
{"nom":"Buoux","adresse":"1 place de la Mairie , 84480 , Buoux , France","codePostal":"84480","region":"Provence-Alpes-Côte d'Azur","departement":"Vaucluse","departementCode":"84","horaires":"Du Lundi au Jeudi : de 14h00 à 16h00","email":"mairiedebuoux@orange.fr","telephone":"04 90 74 36 05","latitude":43.83133,"longitude":5.377775,"website":"","url":"https://lannuaire.service-public.gouv.fr/provence-alpes-cote-d-azur/vaucluse/4f8bfcf7-d6c0-4865-96a1-d5e6a7225e78"}
{"nom":"Cabrières-d'Aigues","adresse":"1 place de l'Ormeau , 84240 , Cabrières-d'Aigues , France","codePostal":"84240","region":"Provence-Alpes-Côte d'Azur","departement":"Vaucluse","departementCode":"84","horaires":"Du Lundi au Mardi : de 08h30 à 12h30 de 14h00 à 17h30\nLe Mercredi : de 08h30 à 12h30\nDu Jeudi au Vendredi : de 08h30 à 12h30 de 14h00 à 17h30","email":"contact@cabrieresdaigues.com","telephone":"04 90 77 61 84","latitude":43.7846,"longitude":5.49777,"website":"http://www.cabrieresdaigues.com/","url":"https://lannuaire.service-public.gouv.fr/provence-alpes-cote-d-azur/vaucluse/96d51cba-c793-45da-a57c-c7b9ddd33107"}
{"nom":"Cabrières-d'Avignon","adresse":"76 cours Jean-Giono , 84220 , Cabrières-d'Avignon , France","codePostal":"84220","region":"Provence-Alpes-Côte d'Azur","departement":"Vaucluse","departementCode":"84","horaires":"Du Lundi au Vendredi : de 08h30 à 12h30 de 13h30 à 17h30","email":"mairie@cabrieresdavignon.fr","telephone":"04 90 76 92 04","latitude":43.890377,"longitude":5.150506,"website":"https://www.cabrieresdavignon.fr/","url":"https://lannuaire.service-public.gouv.fr/provence-alpes-cote-d-azur/vaucluse/5adfab89-75e2-4d0c-9088-134bb227d292"}
{"nom":"Cadenet","adresse":"16 cours Voltaire , 84160 , Cadenet , France","codePostal":"84160","region":"Provence-Alpes-Côte d'Azur","departement":"Vaucluse","departementCode":"84","horaires":"Le Lundi : de 08h30 à 12h00\nDu Mardi au Mercredi : de 08h30 à 12h00 de 13h30 à 17h00\nLe Jeudi : de 08h30 à 12h00\nLe Vendredi : de 08h30 à 12h00 de 13h30 à 17h00","email":"accueil@mairiecadenet.fr","telephone":"04 90 68 13 26","latitude":43.736187,"longitude":5.3746333,"website":"https://www.mairie-cadenet.fr/","url":"https://lannuaire.service-public.gouv.fr/provence-alpes-cote-d-azur/vaucluse/cce73061-f62d-4c1a-9845-deeb42f1e2db"}
{"nom":"Caderousse","adresse":"Rue Berbiguier , 84860 , Caderousse , France","codePostal":"84860","region":"Provence-Alpes-Côte d'Azur","departement":"Vaucluse","departementCode":"84","horaires":"Du Lundi au Jeudi : de 08h30 à 12h00 de 13h30 à 17h00\nLe Vendredi : de 08h30 à 12h00","email":"contact@caderousse.fr","telephone":"04 90 51 90 69","latitude":44.1027,"longitude":4.75714,"website":"https://www.caderousse.fr/","url":"https://lannuaire.service-public.gouv.fr/provence-alpes-cote-d-azur/vaucluse/de53593f-4618-4e58-822d-370257a731e6"}
{"nom":"Cairanne","adresse":"40 avenue de la Libération , 84290 , Cairanne , France","codePostal":"84290","region":"Provence-Alpes-Côte d'Azur","departement":"Vaucluse","departementCode":"84","horaires":"Du Lundi au Mardi : de 08h00 à 12h00 de 13h30 à 17h30\nLe Mercredi : de 08h00 à 12h00\nLe Jeudi : de 08h00 à 12h00 de 13h30 à 17h30\nLe Vendredi : de 08h00 à 12h00\nLe Samedi : de 09h00 à 12h00","email":"mairie@cairanne.fr","telephone":"04 90 30 82 12","latitude":44.23005,"longitude":4.931378,"website":"http://www.cairanne.net/","url":"https://lannuaire.service-public.gouv.fr/provence-alpes-cote-d-azur/vaucluse/887fb37a-6c57-4a22-bc0a-4c119e0ac0e1"}
{"nom":"Camaret-sur-Aigues","adresse":"80 cours du Midi , 84850 , Camaret-sur-Aigues , France","codePostal":"84850","region":"Provence-Alpes-Côte d'Azur","departement":"Vaucluse","departementCode":"84","horaires":"Du Lundi au Vendredi : de 08h00 à 12h00 de 13h00 à 17h00","email":"contact@camaret.org","telephone":"04 90 37 22 60","latitude":44.16407,"longitude":4.873148,"website":"https://www.camaret.org/","url":"https://lannuaire.service-public.gouv.fr/provence-alpes-cote-d-azur/vaucluse/8fe46a00-4822-4608-a14f-d490967644b2"}
{"nom":"Caromb","adresse":"141 avenue du Grand-Jardin , 84330 , Caromb , France","codePostal":"84330","region":"Provence-Alpes-Côte d'Azur","departement":"Vaucluse","departementCode":"84","horaires":"Du Lundi au Vendredi : de 08h30 à 12h00 de 13h30 à 17h00","email":"contact@ville-caromb.fr","telephone":"04 90 62 40 28","latitude":44.1112,"longitude":5.10618,"website":"https://www.ville-caromb.fr/accueil.html","url":"https://lannuaire.service-public.gouv.fr/provence-alpes-cote-d-azur/vaucluse/51f08569-f6c9-427b-864c-e5b8a20c13e2"}
{"nom":"Carpentras","adresse":"Place Maurice-Charretier , 84200 , Carpentras , France","codePostal":"84200","region":"Provence-Alpes-Côte d'Azur","departement":"Vaucluse","departementCode":"84","horaires":"Du Lundi au Vendredi : de 08h00 à 17h30\nLe Samedi : de 09h00 à 12h00\n\nAccueil ouvert pour l'état civil uniquement","email":"mairie@carpentras.fr","telephone":"04 90 60 84 00","latitude":44.055355,"longitude":5.0486174,"website":"https://www.carpentras.fr/accueil.html","url":"https://lannuaire.service-public.gouv.fr/provence-alpes-cote-d-azur/vaucluse/c1c29961-e256-49fd-b167-79e36ad709f9"}
{"nom":"Caseneuve","adresse":"575 route de Saint-Martin de Castillon , 84750 , Caseneuve , France","codePostal":"84750","region":"Provence-Alpes-Côte d'Azur","departement":"Vaucluse","departementCode":"84","horaires":"Du Lundi au Mardi : de 08h00 à 12h00 de 13h30 à 17h00\nLe Mercredi : de 08h00 à 12h00\nLe Jeudi : de 08h00 à 12h00 de 13h30 à 17h00\nLe Vendredi : de 08h00 à 12h00","email":"mairie84750@orange.fr","telephone":"04 90 75 20 01","latitude":43.886993,"longitude":5.48381,"website":"http://www.caseneuve.fr/","url":"https://lannuaire.service-public.gouv.fr/provence-alpes-cote-d-azur/vaucluse/7e4b0644-0e7a-4d25-b095-36c58d5b24a2"}
{"nom":"Castellet-en-Luberon","adresse":"1 avenue des Cyprès , 84400 , Castellet-en-Luberon , France","codePostal":"84400","region":"Provence-Alpes-Côte d'Azur","departement":"Vaucluse","departementCode":"84","horaires":"Du Lundi au Mardi : de 15h00 à 17h00","email":"mairie.castellet@wanadoo.fr","telephone":"04 90 75 21 66","latitude":43.83917,"longitude":5.477881,"website":"","url":"https://lannuaire.service-public.gouv.fr/provence-alpes-cote-d-azur/vaucluse/0f339594-21d4-49c1-9e7a-447189d677b7"}
{"nom":"Caumont-sur-Durance","adresse":"Place du 8-Mai-1945 , 84510 , Caumont-sur-Durance , France","codePostal":"84510","region":"Provence-Alpes-Côte d'Azur","departement":"Vaucluse","departementCode":"84","horaires":"Le Lundi : de 09h00 à 12h30 de 13h30 à 17h30\nDu Mardi au Vendredi : de 08h30 à 12h30 de 13h30 à 17h30","email":"mairie@caumont-sur-durance.fr","telephone":"04 90 01 20 20","latitude":43.892868,"longitude":4.944563,"website":"https://www.caumont-sur-durance.fr/","url":"https://lannuaire.service-public.gouv.fr/provence-alpes-cote-d-azur/vaucluse/d47b5df5-cfd3-41e2-b35c-3fffba5b1d81"}
{"nom":"Cavaillon","adresse":"Place Joseph-Guis , 84300 , Cavaillon , France","codePostal":"84300","region":"Provence-Alpes-Côte d'Azur","departement":"Vaucluse","departementCode":"84","horaires":"Du Lundi au Vendredi : de 08h30 à 12h00 de 13h30 à 17h30\nConsulter le site internet pour connaître les horaires des différents services.","email":"accueil@ville-cavaillon.fr","telephone":"04 90 71 24 18","latitude":43.835667,"longitude":5.037991,"website":"https://www.cavaillon.com/","url":"https://lannuaire.service-public.gouv.fr/provence-alpes-cote-d-azur/vaucluse/8d47d7f0-d13d-410f-baf7-3901bde06970"}
{"nom":"Châteauneuf-de-Gadagne","adresse":"1 place de la Pastière , 84470 , Châteauneuf-de-Gadagne , France","codePostal":"84470","region":"Provence-Alpes-Côte d'Azur","departement":"Vaucluse","departementCode":"84","horaires":"Du Lundi au Vendredi : de 08h00 à 12h00 de 13h00 à 16h30","email":"contact@chateauneufdegadagne.com","telephone":"04 90 22 41 10","latitude":43.927647,"longitude":4.9439993,"website":"http://www.chateauneufdegadagne.fr/","url":"https://lannuaire.service-public.gouv.fr/provence-alpes-cote-d-azur/vaucluse/ab21a76a-c42b-44b6-93c9-3f602d6428ca"}
{"nom":"Châteauneuf-du-Pape","adresse":"8 rue Joseph-Ducos , 84232 , Châteauneuf-du-Pape Cedex , France","codePostal":"84232","region":"Provence-Alpes-Côte d'Azur","departement":"Vaucluse","departementCode":"84","horaires":"Du Lundi au Vendredi : de 08h30 à 12h00 de 13h30 à 17h00","email":"info@mairie.chateauneuf.com","telephone":"04 90 83 57 57","latitude":44.0564,"longitude":4.83095,"website":"http://www.chateauneufdupape.org/","url":"https://lannuaire.service-public.gouv.fr/provence-alpes-cote-d-azur/vaucluse/989bbbd5-6476-4dd5-abab-955ba07aa355"}
{"nom":"Cheval-Blanc","adresse":"3 rue de l'Église , 84460 , Cheval-Blanc , France","codePostal":"84460","region":"Provence-Alpes-Côte d'Azur","departement":"Vaucluse","departementCode":"84","horaires":"Du Lundi au Vendredi : de 08h30 à 12h30 de 13h30 à 17h30\nLe Samedi : de 08h30 à 12h00","email":"secretariat.maire@ville-chevalblanc.fr","telephone":"04 90 71 01 17","latitude":43.800346,"longitude":5.063762,"website":"https://www.ville-chevalblanc.fr/","url":"https://lannuaire.service-public.gouv.fr/provence-alpes-cote-d-azur/vaucluse/5bf534e0-0639-466e-9e63-d5f742eb485f"}
{"nom":"Courthézon","adresse":"Château de Val-Seille , 84350 , Courthézon , France","codePostal":"84350","region":"Provence-Alpes-Côte d'Azur","departement":"Vaucluse","departementCode":"84","horaires":"Du Lundi au Vendredi : de 08h30 à 12h00 de 13h30 à 17h00","email":"mairie@courthezon.fr","telephone":"04 90 70 72 06","latitude":44.090214,"longitude":4.883183,"website":"https://www.courthezon.fr/","url":"https://lannuaire.service-public.gouv.fr/provence-alpes-cote-d-azur/vaucluse/daa50615-d0d2-4dad-b6bd-3e2fbe47b3ef"}
{"nom":"Crestet","adresse":"1 chemin des Condamines , 84110 , Crestet , France","codePostal":"84110","region":"Provence-Alpes-Côte d'Azur","departement":"Vaucluse","departementCode":"84","horaires":"Le Lundi : de 08h15 à 12h00\nLe Mercredi : de 14h00 à 17h00\nLe Vendredi : de 08h15 à 12h00","email":"secretariat@crestet.fr","telephone":"04 90 36 06 72","latitude":44.220974,"longitude":5.0941653,"website":"http://www.crestet.fr/","url":"https://lannuaire.service-public.gouv.fr/provence-alpes-cote-d-azur/vaucluse/889867f2-3f1d-485c-9c88-1c0c0a540ef0"}
{"nom":"Crillon-le-Brave","adresse":"1 rue de l'Église , 84410 , Crillon-le-Brave , France","codePostal":"84410","region":"Provence-Alpes-Côte d'Azur","departement":"Vaucluse","departementCode":"84","horaires":"Du Lundi au Mardi : de 08h00 à 12h00 de 13h30 à 17h00\nLe Mercredi : de 08h00 à 12h00\nLe Jeudi : de 08h00 à 12h00 de 13h30 à 17h00\nLe Vendredi : de 08h00 à 12h00","email":"mairie.crillonlebrave@wanadoo.fr","telephone":"04 90 65 60 61","latitude":44.1181,"longitude":5.14465,"website":"http://www.crillonlebrave.fr/","url":"https://lannuaire.service-public.gouv.fr/provence-alpes-cote-d-azur/vaucluse/faf31ac4-3f51-48f1-a53b-cee765a3332e"}
{"nom":"Cucuron","adresse":"31 rue Léonce-Brieugne , 84160 , Cucuron , France","codePostal":"84160","region":"Provence-Alpes-Côte d'Azur","departement":"Vaucluse","departementCode":"84","horaires":"Du Lundi au Jeudi : de 08h00 à 12h00 de 13h30 à 17h30\nLe Vendredi : de 08h00 à 12h00 de 13h30 à 16h30","email":"accueil@mairie-cucuron.fr","telephone":"04 90 77 22 01","latitude":43.77325,"longitude":5.4384985,"website":"http://www.cucuron.fr/","url":"https://lannuaire.service-public.gouv.fr/provence-alpes-cote-d-azur/vaucluse/31cac75b-fb70-4be1-ac8e-3d20acf66e45"}
{"nom":"Entraigues-sur-la-Sorgue","adresse":"35 place du 8-Mai-1945 , 84320 , Entraigues-sur-la-Sorgue , France","codePostal":"84320","region":"Provence-Alpes-Côte d'Azur","departement":"Vaucluse","departementCode":"84","horaires":"Du Lundi au Vendredi : de 08h30 à 12h30 de 13h30 à 17h00\nLe Vendredi : de 08h30 à 12h30 de 13h30 à 16h30","email":"contact@mairie-entraigues.fr","telephone":"04 90 83 17 16","latitude":44.0035,"longitude":4.9278,"website":"http://www.ville-entraigues84.fr/","url":"https://lannuaire.service-public.gouv.fr/provence-alpes-cote-d-azur/vaucluse/72f0914e-4e17-4301-b04c-329680ba4238"}
{"nom":"Entrechaux","adresse":"1 place Paul-Guintrand , 84340 , Entrechaux , France","codePostal":"84340","region":"Provence-Alpes-Côte d'Azur","departement":"Vaucluse","departementCode":"84","horaires":"Du Lundi au Mardi : de 09h00 à 12h00\nLe Mercredi : de 09h00 à 12h00 de 14h00 à 17h00\nDu Jeudi au Vendredi : de 09h00 à 12h00","email":"mairie.entrechaux@orange.fr","telephone":"04 90 46 00 11","latitude":44.218014,"longitude":5.138202,"website":"http://www.entrechaux-en-provence.fr/","url":"https://lannuaire.service-public.gouv.fr/provence-alpes-cote-d-azur/vaucluse/92eba92b-61f6-42ef-8fbd-94032b92273c"}
{"nom":"Faucon","adresse":"Rue du Maquis , 84110 , Faucon , France","codePostal":"84110","region":"Provence-Alpes-Côte d'Azur","departement":"Vaucluse","departementCode":"84","horaires":"Le Lundi : de 14h00 à 18h00\nLe Mercredi : de 08h30 à 12h30\nLe Vendredi : de 14h00 à 18h00","email":"secretaire.faucon84@orange.fr","telephone":"04 90 46 40 25","latitude":44.25992,"longitude":5.146397,"website":"https://www.mairiedefaucon.fr/","url":"https://lannuaire.service-public.gouv.fr/provence-alpes-cote-d-azur/vaucluse/d5dacc80-4053-4a0b-841c-af6512aa4ead"}
{"nom":"Flassan","adresse":"2 place de la Mairie , 84410 , Flassan , France","codePostal":"84410","region":"Provence-Alpes-Côte d'Azur","departement":"Vaucluse","departementCode":"84","horaires":"Du Lundi au Vendredi : de 09h00 à 12h00","email":"mairie@flassan.fr","telephone":"04 90 61 81 22","latitude":44.098797,"longitude":5.242509,"website":"http://www.flassan.fr/","url":"https://lannuaire.service-public.gouv.fr/provence-alpes-cote-d-azur/vaucluse/435b3ebd-1286-4f3f-bace-67735bd44d2c"}
{"nom":"Fontaine-de-Vaucluse","adresse":"1 place de la Colonne , 84800 , Fontaine-de-Vaucluse , France","codePostal":"84800","region":"Provence-Alpes-Côte d'Azur","departement":"Vaucluse","departementCode":"84","horaires":"Du Lundi au Vendredi : de 09h00 à 12h00","email":"mairie@fontainedevaucluse.fr","telephone":"04 90 20 31 79","latitude":43.922268,"longitude":5.127214,"website":"https://www.fontainedevaucluse.fr/","url":"https://lannuaire.service-public.gouv.fr/provence-alpes-cote-d-azur/vaucluse/0d870a1e-ee89-4357-99f9-6d70d0dc8a39"}
{"nom":"Gargas","adresse":"4 place du Château , 84400 , Gargas , France","codePostal":"84400","region":"Provence-Alpes-Côte d'Azur","departement":"Vaucluse","departementCode":"84","horaires":"Du Lundi au Mardi : de 08h30 à 12h00 de 14h00 à 17h30\nLe Jeudi : de 08h30 à 12h00 de 14h00 à 17h30\nLe Vendredi : de 08h30 à 12h00 de 14h00 à 17h00","email":"info@gargas.fr","telephone":"04 90 74 12 70","latitude":43.90221,"longitude":5.358346,"website":"https://www.gargas.fr/","url":"https://lannuaire.service-public.gouv.fr/provence-alpes-cote-d-azur/vaucluse/f1d28ab1-d9a5-4794-83da-f1a4664e3304"}
{"nom":"Gignac","adresse":"20 la Placeto , 84400 , Gignac , France","codePostal":"84400","region":"Provence-Alpes-Côte d'Azur","departement":"Vaucluse","departementCode":"84","horaires":"Le Lundi : de 14h30 à 17h00\nLe Mardi : de 13h30 à 16h00\nLe Jeudi : de 10h00 à 12h00","email":"mairiedegignac@orange.fr","telephone":"04 90 74 20 74","latitude":43.91921,"longitude":5.527389,"website":"","url":"https://lannuaire.service-public.gouv.fr/provence-alpes-cote-d-azur/vaucluse/7f018e6a-e41a-4b36-ab37-c3f3224f489a"}
{"nom":"Gigondas","adresse":"13 place Gabrielle-Andéol , 84190 , Gigondas , France","codePostal":"84190","region":"Provence-Alpes-Côte d'Azur","departement":"Vaucluse","departementCode":"84","horaires":"Du Lundi au Jeudi : de 09h00 à 13h00\nLe Vendredi : de 09h00 à 12h30 de 13h30 à 16h00","email":"administration@gigondas-mairie.fr","telephone":"04 90 65 86 90","latitude":44.163445,"longitude":5.004201,"website":"https://www.gigondas-dm.fr/","url":"https://lannuaire.service-public.gouv.fr/provence-alpes-cote-d-azur/vaucluse/929a8ed6-ed19-4a00-989c-6c06db149150"}
{"nom":"Gordes","adresse":"1 place du Château , 84220 , Gordes , France","codePostal":"84220","region":"Provence-Alpes-Côte d'Azur","departement":"Vaucluse","departementCode":"84","horaires":"Le Lundi : de 09h00 à 12h00 de 14h00 à 17h00\nLe Mardi : de 08h00 à 12h00 de 14h00 à 17h00\nLe Mercredi : de 08h00 à 12h00\nLe Jeudi : de 08h00 à 12h00 de 14h00 à 17h00\nLe Vendredi : de 08h00 à 12h00\nLe Samedi : de 09h00 à 12h00\n\nLe service urbanisme reçoit sur rendez-vous uniquement.","email":"secretariat@gordes-village.com","telephone":"04 90 72 02 08","latitude":43.9112,"longitude":5.19988,"website":"https://www.gordes-village.com/","url":"https://lannuaire.service-public.gouv.fr/provence-alpes-cote-d-azur/vaucluse/844e91b5-895d-4d7c-99eb-2509ccb72449"}
{"nom":"Goult","adresse":"31 place Jean-Moulin , 84220 , Goult , France","codePostal":"84220","region":"Provence-Alpes-Côte d'Azur","departement":"Vaucluse","departementCode":"84","horaires":"Du Lundi au Mardi : de 08h00 à 12h00 de 14h00 à 16h00\nLe Mercredi : de 08h00 à 12h00\nLe Jeudi : de 08h00 à 12h00 de 14h00 à 16h00\nLe Vendredi : de 08h00 à 12h00\nLe Samedi : de 09h00 à 12h00","email":"mairiedegoult@orange.fr","telephone":"04 90 72 20 16","latitude":43.863674,"longitude":5.242289,"website":"http://www.goult.fr/","url":"https://lannuaire.service-public.gouv.fr/provence-alpes-cote-d-azur/vaucluse/997a8ff7-a667-4570-bd82-2b768279c1e9"}
{"nom":"Grambois","adresse":"2 place de la Mairie , 84240 , Grambois , France","codePostal":"84240","region":"Provence-Alpes-Côte d'Azur","departement":"Vaucluse","departementCode":"84","horaires":"Le Lundi : de 09h00 à 12h00\nLe Mardi : de 09h00 à 12h00 de 14h00 à 16h00\nLe Mercredi : de 09h00 à 12h00\nDu Jeudi au Vendredi : de 09h00 à 12h00 de 14h00 à 16h00\nLe Samedi : de 09h00 à 12h00","email":"accueilmairie@grambois.fr","telephone":"04 90 77 91 13","latitude":43.7624,"longitude":5.58903,"website":"http://www.grambois.fr/","url":"https://lannuaire.service-public.gouv.fr/provence-alpes-cote-d-azur/vaucluse/db4644e2-2fd5-4482-b7b8-a82707a06e7b"}
{"nom":"Grillon","adresse":"10 avenue du Comtat , 84600 , Grillon , France","codePostal":"84600","region":"Provence-Alpes-Côte d'Azur","departement":"Vaucluse","departementCode":"84","horaires":"Le Lundi : de 09h00 à 12h00 de 14h00 à 18h00\nLe Mardi : de 09h00 à 12h00 de 14h00 à 16h00\nLe Mercredi : de 09h00 à 12h00\nDu Jeudi au Vendredi : de 09h00 à 12h00 de 14h00 à 16h00","email":"accueil@grillon84.fr","telephone":"04 90 35 00 81","latitude":44.3938,"longitude":4.929757,"website":"https://www.grillon84.fr/","url":"https://lannuaire.service-public.gouv.fr/provence-alpes-cote-d-azur/vaucluse/5c581617-dac1-45ca-a8d5-1fb0bde5c123"}
{"nom":"Jonquerettes","adresse":"6 impasse de l'Ancienne-École , 84450 , Jonquerettes , France","codePostal":"84450","region":"Provence-Alpes-Côte d'Azur","departement":"Vaucluse","departementCode":"84","horaires":"Du Lundi au Mercredi : de 08h30 à 12h30 de 14h00 à 16h30\nLe Jeudi : de 08h30 à 12h30\nLe Vendredi : de 08h30 à 12h30 de 14h00 à 16h30","email":"mairie@jonquerettes.fr","telephone":"04 90 22 42 69","latitude":43.94689,"longitude":4.933003,"website":"https://www.jonquerettes.fr/","url":"https://lannuaire.service-public.gouv.fr/provence-alpes-cote-d-azur/vaucluse/c3d069cb-bdbe-42ab-bfdb-019bcd090c11"}
{"nom":"Jonquières","adresse":"Avenue de la Libération , 84150 , Jonquières , France","codePostal":"84150","region":"Provence-Alpes-Côte d'Azur","departement":"Vaucluse","departementCode":"84","horaires":"Du Lundi au Jeudi : de 08h00 à 12h00 de 13h30 à 16h45\nLe Vendredi : de 08h00 à 12h00 de 13h30 à 16h00","email":"mairie@jonquieres.fr","telephone":"04 90 70 59 00","latitude":44.11569,"longitude":4.8960156,"website":"http://www.jonquieres.fr/","url":"https://lannuaire.service-public.gouv.fr/provence-alpes-cote-d-azur/vaucluse/d4d1ebc1-baab-4185-924c-1919182f2680"}
{"nom":"Joucas","adresse":"1 place de la Mairie , 84220 , Joucas , France","codePostal":"84220","region":"Provence-Alpes-Côte d'Azur","departement":"Vaucluse","departementCode":"84","horaires":"Du Lundi au Vendredi : de 09h00 à 12h30\nLe Samedi : de 10h00 à 11h30","email":"contact@joucas.fr","telephone":"04 90 05 78 00","latitude":43.92554,"longitude":5.251895,"website":"https://www.joucas.fr/","url":"https://lannuaire.service-public.gouv.fr/provence-alpes-cote-d-azur/vaucluse/80b7cee6-2e67-49f5-b5bf-22768e8bb0c4"}
{"nom":"L'Isle-sur-la-Sorgue","adresse":"Rue Carnot , 84801 , L'Isle-sur-la-Sorgue Cedex , France","codePostal":"84801","region":"Provence-Alpes-Côte d'Azur","departement":"Vaucluse","departementCode":"84","horaires":"Du Lundi au Vendredi : de 08h30 à 12h30 de 13h30 à 17h30\nLe Samedi : de 09h00 à 12h00\n\nAccueil ouvert uniquement le troisième samedi du mois et fermé en juillet-août.","email":"contact@islesurlasorgue.fr","telephone":"04 90 38 06 45","latitude":43.91899,"longitude":5.0503817,"website":"https://www.islesurlasorgue.fr/","url":"https://lannuaire.service-public.gouv.fr/provence-alpes-cote-d-azur/vaucluse/aae23151-8537-4d70-a992-e1b9fc64c2df"}
{"nom":"La Bastide-des-Jourdans","adresse":"1 place de la République , 84240 , La Bastide-des-Jourdans , France","codePostal":"84240","region":"Provence-Alpes-Côte d'Azur","departement":"Vaucluse","departementCode":"84","horaires":"Du Lundi au Jeudi : de 08h00 à 12h00 de 13h30 à 17h00\nLe Vendredi : de 08h00 à 12h00 de 13h30 à 16h30","email":"mairie@bastidedesjourdans.com","telephone":"04 90 77 81 04","latitude":43.785324,"longitude":5.6338234,"website":"https://bastidedesjourdans.com/","url":"https://lannuaire.service-public.gouv.fr/provence-alpes-cote-d-azur/vaucluse/1fb120ce-5927-43f3-8ff3-b761348f4602"}
{"nom":"La Bastidonne","adresse":"17A rue des Ferrages , 84120 , La Bastidonne , France","codePostal":"84120","region":"Provence-Alpes-Côte d'Azur","departement":"Vaucluse","departementCode":"84","horaires":"Du Lundi au Mardi : de 08h30 à 12h15 de 13h30 à 16h30\nLe Vendredi : de 08h30 à 12h15 de 13h30 à 16h30","email":"mairie@la-bastidonne.fr","telephone":"04 90 09 63 95","latitude":43.700203,"longitude":5.567777,"website":"https://labastidonne.fr/","url":"https://lannuaire.service-public.gouv.fr/provence-alpes-cote-d-azur/vaucluse/ad50007d-2949-49c3-9cea-9dee946432ad"}
{"nom":"Lacoste","adresse":"27 place de la Mairie , 84480 , Lacoste , France","codePostal":"84480","region":"Provence-Alpes-Côte d'Azur","departement":"Vaucluse","departementCode":"84","horaires":"Du Lundi au Mardi : de 13h00 à 17h00\nDu Jeudi au Vendredi : de 13h00 à 17h00","email":"mairie@lacoste-84.com","telephone":"04 90 75 82 04","latitude":43.831528,"longitude":5.272978,"website":"http://www.lacoste-84.com/","url":"https://lannuaire.service-public.gouv.fr/provence-alpes-cote-d-azur/vaucluse/1f83c9a7-7afb-4e0e-9bae-5bb9082604a8"}
{"nom":"Lafare","adresse":"1 allée du Grand-Jardin , 84190 , Lafare , France","codePostal":"84190","region":"Provence-Alpes-Côte d'Azur","departement":"Vaucluse","departementCode":"84","horaires":"Le Mardi : de 13h30 à 17h30\nLe Vendredi : de 09h00 à 12h00","email":"mairie.lafare@gmail.com","telephone":"04 90 62 96 17","latitude":44.146328,"longitude":5.051128,"website":"","url":"https://lannuaire.service-public.gouv.fr/provence-alpes-cote-d-azur/vaucluse/6dba68c8-b843-4fa2-8934-4dda1f8ac9b3"}
{"nom":"Lagarde-d'Apt","adresse":"Le Village , 84400 , Lagarde-d'Apt , France","codePostal":"84400","region":"Provence-Alpes-Côte d'Azur","departement":"Vaucluse","departementCode":"84","horaires":"Le Lundi : de 09h00 à 17h00","email":"mairiedelagardedapt@orange.fr","telephone":"04 90 75 00 93","latitude":43.98358,"longitude":5.472964,"website":"","url":"https://lannuaire.service-public.gouv.fr/provence-alpes-cote-d-azur/vaucluse/fc099270-58ea-45ce-8fc8-474b6961df62"}
{"nom":"Lagarde-Paréol","adresse":"57 rue de la Mairie , 84290 , Lagarde-Paréol , France","codePostal":"84290","region":"Provence-Alpes-Côte d'Azur","departement":"Vaucluse","departementCode":"84","horaires":"Du Lundi au Mardi : de 08h30 à 13h00\nLe Mercredi : de 08h30 à 12h00\nDu Jeudi au Vendredi : de 08h30 à 13h00","email":"mairie@lagardepareol.fr","telephone":"04 90 30 81 91","latitude":44.228428,"longitude":4.850824,"website":"https://www.lagardepareol.fr/","url":"https://lannuaire.service-public.gouv.fr/provence-alpes-cote-d-azur/vaucluse/0bfaa4f2-c47a-4ec7-9960-d00de7720666"}
{"nom":"Lagnes","adresse":"248 rue de la République , 84800 , Lagnes , France","codePostal":"84800","region":"Provence-Alpes-Côte d'Azur","departement":"Vaucluse","departementCode":"84","horaires":"Du Lundi au Vendredi : de 08h00 à 12h00","email":"accueil@lagnes.fr","telephone":"04 90 20 30 19","latitude":43.8926,"longitude":5.11433,"website":"http://www.lagnes.fr/","url":"https://lannuaire.service-public.gouv.fr/provence-alpes-cote-d-azur/vaucluse/0f843f80-7146-4a35-a279-d61d024cc1cb"}
{"nom":"La Motte-d'Aigues","adresse":"Parc Reybaud , 84240 , La Motte-d'Aigues , France","codePostal":"84240","region":"Provence-Alpes-Côte d'Azur","departement":"Vaucluse","departementCode":"84","horaires":"Du Lundi au Jeudi : de 08h00 à 12h00 de 13h00 à 17h00\nLe Vendredi : de 08h00 à 12h00","email":"mairie-lamotte.accueil@wanadoo.fr","telephone":"04 90 77 62 09","latitude":43.773006,"longitude":5.521645,"website":"https://www.lamottedaigues.fr/","url":"https://lannuaire.service-public.gouv.fr/provence-alpes-cote-d-azur/vaucluse/0832bdb9-313d-4974-96b3-562b845f40f7"}
{"nom":"Lamotte-du-Rhone","adresse":"100 place de la Liberté , 84840 , Lamotte-du-Rhone , France","codePostal":"84840","region":"Provence-Alpes-Côte d'Azur","departement":"Vaucluse","departementCode":"84","horaires":"Du Lundi au Vendredi : de 13h30 à 17h30","email":"mairie-lamotte2@orange.fr","telephone":"04 90 30 20 32","latitude":44.26494,"longitude":4.6804934,"website":"https://www.lamottedurhone.com/","url":"https://lannuaire.service-public.gouv.fr/provence-alpes-cote-d-azur/vaucluse/6a1b4f2b-5835-4ef1-b0e4-e64d80c1bfe7"}
{"nom":"Lapalud","adresse":"35 cours des Platanes , 84840 , Lapalud , France","codePostal":"84840","region":"Provence-Alpes-Côte d'Azur","departement":"Vaucluse","departementCode":"84","horaires":"Du Lundi au Vendredi : de 08h30 à 12h00 de 13h30 à 17h30","email":"accueil@lapalud.net","telephone":"04 90 40 30 73","latitude":44.305,"longitude":4.68765,"website":"http://www.mairie-lapalud.fr/","url":"https://lannuaire.service-public.gouv.fr/provence-alpes-cote-d-azur/vaucluse/b49632f2-0bea-4156-b418-9d246e59366c"}
{"nom":"La Roque-Alric","adresse":"1 rue de la Mairie , 84190 , La Roque-Alric , France","codePostal":"84190","region":"Provence-Alpes-Côte d'Azur","departement":"Vaucluse","departementCode":"84","horaires":"Le Lundi : de 08h30 à 12h00 de 13h30 à 16h00\nLe Mercredi : de 08h30 à 12h00","email":"mairie@laroquealric.fr","telephone":"04 90 62 96 71","latitude":44.143917,"longitude":5.064176,"website":"https://www.laroquealric.fr/","url":"https://lannuaire.service-public.gouv.fr/provence-alpes-cote-d-azur/vaucluse/f47b2fdd-59e3-4ef0-b967-c6b983790a4a"}
{"nom":"La Roque-sur-Pernes","adresse":"24 rue Eugène-Imbert , 84210 , La Roque-sur-Pernes , France","codePostal":"84210","region":"Provence-Alpes-Côte d'Azur","departement":"Vaucluse","departementCode":"84","horaires":"Le Lundi : de 08h00 à 12h00\nLe Mercredi : de 08h00 à 12h00\nLe Vendredi : de 08h00 à 12h00","email":"accueil@mairie-laroque-pernes.fr","telephone":"04 90 66 53 33","latitude":43.97898,"longitude":5.107173,"website":"","url":"https://lannuaire.service-public.gouv.fr/provence-alpes-cote-d-azur/vaucluse/229f9c94-bd91-40f6-864d-f5d821ffb23e"}
{"nom":"La Tour-d'Aigues","adresse":"Place de l'Église , 84240 , La Tour-d'Aigues , France","codePostal":"84240","region":"Provence-Alpes-Côte d'Azur","departement":"Vaucluse","departementCode":"84","horaires":"Du Lundi au Vendredi : de 08h30 à 12h00 de 14h00 à 18h00\nLe Samedi : de 09h00 à 11h00\n\nPermanence état civil uniquement.","email":"accueil.mairie@latourdaigues.fr","telephone":"04 90 07 41 08","latitude":43.725513,"longitude":5.548366,"website":"https://www.latourdaigues.fr/","url":"https://lannuaire.service-public.gouv.fr/provence-alpes-cote-d-azur/vaucluse/d2d24ce0-9b9a-444b-b028-fce0dd2e058f"}
{"nom":"Lauris","adresse":"Place Joseph-Garnier , 84360 , Lauris , France","codePostal":"84360","region":"Provence-Alpes-Côte d'Azur","departement":"Vaucluse","departementCode":"84","horaires":"Du Lundi au Vendredi : de 08h30 à 12h00","email":"contact.mairie@lauris.fr","telephone":"04 90 08 20 01","latitude":43.7472,"longitude":5.31509,"website":"https://www.lauris.fr/","url":"https://lannuaire.service-public.gouv.fr/provence-alpes-cote-d-azur/vaucluse/70061a97-7996-48a8-adc4-7b37842daee3"}
{"nom":"Le Barroux","adresse":"146 Rue des Ecoles , 84330 , Le Barroux , France","codePostal":"84330","region":"Provence-Alpes-Côte d'Azur","departement":"Vaucluse","departementCode":"84","horaires":"Du Lundi au Mercredi : de 09h15 à 12h15 de 13h30 à 17h45","email":"mairie@lebarroux.fr","telephone":"04 90 62 43 11","latitude":44.13514,"longitude":5.099648,"website":"https://www.lebarroux.fr/accueil.html","url":"https://lannuaire.service-public.gouv.fr/provence-alpes-cote-d-azur/vaucluse/0a61a07d-2aba-429c-ae8d-cff919bc476b"}
{"nom":"Le Beaucet","adresse":"7 rue Coste-Chaude , 84210 , Le Beaucet , France","codePostal":"84210","region":"Provence-Alpes-Côte d'Azur","departement":"Vaucluse","departementCode":"84","horaires":"Le Mardi : de 08h30 à 12h30\nLe Mercredi : de 08h30 à 15h00\nLe Vendredi : de 08h30 à 12h30","email":"mairie.beaucet@orange.fr","telephone":"04 90 66 00 23","latitude":43.983463,"longitude":5.119532,"website":"https://www.lebeaucet.com/","url":"https://lannuaire.service-public.gouv.fr/provence-alpes-cote-d-azur/vaucluse/e45231f5-9d54-4962-a095-a0e68316cf75"}
{"nom":"Le Pontet","adresse":"13 rue de l'Hôtel-de-Ville , 84134 , Le Pontet Cedex , France","codePostal":"84134","region":"Provence-Alpes-Côte d'Azur","departement":"Vaucluse","departementCode":"84","horaires":"Du Lundi au Vendredi : de 08h15 à 12h00 de 13h15 à 17h00\nLe Samedi : de 09h00 à 12h00\n\nPermanence état civil et service population uniquement.","email":"communication@mairie-lepontet.fr","telephone":"04 90 31 66 00","latitude":43.96054,"longitude":4.864863,"website":"https://www.ville-lepontet.com/","url":"https://lannuaire.service-public.gouv.fr/provence-alpes-cote-d-azur/vaucluse/4f7f6c7d-b63c-4597-84b0-63594ce7fd58"}
{"nom":"Les Beaumettes","adresse":"1 place de la Mairie , 84220 , Les Beaumettes , France","codePostal":"84220","region":"Provence-Alpes-Côte d'Azur","departement":"Vaucluse","departementCode":"84","horaires":"Le Mardi : de 08h00 à 12h00 de 13h30 à 18h00\nLe Vendredi : de 08h00 à 12h00 de 13h30 à 17h00","email":"mairie.lesbeaumettes@orange.fr","telephone":"04 90 72 22 60","latitude":43.8582,"longitude":5.202502,"website":"","url":"https://lannuaire.service-public.gouv.fr/provence-alpes-cote-d-azur/vaucluse/d52a38de-147f-4fbb-994f-88b34311c370"}
{"nom":"Les Taillades","adresse":"Place de la Mairie , 84300 , Les Taillades , France","codePostal":"84300","region":"Provence-Alpes-Côte d'Azur","departement":"Vaucluse","departementCode":"84","horaires":"Du Lundi au Mardi : de 08h30 à 12h30 de 13h30 à 17h15\nLe Mercredi : de 08h30 à 12h30\nLe Jeudi : de 08h30 à 12h30 de 13h30 à 17h15\nLe Vendredi : de 08h30 à 12h30","email":"accueil@lestaillades.fr","telephone":"04 90 71 09 98","latitude":43.8336,"longitude":5.09335,"website":"https://www.lestaillades.fr/","url":"https://lannuaire.service-public.gouv.fr/provence-alpes-cote-d-azur/vaucluse/cbde2de5-07c2-4940-9de5-9430153a502d"}
{"nom":"Le Thor","adresse":"190 cours Gambetta , 84250 , Le Thor , France","codePostal":"84250","region":"Provence-Alpes-Côte d'Azur","departement":"Vaucluse","departementCode":"84","horaires":"Du Lundi au Vendredi : de 08h30 à 12h00 de 13h30 à 17h00","email":"mairie@ville-lethor.fr","telephone":"04 90 33 91 84","latitude":43.9277,"longitude":4.99296,"website":"https://www.ville-lethor.fr/","url":"https://lannuaire.service-public.gouv.fr/provence-alpes-cote-d-azur/vaucluse/22134e3d-eac5-4e1e-98e9-0732c0cebd41"}
{"nom":"Lioux","adresse":"Le Village , 84220 , Lioux , France","codePostal":"84220","region":"Provence-Alpes-Côte d'Azur","departement":"Vaucluse","departementCode":"84","horaires":"Le Lundi : de 09h00 à 12h00 de 14h00 à 17h00\nLe Jeudi : de 09h00 à 12h00 de 14h00 à 17h00\nLe Vendredi : de 14h00 à 18h00\n\nPermanence du maire également.\nAccueil ouvert uniquement sur rendez-vous.","email":"mairie.lioux@wanadoo.fr","telephone":"04 90 05 61 64","latitude":43.946033,"longitude":5.301366,"website":"","url":"https://lannuaire.service-public.gouv.fr/provence-alpes-cote-d-azur/vaucluse/088685f7-de42-4846-ac7e-a4d4fc6cd902"}
{"nom":"Loriol-du-Comtat","adresse":"Place de l'Hôtel-de-Ville , 84870 , Loriol-du-Comtat , France","codePostal":"84870","region":"Provence-Alpes-Côte d'Azur","departement":"Vaucluse","departementCode":"84","horaires":"Du Lundi au Mardi : de 08h30 à 17h30\nLe Mercredi : de 08h30 à 12h00 de 13h30 à 17h30\nLe Jeudi : de 08h30 à 17h30\nLe Vendredi : de 08h30 à 16h30","email":"mairie@loriolducomtat.fr","telephone":"04 90 12 91 10","latitude":44.07639,"longitude":5.00188,"website":"https://www.loriolducomtat.fr/","url":"https://lannuaire.service-public.gouv.fr/provence-alpes-cote-d-azur/vaucluse/19620bb4-7424-4275-ac0d-15f0ec10d915"}
{"nom":"Lourmarin","adresse":"21 rue Henri-de-Savornin , 84160 , Lourmarin , France","codePostal":"84160","region":"Provence-Alpes-Côte d'Azur","departement":"Vaucluse","departementCode":"84","horaires":"Le Lundi : de 09h00 à 12h00\nLe Mardi : de 09h00 à 12h00 de 14h00 à 17h00\nLe Mercredi : de 09h00 à 12h00\nLe Jeudi : de 09h00 à 12h00 de 14h00 à 17h00\nLe Vendredi : de 09h00 à 12h00","email":"mairie@lourmarin.com","telephone":"04 90 68 04 13","latitude":43.7631,"longitude":5.363,"website":"http://www.lourmarin.com/","url":"https://lannuaire.service-public.gouv.fr/provence-alpes-cote-d-azur/vaucluse/965df8c6-bc74-449f-975b-0cc026ecff38"}
{"nom":"Malaucène","adresse":"Cours des Isnards , 84340 , Malaucène , France","codePostal":"84340","region":"Provence-Alpes-Côte d'Azur","departement":"Vaucluse","departementCode":"84","horaires":"Du Lundi au Vendredi : de 08h30 à 12h00 de 13h30 à 17h00","email":"mairie@malaucene.fr","telephone":"04 90 65 20 17","latitude":44.175,"longitude":5.13216,"website":"https://www.malaucene.fr/","url":"https://lannuaire.service-public.gouv.fr/provence-alpes-cote-d-azur/vaucluse/755d1f61-4010-465b-aae0-e324d8983aa2"}
{"nom":"Malemort-du-Comtat","adresse":"52 avenue du Docteur-Tondut , 84570 , Malemort-du-Comtat , France","codePostal":"84570","region":"Provence-Alpes-Côte d'Azur","departement":"Vaucluse","departementCode":"84","horaires":"Du Lundi au Mardi : de 09h00 à 12h00 de 13h30 à 16h30\nLe Mercredi : de 09h00 à 12h00\nLe Vendredi : de 09h00 à 12h00 de 13h30 à 16h30","email":"accueil-mairie@malemortducomtat.fr","telephone":"04 90 69 71 11","latitude":44.022,"longitude":5.15658,"website":"http://www.malemortducomtat.fr/","url":"https://lannuaire.service-public.gouv.fr/provence-alpes-cote-d-azur/vaucluse/36fae698-4ea5-40ae-a469-f153950feace"}
{"nom":"Maubec","adresse":"450 Grande-Rue , 84660 , Maubec , France","codePostal":"84660","region":"Provence-Alpes-Côte d'Azur","departement":"Vaucluse","departementCode":"84","horaires":"Du Lundi au Samedi : de 08h30 à 12h15","email":"contact@mairiemaubec-luberon.fr","telephone":"04 90 76 92 09","latitude":43.84398,"longitude":5.140068,"website":"https://www.mairiemaubec-luberon.fr/","url":"https://lannuaire.service-public.gouv.fr/provence-alpes-cote-d-azur/vaucluse/f142e08a-2ac9-4553-9eca-08f98bdfdad4"}
{"nom":"Mazan","adresse":"66 boulevard de la Tournelle , 84380 , Mazan , France","codePostal":"84380","region":"Provence-Alpes-Côte d'Azur","departement":"Vaucluse","departementCode":"84","horaires":"Le Lundi : de 08h30 à 12h00 de 13h30 à 17h00\nLe Mardi : de 08h30 à 12h00\nLe Mercredi : de 08h30 à 12h00 de 13h30 à 17h00\nLe Jeudi : de 08h30 à 12h00\nLe Vendredi : de 08h30 à 12h00 de 13h30 à 17h00","email":"contact@mazan.fr","telephone":"04 90 69 70 19","latitude":44.0564,"longitude":5.12625,"website":"https://www.mazan.fr/","url":"https://lannuaire.service-public.gouv.fr/provence-alpes-cote-d-azur/vaucluse/6b19e1f7-3f2e-4484-927e-4b82a0f37256"}
{"nom":"Ménerbes","adresse":"20 place de l'Horloge , 84560 , Ménerbes , France","codePostal":"84560","region":"Provence-Alpes-Côte d'Azur","departement":"Vaucluse","departementCode":"84","horaires":"Le Mardi : de 09h00 à 12h00 de 14h00 à 17h00\nLe Mercredi : de 09h00 à 12h00\nDu Jeudi au Vendredi : de 09h00 à 12h00 de 14h00 à 17h00\nLe Samedi : de 09h00 à 12h00","email":"contact@menerbes.fr","telephone":"04 90 72 22 05","latitude":43.834118,"longitude":5.203881,"website":"https://www.menerbes.fr/","url":"https://lannuaire.service-public.gouv.fr/provence-alpes-cote-d-azur/vaucluse/9d8cfbe3-30d3-475f-a62b-caf8aca0098c"}
{"nom":"Mérindol","adresse":"Place de la Mairie , 84360 , Mérindol , France","codePostal":"84360","region":"Provence-Alpes-Côte d'Azur","departement":"Vaucluse","departementCode":"84","horaires":"Le Lundi : de 08h30 à 12h30 de 14h00 à 16h30\nDu Mardi au Vendredi : de 08h30 à 12h30\nLe Samedi : de 10h00 à 12h00","email":"mairie@merindol.fr","telephone":"04 90 72 81 07","latitude":43.7554,"longitude":5.20278,"website":"http://www.merindol.fr/","url":"https://lannuaire.service-public.gouv.fr/provence-alpes-cote-d-azur/vaucluse/f4ff8e62-ce7c-40e3-aff9-3ca761539fc1"}
{"nom":"Méthamis","adresse":"Place de la Mairie , 84570 , Méthamis , France","codePostal":"84570","region":"Provence-Alpes-Côte d'Azur","departement":"Vaucluse","departementCode":"84","horaires":"Du Lundi au Mardi : de 08h30 à 12h00\nDu Jeudi au Vendredi : de 08h30 à 12h00","email":"mairie@methamis.fr","telephone":"04 90 61 81 02","latitude":44.015358,"longitude":5.224718,"website":"https://methamis.fr/","url":"https://lannuaire.service-public.gouv.fr/provence-alpes-cote-d-azur/vaucluse/edd180d0-7741-466e-82ca-203c85454ded"}
{"nom":"Mirabeau","adresse":"8 rue de la Mairie , 84120 , Mirabeau , France","codePostal":"84120","region":"Provence-Alpes-Côte d'Azur","departement":"Vaucluse","departementCode":"84","horaires":"Le Lundi : de 08h30 à 12h00 de 13h30 à 17h00\nLe Mardi : de 08h30 à 12h00\nLe Mercredi : de 08h30 à 12h00 de 13h30 à 17h00\nLe Jeudi : de 08h30 à 12h00\nLe Vendredi : de 08h30 à 12h00 de 13h30 à 17h00\nLe Samedi : de 08h30 à 11h30","email":"mairiemirabeau@wanadoo.fr","telephone":"04 90 77 00 04","latitude":43.70439,"longitude":5.6561007,"website":"https://www.mirabeauenluberon.fr/","url":"https://lannuaire.service-public.gouv.fr/provence-alpes-cote-d-azur/vaucluse/15da8875-3361-48dd-9014-ed10e1f16e88"}
{"nom":"Modène","adresse":"31 rue Sainte-Catherine , 84330 , Modène , France","codePostal":"84330","region":"Provence-Alpes-Côte d'Azur","departement":"Vaucluse","departementCode":"84","horaires":"Du Lundi au Mardi : de 09h00 à 12h00 de 14h00 à 17h00\nLe Mercredi : de 09h00 à 12h00\nDu Jeudi au Vendredi : de 09h00 à 12h00 de 14h00 à 17h00","email":"secretariat@mairiedemodene.com","telephone":"04 90 62 41 89","latitude":44.101044,"longitude":5.1305203,"website":"https://www.mairiedemodene.com/","url":"https://lannuaire.service-public.gouv.fr/provence-alpes-cote-d-azur/vaucluse/a5701093-7482-43f1-8621-19825c557c54"}
{"nom":"Mondragon","adresse":"545 rue des Clastres , 84430 , Mondragon , France","codePostal":"84430","region":"Provence-Alpes-Côte d'Azur","departement":"Vaucluse","departementCode":"84","horaires":"Du Lundi au Jeudi : de 08h30 à 12h00 de 13h30 à 17h30\nLe Vendredi : de 08h30 à 12h00 de 13h30 à 17h00","email":"accueil@mondragon.fr","telephone":"04 90 40 82 51","latitude":44.236988,"longitude":4.711959,"website":"https://www.mondragon.fr/","url":"https://lannuaire.service-public.gouv.fr/provence-alpes-cote-d-azur/vaucluse/ebd89c48-f05a-4fd6-b930-902f3b97fa0b"}
{"nom":"Monieux","adresse":"1 place Jean-Gabert , 84390 , Monieux , France","codePostal":"84390","region":"Provence-Alpes-Côte d'Azur","departement":"Vaucluse","departementCode":"84","horaires":"Du Lundi au Mardi : de 09h00 à 12h00 de 14h00 à 17h30\nLe Mercredi : de 09h00 à 12h00\nDu Jeudi au Vendredi : de 09h00 à 12h00 de 14h00 à 17h30","email":"mairie-de-monieux@orange.fr","telephone":"04 90 64 03 09","latitude":44.067947,"longitude":5.359538,"website":"https://www.monieux.fr/","url":"https://lannuaire.service-public.gouv.fr/provence-alpes-cote-d-azur/vaucluse/396ab718-168e-4e00-a5fc-9e4a7d34e773"}
{"nom":"Monteux","adresse":"28 place des Droits-de-l'Homme , 84170 , Monteux , France","codePostal":"84170","region":"Provence-Alpes-Côte d'Azur","departement":"Vaucluse","departementCode":"84","horaires":"Du Lundi au Vendredi : de 08h30 à 12h15 de 13h45 à 17h30","email":"ville.monteux@monteux.fr","telephone":"04 90 66 97 00","latitude":44.0343,"longitude":4.99539,"website":"https://www.monteux.fr/","url":"https://lannuaire.service-public.gouv.fr/provence-alpes-cote-d-azur/vaucluse/13b2e7ee-5933-4008-8d7b-71884eaa7c9d"}
{"nom":"Morières-lès-Avignon","adresse":"53 rue Louis-Pasteur , 84310 , Morières-lès-Avignon , France","codePostal":"84310","region":"Provence-Alpes-Côte d'Azur","departement":"Vaucluse","departementCode":"84","horaires":"Du Lundi au Vendredi : de 08h00 à 12h00 de 13h00 à 17h00","email":"contacts@morieres.fr","telephone":"04 90 83 87 12","latitude":43.94249,"longitude":4.905278,"website":"https://www.ville-moriereslesavignon.fr/","url":"https://lannuaire.service-public.gouv.fr/provence-alpes-cote-d-azur/vaucluse/fad6a7a6-9b8d-4292-9d59-b762e7ff30e6"}
{"nom":"Mormoiron","adresse":"9 place de la Mairie , 84570 , Mormoiron , France","codePostal":"84570","region":"Provence-Alpes-Côte d'Azur","departement":"Vaucluse","departementCode":"84","horaires":"Le Lundi : de 08h30 à 12h00\nDu Mardi au Vendredi : de 08h30 à 16h30\n\nFermeture à 15h30 en jullet-août","email":"accueil@ville-mormoiron.fr","telephone":"04 90 61 80 17","latitude":44.067688,"longitude":5.183815,"website":"http://www.mormoiron.com/","url":"https://lannuaire.service-public.gouv.fr/provence-alpes-cote-d-azur/vaucluse/9ced43f4-ff0a-47d2-bc76-10cb179023d8"}
{"nom":"Mornas","adresse":"1 rue de la Mairie , 84550 , Mornas , France","codePostal":"84550","region":"Provence-Alpes-Côte d'Azur","departement":"Vaucluse","departementCode":"84","horaires":"Du Lundi au Mardi : de 08h30 à 12h00 de 13h30 à 17h30\nLe Mercredi : de 08h30 à 12h00\nDu Jeudi au Vendredi : de 08h30 à 12h00 de 13h30 à 17h30","email":"accueil@mairie-mornas.fr","telephone":"04 90 37 00 97","latitude":44.2034,"longitude":4.7277,"website":"https://www.mornas.fr/","url":"https://lannuaire.service-public.gouv.fr/provence-alpes-cote-d-azur/vaucluse/0f381bf8-8197-4b3d-8c57-d9f2864a49ba"}
{"nom":"Murs","adresse":"2 Grand'rue , 84220 , Murs , France","codePostal":"84220","region":"Provence-Alpes-Côte d'Azur","departement":"Vaucluse","departementCode":"84","horaires":"Du Lundi au Mardi : de 09h00 à 12h00\nDu Jeudi au Samedi : de 09h00 à 12h00","email":"accueil@communedemurs-vaucluse.fr","telephone":"04 90 72 60 00","latitude":43.951706,"longitude":5.241182,"website":"http://www.communedemurs-vaucluse.fr/","url":"https://lannuaire.service-public.gouv.fr/provence-alpes-cote-d-azur/vaucluse/e3bb7406-d838-4a16-bb41-a4317f29a7ee"}
{"nom":"Oppède","adresse":"75 place Félix-Autard , 84580 , Oppède , France","codePostal":"84580","region":"Provence-Alpes-Côte d'Azur","departement":"Vaucluse","departementCode":"84","horaires":"Du Mardi au Jeudi : de 09h00 à 12h00\nLe Vendredi : de 09h00 à 12h00 de 13h30 à 17h30","email":"mairie@oppede.fr","telephone":"04 90 76 90 06","latitude":43.8433,"longitude":5.1678,"website":"http://www.oppede.fr/","url":"https://lannuaire.service-public.gouv.fr/provence-alpes-cote-d-azur/vaucluse/e2169f61-5333-418b-93c8-d9cfe0ae7979"}
{"nom":"Orange","adresse":"Place Georges-Clemenceau , 84106 , Orange , France","codePostal":"84106","region":"Provence-Alpes-Côte d'Azur","departement":"Vaucluse","departementCode":"84","horaires":"Du Lundi au Jeudi : de 08h00 à 12h00 de 13h30 à 17h30\nLe Vendredi : de 08h00 à 12h00\nPour l'état civil : consulter le site internet.","email":"accueil.guichet@ville-orange.fr","telephone":"04 90 51 41 41","latitude":44.1377,"longitude":4.80796,"website":"https://www.ville-orange.fr/","url":"https://lannuaire.service-public.gouv.fr/provence-alpes-cote-d-azur/vaucluse/310d47a3-06a2-4064-8c73-0aa605cbf858"}
{"nom":"Pernes-les-Fontaines","adresse":"Place Aristide-Briand , 84210 , Pernes-les-Fontaines , France","codePostal":"84210","region":"Provence-Alpes-Côte d'Azur","departement":"Vaucluse","departementCode":"84","horaires":"Le Lundi : de 08h30 à 17h00\nLe Mardi : de 08h30 à 12h00 de 13h15 à 16h30\nLe Mercredi : de 08h30 à 17h00\nLe Jeudi : de 08h30 à 12h00 de 13h15 à 16h30\nLe Vendredi : de 08h30 à 16h30","email":"contact@perneslesfontaines.fr","telephone":"04 90 61 45 00","latitude":43.9971,"longitude":5.06045,"website":"https://www.perneslesfontaines.fr/","url":"https://lannuaire.service-public.gouv.fr/provence-alpes-cote-d-azur/vaucluse/70a4e74d-5511-43ab-94b2-4bc3e7d19ef3"}
{"nom":"Pertuis","adresse":"Rue Voltaire , 84120 , Pertuis , France","codePostal":"84120","region":"Provence-Alpes-Côte d'Azur","departement":"Vaucluse","departementCode":"84","horaires":"Du Lundi au Jeudi : de 08h00 à 12h00 de 13h30 à 17h30\nLe Vendredi : de 08h00 à 12h00 de 13h30 à 16h30","email":"communication@mairie-pertuis.fr","telephone":"04 90 79 02 74","latitude":43.6914,"longitude":5.5015583,"website":"https://www.ville-pertuis.fr/","url":"https://lannuaire.service-public.gouv.fr/provence-alpes-cote-d-azur/vaucluse/fba2f768-6d90-4892-8e64-e2d5cd82defa"}
{"nom":"Peypin-d'Aigues","adresse":"15 Grande-Rue , 84240 , Peypin-d'Aigues , France","codePostal":"84240","region":"Provence-Alpes-Côte d'Azur","departement":"Vaucluse","departementCode":"84","horaires":"Du Lundi au Mardi : de 08h15 à 12h00 de 13h30 à 16h45\nDu Mercredi au Jeudi : de 08h15 à 12h00\nLe Vendredi : de 08h15 à 12h00 de 13h30 à 16h45","email":"mairie.peypin.aigues@orange.fr","telephone":"04 90 77 76 01","latitude":43.787506,"longitude":5.5695496,"website":"https://peypindaigues.fr/","url":"https://lannuaire.service-public.gouv.fr/provence-alpes-cote-d-azur/vaucluse/2144409a-414b-4f1c-891c-302e099bdc18"}
{"nom":"Piolenc","adresse":"6 rue Jean-Moulin , 84420 , Piolenc , France","codePostal":"84420","region":"Provence-Alpes-Côte d'Azur","departement":"Vaucluse","departementCode":"84","horaires":"Du Lundi au Vendredi : de 08h00 à 12h00 de 14h00 à 18h00","email":"contact@mairie-piolenc.fr","telephone":"04 90 29 63 66","latitude":44.1781,"longitude":4.76099,"website":"https://mairie-piolenc.fr/","url":"https://lannuaire.service-public.gouv.fr/provence-alpes-cote-d-azur/vaucluse/59c17b5c-8987-40ff-8997-539a55de658b"}
{"nom":"Puget-sur-Durance","adresse":"1 place du Portalas , 84360 , Puget-sur-Durance , France","codePostal":"84360","region":"Provence-Alpes-Côte d'Azur","departement":"Vaucluse","departementCode":"84","horaires":"Le Mardi : de 14h00 à 16h00\nLe Mercredi : de 09h00 à 12h00\nLe Jeudi : de 17h00 à 19h30\nLe Vendredi : de 09h00 à 12h00","email":"accueil@pugetsurdurance.fr","telephone":"04 90 08 21 96","latitude":43.75568,"longitude":5.269835,"website":"https://www.pugetsurdurance.fr/","url":"https://lannuaire.service-public.gouv.fr/provence-alpes-cote-d-azur/vaucluse/76bf9363-0dde-431a-b834-8bd34ced4a3a"}
{"nom":"Puyméras","adresse":"8 place de la Mairie , 84110 , Puyméras , France","codePostal":"84110","region":"Provence-Alpes-Côte d'Azur","departement":"Vaucluse","departementCode":"84","horaires":"Du Lundi au Jeudi : de 09h00 à 12h00","email":"mairie.puymeras@gmail.com","telephone":"04 90 46 40 90","latitude":44.27062,"longitude":5.128005,"website":"http://www.mairiepuymeras.com/","url":"https://lannuaire.service-public.gouv.fr/provence-alpes-cote-d-azur/vaucluse/505209dd-7039-44c1-822f-0fb11ef833c5"}
{"nom":"Puyvert","adresse":"4 rue des Écoles , 84160 , Puyvert , France","codePostal":"84160","region":"Provence-Alpes-Côte d'Azur","departement":"Vaucluse","departementCode":"84","horaires":"Du Lundi au Mardi : de 13h00 à 17h00\nDu Jeudi au Vendredi : de 13h00 à 17h00","email":"mairie@puyvert.fr","telephone":"04 90 08 38 24","latitude":43.7594,"longitude":5.34288,"website":"http://www.puyvert.fr/","url":"https://lannuaire.service-public.gouv.fr/provence-alpes-cote-d-azur/vaucluse/bf333302-31f7-4638-9a83-dd7d7dc93c05"}
{"nom":"Rasteau","adresse":"2 rue des Écoles , 84110 , Rasteau , France","codePostal":"84110","region":"Provence-Alpes-Côte d'Azur","departement":"Vaucluse","departementCode":"84","horaires":"Du Lundi au Jeudi : de 08h00 à 12h00","email":"secretariatrasteau@orange.fr","telephone":"04 90 46 10 47","latitude":44.284,"longitude":5.03414,"website":"http://www.rasteau.fr/","url":"https://lannuaire.service-public.gouv.fr/provence-alpes-cote-d-azur/vaucluse/1d9921b4-4179-46d4-9926-dc9ba982490b"}
{"nom":"Richerenches","adresse":"217 avenue de la Rabasse , 84600 , Richerenches , France","codePostal":"84600","region":"Provence-Alpes-Côte d'Azur","departement":"Vaucluse","departementCode":"84","horaires":"Du Lundi au Mardi : de 13h30 à 17h30\nDu Jeudi au Vendredi : de 13h30 à 17h30","email":"mairie.richerenches@orange.fr","telephone":"04 90 28 02 00","latitude":44.359913,"longitude":4.911684,"website":"http://www.richerenches-info-mairie.fr/","url":"https://lannuaire.service-public.gouv.fr/provence-alpes-cote-d-azur/vaucluse/f9921983-4229-439b-88a0-184351282d56"}
{"nom":"Roaix","adresse":"617 route des Princes-d'Orange , 84110 , Roaix , France","codePostal":"84110","region":"Provence-Alpes-Côte d'Azur","departement":"Vaucluse","departementCode":"84","horaires":"Le Lundi : de 13h00 à 17h00\nLe Mercredi : de 08h30 à 11h30 de 13h00 à 17h00\nLe Vendredi : de 13h00 à 17h00","email":"contact@mairie-roaix.fr","telephone":"04 90 46 11 46","latitude":44.24889,"longitude":5.025755,"website":"","url":"https://lannuaire.service-public.gouv.fr/provence-alpes-cote-d-azur/vaucluse/2c35d786-5829-4a6b-9b74-f330255d7d17"}
{"nom":"Robion","adresse":"1 place Clément-Gros , 84440 , Robion , France","codePostal":"84440","region":"Provence-Alpes-Côte d'Azur","departement":"Vaucluse","departementCode":"84","horaires":"Du Lundi au Vendredi : de 09h00 à 12h30 de 13h30 à 17h30","email":"accueil@mairie-robion.fr","telephone":"04 90 76 60 44","latitude":43.84431,"longitude":5.112112,"website":"https://www.robion-mairie.com/","url":"https://lannuaire.service-public.gouv.fr/provence-alpes-cote-d-azur/vaucluse/d5b2c319-69d8-42e4-af08-122e4186c412"}
{"nom":"Roussillon","adresse":"2 place de la Mairie , 84220 , Roussillon , France","codePostal":"84220","region":"Provence-Alpes-Côte d'Azur","departement":"Vaucluse","departementCode":"84","horaires":"Le Lundi : de 09h00 à 12h00\nLe Mardi : de 09h00 à 12h00 de 14h00 à 17h00\nLe Mercredi : de 09h00 à 12h00\nLe Jeudi : de 09h00 à 12h00 de 14h00 à 17h00\nLe Vendredi : de 09h00 à 12h00","email":"accueil@roussillon-en-provence.fr","telephone":"04 90 05 60 16","latitude":43.902653,"longitude":5.2929997,"website":"https://www.roussillon-en-provence.fr/","url":"https://lannuaire.service-public.gouv.fr/provence-alpes-cote-d-azur/vaucluse/91327188-3e32-4840-a462-d89961948b1d"}
{"nom":"Rustrel","adresse":"Le Château , 84400 , Rustrel , France","codePostal":"84400","region":"Provence-Alpes-Côte d'Azur","departement":"Vaucluse","departementCode":"84","horaires":"Du Lundi au Vendredi : de 09h00 à 12h00","email":"mairierustrel@orange.fr","telephone":"04 90 04 91 09","latitude":43.9245,"longitude":5.48417,"website":"https://www.rustrel.fr/","url":"https://lannuaire.service-public.gouv.fr/provence-alpes-cote-d-azur/vaucluse/0d2f56c6-463a-4fed-9b0a-0715f33ddd2c"}
{"nom":"Sablet","adresse":"38 route d'Orange , 84110 , Sablet , France","codePostal":"84110","region":"Provence-Alpes-Côte d'Azur","departement":"Vaucluse","departementCode":"84","horaires":"Du Lundi au Vendredi : de 08h30 à 12h00","email":"accueil@sablet84110.fr","telephone":"04 90 46 90 19","latitude":44.19492,"longitude":5.00647,"website":"https://sablet-provence.fr/","url":"https://lannuaire.service-public.gouv.fr/provence-alpes-cote-d-azur/vaucluse/20f152cd-e815-4bb3-ae31-a59560cecdcb"}
{"nom":"Saignon","adresse":"26 place de l'Église , 84400 , Saignon , France","codePostal":"84400","region":"Provence-Alpes-Côte d'Azur","departement":"Vaucluse","departementCode":"84","horaires":"Du Lundi au Vendredi : de 08h00 à 12h00","email":"mairie@saignon.fr","telephone":"04 90 74 16 30","latitude":43.862446,"longitude":5.429802,"website":"https://saignon.fr/","url":"https://lannuaire.service-public.gouv.fr/provence-alpes-cote-d-azur/vaucluse/b51985d2-2167-4671-98f9-b2ea87c0d62b"}
{"nom":"Saint-Christol","adresse":"1 place de la Mairie , 84390 , Saint-Christol , France","codePostal":"84390","region":"Provence-Alpes-Côte d'Azur","departement":"Vaucluse","departementCode":"84","horaires":"Du Lundi au Mercredi : de 08h00 à 12h00 de 13h30 à 17h30\nLe Jeudi : de 08h00 à 12h00\nLe Vendredi : de 08h00 à 12h00 de 13h30 à 16h30","email":"mairie@mairie-saintchristol.fr","telephone":"04 90 75 01 05","latitude":44.02798,"longitude":5.492804,"website":"http://www.mairie-saintchristol.fr/","url":"https://lannuaire.service-public.gouv.fr/provence-alpes-cote-d-azur/vaucluse/cd1b2b0d-7437-4ff5-adca-32a33c3fbd86"}
{"nom":"Saint-Didier","adresse":"Hôtel de Ville , 84210 , Saint-Didier , France","codePostal":"84210","region":"Provence-Alpes-Côte d'Azur","departement":"Vaucluse","departementCode":"84","horaires":"Du Lundi au Vendredi : de 08h30 à 12h00 de 13h30 à 16h00\nLe Samedi : de 09h00 à 12h00","email":"mairie@saint-didier84.fr","telephone":"04 90 66 01 39","latitude":44.00541,"longitude":5.1107025,"website":"https://www.mairie-saint-didier.com/services-municipaux-saint-didier-84210","url":"https://lannuaire.service-public.gouv.fr/provence-alpes-cote-d-azur/vaucluse/a713f416-4712-48c7-ab4c-c037d75a1802"}
{"nom":"Sainte-Cécile-les-Vignes","adresse":"Place Max-Aubert , 84290 , Sainte-Cécile-les-Vignes , France","codePostal":"84290","region":"Provence-Alpes-Côte d'Azur","departement":"Vaucluse","departementCode":"84","horaires":"Du Lundi au Mardi : de 08h00 à 12h00 de 13h30 à 17h00\nLe Mercredi : de 08h00 à 12h00\nDu Jeudi au Vendredi : de 08h00 à 12h00 de 13h30 à 17h00","email":"mairie@sainte-cecile.org","telephone":"04 90 30 80 17","latitude":44.244938,"longitude":4.8867702,"website":"https://www.sainte-cecile.org/","url":"https://lannuaire.service-public.gouv.fr/provence-alpes-cote-d-azur/vaucluse/65922c75-9564-4ce4-8f9f-72b451f1f173"}
{"nom":"Saint-Hippolyte-le-Graveyron","adresse":"1 route de Caromb , 84330 , Saint-Hippolyte-le-Graveyron , France","codePostal":"84330","region":"Provence-Alpes-Côte d'Azur","departement":"Vaucluse","departementCode":"84","horaires":"Le Mardi : de 09h00 à 12h00\nLe Vendredi : de 09h00 à 12h00","email":"mairiesainthippolytelegraveyron@wanadoo.fr","telephone":"04 90 62 41 73","latitude":44.121468,"longitude":5.075374,"website":"http://www.saint-hippolyte-le-graveyron.fr/","url":"https://lannuaire.service-public.gouv.fr/provence-alpes-cote-d-azur/vaucluse/e7d2c2b2-2803-4a47-8faf-f6deb7f01a64"}
{"nom":"Saint-Léger-du-Ventoux","adresse":"26 Rue de la Mairie , 84390 , Saint-Léger-du-Ventoux , France","codePostal":"84390","region":"Provence-Alpes-Côte d'Azur","departement":"Vaucluse","departementCode":"84","horaires":"Le Mardi : de 09h00 à 11h30 de 14h00 à 17h30\nLe Jeudi : de 09h00 à 11h30 de 14h00 à 17h30","email":"mairie-st-leger-ventoux@orange.fr","telephone":"04 75 28 02 27","latitude":44.21171,"longitude":5.275729,"website":"","url":"https://lannuaire.service-public.gouv.fr/provence-alpes-cote-d-azur/vaucluse/3f7fc3e7-2cb8-4704-b27e-48f0f606bb43"}
{"nom":"Saint-Marcellin-lès-Vaison","adresse":"38 rue de la Magdelaine , 84110 , Saint-Marcellin-lès-Vaison , France","codePostal":"84110","region":"Provence-Alpes-Côte d'Azur","departement":"Vaucluse","departementCode":"84","horaires":"Le Mardi : de 09h00 à 13h00\nDu Jeudi au Vendredi : de 09h00 à 13h00","email":"st-marcellin-vaison1@orange.fr","telephone":"09 79 05 60 46","latitude":44.230698,"longitude":5.096376,"website":"https://st-marcellin-vaison.fr/","url":"https://lannuaire.service-public.gouv.fr/provence-alpes-cote-d-azur/vaucluse/0a479367-8084-4a1a-88f4-36efd23744e5"}
{"nom":"Saint-Martin-de-Castillon","adresse":"Place de la Poste , 84750 , Saint-Martin-de-Castillon , France","codePostal":"84750","region":"Provence-Alpes-Côte d'Azur","departement":"Vaucluse","departementCode":"84","horaires":"Du Lundi au Vendredi : de 09h00 à 12h00","email":"accueil@saintmartindecastillon.fr","telephone":"04 90 75 20 08","latitude":43.92412,"longitude":5.485818,"website":"https://saintmartindecastillon.fr/","url":"https://lannuaire.service-public.gouv.fr/provence-alpes-cote-d-azur/vaucluse/4faad8e4-5b4d-4741-b8d6-adeebe65e6e1"}
{"nom":"Saint-Martin-de-la-Brasque","adresse":"6 cours du Mont-Libre , 84760 , Saint-Martin-de-la-Brasque , France","codePostal":"84760","region":"Provence-Alpes-Côte d'Azur","departement":"Vaucluse","departementCode":"84","horaires":"Du Lundi au Jeudi : de 08h00 à 12h00\nLe Vendredi : de 08h00 à 12h00 de 13h30 à 16h30","email":"mairiestmartin3@orange.fr","telephone":"04 90 77 61 02","latitude":43.768787,"longitude":5.5358887,"website":"https://www.saintmartindelabrasque.com/","url":"https://lannuaire.service-public.gouv.fr/provence-alpes-cote-d-azur/vaucluse/0cfa5338-d2c3-4e2b-bef8-7a4d7b8a8774"}
{"nom":"Saint-Pantaléon","adresse":"1 place de la Mairie , 84220 , Saint-Pantaléon , France","codePostal":"84220","region":"Provence-Alpes-Côte d'Azur","departement":"Vaucluse","departementCode":"84","horaires":"Du Lundi au Mardi : de 08h30 à 12h00 de 13h30 à 17h00\nLe Jeudi : de 08h30 à 12h00 de 13h30 à 17h00\nLe Vendredi : de 08h30 à 12h00","email":"mairie.stpantaleon@orange.fr","telephone":"04 90 72 23 08","latitude":43.880928,"longitude":5.215138,"website":"","url":"https://lannuaire.service-public.gouv.fr/provence-alpes-cote-d-azur/vaucluse/95adb163-8ba7-4693-bac4-065c561d147e"}
{"nom":"Saint-Pierre-de-Vassols","adresse":"30 allée des Pins , 84330 , Saint-Pierre-de-Vassols , France","codePostal":"84330","region":"Provence-Alpes-Côte d'Azur","departement":"Vaucluse","departementCode":"84","horaires":"Du Lundi au Mardi : de 08h30 à 12h00 de 13h30 à 16h30\nLe Jeudi : de 08h30 à 12h00\nLe Vendredi : de 08h30 à 12h00 de 13h30 à 16h30\nEn juillet et en août accueil ouvert les lundis, mardis, jeudis et vendredis de 8h30 à 12h30.","email":"accueil@saintpierredevassols.fr","telephone":"04 90 62 41 10","latitude":44.100155,"longitude":5.136929,"website":"https://saintpierredevassols.fr/","url":"https://lannuaire.service-public.gouv.fr/provence-alpes-cote-d-azur/vaucluse/85ddc491-e94b-4eae-a57f-69f66e7ca1b6"}
{"nom":"Saint-Romain-en-Viennois","adresse":"Hôtel de Ville , 84110 , Saint-Romain-en-Viennois , France","codePostal":"84110","region":"Provence-Alpes-Côte d'Azur","departement":"Vaucluse","departementCode":"84","horaires":"Du Lundi au Mardi : de 08h30 à 12h30 de 13h30 à 17h00\nLe Mercredi : de 08h30 à 12h00\nLe Jeudi : de 08h30 à 12h30 de 13h30 à 17h00\nLe Vendredi : de 08h30 à 12h30 de 13h30 à 16h00","email":"mairie84116@gmail.com","telephone":"04 90 46 41 98","latitude":44.258102,"longitude":5.108576,"website":"","url":"https://lannuaire.service-public.gouv.fr/provence-alpes-cote-d-azur/vaucluse/cbe30ea5-6902-4400-a726-506713833653"}
{"nom":"Saint-Roman-de-Malegarde","adresse":"Place de Verdun , 84290 , Saint-Roman-de-Malegarde , France","codePostal":"84290","region":"Provence-Alpes-Côte d'Azur","departement":"Vaucluse","departementCode":"84","horaires":"Du Lundi au Vendredi : de 09h00 à 12h00","email":"mairie.stromandemalegarde@wanadoo.fr","telephone":"04 90 28 92 28","latitude":44.28657,"longitude":4.929566,"website":"","url":"https://lannuaire.service-public.gouv.fr/provence-alpes-cote-d-azur/vaucluse/1e9ac859-aea5-442f-8da3-4ffab03a97d9"}
{"nom":"Saint-Saturnin-lès-Apt","adresse":"9 place de la Mairie , 84490 , Saint-Saturnin-lès-Apt , France","codePostal":"84490","region":"Provence-Alpes-Côte d'Azur","departement":"Vaucluse","departementCode":"84","horaires":"Du Lundi au Vendredi : de 13h00 à 17h00","email":"mairie@saintsaturninlesapt.fr","telephone":"04 90 75 43 12","latitude":43.944023,"longitude":5.383574,"website":"https://www.saintsaturninlesapt.fr/","url":"https://lannuaire.service-public.gouv.fr/provence-alpes-cote-d-azur/vaucluse/41ada3f9-5446-4aff-81f4-b35c2bade4c4"}
{"nom":"Saint-Saturnin-lès-Avignon","adresse":"126 boulevard de la Libération , 84450 , Saint-Saturnin-lès-Avignon , France","codePostal":"84450","region":"Provence-Alpes-Côte d'Azur","departement":"Vaucluse","departementCode":"84","horaires":"Du Lundi au Vendredi : de 08h30 à 12h00 de 13h30 à 17h00\nLe Samedi : de 09h00 à 12h00","email":"mairie@saintsaturnin.com","telephone":"04 90 22 63 00","latitude":43.956,"longitude":4.92968,"website":"https://www.saintsaturnin.com/","url":"https://lannuaire.service-public.gouv.fr/provence-alpes-cote-d-azur/vaucluse/7712ee4a-c21f-4ee4-8820-5617a456698e"}
{"nom":"Saint-Trinit","adresse":"22 rue de la Mairie , 84390 , Saint-Trinit , France","codePostal":"84390","region":"Provence-Alpes-Côte d'Azur","departement":"Vaucluse","departementCode":"84","horaires":"Du Lundi au Mardi : de 08h45 à 16h30\nLe Mercredi : de 08h30 à 12h15\nDu Jeudi au Vendredi : de 08h45 à 16h30","email":"secretariat@mairie-saint-trinit.com","telephone":"04 90 75 01 85","latitude":44.102127,"longitude":5.465653,"website":"https://www.mairie-saint-trinit.com/","url":"https://lannuaire.service-public.gouv.fr/provence-alpes-cote-d-azur/vaucluse/0ec874b1-30cc-4fe7-a1f8-128e2021b36e"}
{"nom":"Sannes","adresse":"15 rue du Cœur de village , 84240 , Sannes , France","codePostal":"84240","region":"Provence-Alpes-Côte d'Azur","departement":"Vaucluse","departementCode":"84","horaires":"Le Mardi : de 08h00 à 12h00 de 13h00 à 16h00\nLe Mercredi : de 08h00 à 12h00\nLe Jeudi : de 08h00 à 12h00 de 13h00 à 16h00","email":"accueil@sannes.fr","telephone":"04 90 77 62 29","latitude":43.757587,"longitude":5.490762,"website":"https://www.sannes.fr/","url":"https://lannuaire.service-public.gouv.fr/provence-alpes-cote-d-azur/vaucluse/249bc9f3-0012-4083-888e-3efd2286174b"}
{"nom":"Sarrians","adresse":"1 place du 1er-Août-1944 , 84260 , Sarrians , France","codePostal":"84260","region":"Provence-Alpes-Côte d'Azur","departement":"Vaucluse","departementCode":"84","horaires":"Du Lundi au Vendredi : de 08h30 à 12h30 de 13h30 à 17h00","email":"population@ville-sarrians.fr","telephone":"04 90 12 21 21","latitude":44.083157,"longitude":4.9720445,"website":"https://www.ville-sarrians.fr/accueil.html","url":"https://lannuaire.service-public.gouv.fr/provence-alpes-cote-d-azur/vaucluse/f133fd6d-0ebf-4556-9f10-6d836bfd4385"}
{"nom":"Sault","adresse":"4 place du Marché , 84390 , Sault , France","codePostal":"84390","region":"Provence-Alpes-Côte d'Azur","departement":"Vaucluse","departementCode":"84","horaires":"Du Lundi au Vendredi : de 08h00 à 12h00\n\nL'après-midi sur rendez-vous uniquement.","email":"contact@mairie-sault-84.fr","telephone":"04 90 64 02 30","latitude":44.09182,"longitude":5.40871,"website":"https://mairie-sault-84.fr/","url":"https://lannuaire.service-public.gouv.fr/provence-alpes-cote-d-azur/vaucluse/a49e27fd-ea95-45b6-a109-0d8d101927e2"}
{"nom":"Saumane-de-Vaucluse","adresse":"1 place de la Mairie , 84800 , Saumane-de-Vaucluse , France","codePostal":"84800","region":"Provence-Alpes-Côte d'Azur","departement":"Vaucluse","departementCode":"84","horaires":"Du Lundi au Mardi : de 09h00 à 13h00\nDu Jeudi au Vendredi : de 09h00 à 13h00","email":"mairie@saumane-de-vaucluse.fr","telephone":"04 90 20 32 79","latitude":43.93594,"longitude":5.10574,"website":"https://www.saumane-de-vaucluse.fr/","url":"https://lannuaire.service-public.gouv.fr/provence-alpes-cote-d-azur/vaucluse/aa45c00e-4b61-4915-a7bd-bad6fc9765f2"}
{"nom":"Savoillans","adresse":"1 place de la mairie , 84390 , Savoillans , France","codePostal":"84390","region":"Provence-Alpes-Côte d'Azur","departement":"Vaucluse","departementCode":"84","horaires":"Le Lundi : de 08h30 à 12h00 de 13h30 à 16h30\nLe Mardi : de 13h30 à 16h30\nLe Vendredi : de 13h30 à 16h30","email":"commune-de-savoillans@orange.fr","telephone":"04 75 28 80 97","latitude":44.179535,"longitude":5.374932,"website":"","url":"https://lannuaire.service-public.gouv.fr/provence-alpes-cote-d-azur/vaucluse/2e12e425-5fa2-4507-8fc1-2b43f8e58a29"}
{"nom":"Séguret","adresse":"579 B route Claude-Faraud , 84110 , Séguret , France","codePostal":"84110","region":"Provence-Alpes-Côte d'Azur","departement":"Vaucluse","departementCode":"84","horaires":"Du Lundi au Jeudi : de 09h00 à 13h00\nLe Vendredi : de 09h00 à 17h00","email":"mairie@seguret.fr","telephone":"04 90 46 91 06","latitude":44.207035,"longitude":5.020121,"website":"http://village-seguret.fr/","url":"https://lannuaire.service-public.gouv.fr/provence-alpes-cote-d-azur/vaucluse/486720d0-4ec8-41a9-9c80-4f68f99a1876"}
{"nom":"Sérignan-du-Comtat","adresse":"1 place Gildas-Ferrand , 84830 , Sérignan-du-Comtat , France","codePostal":"84830","region":"Provence-Alpes-Côte d'Azur","departement":"Vaucluse","departementCode":"84","horaires":"Le Lundi : de 08h30 à 12h00 de 13h30 à 17h00\nLe Mardi : de 08h30 à 12h00\nLe Mercredi : de 08h30 à 12h00 de 13h30 à 17h30\nLe Jeudi : de 08h30 à 12h00 de 13h30 à 17h00\nLe Vendredi : de 08h30 à 12h00 de 13h30 à 16h00","email":"mairie@serignanducomtat.com","telephone":"04 90 70 00 03","latitude":44.19339,"longitude":4.84837,"website":"http://www.serignanducomtat.fr/","url":"https://lannuaire.service-public.gouv.fr/provence-alpes-cote-d-azur/vaucluse/356611f1-ff8a-4300-abc4-26f50d983322"}
{"nom":"Sivergues","adresse":"1 chemin Le-Pas-des-Ensarris , 84400 , Sivergues , France","codePostal":"84400","region":"Provence-Alpes-Côte d'Azur","departement":"Vaucluse","departementCode":"84","horaires":"Le Mardi : de 13h30 à 17h30","email":"sivergues.mairie@orange.fr","telephone":"04 90 74 02 93","latitude":43.81902,"longitude":5.4072437,"website":"https://www.panneaupocket.com/","url":"https://lannuaire.service-public.gouv.fr/provence-alpes-cote-d-azur/vaucluse/503837c6-7a24-48a3-923c-053959d11ffa"}
{"nom":"Sorgues","adresse":"80 route d'Entraigues , 84706 , Sorgues Cedex , France","codePostal":"84706","region":"Provence-Alpes-Côte d'Azur","departement":"Vaucluse","departementCode":"84","horaires":"Du Lundi au Vendredi : de 08h00 à 17h30","email":"mairie@sorgues.fr","telephone":"04 90 39 71 00","latitude":44.007343,"longitude":4.877806,"website":"http://www.sorgues.fr/","url":"https://lannuaire.service-public.gouv.fr/provence-alpes-cote-d-azur/vaucluse/578644c9-a49a-4c15-85d9-641eaa9cb2bc"}
{"nom":"Suzette","adresse":"70 rue de Suza , 84190 , Suzette , France","codePostal":"84190","region":"Provence-Alpes-Côte d'Azur","departement":"Vaucluse","departementCode":"84","horaires":"Le Mardi : de 09h00 à 12h30 de 13h00 à 17h00\nLe Jeudi : de 09h00 à 12h30 de 13h00 à 16h00","email":"mairie.suzette@orange.fr","telephone":"04 90 62 96 39","latitude":44.16798,"longitude":5.068431,"website":"https://www.suzette-mairie.fr/accueil.html","url":"https://lannuaire.service-public.gouv.fr/provence-alpes-cote-d-azur/vaucluse/a03894cf-6d38-425d-8c76-0e36c5f5b114"}
{"nom":"Travaillan","adresse":"1 place Jean-Moulin , 84850 , Travaillan , France","codePostal":"84850","region":"Provence-Alpes-Côte d'Azur","departement":"Vaucluse","departementCode":"84","horaires":"Du Lundi au Mardi : de 08h45 à 16h30\nLe Mercredi : de 08h45 à 12h45\nDu Jeudi au Vendredi : de 08h45 à 16h30","email":"mairie@travaillan.fr","telephone":"04 90 37 24 01","latitude":44.182137,"longitude":4.90129,"website":"https://www.travaillan.fr/","url":"https://lannuaire.service-public.gouv.fr/provence-alpes-cote-d-azur/vaucluse/980775bb-b488-44d7-8d34-29576de2d478"}
{"nom":"Uchaux","adresse":"Place de la Mairie , 84100 , Uchaux , France","codePostal":"84100","region":"Provence-Alpes-Côte d'Azur","departement":"Vaucluse","departementCode":"84","horaires":"Du Lundi au Mardi : de 08h00 à 12h00 de 14h00 à 17h00\nLe Mercredi : de 08h00 à 12h00\nDu Jeudi au Vendredi : de 08h00 à 12h00 de 14h00 à 17h00","email":"accueil@uchaux.fr","telephone":"04 90 40 62 40","latitude":44.209614,"longitude":4.800421,"website":"https://uchaux.fr/","url":"https://lannuaire.service-public.gouv.fr/provence-alpes-cote-d-azur/vaucluse/1160ef49-3c35-4600-b5cf-be4564cd4dd8"}
{"nom":"Vacqueyras","adresse":"8 place de la Mairie , 84190 , Vacqueyras , France","codePostal":"84190","region":"Provence-Alpes-Côte d'Azur","departement":"Vaucluse","departementCode":"84","horaires":"Du Lundi au Mardi : de 08h00 à 12h00 de 14h00 à 17h30\nLe Mercredi : de 09h00 à 12h00 de 14h00 à 18h00\nLe Jeudi : de 08h00 à 12h00\nLe Vendredi : de 08h00 à 13h00 de 13h30 à 16h00","email":"contact@ville-vacqueyras.fr","telephone":"04 90 65 84 24","latitude":44.137566,"longitude":4.9846053,"website":"http://ville-vacqueyras.fr/","url":"https://lannuaire.service-public.gouv.fr/provence-alpes-cote-d-azur/vaucluse/49af05f6-ac9b-4d3d-982a-5943b7656b59"}
{"nom":"Vaison-la-Romaine","adresse":"6 cours Taulignan , 84110 , Vaison-la-Romaine , France","codePostal":"84110","region":"Provence-Alpes-Côte d'Azur","departement":"Vaucluse","departementCode":"84","horaires":"Du Lundi au Mercredi : de 08h00 à 12h00 de 13h30 à 17h00\nLe Jeudi : de 08h00 à 17h00\nLe Vendredi : de 08h00 à 12h00 de 13h30 à 17h00\nLe Samedi : de 10h00 à 12h00\n\nAccueil ouvert uniquement pour l'état civil et fermé en juillet-août.","email":"accueil@vaison-la-romaine.fr","telephone":"04 90 36 50 00","latitude":44.2417,"longitude":5.074154,"website":"http://www.vaison-la-romaine.com/","url":"https://lannuaire.service-public.gouv.fr/provence-alpes-cote-d-azur/vaucluse/721b2da4-43de-4b69-ae1a-fda7388155b4"}
{"nom":"Valréas","adresse":"8 place Aristide-Briand , 84600 , Valréas , France","codePostal":"84600","region":"Provence-Alpes-Côte d'Azur","departement":"Vaucluse","departementCode":"84","horaires":"Du Lundi au Vendredi : de 08h00 à 12h00 de 13h30 à 16h00","email":"courrier@mairie-valreas.fr","telephone":"04 90 35 00 45","latitude":44.383263,"longitude":4.990648,"website":"https://valreas.net/","url":"https://lannuaire.service-public.gouv.fr/provence-alpes-cote-d-azur/vaucluse/9d99f051-670a-4542-b7f3-56af2c20c798"}
{"nom":"Vaugines","adresse":"3 place de la Mairie , 84160 , Vaugines , France","codePostal":"84160","region":"Provence-Alpes-Côte d'Azur","departement":"Vaucluse","departementCode":"84","horaires":"Le Lundi : de 14h00 à 17h00\nDu Mardi au Jeudi : de 08h30 à 12h30\nLe Vendredi : de 08h30 à 12h30 de 14h00 à 17h00","email":"mairie@vaugines.fr","telephone":"04 90 77 25 08","latitude":43.779133,"longitude":5.415248,"website":"https://www.vaugines.fr/","url":"https://lannuaire.service-public.gouv.fr/provence-alpes-cote-d-azur/vaucluse/590ab9da-b5d6-4b62-a2af-ced5bd2ac09f"}
{"nom":"Vedène","adresse":"11 rue Jean-Moulin , 84270 , Vedène , France","codePostal":"84270","region":"Provence-Alpes-Côte d'Azur","departement":"Vaucluse","departementCode":"84","horaires":"Du Lundi au Vendredi : de 08h30 à 12h00 de 13h30 à 17h00\nFermeture du service état civil le jeudi après-midi.","email":"mairie@mairie-vedene.fr","telephone":"04 90 23 76 76","latitude":43.97816,"longitude":4.9041824,"website":"https://www.mairie-vedene.fr/","url":"https://lannuaire.service-public.gouv.fr/provence-alpes-cote-d-azur/vaucluse/8bc9eee4-0119-4eb6-b5ac-662a6fff7fc8"}
{"nom":"Velleron","adresse":"Place du Château , 84740 , Velleron , France","codePostal":"84740","region":"Provence-Alpes-Côte d'Azur","departement":"Vaucluse","departementCode":"84","horaires":"Du Lundi au Jeudi : de 08h30 à 12h00 de 13h30 à 17h00\nLe Vendredi : de 08h30 à 12h00","email":"contact@velleron.fr","telephone":"04 90 20 00 71","latitude":43.9571,"longitude":5.02947,"website":"https://www.velleron.fr/","url":"https://lannuaire.service-public.gouv.fr/provence-alpes-cote-d-azur/vaucluse/6eb80697-7d58-4365-99fb-31d9b9a0be9b"}
{"nom":"Venasque","adresse":"88 Grand'rue , 84210 , Venasque , France","codePostal":"84210","region":"Provence-Alpes-Côte d'Azur","departement":"Vaucluse","departementCode":"84","horaires":"Du Lundi au Vendredi : de 08h00 à 12h00","email":"mairie@mairievenasque.fr","telephone":"04 90 66 02 93","latitude":43.996,"longitude":5.14663,"website":"https://www.venasque.fr/accueil.html","url":"https://lannuaire.service-public.gouv.fr/provence-alpes-cote-d-azur/vaucluse/ddf4297c-72cd-4b4e-8c2f-f083e45b0895"}
{"nom":"Viens","adresse":"Quartier le Rang , 84750 , Viens , France","codePostal":"84750","region":"Provence-Alpes-Côte d'Azur","departement":"Vaucluse","departementCode":"84","horaires":"Du Lundi au Mardi : de 09h00 à 12h00\nDu Jeudi au Vendredi : de 09h00 à 12h00\n\nAccueil possible sur rendez-vous les après-midi.","email":"commune-de-viens@wanadoo.fr","telephone":"04 90 75 20 02","latitude":43.895473,"longitude":5.566641,"website":"https://www.mairie-viens.fr/","url":"https://lannuaire.service-public.gouv.fr/provence-alpes-cote-d-azur/vaucluse/bfb73226-443b-4e93-a94f-03fbdc6fbe2b"}
{"nom":"Villars","adresse":"8 place de la Mairie , 84400 , Villars , France","codePostal":"84400","region":"Provence-Alpes-Côte d'Azur","departement":"Vaucluse","departementCode":"84","horaires":"Du Lundi au Jeudi : de 09h00 à 12h00\nLe Vendredi : de 09h00 à 12h00 de 13h30 à 16h30","email":"secretairegenerale@villars84400.fr","telephone":"04 90 75 40 01","latitude":43.92342,"longitude":5.40545,"website":"https://www.villars-en-provence.fr/","url":"https://lannuaire.service-public.gouv.fr/provence-alpes-cote-d-azur/vaucluse/33d5ebf6-b09a-45f3-b8f4-5128b8e32efb"}
{"nom":"Villedieu","adresse":"12 place de la Libération , 84110 , Villedieu , France","codePostal":"84110","region":"Provence-Alpes-Côte d'Azur","departement":"Vaucluse","departementCode":"84","horaires":"Le Mardi : de 13h00 à 16h00\nLe Jeudi : de 13h00 à 16h00\nLe Vendredi : de 10h00 à 12h00","email":"mairie@villedieu-vaucluse.fr","telephone":"04 90 28 92 50","latitude":44.283844,"longitude":5.033666,"website":"https://www.villedieu-vaucluse.fr/","url":"https://lannuaire.service-public.gouv.fr/provence-alpes-cote-d-azur/vaucluse/b3d1e1ad-c66c-4cc5-bfab-d52f3fc41428"}
{"nom":"Villelaure","adresse":"Place du Général-de-Gaulle , 84530 , Villelaure , France","codePostal":"84530","region":"Provence-Alpes-Côte d'Azur","departement":"Vaucluse","departementCode":"84","horaires":"Le Lundi : de 08h00 à 12h00 de 13h30 à 17h00\nLe Mardi : de 08h00 à 12h00\nLe Mercredi : de 08h00 à 12h00 de 13h30 à 17h00\nLe Jeudi : de 08h00 à 12h00\nLe Vendredi : de 08h00 à 12h00 de 13h30 à 17h00","email":"mairie@villelaure.fr","telephone":"04 90 09 83 83","latitude":43.709892,"longitude":5.433346,"website":"https://villelaure.fr/","url":"https://lannuaire.service-public.gouv.fr/provence-alpes-cote-d-azur/vaucluse/bd5176ec-880e-4ee8-ba62-51d37ddfe189"}
{"nom":"Villes-sur-Auzon","adresse":"4 place de la Mairie , 84570 , Villes-sur-Auzon , France","codePostal":"84570","region":"Provence-Alpes-Côte d'Azur","departement":"Vaucluse","departementCode":"84","horaires":"Le Lundi : de 09h00 à 12h00 de 13h30 à 16h30\nDu Mardi au Vendredi : de 09h00 à 12h00","email":"mairie@villes-sur-auzon.fr","telephone":"04 90 61 82 05","latitude":44.0574,"longitude":5.23407,"website":"https://www.villes-sur-auzon.fr/","url":"https://lannuaire.service-public.gouv.fr/provence-alpes-cote-d-azur/vaucluse/53e37a93-e23b-48e5-85d1-a1b3f25d1ae1"}
{"nom":"Violès","adresse":"Cours Rigot , 84150 , Violès , France","codePostal":"84150","region":"Provence-Alpes-Côte d'Azur","departement":"Vaucluse","departementCode":"84","horaires":"Du Lundi au Vendredi : de 09h00 à 12h00 de 13h30 à 17h00","email":"mairiedevioles@violes.fr","telephone":"04 90 70 92 11","latitude":44.162,"longitude":4.95288,"website":"https://www.violes.fr/","url":"https://lannuaire.service-public.gouv.fr/provence-alpes-cote-d-azur/vaucluse/62023f39-5180-400d-bc60-8e991b4eb0d3"}
{"nom":"Visan","adresse":"Place du Jeu-de-Paume , 84820 , Visan , France","codePostal":"84820","region":"Provence-Alpes-Côte d'Azur","departement":"Vaucluse","departementCode":"84","horaires":"Le Lundi : de 08h30 à 12h30\nLe Mardi : de 08h30 à 12h00\nLe Mercredi : de 08h30 à 12h30\nLe Jeudi : de 08h30 à 12h00\nLe Vendredi : de 08h30 à 12h30","email":"contact@visan-mairie.com","telephone":"04 90 28 50 90","latitude":44.313717,"longitude":4.95105,"website":"https://visan-mairie.fr/","url":"https://lannuaire.service-public.gouv.fr/provence-alpes-cote-d-azur/vaucluse/c206e707-d094-4038-98a8-f838d6b24334"}
{"nom":"Vitrolles-en-Lubéron","adresse":"13 rue de la Mairie , 84240 , Vitrolles-en-Lubéron , France","codePostal":"84240","region":"Provence-Alpes-Côte d'Azur","departement":"Vaucluse","departementCode":"84","horaires":"Le Lundi : de 09h30 à 12h30\nLe Jeudi : de 09h30 à 12h30","email":"mairie@vitrolles-en-luberon.fr","telephone":"04 90 77 82 01","latitude":43.81123,"longitude":5.595266,"website":"https://www.vitrolles-en-luberon.fr/","url":"https://lannuaire.service-public.gouv.fr/provence-alpes-cote-d-azur/vaucluse/7124d111-8b21-4d23-9e8d-90eea5dbb55c"}
