{"nom":"Andelnans","adresse":"5 rue Ehlinger , 90400 , Andelnans , France","codePostal":"90400","region":"Bourgogne-Franche-Comté","departement":"Territoire de Belfort","departementCode":"90","horaires":"Du Lundi au Mercredi : de 09h00 à 12h00 de 15h00 à 18h00\nLe Jeudi : de 09h00 à 12h00","email":"mairie@andelnans.fr","telephone":"03 84 56 12 05","latitude":47.601837,"longitude":6.866176,"website":"http://www.andelnans.fr/","url":"https://lannuaire.service-public.gouv.fr/bourgogne-franche-comte/territoire-de-belfort/46299a70-06ce-4cd5-b72f-feaa6c116cc8"}
{"nom":"Angeot","adresse":"2 rue de l'École , 90150 , Angeot , France","codePostal":"90150","region":"Bourgogne-Franche-Comté","departement":"Territoire de Belfort","departementCode":"90","horaires":"Le Mardi : de 08h30 à 11h30 de 13h30 à 17h30\nLe Jeudi : de 13h00 à 16h00\nLe Vendredi : de 08h30 à 11h30 de 13h30 à 16h00","email":"mairie.angeot@orange.fr","telephone":"03 84 23 84 87","latitude":47.69613,"longitude":7.0141883,"website":"https://mairie-angeot.fr/page/222_mairie_d_angeot_90150_territoire_de_belfort_franche_comte_commune_municipalite_d_angeot.php","url":"https://lannuaire.service-public.gouv.fr/bourgogne-franche-comte/territoire-de-belfort/a02c16bc-87b6-4603-abf4-05dd31d60060"}
{"nom":"Anjoutey","adresse":"1 rue Frairie , 90170 , Anjoutey , France","codePostal":"90170","region":"Bourgogne-Franche-Comté","departement":"Territoire de Belfort","departementCode":"90","horaires":"Le Mercredi : de 10h00 à 12h00\nLe Vendredi : de 15h00 à 17h00\nLe Samedi : de 09h00 à 12h00","email":"mairie.danjoutey@wanadoo.fr","telephone":"03 84 54 66 45","latitude":47.7046,"longitude":6.93719,"website":"https://www.anjoutey.fr/","url":"https://lannuaire.service-public.gouv.fr/bourgogne-franche-comte/territoire-de-belfort/9ef03c99-ecc8-42d8-ba13-9e1a216e5e8a"}
{"nom":"Argiésans","adresse":"23 rue Charles-de-Gaulle , 90800 , Argiésans , France","codePostal":"90800","region":"Bourgogne-Franche-Comté","departement":"Territoire de Belfort","departementCode":"90","horaires":"Du Lundi au Mardi : de 09h00 à 12h00\nLe Mercredi : de 09h00 à 12h00 de 14h00 à 18h30\nDu Jeudi au Vendredi : de 09h00 à 12h00","email":"mairieargiesans@free.fr","telephone":"03 84 28 12 33","latitude":47.60286,"longitude":6.821785,"website":"https://station.illiwap.com/fr/public/90004","url":"https://lannuaire.service-public.gouv.fr/bourgogne-franche-comte/territoire-de-belfort/0b620e52-8e84-4629-b211-73593a3377e4"}
{"nom":"Autrechêne","adresse":"2 impasse de la Mairie , 90140 , Autrechêne , France","codePostal":"90140","region":"Bourgogne-Franche-Comté","departement":"Territoire de Belfort","departementCode":"90","horaires":"Le Lundi : de 09h00 à 12h00\nLe Mardi : de 14h00 à 16h00\nLe Jeudi : de 09h00 à 12h00","email":"mairie.autrechene@wanadoo.fr","telephone":"03 84 23 46 74","latitude":47.595657,"longitude":6.960317,"website":"","url":"https://lannuaire.service-public.gouv.fr/bourgogne-franche-comte/territoire-de-belfort/99714741-b008-40fd-bb7f-9ee60a4acf6f"}
{"nom":"Auxelles-Bas","adresse":"3 rue des Écoles , 90200 , Auxelles-Bas , France","codePostal":"90200","region":"Bourgogne-Franche-Comté","departement":"Territoire de Belfort","departementCode":"90","horaires":"Le Mardi : de 08h30 à 11h30\nLe Jeudi : de 08h30 à 11h30\nLe Samedi : de 08h30 à 11h30","email":"commune.auxelles.bas@orange.fr","telephone":"03 84 29 32 93","latitude":47.73457,"longitude":6.780819,"website":"https://station.illiwap.com/fr/public/90005","url":"https://lannuaire.service-public.gouv.fr/bourgogne-franche-comte/territoire-de-belfort/011c1dbc-298f-48b7-aa74-b8b47acab459"}
{"nom":"Auxelles-Haut","adresse":"18 rue des Bruyères , 90200 , Auxelles-Haut , France","codePostal":"90200","region":"Bourgogne-Franche-Comté","departement":"Territoire de Belfort","departementCode":"90","horaires":"Le Mardi : de 14h00 à 17h00\nLe Mercredi : de 08h00 à 12h00\nLe Vendredi : de 13h30 à 17h30\nLe Samedi : de 09h00 à 11h00\n\nPermanence des élus uniquement.","email":"mairie.auxelleshaut@orange.fr","telephone":"03 84 29 52 01","latitude":47.742943,"longitude":6.770503,"website":"https://auxelles-haut.fr/","url":"https://lannuaire.service-public.gouv.fr/bourgogne-franche-comte/territoire-de-belfort/67ee78fb-c4b5-4268-822b-be1f0ab0b1a6"}
{"nom":"Banvillars","adresse":"1 rue d'Argiésans , 90800 , Banvillars , France","codePostal":"90800","region":"Bourgogne-Franche-Comté","departement":"Territoire de Belfort","departementCode":"90","horaires":"Le Lundi : de 10h00 à 12h00\nLe Mercredi : de 10h00 à 12h00\nLe Samedi : de 10h00 à 12h00","email":"secretariat@mairiebanvillars.fr","telephone":"03 84 28 59 90","latitude":47.592304,"longitude":6.8159847,"website":"","url":"https://lannuaire.service-public.gouv.fr/bourgogne-franche-comte/territoire-de-belfort/6f2d4dc5-a931-4fcc-99cf-bf823428101c"}
{"nom":"Bavilliers","adresse":"38 Grande-Rue François-Mitterrand , 90800 , Bavilliers , France","codePostal":"90800","region":"Bourgogne-Franche-Comté","departement":"Territoire de Belfort","departementCode":"90","horaires":"Du Lundi au Vendredi : de 09h00 à 12h00 de 13h00 à 17h00\nLe Samedi : de 09h00 à 12h00\n\nAccueil fermé le samedi en juillet-août.","email":"mairie@bavilliers.fr","telephone":"03 84 57 38 88","latitude":47.619102,"longitude":6.831224,"website":"https://bavilliers.fr/","url":"https://lannuaire.service-public.gouv.fr/bourgogne-franche-comte/territoire-de-belfort/9e9c3ddf-d5b2-43ba-beed-4ef6672026ea"}
{"nom":"Beaucourt","adresse":"8 place Roger-Salengro , 90500 , Beaucourt , France","codePostal":"90500","region":"Bourgogne-Franche-Comté","departement":"Territoire de Belfort","departementCode":"90","horaires":"Du Lundi au Vendredi : de 08h30 à 12h00 de 14h00 à 17h30\nLe Samedi : de 09h30 à 12h00","email":"","telephone":"03 84 58 75 75","latitude":47.48712,"longitude":6.925067,"website":"https://www.mairie-beaucourt.fr/","url":"https://lannuaire.service-public.gouv.fr/bourgogne-franche-comte/territoire-de-belfort/f451ac39-71aa-420b-967a-628f735d3cf4"}
{"nom":"Belfort","adresse":"Place d'Armes , 90020 , Belfort Cedex , France","codePostal":"90020","region":"Bourgogne-Franche-Comté","departement":"Territoire de Belfort","departementCode":"90","horaires":"Du Lundi au Vendredi : de 08h00 à 12h00 de 13h00 à 17h30\nLe Samedi : de 08h30 à 12h00","email":"courrier@mairie-belfort.fr","telephone":"03 84 54 24 24","latitude":47.638588,"longitude":6.86283,"website":"https://www.belfort.fr/","url":"https://lannuaire.service-public.gouv.fr/bourgogne-franche-comte/territoire-de-belfort/e6f491ef-80e7-453d-b449-9fdd512f87c5"}
{"nom":"Bermont","adresse":"10 Grande-Rue , 90400 , Bermont , France","codePostal":"90400","region":"Bourgogne-Franche-Comté","departement":"Territoire de Belfort","departementCode":"90","horaires":"Le Lundi : de 13h30 à 17h30\nLe Mardi : de 17h00 à 18h00\nLe Vendredi : de 16h00 à 18h00","email":"mairie@bermont.fr","telephone":"03 84 56 00 21","latitude":47.580437,"longitude":6.856057,"website":"https://www.bermont.fr/","url":"https://lannuaire.service-public.gouv.fr/bourgogne-franche-comte/territoire-de-belfort/62d72195-1774-4a58-a031-1dc5934bed40"}
{"nom":"Bessoncourt","adresse":"19 rue des Magnolias , 90160 , Bessoncourt , France","codePostal":"90160","region":"Bourgogne-Franche-Comté","departement":"Territoire de Belfort","departementCode":"90","horaires":"Du Lundi au Mercredi : de 09h00 à 12h00 de 14h00 à 17h00\nLe Jeudi : de 09h00 à 12h00\nLe Vendredi : de 09h00 à 12h00 de 14h00 à 17h00","email":"bessoncourt.mairie@wanadoo.fr","telephone":"03 84 29 93 67","latitude":47.6463,"longitude":6.93309,"website":"http://www.bessoncourt.fr/","url":"https://lannuaire.service-public.gouv.fr/bourgogne-franche-comte/territoire-de-belfort/6936b020-3a6e-4944-9823-6a132313b8c7"}
{"nom":"Bethonvilliers","adresse":"4 chemin du Canal-du-Moulin , 90150 , Bethonvilliers , France","codePostal":"90150","region":"Bourgogne-Franche-Comté","departement":"Territoire de Belfort","departementCode":"90","horaires":"Du Mardi au Mercredi : de 08h30 à 11h30\nLe Vendredi : de 14h30 à 16h30","email":"mairie.bethonvilliers@orange.fr","telephone":"03 84 23 87 40","latitude":47.684406,"longitude":6.966326,"website":"","url":"https://lannuaire.service-public.gouv.fr/bourgogne-franche-comte/territoire-de-belfort/d5672e03-5f61-4c49-b7b3-5342ea02434f"}
{"nom":"Boron","adresse":"9 rue de la Libération , 90100 , Boron , France","codePostal":"90100","region":"Bourgogne-Franche-Comté","departement":"Territoire de Belfort","departementCode":"90","horaires":"Le Lundi : de 16h00 à 18h00\nLe Jeudi : de 16h00 à 18h00\nLe Samedi : de 10h00 à 12h00","email":"commune.boron@orange.fr","telephone":"03 84 23 30 96","latitude":47.559395,"longitude":7.0108566,"website":"","url":"https://lannuaire.service-public.gouv.fr/bourgogne-franche-comte/territoire-de-belfort/1c53957c-75a4-46f0-82d9-69ecadc1932a"}
{"nom":"Botans","adresse":"4 Grande-Rue , 90400 , Botans , France","codePostal":"90400","region":"Bourgogne-Franche-Comté","departement":"Territoire de Belfort","departementCode":"90","horaires":"Le Mardi : de 09h30 à 12h00 de 13h30 à 18h00\nLe Vendredi : de 09h30 à 12h00 de 13h30 à 18h00\nLe Samedi : de 08h00 à 11h30","email":"secretariat@mairie-botans.com","telephone":"03 84 21 54 12","latitude":47.596268,"longitude":6.853959,"website":"https://www.mairie-botans.com/","url":"https://lannuaire.service-public.gouv.fr/bourgogne-franche-comte/territoire-de-belfort/b0a29ba1-7d99-402d-9bed-abf6fc1fbbbf"}
{"nom":"Bourg-sous-Châtelet","adresse":"15 rue de la Forêt , 90110 , Bourg-sous-Châtelet , France","codePostal":"90110","region":"Bourgogne-Franche-Comté","departement":"Territoire de Belfort","departementCode":"90","horaires":"Le Lundi : de 08h30 à 12h30\nLe Jeudi : de 13h30 à 17h30","email":"mairiedebourg@wanadoo.fr","telephone":"03 84 23 00 73","latitude":47.7013,"longitude":6.9464,"website":"","url":"https://lannuaire.service-public.gouv.fr/bourgogne-franche-comte/territoire-de-belfort/79f57d56-2eae-412a-8c21-c780e1da875f"}
{"nom":"Bourogne","adresse":"5 rue des Écoles , 90140 , Bourogne , France","codePostal":"90140","region":"Bourgogne-Franche-Comté","departement":"Territoire de Belfort","departementCode":"90","horaires":"Le Lundi : de 14h00 à 18h00\nLe Mercredi : de 08h00 à 12h00 de 14h00 à 18h00\nLe Vendredi : de 14h00 à 18h00","email":"mairie@bourogne.fr","telephone":"03 84 27 81 73","latitude":47.5724,"longitude":6.9402,"website":"https://www.bourogne.fr/","url":"https://lannuaire.service-public.gouv.fr/bourgogne-franche-comte/territoire-de-belfort/c591703b-0cc7-42bb-b2ab-e9d28cf7d9b4"}
{"nom":"Brebotte","adresse":"Cidex 464 , 90140 , Brebotte , France","codePostal":"90140","region":"Bourgogne-Franche-Comté","departement":"Territoire de Belfort","departementCode":"90","horaires":"Le Mardi : de 15h30 à 18h30\nLe Jeudi : de 09h00 à 11h00\nLe Vendredi : de 15h30 à 17h00","email":"mairie.brebotte90@orange.fr","telephone":"03 84 23 30 61","latitude":47.578884,"longitude":6.974717,"website":"http://www.brebotte.fr/","url":"https://lannuaire.service-public.gouv.fr/bourgogne-franche-comte/territoire-de-belfort/58e5e20c-a00e-49c6-b155-7d0b14a600f4"}
{"nom":"Bretagne","adresse":"1 rue de Grosne , 90130 , Bretagne , France","codePostal":"90130","region":"Bourgogne-Franche-Comté","departement":"Territoire de Belfort","departementCode":"90","horaires":"Le Lundi : de 16h00 à 18h00\nLe Vendredi : de 10h00 à 12h00","email":"mairie-bretagne@wanadoo.fr","telephone":"03 84 23 37 44","latitude":47.593155,"longitude":6.999319,"website":"https://www.mairie-bretagne.fr/","url":"https://lannuaire.service-public.gouv.fr/bourgogne-franche-comte/territoire-de-belfort/eb66d17b-0cef-47f3-b63d-27bbe608bbd7"}
{"nom":"Buc","adresse":"7 rue du Général-Charles-de-Gaulle , 90800 , Buc , France","codePostal":"90800","region":"Bourgogne-Franche-Comté","departement":"Territoire de Belfort","departementCode":"90","horaires":"Le Mardi : de 09h00 à 12h00\nLe Mercredi : de 15h00 à 18h00\n\nPermanence téléphonique le Jeudi après-midi de 13h30 à 17h00","email":"mairie@buc90.fr","telephone":"03 84 56 89 03","latitude":47.6147,"longitude":6.78377,"website":"","url":"https://lannuaire.service-public.gouv.fr/bourgogne-franche-comte/territoire-de-belfort/7880ee56-4531-4e8f-80ae-d8e83dd5a2e4"}
{"nom":"Charmois","adresse":"3 rue de Froidefontaine , 90140 , Charmois , France","codePostal":"90140","region":"Bourgogne-Franche-Comté","departement":"Territoire de Belfort","departementCode":"90","horaires":"Le Lundi : de 10h30 à 12h00\nLe Vendredi : de 09h00 à 10h30","email":"mairie.charmois@wanadoo.fr","telephone":"03 84 27 72 20","latitude":47.573887,"longitude":6.938576,"website":"https://charmois.fr/","url":"https://lannuaire.service-public.gouv.fr/bourgogne-franche-comte/territoire-de-belfort/ee968763-bb1d-424d-bb82-5f830c8c699f"}
{"nom":"Châtenois-les-Forges","adresse":"18 voie du Tram , 90700 , Châtenois-les-Forges , France","codePostal":"90700","region":"Bourgogne-Franche-Comté","departement":"Territoire de Belfort","departementCode":"90","horaires":"Du Lundi au Mercredi : de 08h30 à 11h30 de 13h30 à 17h00\nLe Jeudi : de 08h30 à 11h30 de 13h30 à 18h00\nLe Vendredi : de 08h30 à 11h30 de 13h30 à 17h00","email":"accueil@chatenoislesforges.fr","telephone":"03 84 29 40 67","latitude":47.5563,"longitude":6.85182,"website":"https://chatenoislesforges.fr/fr/","url":"https://lannuaire.service-public.gouv.fr/bourgogne-franche-comte/territoire-de-belfort/97c4dc7d-ea58-4b48-b956-a691308cc51d"}
{"nom":"Chaux","adresse":"1 rue Saint-Martin , 90330 , Chaux , France","codePostal":"90330","region":"Bourgogne-Franche-Comté","departement":"Territoire de Belfort","departementCode":"90","horaires":"Le Mardi : de 16h30 à 18h30\nLe Mercredi : de 10h00 à 12h00\nLe Jeudi : de 16h30 à 18h30","email":"mairie.chaux90@wanadoo.fr","telephone":"03 84 27 10 30","latitude":47.705624,"longitude":6.837245,"website":"http://www.mairiedechaux.fr/","url":"https://lannuaire.service-public.gouv.fr/bourgogne-franche-comte/territoire-de-belfort/762a6b9f-b1ca-4725-9336-ca7910e4b4ea"}
{"nom":"Chavanatte","adresse":"21 rue Principale , 90100 , Chavanatte , France","codePostal":"90100","region":"Bourgogne-Franche-Comté","departement":"Territoire de Belfort","departementCode":"90","horaires":"Du Lundi au Mardi : de 09h00 à 16h30\nLe Vendredi : de 09h00 à 16h30","email":"mairie@chavanatte.com","telephone":"03 84 29 67 44","latitude":47.57781,"longitude":7.068415,"website":"https://chavanatte.wixsite.com/chavanatte","url":"https://lannuaire.service-public.gouv.fr/bourgogne-franche-comte/territoire-de-belfort/5042072e-ef26-4e01-828a-a6438f89ee72"}
{"nom":"Chavannes-les-Grands","adresse":"10 rue de l'Église , 90100 , Chavannes-les-Grands , France","codePostal":"90100","region":"Bourgogne-Franche-Comté","departement":"Territoire de Belfort","departementCode":"90","horaires":"Le Lundi : de 13h00 à 17h00","email":"mairie-chavanneslesgrands@orange.fr","telephone":"03 84 23 30 23","latitude":47.592,"longitude":7.04778,"website":"https://www.chavanneslesgrands.com/","url":"https://lannuaire.service-public.gouv.fr/bourgogne-franche-comte/territoire-de-belfort/2f3447ac-2ef2-42f9-b3b2-18dc87935a98"}
{"nom":"Chèvremont","adresse":"2 rue de l'Église , 90340 , Chèvremont , France","codePostal":"90340","region":"Bourgogne-Franche-Comté","departement":"Territoire de Belfort","departementCode":"90","horaires":"Le Lundi : de 08h00 à 12h00\nLe Mercredi : de 08h00 à 12h00\nLe Jeudi : de 13h00 à 17h00\nLe Samedi : de 09h00 à 12h00","email":"mairie@chevremont.fr","telephone":"03 84 21 08 56","latitude":47.6281,"longitude":6.92354,"website":"http://www.chevremont.fr/","url":"https://lannuaire.service-public.gouv.fr/bourgogne-franche-comte/territoire-de-belfort/e61ecb68-7318-4272-b192-1722bdb35176"}
{"nom":"Courcelles","adresse":"6 rue d'Ajoie , 90100 , Courcelles , France","codePostal":"90100","region":"Bourgogne-Franche-Comté","departement":"Territoire de Belfort","departementCode":"90","horaires":"Le Mardi : de 14h00 à 15h00\nLe Jeudi : de 10h00 à 11h00","email":"courcellesmairie@orange.fr","telephone":"03 84 29 64 28","latitude":47.5405,"longitude":6.97786,"website":"","url":"https://lannuaire.service-public.gouv.fr/bourgogne-franche-comte/territoire-de-belfort/dfc54971-89c3-4be1-bbef-a708c28763ee"}
{"nom":"Courtelevant","adresse":"5 rue de l'Église , 90100 , Courtelevant , France","codePostal":"90100","region":"Bourgogne-Franche-Comté","departement":"Territoire de Belfort","departementCode":"90","horaires":"Le Lundi : de 14h00 à 16h30\nLe Jeudi : de 09h00 à 11h30","email":"mairie-courtelevant@wanadoo.fr","telephone":"03 84 29 68 12","latitude":47.515316,"longitude":7.079928,"website":"","url":"https://lannuaire.service-public.gouv.fr/bourgogne-franche-comte/territoire-de-belfort/4a06d309-8917-4c6a-a6b7-716ffeef611b"}
{"nom":"Cravanche","adresse":"2 rue Pierre-et-Marie-Curie , 90300 , Cravanche , France","codePostal":"90300","region":"Bourgogne-Franche-Comté","departement":"Territoire de Belfort","departementCode":"90","horaires":"Du Lundi au Mardi : de 13h30 à 17h30\nDu Mercredi au Jeudi : de 08h30 à 12h00 de 13h30 à 17h30\nLe Vendredi : de 08h30 à 12h00","email":"contact@cravanche.fr","telephone":"03 84 26 07 10","latitude":47.6554,"longitude":6.83666,"website":"https://www.mairie-de-cravanche.fr/","url":"https://lannuaire.service-public.gouv.fr/bourgogne-franche-comte/territoire-de-belfort/4e3b7f96-913a-4ae4-aa11-dd39fced8dfb"}
{"nom":"Croix","adresse":"22 rue Principale , 90100 , Croix , France","codePostal":"90100","region":"Bourgogne-Franche-Comté","departement":"Territoire de Belfort","departementCode":"90","horaires":"Le Mardi : de 13h30 à 19h00\nLe Mercredi : de 08h30 à 12h00 de 16h00 à 18h00","email":"mairie.croix90@gmail.com","telephone":"03 84 36 23 23","latitude":47.44586,"longitude":6.954418,"website":"","url":"https://lannuaire.service-public.gouv.fr/bourgogne-franche-comte/territoire-de-belfort/b05ae1cd-6a50-4e4d-a260-087d159f1421"}
{"nom":"Cunelières","adresse":"23 rue des Orgues , 90150 , Cunelières , France","codePostal":"90150","region":"Bourgogne-Franche-Comté","departement":"Territoire de Belfort","departementCode":"90","horaires":"Le Lundi : de 15h30 à 17h30\nLe Mercredi : de 13h30 à 15h30","email":"mairie-cunelieres@orange.fr","telephone":"03 84 23 30 36","latitude":47.6251,"longitude":6.99767,"website":"https://www.cunelieres.fr/","url":"https://lannuaire.service-public.gouv.fr/bourgogne-franche-comte/territoire-de-belfort/a48140de-0676-40e5-b401-663ecf4e7485"}
{"nom":"Danjoutin","adresse":"44 rue du Docteur-Jacquot , 90400 , Danjoutin , France","codePostal":"90400","region":"Bourgogne-Franche-Comté","departement":"Territoire de Belfort","departementCode":"90","horaires":"Le Lundi : de 08h00 à 12h00 de 14h00 à 17h30\nLe Mercredi : de 08h00 à 12h00 de 14h00 à 17h30\nDu Jeudi au Vendredi : de 08h00 à 12h00","email":"secretariat@mairiedanjoutin.fr","telephone":"03 84 28 24 21","latitude":47.6181,"longitude":6.86296,"website":"https://www.mairiedanjoutin.fr/","url":"https://lannuaire.service-public.gouv.fr/bourgogne-franche-comte/territoire-de-belfort/6c671f2f-721e-4847-9ff9-c6453153ddc2"}
{"nom":"Delle","adresse":"1 place François-Mitterrand , 90100 , Delle , France","codePostal":"90100","region":"Bourgogne-Franche-Comté","departement":"Territoire de Belfort","departementCode":"90","horaires":"Le Lundi : de 08h00 à 12h00 de 13h30 à 17h30\nLe Mardi : de 08h00 à 12h00 de 13h30 à 18h30\nDu Mercredi au Vendredi : de 08h00 à 12h00 de 13h30 à 17h30\nLe Samedi : de 09h00 à 12h00\n\nAccueil ouvert uniquement le 1er samedi du mois.","email":"mairie@delle.fr","telephone":"03 84 36 66 66","latitude":47.5076,"longitude":6.99787,"website":"https://delle.fr/","url":"https://lannuaire.service-public.gouv.fr/bourgogne-franche-comte/territoire-de-belfort/beb55aee-fc62-4146-a972-f37957a5f652"}
{"nom":"Denney","adresse":"1 place Yvan-Damidaux , 90160 , Denney , France","codePostal":"90160","region":"Bourgogne-Franche-Comté","departement":"Territoire de Belfort","departementCode":"90","horaires":"Le Lundi : de 10h00 à 11h45\nLe Mardi : de 16h30 à 18h15\nLe Mercredi : de 10h00 à 11h45\nLe Vendredi : de 16h30 à 18h15","email":"mairie@denney.fr","telephone":"03 84 29 82 04","latitude":47.655056,"longitude":6.90672,"website":"","url":"https://lannuaire.service-public.gouv.fr/bourgogne-franche-comte/territoire-de-belfort/e943ad82-e2e6-41e0-9ddc-08a25ed092d1"}
{"nom":"Dorans","adresse":"10 rue des Lilas , 90400 , Dorans , France","codePostal":"90400","region":"Bourgogne-Franche-Comté","departement":"Territoire de Belfort","departementCode":"90","horaires":"Le Lundi : de 17h00 à 19h00\nLe Mardi : de 09h30 à 11h30\nLe Mercredi : de 16h30 à 18h00","email":"mairie.dorans@orange.fr","telephone":"03 84 56 10 27","latitude":47.5891,"longitude":6.83767,"website":"https://www.mairie-dorans.com/","url":"https://lannuaire.service-public.gouv.fr/bourgogne-franche-comte/territoire-de-belfort/7e6ea169-f982-4390-a684-30b8f2ca008a"}
{"nom":"Eguenigue","adresse":"8 rue Jean-Moulin , 90150 , Eguenigue , France","codePostal":"90150","region":"Bourgogne-Franche-Comté","departement":"Territoire de Belfort","departementCode":"90","horaires":"Le Mardi : de 13h00 à 17h30\nLe Vendredi : de 10h00 à 12h30","email":"mairie.eguenigue@orange.fr","telephone":"03 84 29 86 19","latitude":47.671425,"longitude":6.934668,"website":"","url":"https://lannuaire.service-public.gouv.fr/bourgogne-franche-comte/territoire-de-belfort/6be71ee5-e79c-4a18-ab2e-fe0e642bf122"}
{"nom":"Éloie","adresse":"31 grande-Rue , 90300 , Éloie , France","codePostal":"90300","region":"Bourgogne-Franche-Comté","departement":"Territoire de Belfort","departementCode":"90","horaires":"Le Lundi : de 08h30 à 12h00 de 13h30 à 18h00\nDu Mardi au Vendredi : de 08h30 à 12h00","email":"mairie@eloie.fr","telephone":"03 84 26 04 34","latitude":47.69048,"longitude":6.874469,"website":"https://www.eloie.fr/","url":"https://lannuaire.service-public.gouv.fr/bourgogne-franche-comte/territoire-de-belfort/af744e7b-b23e-4727-82c3-6b94793d843e"}
{"nom":"Essert","adresse":"Place de la Mairie , 90850 , Essert , France","codePostal":"90850","region":"Bourgogne-Franche-Comté","departement":"Territoire de Belfort","departementCode":"90","horaires":"Du Lundi au Vendredi : de 09h30 à 12h00 de 13h30 à 17h30","email":"mairie@essert.fr","telephone":"03 84 21 33 20","latitude":47.675232,"longitude":6.798057,"website":"https://www.essert.fr/","url":"https://lannuaire.service-public.gouv.fr/bourgogne-franche-comte/territoire-de-belfort/3188926b-39a6-4e71-ac60-4d634ef5d36f"}
{"nom":"Étueffont","adresse":"1 rue de Rougemont , 90170 , Étueffont , France","codePostal":"90170","region":"Bourgogne-Franche-Comté","departement":"Territoire de Belfort","departementCode":"90","horaires":"Le Lundi : de 08h00 à 11h30\nLe Mardi : de 10h00 à 12h00 de 14h00 à 17h30\nLe Mercredi : de 08h00 à 11h30\nLe Jeudi : de 14h00 à 17h30\nLe Vendredi : de 08h00 à 11h30","email":"mairie@etueffont.fr","telephone":"03 84 54 60 40","latitude":47.72245,"longitude":6.9210277,"website":"https://www.etueffont.fr/","url":"https://lannuaire.service-public.gouv.fr/bourgogne-franche-comte/territoire-de-belfort/f4df97cd-f7dd-40b8-9ddd-aa01160786d6"}
{"nom":"Évette-Salbert","adresse":"14 rue des Cinq-Frères-Jardot , 90350 , Évette-Salbert , France","codePostal":"90350","region":"Bourgogne-Franche-Comté","departement":"Territoire de Belfort","departementCode":"90","horaires":"Du Lundi au Mardi : de 14h00 à 17h00\nLe Mercredi : de 10h00 à 12h00\nDu Jeudi au Vendredi : de 14h00 à 17h00","email":"mairie@evettesalbert.fr","telephone":"03 84 29 21 20","latitude":47.6736,"longitude":6.79634,"website":"https://www.evettesalbert.fr/","url":"https://lannuaire.service-public.gouv.fr/bourgogne-franche-comte/territoire-de-belfort/0954a17f-3cb1-4561-93c6-88d5805753c1"}
{"nom":"Faverois","adresse":"1 rue de Suarce , 90100 , Faverois , France","codePostal":"90100","region":"Bourgogne-Franche-Comté","departement":"Territoire de Belfort","departementCode":"90","horaires":"Le Lundi : de 16h30 à 18h00\nLe Mercredi : de 10h00 à 11h00\nLe Vendredi : de 16h30 à 18h00","email":"mairie.faverois@wanadoo.fr","telephone":"03 84 36 05 16","latitude":47.5241,"longitude":7.03768,"website":"","url":"https://lannuaire.service-public.gouv.fr/bourgogne-franche-comte/territoire-de-belfort/329e5309-a6a7-4ee7-9268-3cac75906173"}
{"nom":"Fêche-l'Église","adresse":"16 Grande-Rue , 90100 , Fêche-l'Église , France","codePostal":"90100","region":"Bourgogne-Franche-Comté","departement":"Territoire de Belfort","departementCode":"90","horaires":"Du Lundi au Vendredi : de 10h00 à 12h00 de 16h00 à 18h00","email":"mairie.feche@wanadoo.fr","telephone":"03 84 36 06 38","latitude":47.504715,"longitude":6.950627,"website":"https://mairiefecheleglise.fr/","url":"https://lannuaire.service-public.gouv.fr/bourgogne-franche-comte/territoire-de-belfort/c053f2dc-1487-4eea-9632-33651dd36259"}
{"nom":"Felon","adresse":"18 rue de l'Église , 90110 , Felon , France","codePostal":"90110","region":"Bourgogne-Franche-Comté","departement":"Territoire de Belfort","departementCode":"90","horaires":"Le Lundi : de 09h00 à 15h00\nLe Mercredi : de 13h00 à 18h30\n\nPermanence du maire de 17h30 à 18h30.\nLe Vendredi : de 09h00 à 14h30\nSur rendez-vous.","email":"mairiefelon@orange.fr","telephone":"03 84 23 07 70","latitude":47.7053,"longitude":6.97663,"website":"https://www.felon.fr/","url":"https://lannuaire.service-public.gouv.fr/bourgogne-franche-comte/territoire-de-belfort/a462c7a0-6884-40be-98a6-4eac25f11e4d"}
{"nom":"Florimont","adresse":"3 rue Principale , 90100 , Florimont , France","codePostal":"90100","region":"Bourgogne-Franche-Comté","departement":"Territoire de Belfort","departementCode":"90","horaires":"Le Lundi : de 10h00 à 12h00\nLe Mardi : de 16h00 à 18h00\n\nAccueil fermé le 1er mardi du mois.\nLe Jeudi : de 16h00 à 18h00","email":"mairie.de.florimont@wanadoo.fr","telephone":"03 84 29 67 24","latitude":47.513,"longitude":7.06792,"website":"http://www.florimont.fr/","url":"https://lannuaire.service-public.gouv.fr/bourgogne-franche-comte/territoire-de-belfort/eb824678-7b17-403a-9c72-cdac725bb551"}
{"nom":"Fontaine","adresse":"1 place de Turenne , 90150 , Fontaine , France","codePostal":"90150","region":"Bourgogne-Franche-Comté","departement":"Territoire de Belfort","departementCode":"90","horaires":"Le Lundi : de 15h30 à 16h30\nLe Mardi : de 11h00 à 12h00\nLe Jeudi : de 15h00 à 16h30\nLe Vendredi : de 11h00 à 12h00","email":"fontaine.mairie@wanadoo.fr","telephone":"03 84 23 80 12","latitude":47.656902,"longitude":6.996982,"website":"http://fontaine.fr/","url":"https://lannuaire.service-public.gouv.fr/bourgogne-franche-comte/territoire-de-belfort/46c1457a-d957-4973-8fcf-5737c0a25caf"}
{"nom":"Fontenelle","adresse":"6 rue Chenevières , 90340 , Fontenelle , France","codePostal":"90340","region":"Bourgogne-Franche-Comté","departement":"Territoire de Belfort","departementCode":"90","horaires":"Le Mardi : de 07h30 à 17h30\nLe Vendredi : de 07h30 à 12h30","email":"mairie.fontenelle90@wanadoo.fr","telephone":"03 84 23 44 93","latitude":47.6198,"longitude":6.95476,"website":"https://fontenelle.fr/","url":"https://lannuaire.service-public.gouv.fr/bourgogne-franche-comte/territoire-de-belfort/00e17d85-0ced-4e30-aac4-f164cac6ec0e"}
{"nom":"Foussemagne","adresse":"11 rue d'Alsace , 90150 , Foussemagne , France","codePostal":"90150","region":"Bourgogne-Franche-Comté","departement":"Territoire de Belfort","departementCode":"90","horaires":"Le Lundi : de 16h00 à 18h00\nLe Mercredi : de 10h30 à 12h00\nLe Jeudi : de 16h00 à 18h00\nLe Samedi : de 10h30 à 12h00","email":"secretariat@foussemagne.com","telephone":"03 84 23 34 40","latitude":47.63418,"longitude":7.003656,"website":"https://www.foussemagne.fr/","url":"https://lannuaire.service-public.gouv.fr/bourgogne-franche-comte/territoire-de-belfort/8c5a38c3-f3d5-4956-9e2a-01409796de6c"}
{"nom":"Frais","adresse":"2 rue Charron , 90150 , Frais , France","codePostal":"90150","region":"Bourgogne-Franche-Comté","departement":"Territoire de Belfort","departementCode":"90","horaires":"Le Lundi : de 13h30 à 18h00\nLe Jeudi : de 08h30 à 10h30","email":"mfrais@orange.fr","telephone":"03 84 23 82 62","latitude":47.6458,"longitude":6.98701,"website":"https://station.illiwap.com/fr/public/90050/infos/","url":"https://lannuaire.service-public.gouv.fr/bourgogne-franche-comte/territoire-de-belfort/9e7c792d-30c3-4ed0-b853-997bfbb4307d"}
{"nom":"Froidefontaine","adresse":"2 rue de l'Abbaye , 90140 , Froidefontaine , France","codePostal":"90140","region":"Bourgogne-Franche-Comté","departement":"Territoire de Belfort","departementCode":"90","horaires":"Le Mardi : de 08h30 à 10h00\nLe Jeudi : de 16h30 à 18h00","email":"mairie.froidefontaine@wanadoo.fr","telephone":"03 84 27 84 20","latitude":47.5645,"longitude":6.94945,"website":"","url":"https://lannuaire.service-public.gouv.fr/bourgogne-franche-comte/territoire-de-belfort/29bec8ba-a6bf-4ae3-919c-a011481af63c"}
{"nom":"Giromagny","adresse":"28 Grande-Rue , 90200 , Giromagny , France","codePostal":"90200","region":"Bourgogne-Franche-Comté","departement":"Territoire de Belfort","departementCode":"90","horaires":"Du Lundi au Vendredi : de 10h00 à 12h00 de 14h00 à 18h00","email":"mairie@giromagny.fr","telephone":"03 84 27 14 18","latitude":47.741837,"longitude":6.825412,"website":"https://www.giromagny.fr/","url":"https://lannuaire.service-public.gouv.fr/bourgogne-franche-comte/territoire-de-belfort/27fbe4ce-97e8-4cc3-b36f-4b96790552f0"}
{"nom":"Grandvillars","adresse":"3 place Charles-de-Gaulle , 90600 , Grandvillars , France","codePostal":"90600","region":"Bourgogne-Franche-Comté","departement":"Territoire de Belfort","departementCode":"90","horaires":"Du Lundi au Vendredi : de 08h30 à 12h00 de 14h00 à 18h00\nLe Samedi : de 09h00 à 12h00\n\nAccueil fermé en juillet-août.","email":"mairie@grandvillars.fr","telephone":"03 84 27 80 34","latitude":47.537212,"longitude":6.967851,"website":"http://www.grandvillars.fr/","url":"https://lannuaire.service-public.gouv.fr/bourgogne-franche-comte/territoire-de-belfort/d575dd40-5159-4ed9-8de4-2a47aaffce6d"}
{"nom":"Grosmagny","adresse":"1 rue des Étangs , 90200 , Grosmagny , France","codePostal":"90200","region":"Bourgogne-Franche-Comté","departement":"Territoire de Belfort","departementCode":"90","horaires":"Le Lundi : de 14h00 à 16h00\nLe Mardi : de 17h00 à 19h00\nLe Vendredi : de 14h00 à 16h00","email":"mairie.grosmagny@wanadoo.fr","telephone":"03 84 29 33 03","latitude":47.7218,"longitude":6.8741,"website":"http://grosmagny.fr/","url":"https://lannuaire.service-public.gouv.fr/bourgogne-franche-comte/territoire-de-belfort/7134cfcf-7d76-4158-82fa-891e380f999c"}
{"nom":"Grosne","adresse":"21 rue Charles-de-Gaulle , 90100 , Grosne , France","codePostal":"90100","region":"Bourgogne-Franche-Comté","departement":"Territoire de Belfort","departementCode":"90","horaires":"Le Lundi : de 17h00 à 19h00","email":"mairie.grosne@wanadoo.fr","telephone":"03 84 23 37 61","latitude":47.57509,"longitude":6.9988747,"website":"https://www.grosne.com/Presentation_de_la_commune.S.htm","url":"https://lannuaire.service-public.gouv.fr/bourgogne-franche-comte/territoire-de-belfort/2b169b76-7f25-4a2b-9561-2dc288f6e0b3"}
{"nom":"Joncherey","adresse":"3 place de l'Église , 90100 , Joncherey , France","codePostal":"90100","region":"Bourgogne-Franche-Comté","departement":"Territoire de Belfort","departementCode":"90","horaires":"Du Lundi au Mardi : de 09h00 à 12h00 de 15h00 à 17h30\nLe Mercredi : de 08h30 à 11h30\nDu Jeudi au Vendredi : de 09h00 à 12h00 de 15h00 à 17h30\nLe Samedi : de 08h30 à 11h30\n\nAccueil ouvert uniquement le 3e samedi du mois.","email":"secretariat.mairie@joncherey.fr","telephone":"03 84 36 01 46","latitude":47.52698,"longitude":7.001268,"website":"https://joncherey.fr/","url":"https://lannuaire.service-public.gouv.fr/bourgogne-franche-comte/territoire-de-belfort/86f2533a-3787-4b69-9505-6513cbf55240"}
{"nom":"Lachapelle-sous-Chaux","adresse":"4 rue du Rhome , 90300 , Lachapelle-sous-Chaux , France","codePostal":"90300","region":"Bourgogne-Franche-Comté","departement":"Territoire de Belfort","departementCode":"90","horaires":"Le Lundi : de 09h00 à 11h30 de 17h00 à 18h30\nLe Mardi : de 09h00 à 11h00\nLe Mercredi : de 08h30 à 11h00\nDu Jeudi au Vendredi : de 09h00 à 11h00 de 12h00 à 16h00\nLe Vendredi : de 09h00 à 11h00","email":"mairie.lsc@wanadoo.fr","telephone":"03 84 27 53 78","latitude":47.7051,"longitude":6.82106,"website":"","url":"https://lannuaire.service-public.gouv.fr/bourgogne-franche-comte/territoire-de-belfort/d601f003-4c6a-40bd-96f9-60f34158f8a4"}
{"nom":"Lachapelle-sous-Rougemont","adresse":"29 rue du Général-Charles-de-Gaulle , 90360 , Lachapelle-sous-Rougemont , France","codePostal":"90360","region":"Bourgogne-Franche-Comté","departement":"Territoire de Belfort","departementCode":"90","horaires":"Le Lundi : de 10h00 à 12h00\nLe Mardi : de 10h00 à 12h30\nLe Jeudi : de 16h00 à 18h30","email":"mairielachapelle-rougemont@wanadoo.fr","telephone":"03 84 27 60 68","latitude":47.711838,"longitude":7.015243,"website":"https://lachapelle-sous-rougemont.fr/","url":"https://lannuaire.service-public.gouv.fr/bourgogne-franche-comte/territoire-de-belfort/b7cb0448-5356-44ad-b68a-0a31a9796293"}
{"nom":"Lacollonge","adresse":"14 rue de la Mairie , 90150 , Lacollonge , France","codePostal":"90150","region":"Bourgogne-Franche-Comté","departement":"Territoire de Belfort","departementCode":"90","horaires":"Le Lundi : de 09h00 à 12h00 de 14h00 à 19h00\nLe Mardi : de 08h30 à 12h00\nLe Jeudi : de 08h30 à 12h00","email":"mairie.lacollonge@wanadoo.fr","telephone":"09 63 66 43 29","latitude":47.66289,"longitude":6.960224,"website":"https://lacollonge.fr/","url":"https://lannuaire.service-public.gouv.fr/bourgogne-franche-comte/territoire-de-belfort/5293a92e-fb42-477e-a8e6-85cc1f1c585d"}
{"nom":"Lagrange","adresse":"9 rue de l'Escarcette , 90150 , Lagrange , France","codePostal":"90150","region":"Bourgogne-Franche-Comté","departement":"Territoire de Belfort","departementCode":"90","horaires":"Le Mardi : de 15h30 à 17h30\nLe Vendredi : de 09h30 à 10h30","email":"mairie.lagrange@wanadoo.fr","telephone":"03 84 23 85 61","latitude":47.6808,"longitude":6.97977,"website":"","url":"https://lannuaire.service-public.gouv.fr/bourgogne-franche-comte/territoire-de-belfort/267a04fe-eebc-4bb8-8a86-29d2b4e5a049"}
{"nom":"Lamadeleine-Val-des-Anges","adresse":"3 route de la Chapelle , 90170 , Lamadeleine-Val-des-Anges , France","codePostal":"90170","region":"Bourgogne-Franche-Comté","departement":"Territoire de Belfort","departementCode":"90","horaires":"Le Mercredi : de 08h00 à 14h00","email":"lamadeleine-valdesanges@wanadoo.fr","telephone":"03 84 54 79 29","latitude":47.761604,"longitude":6.913812,"website":"","url":"https://lannuaire.service-public.gouv.fr/bourgogne-franche-comte/territoire-de-belfort/dd20ad5c-35a1-4dc3-a169-4c07220ddfad"}
{"nom":"Larivière","adresse":"1 rue Margrabant , 90150 , Larivière , France","codePostal":"90150","region":"Bourgogne-Franche-Comté","departement":"Territoire de Belfort","departementCode":"90","horaires":"Le Mercredi : de 10h00 à 12h00 de 14h00 à 17h30\nLe Vendredi : de 13h00 à 18h30","email":"mairie.lariviere@orange.fr","telephone":"03 84 23 88 83","latitude":47.6725,"longitude":6.99573,"website":"","url":"https://lannuaire.service-public.gouv.fr/bourgogne-franche-comte/territoire-de-belfort/5476b567-9361-4a82-b50f-75c6639cf49a"}
{"nom":"Lebetain","adresse":"1 rue du Côteau-Français , 90100 , Lebetain , France","codePostal":"90100","region":"Bourgogne-Franche-Comté","departement":"Territoire de Belfort","departementCode":"90","horaires":"Le Mardi : de 08h30 à 12h00\nLe Jeudi : de 14h00 à 18h00","email":"lebetain.mairie@wanadoo.fr","telephone":"03 84 36 05 08","latitude":47.48702,"longitude":6.978347,"website":"","url":"https://lannuaire.service-public.gouv.fr/bourgogne-franche-comte/territoire-de-belfort/e63d6d3a-889a-41a0-8d54-a57853e88635"}
{"nom":"Lepuix","adresse":"11 rue de l'Église , 90200 , Lepuix , France","codePostal":"90200","region":"Bourgogne-Franche-Comté","departement":"Territoire de Belfort","departementCode":"90","horaires":"Du Lundi au Mardi : de 09h00 à 11h30\nDu Jeudi au Samedi : de 09h00 à 11h30","email":"mairielepuix-gy@orange.fr","telephone":"03 84 29 32 45","latitude":47.75933,"longitude":6.81815,"website":"http://www.lepuix.fr/","url":"https://lannuaire.service-public.gouv.fr/bourgogne-franche-comte/territoire-de-belfort/99444878-ddf2-49a6-8ee2-63f263514263"}
{"nom":"Lepuix Neuf","adresse":"Place de l'Amitié et de la Fraternité , 90100 , Lepuix Neuf , France","codePostal":"90100","region":"Bourgogne-Franche-Comté","departement":"Territoire de Belfort","departementCode":"90","horaires":"Le Mardi : de 17h00 à 19h00\nLe Jeudi : de 15h00 à 16h30","email":"mairie.lepuixneuf@orange.fr","telephone":"03 84 29 66 90","latitude":47.537872,"longitude":7.101358,"website":"https://station.illiwap.com/fr/public/90064","url":"https://lannuaire.service-public.gouv.fr/bourgogne-franche-comte/territoire-de-belfort/acafeb38-cefb-4646-b4c7-7539aa8157f6"}
{"nom":"Leval","adresse":"21 rue Principale , 90110 , Leval , France","codePostal":"90110","region":"Bourgogne-Franche-Comté","departement":"Territoire de Belfort","departementCode":"90","horaires":"Le Mardi : de 18h00 à 19h00","email":"mairie.de.leval@wanadoo.fr","telephone":"03 84 23 08 72","latitude":47.7281,"longitude":6.98821,"website":"","url":"https://lannuaire.service-public.gouv.fr/bourgogne-franche-comte/territoire-de-belfort/cf77441c-8e72-4751-a2a0-90090e90924a"}
{"nom":"Menoncourt","adresse":"7 rue du Vieux-Lavoir , 90150 , Menoncourt , France","codePostal":"90150","region":"Bourgogne-Franche-Comté","departement":"Territoire de Belfort","departementCode":"90","horaires":"Le Lundi : de 14h00 à 15h00\nLe Mercredi : de 11h00 à 12h00\nLe Vendredi : de 16h00 à 17h00\n\nAccueil fermé le dernier vendredi de chaque mois.","email":"mairie.menoncourt@orange.fr","telephone":"03 84 29 90 47","latitude":47.670174,"longitude":6.945004,"website":"https://www.intramuros.org/menoncourt","url":"https://lannuaire.service-public.gouv.fr/bourgogne-franche-comte/territoire-de-belfort/6e27e78b-55b9-4d59-b07a-c5a8763e08a3"}
{"nom":"Meroux-Moval","adresse":"Meroux , 90400 , Meroux-Moval , France","codePostal":"90400","region":"Bourgogne-Franche-Comté","departement":"Territoire de Belfort","departementCode":"90","horaires":"Le Mardi : de 13h30 à 18h00\nLe Mercredi : de 13h30 à 17h00\nDu Jeudi au Vendredi : de 08h30 à 12h00\nLe Samedi : de 10h00 à 12h00","email":"secretariat@meroux-moval.fr","telephone":"03 84 56 04 30","latitude":47.596,"longitude":6.89866,"website":"https://www.meroux-moval.fr/","url":"https://lannuaire.service-public.gouv.fr/bourgogne-franche-comte/territoire-de-belfort/8a1ac2b9-e80d-416f-9b53-d77473cc0d39"}
{"nom":"Méziré","adresse":"5 route de la Forge , 90120 , Méziré , France","codePostal":"90120","region":"Bourgogne-Franche-Comté","departement":"Territoire de Belfort","departementCode":"90","horaires":"Le Lundi : de 14h00 à 18h00\nLe Mardi : de 10h00 à 12h00 de 14h00 à 18h00\nLe Mercredi : de 14h00 à 16h00\nLe Vendredi : de 10h00 à 12h00 de 14h00 à 18h00","email":"mairie.mezire@orange.fr","telephone":"03 84 27 80 75","latitude":47.53759,"longitude":6.920786,"website":"https://mezire.fr/","url":"https://lannuaire.service-public.gouv.fr/bourgogne-franche-comte/territoire-de-belfort/7a3f2cff-2cac-4734-9f0e-7bef4db13f7a"}
{"nom":"Montbouton","adresse":"11 Grande-rue , 90500 , Montbouton , France","codePostal":"90500","region":"Bourgogne-Franche-Comté","departement":"Territoire de Belfort","departementCode":"90","horaires":"Le Lundi : de 13h30 à 17h30\nLe Jeudi : de 16h30 à 18h30\nLe Vendredi : de 08h30 à 12h00","email":"mairiemontbouton@wanadoo.fr","telephone":"03 84 56 90 50","latitude":47.47316,"longitude":6.91867,"website":"https://montbouton.fr/","url":"https://lannuaire.service-public.gouv.fr/bourgogne-franche-comte/territoire-de-belfort/71d03f79-b437-4249-ac14-6cf03c81bd84"}
{"nom":"Montreux-Château","adresse":"Place du Maréchal-de-Lattre-de-Tassigny , 90130 , Montreux-Château , France","codePostal":"90130","region":"Bourgogne-Franche-Comté","departement":"Territoire de Belfort","departementCode":"90","horaires":"Le Lundi : de 08h30 à 11h30\nLe Mardi : de 15h30 à 18h00\nDu Mercredi au Jeudi : de 08h30 à 11h30\nLe Vendredi : de 15h30 à 18h00","email":"mairie-montreux-chateau@wanadoo.fr","telephone":"03 84 23 30 16","latitude":47.606354,"longitude":6.992229,"website":"","url":"https://lannuaire.service-public.gouv.fr/bourgogne-franche-comte/territoire-de-belfort/54ba23cf-d215-4eb1-986a-05480e060c08"}
{"nom":"Morvillars","adresse":"3 place du Marché , 90120 , Morvillars , France","codePostal":"90120","region":"Bourgogne-Franche-Comté","departement":"Territoire de Belfort","departementCode":"90","horaires":"Le Lundi : de 14h00 à 17h00\nLe Mardi : de 09h00 à 12h00 de 14h00 à 17h00\nLe Mercredi : de 09h00 à 12h00\nDu Jeudi au Vendredi : de 09h00 à 12h00 de 14h00 à 17h00\nLe Samedi : de 09h00 à 11h00","email":"contact@morvillars.fr","telephone":"03 84 27 80 36","latitude":47.547,"longitude":6.93379,"website":"https://www.morvillars.fr/","url":"https://lannuaire.service-public.gouv.fr/bourgogne-franche-comte/territoire-de-belfort/2f9f80a3-fbf6-4d34-baaf-41a1046d4bd5"}
{"nom":"Novillard","adresse":"14 Grande rue , 90340 , Novillard , France","codePostal":"90340","region":"Bourgogne-Franche-Comté","departement":"Territoire de Belfort","departementCode":"90","horaires":"Le Lundi : de 10h00 à 12h00\nLe Mardi : de 14h00 à 18h00\nLe Vendredi : de 10h00 à 12h30 de 13h00 à 16h00\n\nAccueil sur rendez-vous uniquement pour le service urbanisme.","email":"mairie@novillard.fr","telephone":"03 84 23 39 91","latitude":47.606594,"longitude":6.971283,"website":"http://www.novillard.fr/","url":"https://lannuaire.service-public.gouv.fr/bourgogne-franche-comte/territoire-de-belfort/3680bc67-8998-412a-9a31-69bf652bb396"}
{"nom":"Offemont","adresse":"96 rue Aristide-Briand , 90300 , Offemont , France","codePostal":"90300","region":"Bourgogne-Franche-Comté","departement":"Territoire de Belfort","departementCode":"90","horaires":"Le Lundi : de 08h30 à 12h00 de 13h30 à 17h00\nLe Mardi : de 08h30 à 12h00 de 13h30 à 15h00\nLe Mercredi : de 08h30 à 12h00 de 13h30 à 17h00\nLe Jeudi : de 08h30 à 12h00 de 13h30 à 18h00\nLe Vendredi : de 08h30 à 12h00 de 13h30 à 17h00","email":"contact@mairie-offemont.fr","telephone":"03 84 26 01 49","latitude":47.66303,"longitude":6.878682,"website":"","url":"https://lannuaire.service-public.gouv.fr/bourgogne-franche-comte/territoire-de-belfort/e6f38986-80a1-4b42-acda-c7b9f138dd34"}
{"nom":"Pérouse","adresse":"Place de la Mairie , 90160 , Pérouse , France","codePostal":"90160","region":"Bourgogne-Franche-Comté","departement":"Territoire de Belfort","departementCode":"90","horaires":"Le Lundi : de 10h00 à 12h00\nLe Mardi : de 14h45 à 16h45\nLe Jeudi : de 10h00 à 12h00\nLe Vendredi : de 10h00 à 12h00 de 13h45 à 16h45\nmercredi : 18h30-19h30 (permanence des élus) - samedi : Maire sur rendez-vous le matin.","email":"mairie.perouse@wanadoo.fr","telephone":"03 84 28 05 99","latitude":47.63397,"longitude":6.895279,"website":"https://station.illiwap.com/fr/public/90076","url":"https://lannuaire.service-public.gouv.fr/bourgogne-franche-comte/territoire-de-belfort/3405b481-e8b9-410a-aa52-b8bac7788aec"}
{"nom":"Petit-Croix","adresse":"20 Grand'rue , 90130 , Petit-Croix , France","codePostal":"90130","region":"Bourgogne-Franche-Comté","departement":"Territoire de Belfort","departementCode":"90","horaires":"Le Lundi : de 15h00 à 18h00\nLe Mardi : de 09h00 à 12h00\n\nAccueil fermé le dernier mardi du mois.\nLe Jeudi : de 10h00 à 12h30 de 13h00 à 16h00","email":"mairie.petit.croix@wanadoo.fr","telephone":"03 84 23 39 56","latitude":47.6138,"longitude":6.9748,"website":"https://petit-croix-90.fr/","url":"https://lannuaire.service-public.gouv.fr/bourgogne-franche-comte/territoire-de-belfort/a1de4e2d-9c91-416e-96d3-2dbb615c4306"}
{"nom":"Petitefontaine","adresse":"6 rue des Marronniers , 90360 , Petitefontaine , France","codePostal":"90360","region":"Bourgogne-Franche-Comté","departement":"Territoire de Belfort","departementCode":"90","horaires":"Le Mardi : de 14h00 à 18h30\nLe Vendredi : de 14h00 à 16h30","email":"mairie.petitefontaine@orange.fr","telephone":"09 64 08 19 90","latitude":47.721073,"longitude":7.0073967,"website":"","url":"https://lannuaire.service-public.gouv.fr/bourgogne-franche-comte/territoire-de-belfort/bc0145d3-546a-4639-bfef-77fa4b13ab91"}
{"nom":"Petitmagny","adresse":"Grande-Rue , 90170 , Petitmagny , France","codePostal":"90170","region":"Bourgogne-Franche-Comté","departement":"Territoire de Belfort","departementCode":"90","horaires":"Le Lundi : de 09h00 à 11h00\nLe Jeudi : de 17h00 à 19h00","email":"mairie.petitmagny@wanadoo.fr","telephone":"03 84 54 65 58","latitude":47.725517,"longitude":6.900606,"website":"","url":"https://lannuaire.service-public.gouv.fr/bourgogne-franche-comte/territoire-de-belfort/8624f20e-13a0-423b-98d2-31801e7ef724"}
{"nom":"Phaffans","adresse":"5 rue de la Mairie , 90150 , Phaffans , France","codePostal":"90150","region":"Bourgogne-Franche-Comté","departement":"Territoire de Belfort","departementCode":"90","horaires":"Du Lundi au Mardi : de 10h00 à 12h00\nLe Vendredi : de 10h00 à 12h00","email":"mairie-phaffans@wanadoo.fr","telephone":"03 84 29 88 45","latitude":47.6594,"longitude":6.93566,"website":"","url":"https://lannuaire.service-public.gouv.fr/bourgogne-franche-comte/territoire-de-belfort/17e184bf-496a-4b7a-b2e4-2f0444d94d2b"}
{"nom":"Réchésy","adresse":"3 place de la Mairie , 90370 , Réchésy , France","codePostal":"90370","region":"Bourgogne-Franche-Comté","departement":"Territoire de Belfort","departementCode":"90","horaires":"Le Lundi : de 09h00 à 11h00\nLe Mardi : de 09h00 à 11h00 de 16h00 à 18h00\nLe Jeudi : de 09h00 à 11h00\nLe Vendredi : de 09h00 à 11h00 de 16h00 à 18h00","email":"mairie.rechesy@wanadoo.fr","telephone":"03 84 29 63 57","latitude":47.5084,"longitude":7.111,"website":"","url":"https://lannuaire.service-public.gouv.fr/bourgogne-franche-comte/territoire-de-belfort/6d89cd9f-3304-4abf-a12e-e2be70b81516"}
{"nom":"Recouvrance","adresse":"2 bis rue de la Presle , 90140 , Recouvrance , France","codePostal":"90140","region":"Bourgogne-Franche-Comté","departement":"Territoire de Belfort","departementCode":"90","horaires":"Le Mardi : de 17h45 à 19h45\nLe Mercredi : de 13h00 à 15h00","email":"recouvrance.mairie@wanadoo.fr","telephone":"03 84 23 41 56","latitude":47.571198,"longitude":6.983282,"website":"https://www.recouvrance.fr/","url":"https://lannuaire.service-public.gouv.fr/bourgogne-franche-comte/territoire-de-belfort/b5a3e320-76f6-4786-99ff-b8cbc79b9c44"}
{"nom":"Reppe","adresse":"3 place de l'Église , 90150 , Reppe , France","codePostal":"90150","region":"Bourgogne-Franche-Comté","departement":"Territoire de Belfort","departementCode":"90","horaires":"Du Jeudi au Vendredi : de 08h00 à 12h00 de 13h30 à 17h00","email":"commune.reppe@orange.fr","telephone":"03 84 23 80 47","latitude":47.66044,"longitude":7.024804,"website":"","url":"https://lannuaire.service-public.gouv.fr/bourgogne-franche-comte/territoire-de-belfort/8684067a-84b6-4f54-9cb3-cfb03c44001f"}
{"nom":"Riervescemont","adresse":"11 vallée du Brinval , 90200 , Riervescemont , France","codePostal":"90200","region":"Bourgogne-Franche-Comté","departement":"Territoire de Belfort","departementCode":"90","horaires":"Le Mardi : de 08h30 à 12h00 de 13h00 à 17h30\nLe Vendredi : de 14h00 à 18h00","email":"mairie.riervescemont@wanadoo.fr","telephone":"03 84 29 57 59","latitude":47.76512,"longitude":6.883573,"website":"","url":"https://lannuaire.service-public.gouv.fr/bourgogne-franche-comte/territoire-de-belfort/af014708-798a-462a-968f-3af032fffd12"}
{"nom":"Romagny-sous-Rougemont","adresse":"40 rue des Vosges , 90110 , Romagny-sous-Rougemont , France","codePostal":"90110","region":"Bourgogne-Franche-Comté","departement":"Territoire de Belfort","departementCode":"90","horaires":"Le Lundi : de 13h00 à 16h30\nLe Jeudi : de 08h30 à 12h00","email":"mairie-romagny-sous-rougemont@orange.fr","telephone":"03 84 23 04 15","latitude":47.71805,"longitude":6.968476,"website":"https://station.illiwap.com/fr/public/90086","url":"https://lannuaire.service-public.gouv.fr/bourgogne-franche-comte/territoire-de-belfort/bf3f80d3-585a-443e-8c72-2a015edcf8ef"}
{"nom":"Roppe","adresse":"33 avenue du Général-de-Gaulle , 90380 , Roppe , France","codePostal":"90380","region":"Bourgogne-Franche-Comté","departement":"Territoire de Belfort","departementCode":"90","horaires":"Du Lundi au Mardi : de 11h30 à 12h15 de 16h30 à 17h00\nLe Mercredi : de 10h00 à 12h15 de 14h30 à 17h00\nLe Jeudi : de 11h30 à 12h15 de 16h30 à 17h00\nLe Vendredi : de 11h30 à 12h15","email":"mairie@communeroppe.fr","telephone":"03 84 29 91 70","latitude":47.6644,"longitude":6.84675,"website":"https://www.roppe.fr/","url":"https://lannuaire.service-public.gouv.fr/bourgogne-franche-comte/territoire-de-belfort/e5f71724-5351-4b33-87ce-3e0942fb64f6"}
{"nom":"Rougegoutte","adresse":"16 rue des Écoles , 90200 , Rougegoutte , France","codePostal":"90200","region":"Bourgogne-Franche-Comté","departement":"Territoire de Belfort","departementCode":"90","horaires":"Le Lundi : de 09h00 à 12h00\nLe Mardi : de 13h30 à 17h00\nLe Jeudi : de 13h30 à 17h00\nLe Vendredi : de 09h00 à 12h00","email":"mairie-rougegoutte@orange.fr","telephone":"03 84 27 12 67","latitude":47.732613,"longitude":6.8512864,"website":"https://www.rougegoutte.fr/","url":"https://lannuaire.service-public.gouv.fr/bourgogne-franche-comte/territoire-de-belfort/e38fb469-b44c-42b9-9928-b1819ad08539"}
{"nom":"Rougemont-le-Château","adresse":"3 place de l'Église , 90110 , Rougemont-le-Château , France","codePostal":"90110","region":"Bourgogne-Franche-Comté","departement":"Territoire de Belfort","departementCode":"90","horaires":"Le Lundi : de 09h00 à 12h00 de 15h00 à 19h00\nLe Mardi : de 09h00 à 12h00\nLe Mercredi : de 09h00 à 12h00 de 15h00 à 18h00\nLe Jeudi : de 09h00 à 12h00\nLe Vendredi : de 09h00 à 12h00 de 15h00 à 18h00","email":"mairie@rougemont-le-chateau.fr","telephone":"03 84 23 00 18","latitude":47.7358,"longitude":6.96812,"website":"https://www.rougemont-le-chateau.fr/","url":"https://lannuaire.service-public.gouv.fr/bourgogne-franche-comte/territoire-de-belfort/44d8e96d-3a26-4031-a3cb-75732a7b2a2a"}
{"nom":"Saint-Dizier-l'Évêque","adresse":"31 rue Principale , 90100 , Saint-Dizier-l'Évêque , France","codePostal":"90100","region":"Bourgogne-Franche-Comté","departement":"Territoire de Belfort","departementCode":"90","horaires":"Le Mardi : de 08h00 à 12h00 de 18h00 à 19h00\nLe Jeudi : de 14h00 à 16h00","email":"mairiestdizier90@orange.fr","telephone":"03 84 36 09 39","latitude":47.470833,"longitude":6.962033,"website":"https://www.saintdizierleveque.fr/","url":"https://lannuaire.service-public.gouv.fr/bourgogne-franche-comte/territoire-de-belfort/3dd2e9d7-925d-4463-92bd-e6de4e941cb2"}
{"nom":"Saint-Germain-le-Châtelet","adresse":"3 rue de Bourg , 90110 , Saint-Germain-le-Châtelet , France","codePostal":"90110","region":"Bourgogne-Franche-Comté","departement":"Territoire de Belfort","departementCode":"90","horaires":"Le Lundi : de 09h30 à 12h00\nLe Jeudi : de 16h30 à 18h30\nLe Vendredi : de 14h00 à 16h00","email":"mairie@saint-germain-le-chatelet.fr","telephone":"03 84 23 71 92","latitude":47.69974,"longitude":6.9573674,"website":"https://station.illiwap.com/fr/public/90091","url":"https://lannuaire.service-public.gouv.fr/bourgogne-franche-comte/territoire-de-belfort/a26c4f6c-7ec7-4390-a7ea-4bb118673550"}
{"nom":"Sermamagny","adresse":"33 Grande rue , 90300 , Sermamagny , France","codePostal":"90300","region":"Bourgogne-Franche-Comté","departement":"Territoire de Belfort","departementCode":"90","horaires":"Le Lundi : de 14h00 à 17h30\nLe Mardi : de 09h00 à 12h00 de 17h30 à 19h00\nLe Jeudi : de 17h30 à 19h00\nLe Vendredi : de 09h00 à 12h00","email":"mairiedesermamagny@wanadoo.fr","telephone":"03 84 29 21 37","latitude":47.6904,"longitude":6.87491,"website":"https://www.sermamagny.fr/","url":"https://lannuaire.service-public.gouv.fr/bourgogne-franche-comte/territoire-de-belfort/c5575bdb-96b9-4405-a866-a9ac29479f02"}
{"nom":"Sevenans","adresse":"7 rue de Delle , 90400 , Sevenans , France","codePostal":"90400","region":"Bourgogne-Franche-Comté","departement":"Territoire de Belfort","departementCode":"90","horaires":"Le Lundi : de 11h00 à 12h00\nLe Mardi : de 16h00 à 18h00\nLe Vendredi : de 11h00 à 13h00","email":"mairiesevenans@wanadoo.fr","telephone":"03 84 56 01 47","latitude":47.5861,"longitude":6.86751,"website":"https://mairie-sevenans.fr/","url":"https://lannuaire.service-public.gouv.fr/bourgogne-franche-comte/territoire-de-belfort/07cb1c1b-0252-419c-b70b-c9eeb45c2667"}
{"nom":"Suarce","adresse":"10 rue d'Alsace , 90100 , Suarce , France","codePostal":"90100","region":"Bourgogne-Franche-Comté","departement":"Territoire de Belfort","departementCode":"90","horaires":"Le Lundi : de 16h30 à 18h00\nLe Jeudi : de 16h30 à 18h00","email":"mairie.suarce@gmail.com","telephone":"03 84 29 65 00","latitude":47.566235,"longitude":7.081701,"website":"https://station.illiwap.com/fr/public/90095","url":"https://lannuaire.service-public.gouv.fr/bourgogne-franche-comte/territoire-de-belfort/02dd0930-1221-4688-bd4b-0f2206014c93"}
{"nom":"Thiancourt","adresse":"125 rue de la Mairie , 90100 , Thiancourt , France","codePostal":"90100","region":"Bourgogne-Franche-Comté","departement":"Territoire de Belfort","departementCode":"90","horaires":"Le Vendredi : de 09h00 à 11h00","email":"mairie.thiancourt@wanadoo.fr","telephone":"03 84 56 24 29","latitude":47.525,"longitude":6.98922,"website":"","url":"https://lannuaire.service-public.gouv.fr/bourgogne-franche-comte/territoire-de-belfort/3fc1124d-a115-4acf-a6b8-17d88fe8a784"}
{"nom":"Trévenans","adresse":"3 rue du Canal , 90400 , Trévenans , France","codePostal":"90400","region":"Bourgogne-Franche-Comté","departement":"Territoire de Belfort","departementCode":"90","horaires":"Le Lundi : de 09h00 à 12h00\nLe Mardi : de 09h30 à 12h00\nLe Mercredi : de 09h30 à 12h00 de 13h45 à 17h00\nLe Jeudi : de 09h30 à 12h00\n\nFermeture le jeudi à 15h de l'état civil.\nLe Vendredi : de 09h30 à 12h00 de 13h45 à 17h00\nLe Samedi : de 09h00 à 12h00\n\nL'accueil de l'état civil est ouvert du lundi au vendredi de 9h à 12h et de 13h30 à 17h.","email":"mairie@trevenans.fr","telephone":"03 84 29 42 97","latitude":47.5674,"longitude":6.86206,"website":"http://www.trevenans.fr/","url":"https://lannuaire.service-public.gouv.fr/bourgogne-franche-comte/territoire-de-belfort/e6f66e4d-9cb5-45e1-b6d0-926925b1910b"}
{"nom":"Urcerey","adresse":"2 rue Fernand-Anthony , 90800 , Urcerey , France","codePostal":"90800","region":"Bourgogne-Franche-Comté","departement":"Territoire de Belfort","departementCode":"90","horaires":"Le Lundi : de 08h00 à 16h00\nLe Mercredi : de 08h00 à 16h00","email":"mairie@urcerey.fr","telephone":"03 84 28 62 33","latitude":47.608006,"longitude":6.8086643,"website":"https://lapagelocale.fr/90800-urcerey","url":"https://lannuaire.service-public.gouv.fr/bourgogne-franche-comte/territoire-de-belfort/42d562d5-c43f-466d-aebe-90b943faa6a2"}
{"nom":"Valdoie","adresse":"1 place Larger , 90300 , Valdoie , France","codePostal":"90300","region":"Bourgogne-Franche-Comté","departement":"Territoire de Belfort","departementCode":"90","horaires":"Du Lundi au Jeudi : de 09h00 à 12h00 de 13h30 à 17h30\nLe Vendredi : de 09h00 à 12h00 de 13h30 à 17h00","email":"contact@mairievaldoie.com","telephone":"03 84 57 64 64","latitude":47.66504,"longitude":6.8413568,"website":"https://www.mairievaldoie.com/","url":"https://lannuaire.service-public.gouv.fr/bourgogne-franche-comte/territoire-de-belfort/5fe5617d-8747-4902-912b-7755730e66a4"}
{"nom":"Vauthiermont","adresse":"8 rue du Lavoir , 90150 , Vauthiermont , France","codePostal":"90150","region":"Bourgogne-Franche-Comté","departement":"Territoire de Belfort","departementCode":"90","horaires":"Le Lundi : de 09h00 à 12h00 de 14h00 à 18h00\nLe Jeudi : de 09h00 à 12h00 de 14h00 à 17h00","email":"mairie.vauthiermont@orange.fr","telephone":"03 84 23 83 92","latitude":47.6846,"longitude":7.03004,"website":"https://www.vauthiermont.fr/","url":"https://lannuaire.service-public.gouv.fr/bourgogne-franche-comte/territoire-de-belfort/b0f16a94-463c-429e-9265-32655de32993"}
{"nom":"Vellescot","adresse":"8 rue des Moulins , 90100 , Vellescot , France","codePostal":"90100","region":"Bourgogne-Franche-Comté","departement":"Territoire de Belfort","departementCode":"90","horaires":"Le Lundi : de 10h00 à 12h00\nLe Jeudi : de 16h00 à 17h00","email":"mairie.vellescot@wanadoo.fr","telephone":"03 84 23 47 59","latitude":47.5733,"longitude":7.0117,"website":"https://www.vellescot.fr/","url":"https://lannuaire.service-public.gouv.fr/bourgogne-franche-comte/territoire-de-belfort/d9abdee3-d656-4bde-9844-38cfa0de82ed"}
{"nom":"Vescemont","adresse":"8 Grande-Rue , 90200 , Vescemont , France","codePostal":"90200","region":"Bourgogne-Franche-Comté","departement":"Territoire de Belfort","departementCode":"90","horaires":"Le Lundi : de 13h30 à 17h00\nLe Mardi : de 08h30 à 12h00\nLe Jeudi : de 08h30 à 12h00\nLe Vendredi : de 13h30 à 18h00","email":"commune.vescemont@wanadoo.fr","telephone":"03 84 29 00 71","latitude":47.743458,"longitude":6.845528,"website":"","url":"https://lannuaire.service-public.gouv.fr/bourgogne-franche-comte/territoire-de-belfort/0f172afc-2aaa-4121-a93c-4dac4fffcb66"}
{"nom":"Vétrigne","adresse":"54 Grande-Rue , 90300 , Vétrigne , France","codePostal":"90300","region":"Bourgogne-Franche-Comté","departement":"Territoire de Belfort","departementCode":"90","horaires":"Le Mardi : de 16h00 à 18h00\nLe Mercredi : de 10h30 à 12h00\nLe Jeudi : de 16h00 à 18h00","email":"mairie@vetrigne.com","telephone":"03 84 29 80 02","latitude":47.6698,"longitude":6.89883,"website":"https://www.vetrigne.com/","url":"https://lannuaire.service-public.gouv.fr/bourgogne-franche-comte/territoire-de-belfort/345457e5-8e95-40a8-a225-3045d4977ec2"}
{"nom":"Vézelois","adresse":"118 rue de Brebotte , 90400 , Vézelois , France","codePostal":"90400","region":"Bourgogne-Franche-Comté","departement":"Territoire de Belfort","departementCode":"90","horaires":"Le Lundi : de 11h00 à 14h00\nLe Mardi : de 16h00 à 18h00\nDu Jeudi au Vendredi : de 16h00 à 18h00","email":"","telephone":"03 84 56 04 95","latitude":47.607,"longitude":6.91719,"website":"https://www.vezelois.fr/","url":"https://lannuaire.service-public.gouv.fr/bourgogne-franche-comte/territoire-de-belfort/52b8f5de-66a4-4fb0-a4cb-c0ba6d4d386a"}
{"nom":"Villars-le-Sec","adresse":"11 rue Principale , 90100 , Villars-le-Sec , France","codePostal":"90100","region":"Bourgogne-Franche-Comté","departement":"Territoire de Belfort","departementCode":"90","horaires":"Le Mardi : de 08h00 à 12h00\nLe Mercredi : de 13h45 à 15h45\nLe Vendredi : de 14h00 à 18h00","email":"mairie.villars90@gmail.com","telephone":"03 84 36 33 00","latitude":47.4547,"longitude":6.99115,"website":"https://www.villars-le-sec.com/","url":"https://lannuaire.service-public.gouv.fr/bourgogne-franche-comte/territoire-de-belfort/545449f8-ca44-4465-8b99-d21f4925939f"}
