{"nom":"Antony","adresse":"1 place Auguste-Mounié , 92160 , Antony , France","codePostal":"92160","region":"Île-de-France","departement":"Hauts-de-Seine","departementCode":"92","horaires":"Du Lundi au Vendredi : de 08h30 à 12h00 de 13h30 à 17h30\n\nFermeture le jeudi matin pour les services au public.\nLe Samedi : de 09h00 à 12h00\n\nAccueil ouvert uniquement sur rendez-vous pour l'état civil.","email":"","telephone":"01 40 96 71 00","latitude":48.753513,"longitude":2.2970507,"website":"https://www.ville-antony.fr/","url":"https://lannuaire.service-public.gouv.fr/ile-de-france/hauts-de-seine/54260182-e2ff-4a92-891e-9d43b932cae8"}
{"nom":"Asnières-sur-Seine","adresse":"1 place de l'Hôtel-de-Ville , 92600 , Asnières-sur-Seine , France","codePostal":"92600","region":"Île-de-France","departement":"Hauts-de-Seine","departementCode":"92","horaires":"Du Lundi au Vendredi : de 08h30 à 17h30\nLe Samedi : de 09h00 à 11h45\n\nÉtat civil uniquement.","email":"","telephone":"01 41 11 12 13","latitude":48.91069,"longitude":2.288989,"website":"https://asnieres-sur-seine.fr/","url":"https://lannuaire.service-public.gouv.fr/ile-de-france/hauts-de-seine/90b3deac-b4f6-4c48-92b4-d787a265ad19"}
{"nom":"Bagneux","adresse":"57 avenue Henri-Ravera , 92220 , Bagneux , France","codePostal":"92220","region":"Île-de-France","departement":"Hauts-de-Seine","departementCode":"92","horaires":"Le Lundi : de 08h30 à 12h00 de 13h30 à 17h00\nLe Mardi : de 13h30 à 17h00\nDu Mercredi au Vendredi : de 08h30 à 12h00 de 13h30 à 17h00","email":"contact@mairie-bagneux.fr","telephone":"01 42 31 60 00","latitude":48.798557,"longitude":2.304355,"website":"https://www.bagneux92.fr/","url":"https://lannuaire.service-public.gouv.fr/ile-de-france/hauts-de-seine/9c433d99-14ea-4cd0-bb20-3b8c2b3a5cf2"}
{"nom":"Bois-Colombes","adresse":"15 rue Charles-Duflos , 92277 , Bois-Colombes Cedex , France","codePostal":"92277","region":"Île-de-France","departement":"Hauts-de-Seine","departementCode":"92","horaires":"Du Lundi au Vendredi : de 08h30 à 12h00 de 13h30 à 17h30\nLe Samedi : de 08h30 à 12h00\n\nAccueil ouvert uniquement pour l'état civil.","email":"bois-colombes@bois-colombes.com","telephone":"01 41 19 83 00","latitude":48.9146,"longitude":2.26765,"website":"https://www.bois-colombes.fr/","url":"https://lannuaire.service-public.gouv.fr/ile-de-france/hauts-de-seine/414058d9-77a7-42f5-879d-c43e3bd915c2"}
{"nom":"Boulogne-Billancourt","adresse":"26 avenue André-Morizet , 92100 , Boulogne-Billancourt , France","codePostal":"92100","region":"Île-de-France","departement":"Hauts-de-Seine","departementCode":"92","horaires":"Du Lundi au Mercredi : de 08h30 à 17h30\nLe Jeudi : de 08h30 à 12h00 de 14h00 à 19h15\nLe Vendredi : de 08h30 à 16h30\nLe Samedi : de 08h30 à 11h45\n\nAccueil ouvert uniquement pour l'état civil.","email":"","telephone":"01 55 18 53 00","latitude":48.835976,"longitude":2.240282,"website":"https://www.boulognebillancourt.com/accueil","url":"https://lannuaire.service-public.gouv.fr/ile-de-france/hauts-de-seine/81c6e04d-b812-48af-b81e-e6d962a9836d"}
{"nom":"Bourg-la-Reine","adresse":"6 boulevard Carnot , 92340 , Bourg-la-Reine , France","codePostal":"92340","region":"Île-de-France","departement":"Hauts-de-Seine","departementCode":"92","horaires":"Le Lundi : de 08h30 à 12h00 de 13h30 à 17h30\nLe Mardi : de 08h30 à 12h00\nDu Mercredi au Vendredi : de 08h30 à 12h00 de 13h30 à 17h30\nLe Samedi : de 09h00 à 12h00","email":"mairie@bourg-la-reine.fr","telephone":"01 79 71 40 00","latitude":48.7791,"longitude":2.31617,"website":"http://www.bourg-la-reine.fr/","url":"https://lannuaire.service-public.gouv.fr/ile-de-france/hauts-de-seine/e30182c4-5d53-4bda-8fd7-62183b66e0ec"}
{"nom":"Châtenay-Malabry","adresse":"26 rue du Docteur-le-Savoureux , 92290 , Châtenay-Malabry , France","codePostal":"92290","region":"Île-de-France","departement":"Hauts-de-Seine","departementCode":"92","horaires":"Du Lundi au Vendredi : de 08h30 à 12h30 de 13h30 à 17h30\nLe Samedi : de 09h00 à 12h00\n\nAccueil ouvert uniquement pour l'état civil et espace service.","email":"infos@chatenay-malabry.fr","telephone":"01 46 83 46 83","latitude":48.767155,"longitude":2.277524,"website":"https://www.chatenay-malabry.fr/","url":"https://lannuaire.service-public.gouv.fr/ile-de-france/hauts-de-seine/2bcdbdb0-2fe9-40b4-9548-ef76edd5d614"}
{"nom":"Châtillon","adresse":"1 place de la Libération , 92320 , Châtillon , France","codePostal":"92320","region":"Île-de-France","departement":"Hauts-de-Seine","departementCode":"92","horaires":"Du Lundi au Mercredi : de 08h30 à 12h15 de 13h30 à 18h00\nLe Jeudi : de 13h30 à 19h00\nLe Vendredi : de 08h30 à 12h15 de 13h30 à 18h00\nLe Samedi : de 08h30 à 13h30","email":"etat-civil@chatillon92.fr","telephone":"01 42 31 81 81","latitude":48.800064,"longitude":2.289605,"website":"https://ville-chatillon.fr/","url":"https://lannuaire.service-public.gouv.fr/ile-de-france/hauts-de-seine/74daed04-861c-422c-b9a0-ec6da2a500b5"}
{"nom":"Chaville","adresse":"1456 avenue Roger-Salengro , 92370 , Chaville , France","codePostal":"92370","region":"Île-de-France","departement":"Hauts-de-Seine","departementCode":"92","horaires":"Le Lundi : de 08h30 à 12h30 de 13h30 à 17h30\nLe Mardi : de 13h30 à 17h30\nDu Mercredi au Jeudi : de 08h30 à 12h30 de 13h30 à 17h30\nLe Vendredi : de 08h30 à 12h30 de 13h30 à 16h30\nLe Samedi : de 09h00 à 12h00","email":"mairie@ville-chaville.fr","telephone":"01 41 15 40 00","latitude":48.809452,"longitude":2.188706,"website":"https://www.ville-chaville.fr/accueil-3.html","url":"https://lannuaire.service-public.gouv.fr/ile-de-france/hauts-de-seine/355f3722-bf6b-4fce-8c06-bb3d108e6d00"}
{"nom":"Clamart","adresse":"Hôtel de Ville , 92140 , Clamart , France","codePostal":"92140","region":"Île-de-France","departement":"Hauts-de-Seine","departementCode":"92","horaires":"Le Lundi : de 08h30 à 12h30 de 13h30 à 18h00\nLe Mardi : de 13h30 à 18h00\nDu Mercredi au Jeudi : de 08h30 à 12h30 de 13h30 à 18h00\nLe Vendredi : de 08h30 à 12h30 de 13h30 à 17h00\nLe Samedi : de 08h30 à 12h00","email":"mairie@clamart.fr","telephone":"01 46 62 35 35","latitude":48.800293,"longitude":2.263582,"website":"https://www.clamart.fr/fr","url":"https://lannuaire.service-public.gouv.fr/ile-de-france/hauts-de-seine/549f5e48-395e-4c5a-87b9-f827a8fe50b7"}
{"nom":"Clichy-la-Garenne","adresse":"80 boulevard Jean-Jaurès , 92110 , Clichy , France","codePostal":"92110","region":"Île-de-France","departement":"Hauts-de-Seine","departementCode":"92","horaires":"Du Lundi au Vendredi : de 08h00 à 18h00\n\nAccueil ouvert pour l'état civil ouvert tous les jours de 9h à 17h30, sauf le jeudi de 12h30 à 17h30.\nLe Samedi : de 09h00 à 12h00","email":"","telephone":"01 47 15 30 00","latitude":48.902775,"longitude":2.304835,"website":"https://www.ville-clichy.fr/","url":"https://lannuaire.service-public.gouv.fr/ile-de-france/hauts-de-seine/470f8d8b-c2f2-4f08-89e3-21ee52d61cb8"}
{"nom":"Colombes","adresse":"Place de la République , 92701 , Colombes Cedex , France","codePostal":"92701","region":"Île-de-France","departement":"Hauts-de-Seine","departementCode":"92","horaires":"Du Lundi au Vendredi : de 08h30 à 17h30\nLe Samedi : de 08h30 à 12h00\n\nContacter l'accueil pour connaître les horaires des différents services.","email":"","telephone":"01 47 60 80 00","latitude":48.922676,"longitude":2.2547662,"website":"https://www.colombes.fr/","url":"https://lannuaire.service-public.gouv.fr/ile-de-france/hauts-de-seine/39bda65a-aabf-4208-be04-a71333484fa2"}
{"nom":"Courbevoie","adresse":"2 place de l'Hôtel-de-Ville , 92400 , Courbevoie , France","codePostal":"92400","region":"Île-de-France","departement":"Hauts-de-Seine","departementCode":"92","horaires":"Le Lundi : de 08h30 à 17h30\nLe Mardi : de 13h00 à 17h30\nLe Mercredi : de 08h30 à 17h30\nLe Jeudi : de 08h30 à 19h30\n\nAccueil ouvert jusqu'à 19h30 uniquement pour l'état civil, service accueil et guichet famille.\nLe Vendredi : de 08h30 à 17h30\nLe Samedi : de 09h00 à 12h00\n\nPour le Guichet Famille, uniquement sur rendez-vous, fermé pendant les vacances scolaires\nHoraires généraux. Contacter l'accueil pour prendre rendez-vous aux horaires spécifiques de certains services.","email":"courbevoie@ville-courbevoie.fr","telephone":"01 71 05 70 00","latitude":48.894592,"longitude":2.257205,"website":"https://www.ville-courbevoie.fr/","url":"https://lannuaire.service-public.gouv.fr/ile-de-france/hauts-de-seine/58ffe801-7c23-4e1b-9fbb-1ca0a9cb033c"}
{"nom":"Fontenay-aux-Roses","adresse":"75 rue Boucicaut , 92260 , Fontenay-aux-Roses , France","codePostal":"92260","region":"Île-de-France","departement":"Hauts-de-Seine","departementCode":"92","horaires":"Du Lundi au Mardi : de 08h30 à 12h00 de 13h30 à 17h00\nLe Mercredi : de 08h30 à 12h00 de 13h30 à 19h30\nLe Jeudi : de 08h30 à 12h00\nLe Vendredi : de 08h30 à 12h00 de 13h30 à 17h00\n\nChangement d'horaires à compter du 7 novembre 2022, consultez le site de la mairie.","email":"mairie@fontenay-aux-roses.fr","telephone":"01 41 13 20 00","latitude":48.7915,"longitude":2.28662,"website":"http://www.fontenay-aux-roses.fr/","url":"https://lannuaire.service-public.gouv.fr/ile-de-france/hauts-de-seine/ce9f34b3-26b5-48c4-a8d0-657065a643a1"}
{"nom":"Garches","adresse":"2 rue Claude-Liard , 92380 , Garches , France","codePostal":"92380","region":"Île-de-France","departement":"Hauts-de-Seine","departementCode":"92","horaires":"Du Lundi au Vendredi : de 08h30 à 12h00 de 13h00 à 17h00\n\nAccueil ouvert dès 8h pour le service de l'état civil.\nLe Samedi : de 08h30 à 12h00\n\nAccueil ouvert à 9h pour le service état civil.","email":"info@garches.fr","telephone":"01 47 95 66 66","latitude":48.843437,"longitude":2.187209,"website":"https://garches.fr/","url":"https://lannuaire.service-public.gouv.fr/ile-de-france/hauts-de-seine/6a008562-df52-4a92-bf68-f17b61f95865"}
{"nom":"Gennevilliers","adresse":"177 avenue Gabriel-Péri , 92230 , Gennevilliers , France","codePostal":"92230","region":"Île-de-France","departement":"Hauts-de-Seine","departementCode":"92","horaires":"Du Lundi au Mercredi : de 08h30 à 12h00 de 13h30 à 17h30\nLe Jeudi : de 08h30 à 12h00 de 13h30 à 19h00\n\nContacter l'accueil pour vérifier l'ouverture des différents services.\nLe Vendredi : de 08h30 à 12h00 de 13h30 à 16h00\nLe Samedi : de 08h30 à 12h00\n\nAccueil ouvert uniquement pour l'état civil et la démarcherie.","email":"mairie@ville-gennevilliers.fr","telephone":"01 40 85 66 66","latitude":48.92546,"longitude":2.294045,"website":"https://www.ville-gennevilliers.fr/","url":"https://lannuaire.service-public.gouv.fr/ile-de-france/hauts-de-seine/e674993d-27c8-4ff0-afc0-9917844bbd68"}
{"nom":"Issy-les-Moulineaux","adresse":"Centre Administratif Municipal , 92130 , Issy-les-Moulineaux , France","codePostal":"92130","region":"Île-de-France","departement":"Hauts-de-Seine","departementCode":"92","horaires":"Du Lundi au Mercredi : de 08h30 à 18h00\nLe Jeudi : de 08h30 à 19h00\nLe Vendredi : de 08h30 à 18h00\nLe Samedi : de 08h30 à 12h00","email":"","telephone":"01 41 23 80 00","latitude":48.82467,"longitude":2.274968,"website":"https://www.issy.com/","url":"https://lannuaire.service-public.gouv.fr/ile-de-france/hauts-de-seine/bfc152df-1cb5-4ced-8a7c-3229ecce3add"}
{"nom":"La Garenne-Colombes","adresse":"68 boulevard de la République , 92250 , La Garenne-Colombes , France","codePostal":"92250","region":"Île-de-France","departement":"Hauts-de-Seine","departementCode":"92","horaires":"Du Lundi au Vendredi : de 08h30 à 12h00 de 13h30 à 17h30\nLe Samedi : de 08h45 à 12h00","email":"accueil@lagarennecolombes.fr","telephone":"01 72 42 40 00","latitude":48.906715,"longitude":2.24641,"website":"https://www.lagarennecolombes.fr/","url":"https://lannuaire.service-public.gouv.fr/ile-de-france/hauts-de-seine/5e02ab51-b295-43ee-9ca8-a510eccb79b3"}
{"nom":"Le Plessis-Robinson","adresse":"3 place de la Mairie , 92350 , Le Plessis-Robinson , France","codePostal":"92350","region":"Île-de-France","departement":"Hauts-de-Seine","departementCode":"92","horaires":"Du Lundi au Vendredi : de 08h30 à 12h00 de 13h00 à 17h00","email":"courrier@plessis-robinson.com","telephone":"01 46 01 43 21","latitude":48.7823,"longitude":2.26331,"website":"https://www.plessis-robinson.com/","url":"https://lannuaire.service-public.gouv.fr/ile-de-france/hauts-de-seine/c351a80d-2309-4e32-a6a9-1474398546bb"}
{"nom":"Levallois-Perret","adresse":"1 place de la République , 92300 , Levallois , France","codePostal":"92300","region":"Île-de-France","departement":"Hauts-de-Seine","departementCode":"92","horaires":"Du Lundi au Mercredi : de 08h30 à 18h00\nLe Jeudi : de 08h30 à 19h00\nLe Vendredi : de 09h30 à 18h00\nLe Samedi : de 09h30 à 12h00\n\nAccueil ouvert le samedi uniquement pour l'état civil , contacter l'accueil pour obtenir les horaires des différents services.","email":"votre.maire@ville-levallois.fr","telephone":"01 49 68 31 56","latitude":48.893166,"longitude":2.289003,"website":"https://www.ville-levallois.fr/","url":"https://lannuaire.service-public.gouv.fr/ile-de-france/hauts-de-seine/22c819af-b048-4120-a848-ae6cb0e0b9fd"}
{"nom":"Malakoff","adresse":"Hôtel de Ville , 92245 , Malakoff Cedex , France","codePostal":"92245","region":"Île-de-France","departement":"Hauts-de-Seine","departementCode":"92","horaires":"Le Lundi : de 08h30 à 12h00 de 13h30 à 18h00\nDu Mardi au Mercredi : de 08h30 à 12h00 de 13h30 à 17h00\nLe Jeudi : de 08h30 à 12h00\nLe Vendredi : de 08h30 à 12h00 de 13h30 à 17h00\nLe Samedi : de 09h00 à 12h00","email":"mairie@ville-malakoff.fr","telephone":"01 47 46 75 00","latitude":48.821125,"longitude":2.3014858,"website":"https://www.malakoff.fr/","url":"https://lannuaire.service-public.gouv.fr/ile-de-france/hauts-de-seine/151b1221-0b86-40f5-bdfc-adbf02139b26"}
{"nom":"Marnes-la-Coquette","adresse":"3 place de la Mairie , 92430 , Marnes-la-Coquette , France","codePostal":"92430","region":"Île-de-France","departement":"Hauts-de-Seine","departementCode":"92","horaires":"Du Lundi au Mardi : de 08h30 à 12h30 de 13h30 à 17h30\nLe Mercredi : de 08h30 à 12h30\nLe Jeudi : de 08h30 à 12h30 de 13h30 à 17h30\nLe Vendredi : de 08h30 à 12h30 de 13h30 à 17h00\nLe Samedi : de 09h00 à 12h30\n\nAccueil ouvert uniquement pour l'état-civil et seulement les 2e et 4e samedi du mois, hors vacances scolaires.","email":"mairiedemarnes@wanadoo.fr","telephone":"01 47 41 06 36","latitude":48.83019,"longitude":2.17746,"website":"https://www.marnes-la-coquette.fr/","url":"https://lannuaire.service-public.gouv.fr/ile-de-france/hauts-de-seine/d260ede2-2ac2-4c0c-b455-e414e5c59987"}
{"nom":"Meudon","adresse":"6 avenue Le-Corbeiller , 92190 , Meudon , France","codePostal":"92190","region":"Île-de-France","departement":"Hauts-de-Seine","departementCode":"92","horaires":"Du Lundi au Mercredi : de 08h30 à 12h00 de 13h30 à 17h30\nLe Jeudi : de 08h30 à 12h00\nLe Vendredi : de 08h30 à 12h00 de 13h30 à 17h30\nLe Samedi : de 09h00 à 12h00","email":"","telephone":"01 41 14 80 00","latitude":48.812557,"longitude":2.238806,"website":"https://www.meudon.fr/","url":"https://lannuaire.service-public.gouv.fr/ile-de-france/hauts-de-seine/bd00dac9-97ff-480d-91fa-95abf08f57d5"}
{"nom":"Montrouge","adresse":"43 avenue de la République , 92120 , Montrouge , France","codePostal":"92120","region":"Île-de-France","departement":"Hauts-de-Seine","departementCode":"92","horaires":"Du Lundi au Mercredi : de 08h30 à 11h30 de 13h30 à 17h00\nLe Jeudi : de 08h30 à 11h30 de 13h30 à 19h00\nLe Vendredi : de 08h30 à 11h30 de 13h30 à 17h00","email":"webmontrouge@ville-montrouge.fr","telephone":"01 46 12 76 76","latitude":48.818806,"longitude":2.320964,"website":"http://www.ville-montrouge.fr/","url":"https://lannuaire.service-public.gouv.fr/ile-de-france/hauts-de-seine/cde9e047-5bb4-4df7-a7c8-14ade87cde42"}
{"nom":"Nanterre","adresse":"1 place du 27 mars 2002 , 92000 , Nanterre , France","codePostal":"92000","region":"Île-de-France","departement":"Hauts-de-Seine","departementCode":"92","horaires":"Du Lundi au Mercredi : de 09h00 à 12h00 de 13h00 à 17h30\nLe Jeudi : de 13h00 à 17h30\nLe Vendredi : de 09h00 à 12h00 de 13h00 à 17h30\nLe Samedi : de 09h00 à 12h30\n\nhors vacances scolaires.","email":"","telephone":"01 47 29 50 50","latitude":48.892223,"longitude":2.206936,"website":"https://www.nanterre.fr/","url":"https://lannuaire.service-public.gouv.fr/ile-de-france/hauts-de-seine/c2045c4c-b7f5-47a3-83c6-92ff1397b578"}
{"nom":"Neuilly-sur-Seine","adresse":"96 avenue Achille-Peretti , 92522 , Neuilly-sur-Seine Cedex , France","codePostal":"92522","region":"Île-de-France","departement":"Hauts-de-Seine","departementCode":"92","horaires":"Du Lundi au Vendredi : de 09h00 à 17h30\nLe Samedi : de 09h00 à 12h00\n\nAccueil ouvert uniquement pour l'état civil et les affaires générales.","email":"mr.lemaire@ville-neuillysurseine.fr","telephone":"01 40 88 88 88","latitude":48.884743,"longitude":2.26941,"website":"https://www.neuillysurseine.fr/","url":"https://lannuaire.service-public.gouv.fr/ile-de-france/hauts-de-seine/c6635792-dc57-4a64-ae2f-5146f731f6e7"}
{"nom":"Puteaux","adresse":"131 rue de la République , 92800 , Puteaux , France","codePostal":"92800","region":"Île-de-France","departement":"Hauts-de-Seine","departementCode":"92","horaires":"Le Lundi : de 09h00 à 18h00\nLe Mardi : de 13h30 à 18h00\nDu Mercredi au Jeudi : de 09h00 à 18h00\nLe Vendredi : de 09h00 à 17h30\nLe Samedi : de 09h00 à 12h00\n\nAccueil fermé de 12h à 13h30 pendant les congés scolaire, accueil ouvert le samedi uniquement pour les démarches du hall administratif : passeports, état civil, cartes nationales d'identité.","email":"info@mairie-puteaux.fr","telephone":"01 46 92 92 92","latitude":48.88442,"longitude":2.237979,"website":"https://www.puteaux.fr/","url":"https://lannuaire.service-public.gouv.fr/ile-de-france/hauts-de-seine/44adc6c8-6040-4358-9572-4f6a828f91c2"}
{"nom":"Rueil-Malmaison","adresse":"Hôtel de Ville , 92501 , Rueil-Malmaison Cedex , France","codePostal":"92501","region":"Île-de-France","departement":"Hauts-de-Seine","departementCode":"92","horaires":"Le Lundi : de 08h30 à 12h00 de 13h30 à 18h00\nDu Mardi au Vendredi : de 08h30 à 18h00\nLe Samedi : de 08h30 à 12h30","email":"info@mairie-rueilmalmaison.fr","telephone":"01 47 32 65 65","latitude":48.878193,"longitude":2.180434,"website":"https://www.villederueil.fr/fr","url":"https://lannuaire.service-public.gouv.fr/ile-de-france/hauts-de-seine/a332ddcf-c671-42ca-ba81-f46dfe6bee09"}
{"nom":"Saint-Cloud","adresse":"13 place Charles-de-Gaulle , 92211 , Saint-Cloud Cedex , France","codePostal":"92211","region":"Île-de-France","departement":"Hauts-de-Seine","departementCode":"92","horaires":"Du Lundi au Mercredi : de 08h45 à 12h15 de 13h45 à 17h15\nLe Jeudi : de 08h30 à 12h15 de 13h45 à 17h15\nLe Vendredi : de 08h45 à 12h15 de 13h45 à 17h00\nLe Samedi : de 08h30 à 12h00","email":"accueil@saintcloud.fr","telephone":"01 47 71 53 00","latitude":48.849674,"longitude":2.237594,"website":"https://www.saintcloud.fr/","url":"https://lannuaire.service-public.gouv.fr/ile-de-france/hauts-de-seine/602c5247-fa8a-4728-a602-79a2817921cf"}
{"nom":"Sceaux","adresse":"122 rue Houdan , 92330 , Sceaux , France","codePostal":"92330","region":"Île-de-France","departement":"Hauts-de-Seine","departementCode":"92","horaires":"Du Lundi au Mercredi : de 08h30 à 12h00 de 13h30 à 17h30\nLe Jeudi : de 08h30 à 12h00\nLe Vendredi : de 08h30 à 12h00 de 13h30 à 17h30\nLe Samedi : de 09h00 à 12h00\n\nAccueil ouvert uniquement pour l'état civil.","email":"sceauxinfomairie@sceaux.fr","telephone":"01 41 13 33 00","latitude":48.7789,"longitude":2.29113,"website":"http://www.sceaux.fr/","url":"https://lannuaire.service-public.gouv.fr/ile-de-france/hauts-de-seine/aaa8ccc5-73cc-4eb4-b48e-a4d8a61ea45d"}
{"nom":"Sèvres","adresse":"54 Grande rue , 92311 , Sèvres Cedex , France","codePostal":"92311","region":"Île-de-France","departement":"Hauts-de-Seine","departementCode":"92","horaires":"Le Lundi : de 08h30 à 12h30 de 13h30 à 17h30\nLe Mardi : de 12h00 à 17h30\nLe Mercredi : de 08h30 à 17h30\nLe Jeudi : de 08h30 à 12h30 de 13h30 à 18h00\nLe Vendredi : de 08h30 à 12h30\nLe Samedi : de 08h30 à 12h30\n\nAccueil ouvert uniquement pour l'état civil et la scolarité et sur rendez-vous uniquement pour l'établissement des passeports et des cartes d'identité.","email":"mairie@ville-sevres.fr","telephone":"01 41 14 10 10","latitude":48.82455,"longitude":2.212612,"website":"https://www.sevres.fr/","url":"https://lannuaire.service-public.gouv.fr/ile-de-france/hauts-de-seine/7b1c1738-7ab2-4474-9d4c-f423fb52f625"}
{"nom":"Suresnes","adresse":"2 rue Carnot , 92151 , Suresnes Cedex , France","codePostal":"92151","region":"Île-de-France","departement":"Hauts-de-Seine","departementCode":"92","horaires":"Du Lundi au Vendredi : de 08h30 à 12h00 de 13h30 à 18h00\nLe Samedi : de 09h00 à 12h00","email":"","telephone":"01 41 18 19 20","latitude":48.871475,"longitude":2.225164,"website":"https://www.suresnes.fr/","url":"https://lannuaire.service-public.gouv.fr/ile-de-france/hauts-de-seine/081a346f-8fe6-4d66-ae8a-d5d0cc56e74e"}
{"nom":"Vanves","adresse":"33 rue Antoine Fratacci , 92170 , Vanves , France","codePostal":"92170","region":"Île-de-France","departement":"Hauts-de-Seine","departementCode":"92","horaires":"Du Lundi au Jeudi : de 08h30 à 12h30 de 13h30 à 17h30\nLe Vendredi : de 08h30 à 12h30 de 13h30 à 17h00","email":"services.municipaux@ville-vanves.fr","telephone":"01 41 33 92 00","latitude":48.820526,"longitude":2.2905066,"website":"http://www.vanves.fr/","url":"https://lannuaire.service-public.gouv.fr/ile-de-france/hauts-de-seine/f07c4386-ab02-4309-a959-4d7f9b0d2e52"}
{"nom":"Vaucresson","adresse":"8 Grande rue , 92420 , Vaucresson , France","codePostal":"92420","region":"Île-de-France","departement":"Hauts-de-Seine","departementCode":"92","horaires":"Du Lundi au Vendredi : de 08h30 à 12h30 de 13h30 à 17h30\nLe Samedi : de 09h00 à 12h00\n\nAccueil ouvert uniquement pour l'état civil et certain samedis, contacter la mairie ou consulter le site internet pour les dates.","email":"secretariat@mairie-vaucresson.fr","telephone":"01 71 02 80 00","latitude":48.8392,"longitude":2.15798,"website":"https://www.vaucresson.fr/","url":"https://lannuaire.service-public.gouv.fr/ile-de-france/hauts-de-seine/15df4db2-2080-4827-92ae-d9056823fa7a"}
{"nom":"Ville-d'Avray","adresse":"13 rue de Saint-Cloud , 92410 , Ville-d'Avray , France","codePostal":"92410","region":"Île-de-France","departement":"Hauts-de-Seine","departementCode":"92","horaires":"Le Lundi : de 09h00 à 12h30 de 13h30 à 17h30\nDu Mardi au Jeudi : de 08h30 à 12h30 de 13h30 à 17h30\nLe Vendredi : de 09h00 à 12h30 de 13h30 à 17h00\nLe Samedi : de 08h30 à 12h30\n\nAccueil ouvert uniquement pour le service affaires générales.","email":"affairesgenerales@mairie-villedavray.fr","telephone":"01 41 15 88 88","latitude":48.8282,"longitude":2.18981,"website":"https://www.mairie-villedavray.fr/","url":"https://lannuaire.service-public.gouv.fr/ile-de-france/hauts-de-seine/e8f22ac5-aed1-4ca7-abbc-67dbbc0c84a1"}
{"nom":"Villeneuve-la-Garenne","adresse":"28 avenue de Verdun , 92390 , Villeneuve-la-Garenne , France","codePostal":"92390","region":"Île-de-France","departement":"Hauts-de-Seine","departementCode":"92","horaires":"Du Lundi au Mercredi : de 08h30 à 12h00 de 13h15 à 17h00\nLe Jeudi : de 08h30 à 12h00\nLe Vendredi : de 08h30 à 12h00 de 13h15 à 17h00\nLe Samedi : de 09h00 à 11h45\n\nAccueil ouvert le samedi uniquement pour l'état civil, les cartes d'identité, les passeports et l'espace famille.","email":"contact@villeneuve92.com","telephone":"01 40 85 57 00","latitude":48.9356,"longitude":2.33301,"website":"https://www.villeneuve92.com/accueil/","url":"https://lannuaire.service-public.gouv.fr/ile-de-france/hauts-de-seine/f1f8eb55-2ab8-4941-bce3-84b27c50e962"}
