{"nom":"Communauté d'agglomération - Cergy-Pontoise","type":"","adresse":"Hôtel d'agglomération , 95027, Cergy-Pontoise Cedex , France","postalCode":"95027","city":"Cergy-Pontoise Cedex ","country":"France","horaires":"Du Lundi au Jeudi : de 08h30 à 12h30 de 13h30 à 17h30 | Le Vendredi : de 08h30 à 12h30 de 13h30 à 16h30","contacts":{"email":"courrier@cergypontoise.fr","telephone":"01 34 41 42 43"},"website":"http://www.cergypontoise.fr/","latitude":49.035618,"longitude":2.060325,"url":"https://lannuaire.service-public.gouv.fr/ile-de-france/val-d-oise/1d37d547-4812-4ef0-a59d-4b03b2d9a9ea"}
{"nom":"Communauté d'agglomération - Coeur d'Essonne","type":"","adresse":"1 place Saint-Exupéry , 91700, Sainte-Geneviève-des-Bois , France","postalCode":"91700","city":"Sainte-Geneviève-des-Bois ","country":"France","horaires":"Du Lundi au Vendredi : de 08h30 à 12h00 de 13h30 à 18h00","contacts":{"email":"communaute@coeuressonne.fr","telephone":"01 69 72 18 00"},"website":"https://www.coeuressonne.fr/","latitude":48.640396,"longitude":2.32687,"url":"https://lannuaire.service-public.gouv.fr/ile-de-france/essonne/7a59e3bb-f911-48b8-abc3-29a576caf321"}
{"nom":"Communauté d'agglomération - Coulommiers Pays de Brie","type":"","adresse":"13 rue du Général-de-Gaulle , 77120, Coulommiers , France","postalCode":"77120","city":"Coulommiers ","country":"France","horaires":"Du Lundi au Vendredi : de 08h30 à 12h30 de 13h30 à 17h00","contacts":{"email":"accueil@coulommierspaysdebrie.fr","telephone":"01 64 75 38 90"},"website":"https://www.coulommierspaysdebrie.fr/","latitude":48.811993,"longitude":3.085012,"url":"https://lannuaire.service-public.gouv.fr/ile-de-france/seine-et-marne/3af84158-b16e-4a65-a3b3-384e547ed38f"}
{"nom":"Communauté d'agglomération - Étampois Sud-Essonne","type":"","adresse":"76 rue Saint-Jacques , 91150, Étampes , France","postalCode":"91150","city":"Étampes ","country":"France","horaires":"Le Lundi : de 08h30 à 12h30 de 13h30 à 17h30 | Le Mardi : de 08h30 à 12h30 | Du Mercredi au Vendredi : de 08h30 à 12h30 de 13h30 à 17h30","contacts":{"email":"contact@caese.fr","telephone":"01 64 59 26 72"},"website":"https://www.caese.fr/","latitude":48.434418,"longitude":2.16142,"url":"https://lannuaire.service-public.gouv.fr/ile-de-france/essonne/e1a0f770-0bb1-4543-b787-8df2a511781a"}
{"nom":"Communauté d'agglomération - Grand Paris Sud Seine Essonne Sénart","type":"","adresse":"Hôtel d'agglomération , 91080, Evry-Courcouronnes , France","postalCode":"91080","city":"Evry-Courcouronnes ","country":"France","horaires":"Du Lundi au Vendredi : de 08h30 à 12h30 de 13h30 à 18h00","contacts":{"email":"contact@grandparissud.fr","telephone":"01 69 91 58 58"},"website":"https://www.grandparissud.fr/","latitude":48.631207,"longitude":2.4415398,"url":"https://lannuaire.service-public.gouv.fr/ile-de-france/essonne/8f840c86-548d-46f7-bd03-0595ef774235"}
{"nom":"Communauté d'agglomération - Marne et Gondoire","type":"","adresse":"1 rue de l'Étang , 77600, Bussy-Saint-Martin , France","postalCode":"77600","city":"Bussy-Saint-Martin ","country":"France","horaires":"Du Lundi au Vendredi : de 09h00 à 12h00 de 13h30 à 17h30","contacts":{"email":"accueil@marneetgondoire.fr","telephone":"01 60 35 43 50"},"website":"https://www.marneetgondoire.fr/","latitude":48.846954,"longitude":2.672824,"url":"https://lannuaire.service-public.gouv.fr/ile-de-france/seine-et-marne/d6316e54-b310-4104-9e23-85e9d31b1593"}
{"nom":"Communauté d'agglomération - Melun Val de Seine","type":"","adresse":"297 rue Rousseau-Vaudran , 77198, Dammarie-les-Lys , France","postalCode":"77198","city":"Dammarie-les-Lys ","country":"France","horaires":"Du Lundi au Vendredi : de 08h30 à 12h15 de 13h30 à 17h30","contacts":{"email":"","telephone":"01 64 79 25 25"},"website":"https://www.melunvaldeseine.fr/","latitude":48.522385,"longitude":2.651662,"url":"https://lannuaire.service-public.gouv.fr/ile-de-france/seine-et-marne/e470bd88-2b3e-423b-8978-d93935df66d2"}
{"nom":"Communauté d'agglomération - Paris Saclay","type":"","adresse":"21 rue Jean-Rostand , 91898, Orsay , France","postalCode":"91898","city":"Orsay ","country":"France","horaires":"Du Lundi au Jeudi : de 08h30 à 12h30 de 13h30 à 17h30 | Le Vendredi : de 08h30 à 12h30 de 13h30 à 16h30","contacts":{"email":"contact@paris-saclay.com","telephone":"01 69 35 60 60"},"website":"https://www.paris-saclay.com/accueil-3.html","latitude":48.7098,"longitude":2.1754148,"url":"https://lannuaire.service-public.gouv.fr/ile-de-france/essonne/1cf28bfe-a8f1-4340-83b4-d3bd46acf644"}
{"nom":"Communauté d'agglomération - Paris Vallée de la Marne","type":"","adresse":"5 cours de l'Arche-Guédon , 77207, Marne-la-Vallée , France","postalCode":"77207","city":"Marne-la-Vallée ","country":"France","horaires":"Du Lundi au Vendredi : de 08h30 à 12h30 de 13h30 à 18h00","contacts":{"email":"contact@agglo-pvm.fr","telephone":"01 60 37 24 24"},"website":"https://www.agglo-pvm.fr/","latitude":48.849854,"longitude":2.6381779,"url":"https://lannuaire.service-public.gouv.fr/ile-de-france/seine-et-marne/67d8ec99-6e9b-440b-aa5f-2fb5370b8e3c"}
{"nom":"Communauté d'agglomération - Pays de Fontainebleau","type":"","adresse":"80 route de Valvins , 77920, Samois-sur-Seine , France","postalCode":"77920","city":"Samois-sur-Seine ","country":"France","horaires":"Du Lundi au Vendredi : de 08h30 à 12h15 de 13h45 à 17h30","contacts":{"email":"accueil@pays-fontainebleau.fr","telephone":"01 64 70 10 80"},"website":"https://www.pays-fontainebleau.fr/","latitude":48.427624,"longitude":2.743106,"url":"https://lannuaire.service-public.gouv.fr/ile-de-france/seine-et-marne/64e07ac1-11d9-40a6-8e99-88166648641c"}
{"nom":"Communauté d'agglomération - Pays de Meaux","type":"","adresse":"2 place de lHôtel-de-Ville-Jacques-Chirac , 77100, Meaux , France","postalCode":"77100","city":"Meaux ","country":"France","horaires":"Du Lundi au Vendredi : de 08h30 à 18h00 | Le Samedi : de 09h00 à 12h00","contacts":{"email":"contact@meaux.fr","telephone":"01 60 09 97 00"},"website":"https://www.agglo-paysdemeaux.fr/","latitude":48.958237,"longitude":2.87753,"url":"https://lannuaire.service-public.gouv.fr/ile-de-france/seine-et-marne/83a9e8af-91bb-4b18-bee7-5b62efaf2866"}
{"nom":"Communauté d'agglomération - Plaine Vallée","type":"","adresse":"1 rue de lÉgalité , 95230, Soisy-sous-Montmorency , France","postalCode":"95230","city":"Soisy-sous-Montmorency ","country":"France","horaires":"Du Lundi au Mercredi : de 08h30 à 12h00 de 13h30 à 17h30 | Du Jeudi au Vendredi : de 08h30 à 12h00 de 13h30 à 17h00","contacts":{"email":"contact@agglo-plainevallee.fr","telephone":"01 30 10 91 61"},"website":"https://www.agglo-plainevallee.fr/","latitude":48.990746,"longitude":2.296648,"url":"https://lannuaire.service-public.gouv.fr/ile-de-france/val-d-oise/8c33ac93-a890-4ce7-8faf-65e0d09c9634"}
{"nom":"Communauté d'agglomération - Rambouillet Territoires","type":"","adresse":"ZA du Bel Air , 78511, Rambouillet Cedex , France","postalCode":"78511","city":"Rambouillet Cedex ","country":"France","horaires":"Du Lundi au Vendredi : de 09h00 à 12h00 de 14h00 à 17h00","contacts":{"email":"accueil@rt78.fr","telephone":"01 34 57 20 61"},"website":"https://www.rt78.fr/","latitude":48.62516,"longitude":1.824807,"url":"https://lannuaire.service-public.gouv.fr/ile-de-france/yvelines/f26b30cd-3a03-44f9-bed0-b05878e56266"}
{"nom":"Communauté d'agglomération - Roissy Pays de France","type":"","adresse":"6 bis avenue Charles-de-Gaulle , 95700, Roissy-en-France , France","postalCode":"95700","city":"Roissy-en-France ","country":"France","horaires":"Du Lundi au Jeudi : de 08h30 à 12h30 de 13h30 à 17h30 | Le Vendredi : de 08h30 à 12h30 de 13h30 à 16h30","contacts":{"email":"info@roissypaysdefrance.fr","telephone":"01 34 29 03 06"},"website":"https://www.roissypaysdefrance.fr/","latitude":48.999184,"longitude":2.512734,"url":"https://lannuaire.service-public.gouv.fr/ile-de-france/val-d-oise/95e36cb4-6046-46b8-95d5-1397a63520ab"}
{"nom":"Communauté d'agglomération - Saint-Germain Boucles de Seine","type":"","adresse":"Parc des Érables , 78230, Le Pecq , France","postalCode":"78230","city":"Le Pecq ","country":"France","horaires":"Du Lundi au Jeudi : de 08h30 à 12h30 de 13h30 à 17h30 | Le Vendredi : de 08h30 à 12h30 de 13h30 à 17h00","contacts":{"email":"contact@casgbs.fr","telephone":"01 30 09 75 30"},"website":"https://www.saintgermainbouclesdeseine.fr/","latitude":48.9037,"longitude":2.115071,"url":"https://lannuaire.service-public.gouv.fr/ile-de-france/yvelines/9cb9c2f1-3519-422e-bc2e-76bc8b5216cf"}
{"nom":"Communauté d'agglomération - Saint-Quentin-en-Yvelines","type":"","adresse":"1 rue Eugène-Hénaff , 78190, Trappes , France","postalCode":"78190","city":"Trappes ","country":"France","horaires":"Du Lundi au Vendredi : de 09h00 à 12h00 de 14h00 à 17h00","contacts":{"email":"","telephone":"01 39 44 80 80"},"website":"https://www.saint-quentin-en-yvelines.fr/","latitude":48.76923,"longitude":2.004673,"url":"https://lannuaire.service-public.gouv.fr/ile-de-france/yvelines/2270fd07-f2a2-4f69-92be-df1dcac32303"}
{"nom":"Communauté d'agglomération - Val d'Europe Agglomération","type":"","adresse":"Château de Chessy , 77700, Marne-la-Vallée Cedex 4 , France","postalCode":"77700","city":"Marne-la-Vallée Cedex 4 ","country":"France","horaires":"Du Lundi au Vendredi : de 08h30 à 12h30 de 13h30 à 17h30","contacts":{"email":"contact@vdeagglo.fr","telephone":"01 60 43 80 80"},"website":"https://www.valdeuropeagglo.fr/","latitude":48.876144,"longitude":2.764906,"url":"https://lannuaire.service-public.gouv.fr/ile-de-france/seine-et-marne/fb913f9f-2b02-4073-b84c-e0b69618a823"}
{"nom":"Communauté d'agglomération - Val Parisis","type":"","adresse":"271 chaussée Jules-César , 95250, Beauchamp , France","postalCode":"95250","city":"Beauchamp ","country":"France","horaires":"Du Lundi au Jeudi : de 08h30 à 12h30 de 13h30 à 17h45 | Le Vendredi : de 08h30 à 12h30","contacts":{"email":"","telephone":"01 30 26 39 41"},"website":"https://valparisis.fr/","latitude":48.992004,"longitude":2.243905,"url":"https://lannuaire.service-public.gouv.fr/ile-de-france/val-d-oise/a0c620c2-2687-4f3f-b06d-6ead390d41d0"}
{"nom":"Communauté d'agglomération - Val d'Yerres Val de Seine","type":"","adresse":"78 route nationale 6 , 91805, Brunoy , France","postalCode":"91805","city":"Brunoy ","country":"France","horaires":"Du Lundi au Vendredi : de 08h30 à 12h00 de 13h30 à 17h30","contacts":{"email":"accueil@vyvs.fr","telephone":"01 60 47 94 20"},"website":"https://www.vyvs.fr/","latitude":48.697533,"longitude":2.5040245,"url":"https://lannuaire.service-public.gouv.fr/ile-de-france/essonne/a2294a3e-a979-45ea-b8f7-75910e11ea67"}
{"nom":"Communauté d'agglomération - Versailles Grand Parc","type":"","adresse":"6 avenue de Paris , 78000, Versailles , France","postalCode":"78000","city":"Versailles ","country":"France","horaires":"Du Lundi au Vendredi : de 09h00 à 12h00 de 14h00 à 17h00","contacts":{"email":"contact@agglovgp.fr","telephone":"01 39 66 30 00"},"website":"https://www.versaillesgrandparc.fr/","latitude":48.801342,"longitude":2.1308472,"url":"https://lannuaire.service-public.gouv.fr/ile-de-france/yvelines/440915fa-991f-4ca9-963d-c1dc232f9a1d"}
{"nom":"Communauté de communes - 2 Vallées - Milly-la-Forêt","type":"","adresse":"23 rue de la Chapelle-Saint-Blaise , 91490, Milly-la-Forêt , France","postalCode":"91490","city":"Milly-la-Forêt ","country":"France","horaires":"Du Lundi au Vendredi : de 09h00 à 12h00 de 13h30 à 17h30","contacts":{"email":"cc2v@cc2v91.fr","telephone":"01 64 98 85 19"},"website":"https://cc2v91.fr/fr/","latitude":48.399662,"longitude":2.4757552,"url":"https://lannuaire.service-public.gouv.fr/ile-de-france/essonne/6bb5e8ee-12d5-44c1-b0e6-ce3179bc682a"}
{"nom":"Communauté de communes - Bassée-Montois","type":"","adresse":"80 rue de la Fontaine , 77480, Bray-sur-Seine , France","postalCode":"77480","city":"Bray-sur-Seine ","country":"France","horaires":"Du Lundi au Jeudi : de 09h00 à 12h00 de 14h00 à 17h00 | Le Vendredi : de 09h00 à 12h00","contacts":{"email":"contact@cc-basseemontois.fr","telephone":"01 60 67 09 10"},"website":"https://www.cc-basseemontois.fr/fr","latitude":48.415497,"longitude":3.240306,"url":"https://lannuaire.service-public.gouv.fr/ile-de-france/seine-et-marne/ff281616-4a6e-41f4-a82b-261e5ec5c4f9"}
{"nom":"Communauté de communes - Brie des Rivières et Châteaux","type":"","adresse":"1 rue des Petits-Champs , 77820, Le Châtelet-en-Brie , France","postalCode":"77820","city":"Le Châtelet-en-Brie ","country":"France","horaires":"Du Lundi au Vendredi : de 08h30 à 12h30 de 13h30 à 17h00","contacts":{"email":"accueil@ccbrc.fr","telephone":"01 60 66 67 10"},"website":"https://www.briedesrivieresetchateaux.fr/","latitude":48.504944,"longitude":2.792095,"url":"https://lannuaire.service-public.gouv.fr/ile-de-france/seine-et-marne/f8eed306-cd17-4691-9c5c-b2b170d85fde"}
{"nom":"Communauté de communes - Carnelle Pays de France","type":"","adresse":"3 rue François-de-Ganay , 95270, Luzarches , France","postalCode":"95270","city":"Luzarches ","country":"France","horaires":"Du Lundi au Vendredi : de 08h30 à 17h30","contacts":{"email":"contact@c3pf.fr","telephone":"01 34 71 94 06"},"website":"https://carnelle-pays-de-france.fr/","latitude":49.112453,"longitude":2.428499,"url":"https://lannuaire.service-public.gouv.fr/ile-de-france/val-d-oise/2f584dfe-1d35-4a11-a390-a9ce74e0d6ee"}
{"nom":"Communauté de communes - Coeur d'Yvelines","type":"","adresse":"49 rue de Paris , 78490, Montfort l'Amaury , France","postalCode":"78490","city":"Montfort l'Amaury ","country":"France","horaires":"Du Lundi au Vendredi : de 08h30 à 12h00 de 13h00 à 17h00 | Pas d'accueil physique du public, permanence téléphonique uniquement.","contacts":{"email":"accueil@cccy.fr","telephone":"01 34 89 23 17"},"website":"https://www.coeur-yvelines.fr/","latitude":48.77857,"longitude":1.8092227,"url":"https://lannuaire.service-public.gouv.fr/ile-de-france/yvelines/183e8079-bb74-4f10-8eb7-3f5324000b2b"}
{"nom":"Communauté de communes - Deux Morin","type":"","adresse":"1 rue Robert-Legraverend , 77320, La Ferté-Gaucher , France","postalCode":"77320","city":"La Ferté-Gaucher ","country":"France","horaires":"Du Lundi au Vendredi : de 08h30 à 12h30 de 14h00 à 17h00","contacts":{"email":"accueil@cc2m.fr","telephone":"01 64 03 25 80"},"website":"https://www.cc2morin.fr/","latitude":48.78818,"longitude":3.304251,"url":"https://lannuaire.service-public.gouv.fr/ile-de-france/seine-et-marne/b2a2ab59-2a1d-4910-8d6b-bfbf24cfb6ad"}
{"nom":"Communauté de communes - Entre Juine et Renarde (CCEJR)","type":"","adresse":"2 rue des Hêtres-Pourpres , 91580, Étréchy , France","postalCode":"91580","city":"Étréchy ","country":"France","horaires":"Le Lundi : de 14h00 à 17h00 | Du Mardi au Vendredi : de 09h00 à 12h00 de 14h00 à 17h00","contacts":{"email":"accueil@ccejr.org","telephone":"01 83 63 70 90"},"website":"https://www.entrejuineetrenarde.org/","latitude":48.49807,"longitude":2.20397,"url":"https://lannuaire.service-public.gouv.fr/ile-de-france/essonne/b26b7247-ef84-4783-b487-30ad4e1a78cf"}
{"nom":"Communauté de communes - Gally Mauldre","type":"","adresse":"39 Grande Rue , 78810, Feucherolles , France","postalCode":"78810","city":"Feucherolles ","country":"France","horaires":"Du Lundi au Vendredi : de 09h00 à 12h00 de 14h00 à 17h00 | Le Samedi : de 09h00 à 12h00","contacts":{"email":"ccgm@cc-gallymauldre.fr","telephone":"01 86 36 01 51"},"website":"https://cc-gallymauldre.fr/","latitude":48.87444,"longitude":1.9753414,"url":"https://lannuaire.service-public.gouv.fr/ile-de-france/yvelines/a96819e9-2a53-4dcf-8f52-24a57c8b2ef3"}
{"nom":"Communauté de communes - Gâtinais Val de Loing","type":"","adresse":"16 route de Souppes , 77570, Château-Landon , France","postalCode":"77570","city":"Château-Landon ","country":"France","horaires":"Du Lundi au Vendredi : de 09h00 à 12h30 de 13h30 à 17h00","contacts":{"email":"ccgvl@ccgvl77.fr","telephone":"01 64 29 20 48"},"website":"https://www.ccgvl77.fr/","latitude":48.156918,"longitude":2.708321,"url":"https://lannuaire.service-public.gouv.fr/ile-de-france/seine-et-marne/c35c863e-600d-48fb-bc8e-87508e0b1949"}
{"nom":"Communauté de communes - Haut-Val d'Oise","type":"","adresse":"16 rue Nationale , 95260, Beaumont-sur-Oise , France","postalCode":"95260","city":"Beaumont-sur-Oise ","country":"France","horaires":"Du Lundi au Vendredi : de 09h00 à 12h00 de 13h30 à 17h30 | Téléphoner avant de se déplacer.","contacts":{"email":"accueil@cchvo.com","telephone":"01 39 37 59 70"},"website":"https://cc-hautvaldoise.fr/fr/","latitude":49.14466,"longitude":2.2858949,"url":"https://lannuaire.service-public.gouv.fr/ile-de-france/val-d-oise/7682524d-c84d-4e47-8009-5ece035ba07c"}
{"nom":"Communauté de communes - L'Orée de la Brie","type":"","adresse":"1 place de la Gare , 77170, Brie-Comte-Robert , France","postalCode":"77170","city":"Brie-Comte-Robert ","country":"France","horaires":"Du Lundi au Vendredi : de 09h00 à 12h30 de 13h30 à 17h30","contacts":{"email":"communaute@loreedelabrie.fr","telephone":"01 60 62 15 81"},"website":"https://www.loreedelabrie.fr/","latitude":48.697254,"longitude":2.614652,"url":"https://lannuaire.service-public.gouv.fr/ile-de-france/seine-et-marne/f33215d7-7b1f-4d8b-8819-ed68d6fa12fc"}
{"nom":"Communauté de communes - La Brie Nangissienne","type":"","adresse":"4 rue René-Cassin , 77370, Nangis , France","postalCode":"77370","city":"Nangis ","country":"France","horaires":"Du Lundi au Jeudi : de 09h00 à 12h30 de 13h30 à 17h00 | Le Vendredi : de 09h00 à 12h00 de 13h30 à 16h00","contacts":{"email":"secretariat@brienangissienne.fr","telephone":"01 64 01 13 82"},"website":"http://www.brienangissienne.fr/","latitude":48.560905,"longitude":3.0370903,"url":"https://lannuaire.service-public.gouv.fr/ile-de-france/seine-et-marne/0573aadb-a597-4173-8f2d-07558a7e982a"}
{"nom":"Communauté de communes - La Haute Vallée de Chevreuse","type":"","adresse":"9 Grande-Rue , 78720, Dampierre-en-Yvelines , France","postalCode":"78720","city":"Dampierre-en-Yvelines ","country":"France","horaires":"Accueil téléphonique uniquement.","contacts":{"email":"cchvc78@orange.fr","telephone":"01 30 52 83 83"},"website":"https://www.cchvc.fr/","latitude":48.70517,"longitude":1.985961,"url":"https://lannuaire.service-public.gouv.fr/ile-de-france/yvelines/aa3ea9d6-f1bb-4220-b9fa-e09530587ca7"}
{"nom":"Communauté de communes - La Vallée de l'Oise et des Trois Forêts","type":"","adresse":"1 avenue Jules-Dupré , 95290, L'Isle-Adam , France","postalCode":"95290","city":"L'Isle-Adam ","country":"France","horaires":"Du Lundi au Vendredi : de 09h00 à 12h00 de 14h00 à 17h00","contacts":{"email":"contact@ccvo3f.fr","telephone":"01 34 69 12 06"},"website":"https://www.ccvo3f.fr/fr/","latitude":49.10545,"longitude":2.2134604,"url":"https://lannuaire.service-public.gouv.fr/ile-de-france/val-d-oise/dfba97ae-a5f8-4f2e-b855-8fbfb8f19cbe"}
{"nom":"Communauté de communes - Le Dourdannais en Hurepoix","type":"","adresse":"17 rue Pierre-Ceccaldi , 91410, Dourdan , France","postalCode":"91410","city":"Dourdan ","country":"France","horaires":"Du Lundi au Vendredi : de 08h30 à 12h00 de 13h30 à 17h00","contacts":{"email":"contact@ccdourdannais.com","telephone":"01 60 81 12 20"},"website":"https://www.ccdourdannais.com/","latitude":48.529366,"longitude":2.0157857,"url":"https://lannuaire.service-public.gouv.fr/ile-de-france/essonne/60658850-d285-4f05-8510-f17a3711c5d3"}
{"nom":"Communauté de communes - Les Portes Briardes - Entre Villes et Forêts","type":"","adresse":"43 avenue du Général-de-Gaulle , 77330, Ozoir-la-Ferrière Cedex , France","postalCode":"77330","city":"Ozoir-la-Ferrière Cedex ","country":"France","horaires":"","contacts":{"email":"contact@lesportesbriardes.fr","telephone":"01 64 43 35 26"},"website":"https://www.lesportesbriardes.fr/","latitude":48.76256,"longitude":2.671857,"url":"https://lannuaire.service-public.gouv.fr/ile-de-france/seine-et-marne/cc42b7f8-3b62-4d79-8550-2eeea730d1dc"}
{"nom":"Communauté de communes - Les Portes de l'Île-de-France","type":"","adresse":"ZA le Clos Prieur , 78840, Freneuse , France","postalCode":"78840","city":"Freneuse ","country":"France","horaires":"Du Lundi au Vendredi : de 08h30 à 12h00 de 13h30 à 17h00","contacts":{"email":"accueil@ccpif.fr","telephone":"01 30 93 16 72"},"website":"https://www.ccpif.fr/","latitude":49.040234,"longitude":1.5891176,"url":"https://lannuaire.service-public.gouv.fr/ile-de-france/yvelines/80bf6773-3d4f-498b-8275-e24dc653bf1d"}
{"nom":"Communauté de communes - Pays Houdanais (CCPH)","type":"","adresse":"22 porte d'Epernon , 78550, Maulette , France","postalCode":"78550","city":"Maulette ","country":"France","horaires":"Du Lundi au Mercredi : de 08h30 à 12h30 de 13h30 à 17h30 | Le Jeudi : de 13h30 à 19h00 | Le Vendredi : de 08h30 à 12h30 de 13h30 à 17h30","contacts":{"email":"ccph@cc-payshoudanais.fr","telephone":"01 30 46 82 80"},"website":"https://www.cc-payshoudanais.fr/","latitude":48.78732,"longitude":1.606303,"url":"https://lannuaire.service-public.gouv.fr/ile-de-france/yvelines/e46b86f5-aa86-477d-9839-0965492089c4"}
{"nom":"Communauté de communes - Pays de l'Ourcq","type":"","adresse":"2 avenue Louis-Delahaye , 77440, Ocquerre , France","postalCode":"77440","city":"Ocquerre ","country":"France","horaires":"Du Lundi au Vendredi : de 09h00 à 12h00 de 14h00 à 17h00","contacts":{"email":"ccpo@paysdelourcq.fr","telephone":"01 60 61 55 00"},"website":"https://www.paysdelourcq.fr/accueil","latitude":49.02389,"longitude":3.031287,"url":"https://lannuaire.service-public.gouv.fr/ile-de-france/seine-et-marne/c2e3c31c-dffc-4775-ba21-76effc360a37"}
{"nom":"Communauté de communes - Pays de Limours (CCPL)","type":"","adresse":"615 rue Fontaine-de-Ville , 91640, Briis-sous-Forges , France","postalCode":"91640","city":"Briis-sous-Forges ","country":"France","horaires":"Du Lundi au Jeudi : de 09h00 à 12h30 de 13h30 à 17h30 | Le Vendredi : de 09h00 à 12h30 de 13h30 à 17h00","contacts":{"email":"accueil@cc-paysdelimours.fr","telephone":"01 64 90 79 00"},"website":"https://www.cc-paysdelimours.fr/","latitude":48.62542,"longitude":2.121048,"url":"https://lannuaire.service-public.gouv.fr/ile-de-france/essonne/9b8c9bc2-a523-4d97-8ab2-b550196270f5"}
{"nom":"Communauté de communes - Pays de Montereau","type":"","adresse":"29 avenue du Général-De-Gaulle , 77130, Montereau-Fault-Yonne , France","postalCode":"77130","city":"Montereau-Fault-Yonne ","country":"France","horaires":"Du Lundi au Vendredi : de 09h00 à 12h00 de 14h00 à 17h00","contacts":{"email":"contact@paysdemontereau.fr","telephone":"01 60 73 44 00"},"website":"https://paysdemontereau77.fr/","latitude":48.38123,"longitude":2.9490936,"url":"https://lannuaire.service-public.gouv.fr/ile-de-france/seine-et-marne/20ba5899-f6b9-44c1-bf32-d0d95b71d470"}
{"nom":"Communauté de communes - Pays de Nemours","type":"","adresse":"41 quai Victor-Hugo , 77140, Nemours , France","postalCode":"77140","city":"Nemours ","country":"France","horaires":"Du Lundi au Jeudi : de 09h00 à 12h00 de 13h30 à 17h00 | Le Vendredi : de 09h00 à 12h00 de 13h30 à 16h30 Accueil ouvert sur rendez-vous de préférence.","contacts":{"email":"secretariat@paysdenemours.fr","telephone":"01 64 78 69 05"},"website":"https://www.paysdenemours.fr/","latitude":48.26571,"longitude":2.693678,"url":"https://lannuaire.service-public.gouv.fr/ile-de-france/seine-et-marne/f29a5c35-b951-407b-91d9-52231c26d655"}
{"nom":"Communauté de communes - Plaines et Monts de France","type":"","adresse":"6 rue du Général-de-Gaulle , 77230, Dammartin-en-Goële , France","postalCode":"77230","city":"Dammartin-en-Goële ","country":"France","horaires":"Du Lundi au Jeudi : de 09h00 à 12h30 de 13h30 à 17h30 | Le Vendredi : de 09h00 à 12h30 de 13h30 à 16h45","contacts":{"email":"contact@cc-pmf.fr","telephone":"01 60 54 68 40"},"website":"http://www.cc-pmf.fr/","latitude":49.053123,"longitude":2.674706,"url":"https://lannuaire.service-public.gouv.fr/ile-de-france/seine-et-marne/4fa013ed-00ec-464a-a25b-ac1e58e0afbc"}
{"nom":"Communauté de communes - Provinois","type":"","adresse":"7 cour des Bénédictins , 77160, Provins , France","postalCode":"77160","city":"Provins ","country":"France","horaires":"Du Lundi au Jeudi : de 08h30 à 12h30 de 13h30 à 17h30 | Le Vendredi : de 08h30 à 12h30","contacts":{"email":"accueil@cc-du-provinois.fr","telephone":"01 60 58 60 58"},"website":"https://www.cc-provinois.fr/","latitude":48.55991,"longitude":3.3010483,"url":"https://lannuaire.service-public.gouv.fr/ile-de-france/seine-et-marne/c6f1f8c3-1fb7-4593-9f11-fa794bce20fc"}
{"nom":"Communauté de communes - Sausseron Impressionnistes","type":"","adresse":"Mairie , 95430, Auvers-sur-Oise , France","postalCode":"95430","city":"Auvers-sur-Oise ","country":"France","horaires":"Du Lundi au Vendredi : de 08h30 à 12h00 de 13h30 à 17h00","contacts":{"email":"secretariat@sausseron-impressionnistes.fr","telephone":"01 85 38 03 70"},"website":"http://www.sausseron-impressionnistes.fr/","latitude":49.070354,"longitude":2.171411,"url":"https://lannuaire.service-public.gouv.fr/ile-de-france/val-d-oise/0c63942b-b5a0-40dc-9111-78e93e55543c"}
{"nom":"Communauté de communes - Val Briard","type":"","adresse":"2 rue des Vieilles-Chapelles , 77610, Les Chapelles-Bourbon , France","postalCode":"77610","city":"Les Chapelles-Bourbon ","country":"France","horaires":"Du Lundi au Vendredi : de 09h00 à 12h30 de 13h30 à 17h00","contacts":{"email":"contact@valbriard.fr","telephone":"01 64 51 33 26"},"website":"https://valbriard.fr/","latitude":48.736248,"longitude":2.8420093,"url":"https://lannuaire.service-public.gouv.fr/ile-de-france/seine-et-marne/2fe015f7-a85d-497b-9888-e92d430e8602"}
{"nom":"Communauté de communes - Val d'Essonne","type":"","adresse":"Parvis des communautés , 91610, Ballancourt-sur-Essonne , France","postalCode":"91610","city":"Ballancourt-sur-Essonne ","country":"France","horaires":"Du Lundi au Jeudi : de 09h00 à 12h00 de 14h00 à 18h00 | Le Vendredi : de 09h00 à 12h00 de 14h00 à 17h30","contacts":{"email":"ccve@ccvalessonne.com","telephone":"01 64 93 21 20"},"website":"https://valessonne.fr/","latitude":48.526646,"longitude":2.3795316,"url":"https://lannuaire.service-public.gouv.fr/ile-de-france/essonne/2717b775-fd05-4756-b130-c43f246ba8a7"}
{"nom":"Communauté de communes - Vexin Centre","type":"","adresse":"1 rue de Rouen , 95450, Vigny , France","postalCode":"95450","city":"Vigny ","country":"France","horaires":"Du Lundi au Vendredi : de 08h30 à 12h30 de 13h30 à 17h30","contacts":{"email":"administration@ccvexincentre.fr","telephone":"01 30 39 23 34"},"website":"https://ccvexincentre.fr/","latitude":49.08637,"longitude":1.9226255,"url":"https://lannuaire.service-public.gouv.fr/ile-de-france/val-d-oise/7fbccef9-cd26-465f-82d0-771156eee9e6"}
{"nom":"Communauté de communes - Vexin-Val de Seine","type":"","adresse":"12 rue des Frères-Montgolfier , 95420, Magny-en-Vexin , France","postalCode":"95420","city":"Magny-en-Vexin ","country":"France","horaires":"Du Lundi au Vendredi : de 09h30 à 12h30 de 14h00 à 17h00","contacts":{"email":"secretariat@vexinvaldeseine.fr","telephone":"01 86 35 00 36"},"website":"https://vexinvaldeseine.fr/","latitude":49.146515,"longitude":1.783503,"url":"https://lannuaire.service-public.gouv.fr/ile-de-france/val-d-oise/31862daa-7cdf-44ad-a4cf-911c1c97782e"}
{"nom":"Communauté urbaine - Grand Paris Seine et Oise","type":"","adresse":"Immeuble Autoneum , 78410, Aubergenville , France","postalCode":"78410","city":"Aubergenville ","country":"France","horaires":"Du Lundi au Vendredi : de 08h30 à 12h00 de 13h30 à 17h00","contacts":{"email":"","telephone":"01 82 86 00 86"},"website":"https://www.gpseo.fr/","latitude":48.95843,"longitude":1.8558348,"url":"https://lannuaire.service-public.gouv.fr/ile-de-france/yvelines/3213b523-3f7e-4a6f-9912-303add774cbb"}
{"nom":"France services - Communauté de communes de Moret Seine et Loing (multisites)","type":"","adresse":"Allée Gustave Prugnat , 77250, Moret-Loing-et-Orvanne , France","postalCode":"77250","city":"Moret-Loing-et-Orvanne ","country":"France","horaires":"Du Lundi au Vendredi : de 09h00 à 12h00 de 13h30 à 17h00","contacts":{"email":"ccmsl@ccmsl.com","telephone":"01 60 70 66 14"},"website":"https://www.ccmsl.fr/","latitude":48.373028,"longitude":2.815915,"url":"https://lannuaire.service-public.gouv.fr/ile-de-france/seine-et-marne/82ffaf4c-b38e-404f-8d16-5c464cd4bc1f"}
{"nom":"Métropole - Grand Paris","type":"","adresse":"15-19 avenue Pierre-Mendès-France , 75013, Paris , France","postalCode":"75013","city":"Paris ","country":"France","horaires":"Accueil téléphonique uniquement.","contacts":{"email":"contact@metropolegrandparis.fr","telephone":"01 82 28 78 00"},"website":"https://www.metropolegrandparis.fr/fr","latitude":48.83755,"longitude":2.370824,"url":"https://lannuaire.service-public.gouv.fr/ile-de-france/paris/cd6d613b-65e4-4392-932a-58e98aaaa933"}
