{"nom":"Communauté d'agglomération - Blois","type":"","adresse":"Hôtel d'agglomération , 41043, Blois Cedex , France","postalCode":"41043","city":"Blois Cedex ","country":"France","horaires":"Du Lundi au Mardi : de 08h30 à 17h30 | Le Mercredi : de 08h30 à 17h00 | Du Jeudi au Vendredi : de 08h30 à 17h30","contacts":{"email":"contact@agglopolys.fr","telephone":"02 54 90 35 35"},"website":"http://www.agglopolys.fr/","latitude":47.58795,"longitude":1.3362719,"url":"https://lannuaire.service-public.gouv.fr/centre-val-de-loire/loir-et-cher/f2045ea3-baa1-414c-b50b-4ce49de959f5"}
{"nom":"Communauté d'agglomération - Bourges Plus","type":"","adresse":"4 boulevard de l'Avenir , 18000, Bourges , France","postalCode":"18000","city":"Bourges ","country":"France","horaires":"Le Lundi : de 09h00 à 12h00 de 13h30 à 17h00 | Le Mardi : de 10h00 à 12h00 de 13h30 à 17h00 | Du Mercredi au Vendredi : de 09h00 à 12h00 de 13h30 à 17h00","contacts":{"email":"service.clientele@agglo-bourgesplus.fr","telephone":"08 00 89 77 30"},"website":"https://www.agglo-bourgesplus.fr/","latitude":47.08202,"longitude":2.3837526,"url":"https://lannuaire.service-public.gouv.fr/centre-val-de-loire/cher/32a6d646-b93b-48d9-8505-06664035e126"}
{"nom":"Communauté d'agglomération - Chartres Métropole","type":"","adresse":"Place des Halles , 28000, Chartres , France","postalCode":"28000","city":"Chartres ","country":"France","horaires":"Du Lundi au Vendredi : de 09h00 à 18h00 | Le Samedi : de 09h00 à 12h30 Accueil ouvert uniquement pour les démarches administratives.","contacts":{"email":"contact@agglo-ville.chartres.fr","telephone":"02 37 23 40 00"},"website":"https://www.chartres-metropole.fr/","latitude":48.443962,"longitude":1.487633,"url":"https://lannuaire.service-public.gouv.fr/centre-val-de-loire/eure-et-loir/eb9313cf-a218-4554-aed0-17171be25368"}
{"nom":"Communauté d'agglomération - Châteauroux Métropole","type":"","adresse":"Place de la République , 36012, Châteauroux Cedex , France","postalCode":"36012","city":"Châteauroux Cedex ","country":"France","horaires":"Du Lundi au Vendredi : de 09h00 à 17h00","contacts":{"email":"communication@chateauroux-metropole.fr","telephone":"02 54 08 33 00"},"website":"https://www.chateauroux-metropole.fr/","latitude":46.811623,"longitude":1.692253,"url":"https://lannuaire.service-public.gouv.fr/centre-val-de-loire/indre/faa707af-c1e9-473b-ab40-d1f521b8b10e"}
{"nom":"Communauté d'agglomération - Montargoise et Rives du Loing (AME)","type":"","adresse":"1 rue du Faubourg-de-la-Chaussée , 45125, Montargis , France","postalCode":"45125","city":"Montargis ","country":"France","horaires":"Du Lundi au Vendredi : de 09h00 à 12h00 de 14h00 à 17h00","contacts":{"email":"contact@agglo-montargoise.fr","telephone":"02 38 95 02 02"},"website":"https://www.agglo-montargoise.fr/","latitude":47.99775,"longitude":2.7365787,"url":"https://lannuaire.service-public.gouv.fr/centre-val-de-loire/loiret/37f4e54c-54a9-4b47-a056-5f7edb3712b4"}
{"nom":"Communauté d'agglomération - Pays de Dreux","type":"","adresse":"4 rue de Châteaudun , 28100, Dreux , France","postalCode":"28100","city":"Dreux ","country":"France","horaires":"Du Lundi au Jeudi : de 09h00 à 12h00 de 13h30 à 17h00 | Le Vendredi : de 09h00 à 12h00 de 13h30 à 16h30","contacts":{"email":"contact@dreux-agglomeration.fr","telephone":"02 37 64 82 00"},"website":"https://www.dreux-agglomeration.fr/","latitude":48.736584,"longitude":1.3700916,"url":"https://lannuaire.service-public.gouv.fr/centre-val-de-loire/eure-et-loir/cd135617-cbf4-49e4-9221-a83f5942243f"}
{"nom":"Communauté d'agglomération - Territoires Vendômois","type":"","adresse":"Parc Ronsard , 41100, Vendôme , France","postalCode":"41100","city":"Vendôme ","country":"France","horaires":"Le Lundi : de 08h30 à 12h00 de 13h30 à 17h30 | Le Mardi : de 13h30 à 17h30 | Du Mercredi au Jeudi : de 08h30 à 12h00 de 13h30 à 17h30 | Le Vendredi : de 08h30 à 17h30","contacts":{"email":"courrier@catv41.fr","telephone":"02 54 89 42 00"},"website":"https://www.territoiresvendomois.fr/","latitude":47.819225,"longitude":1.021848,"url":"https://lannuaire.service-public.gouv.fr/centre-val-de-loire/loir-et-cher/6ec56d5c-8925-4eb5-8b68-ba5ba265a6cc"}
{"nom":"Communauté de communes - Arnon Boischaut Cher","type":"","adresse":"2 rue Brune , 18190, Châteauneuf-sur-Cher , France","postalCode":"18190","city":"Châteauneuf-sur-Cher ","country":"France","horaires":"Du Lundi au Jeudi : de 08h30 à 12h00 de 13h30 à 17h30 | Le Vendredi : de 08h30 à 12h00 de 13h30 à 16h30","contacts":{"email":"comcom.abc@orange.fr","telephone":"02 48 60 42 74"},"website":"https://www.comcomabc.fr/","latitude":46.857746,"longitude":2.319948,"url":"https://lannuaire.service-public.gouv.fr/centre-val-de-loire/cher/66080191-8942-4bec-bf50-44cd8c6185a6"}
{"nom":"Communauté de communes - Beauce Val de Loire","type":"","adresse":"9 rue Nationale , 41500, Mer , France","postalCode":"41500","city":"Mer ","country":"France","horaires":"Du Lundi au Mercredi : de 08h30 à 12h30 de 13h30 à 17h30 | Le Jeudi : de 10h30 à 12h30 de 13h30 à 17h30 | Le Vendredi : de 08h30 à 12h30 de 13h30 à 17h30","contacts":{"email":"contact@beaucevaldeloire.fr","telephone":"02 54 81 40 80"},"website":"https://www.beaucevaldeloire.fr/","latitude":47.6997,"longitude":1.5087956,"url":"https://lannuaire.service-public.gouv.fr/centre-val-de-loire/loir-et-cher/f5646667-ab43-497e-b222-2dc572278cea"}
{"nom":"Communauté de communes - Berry Grand Sud","type":"","adresse":"6 Grande rue , 18170, Le Châtelet , France","postalCode":"18170","city":"Le Châtelet ","country":"France","horaires":"Du Lundi au Vendredi : de 08h30 à 12h30 de 13h30 à 16h30","contacts":{"email":"contact@cdc-berry-grand-sud.fr","telephone":"02 48 56 37 92"},"website":"https://cdc-berry-grand-sud.fr/","latitude":46.641777,"longitude":2.2844527,"url":"https://lannuaire.service-public.gouv.fr/centre-val-de-loire/cher/46eace04-0ff0-4fa3-8806-b2eb1b7794ae"}
{"nom":"Communauté de communes - Berry Loire Puisaye","type":"","adresse":"42 rue des Prés-Gris , 45250, Briare , France","postalCode":"45250","city":"Briare ","country":"France","horaires":"Du Lundi au Jeudi : de 09h00 à 12h00 de 14h00 à 17h00 | Le Vendredi : de 09h00 à 12h00 de 14h00 à 16h30","contacts":{"email":"contact@cc-berryloirepuisaye.fr","telephone":"02 38 37 03 84"},"website":"https://cc-berryloirepuisaye.fr/fr/","latitude":47.641796,"longitude":2.7319546,"url":"https://lannuaire.service-public.gouv.fr/centre-val-de-loire/loiret/50a3d8c1-3477-48b3-9af2-9c55b5902194"}
{"nom":"Communauté de communes - Berry Loire Vauvise","type":"","adresse":"6 rue Hubert-Gouvernel , 18140, Sancergues , France","postalCode":"18140","city":"Sancergues ","country":"France","horaires":"Du Lundi au Vendredi : de 08h00 à 12h00","contacts":{"email":"cdc.berryloirevauvise@gmail.com","telephone":"02 48 79 38 35"},"website":"http://www.cdc-berryloirevauvise.fr/","latitude":47.156433,"longitude":2.917474,"url":"https://lannuaire.service-public.gouv.fr/centre-val-de-loire/cher/12c37d3d-2b60-4e70-a5fc-6814174295aa"}
{"nom":"Communauté de communes - Bléré Val de Cher","type":"","adresse":"39 rue Gambetta , 37150, Bléré , France","postalCode":"37150","city":"Bléré ","country":"France","horaires":"Du Lundi au Vendredi : de 09h00 à 17h00","contacts":{"email":"info@cc-autourdechenonceaux.fr","telephone":"02 47 23 58 63"},"website":"https://www.cc-autourdechenonceaux.fr/","latitude":47.335674,"longitude":0.9905306,"url":"https://lannuaire.service-public.gouv.fr/centre-val-de-loire/indre-et-loire/eb1a1b5a-6a23-47d1-a8fe-de23b56ed687"}
{"nom":"Communauté de communes - Bonnevalais","type":"","adresse":"19 rue Saint-Roch , 28800, Bonneval , France","postalCode":"28800","city":"Bonneval ","country":"France","horaires":"Le Lundi : de 08h30 à 12h00 de 13h45 à 17h00 | Du Mercredi au Vendredi : de 08h30 à 12h00 de 13h45 à 17h00","contacts":{"email":"accueil@cdcdubonnevalais.fr","telephone":"02 37 47 32 56"},"website":"https://www.comcomdubonnevalais.com/","latitude":48.184807,"longitude":1.3888468,"url":"https://lannuaire.service-public.gouv.fr/centre-val-de-loire/eure-et-loir/2647a571-faf0-49ee-a84f-d018ce45499f"}
{"nom":"Communauté de communes - Brenne Val de Creuse","type":"","adresse":"5 rue de l'Église , 36300, Ruffec , France","postalCode":"36300","city":"Ruffec ","country":"France","horaires":"Du Lundi au Jeudi : de 08h00 à 12h00 de 13h30 à 17h30 | Le Vendredi : de 08h00 à 12h00 de 13h30 à 16h30","contacts":{"email":"contact@cc-brennevaldecreuse.fr","telephone":"02 54 28 33 60"},"website":"https://www.cc-brennevaldecreuse.fr/","latitude":46.629074,"longitude":1.1707987,"url":"https://lannuaire.service-public.gouv.fr/centre-val-de-loire/indre/1857b010-b436-4d1d-8d1f-1d4098d47aa6"}
{"nom":"Communauté de communes - Canaux et Forêts en Gâtinais","type":"","adresse":"155 rue des Érables , 45260, Lorris , France","postalCode":"45260","city":"Lorris ","country":"France","horaires":"Du Lundi au Vendredi : de 09h00 à 12h45 de 13h45 à 17h00","contacts":{"email":"accueil@comcomcfg.fr","telephone":"02 38 92 31 11"},"website":"https://www.comcomcfg.fr/","latitude":47.88943,"longitude":2.513268,"url":"https://lannuaire.service-public.gouv.fr/centre-val-de-loire/loiret/2fd36bdf-ac79-4781-8189-0f4ab0aaa1b1"}
{"nom":"Communauté de communes - Castelrenaudais","type":"","adresse":"5 rue du Four-Brûlé , 37110, Château-Renault , France","postalCode":"37110","city":"Château-Renault ","country":"France","horaires":"Du Lundi au Jeudi : de 09h00 à 12h00 de 13h30 à 17h00 | Le Vendredi : de 09h00 à 12h00 de 13h30 à 16h00","contacts":{"email":"contact@cc-castelrenaudais.fr","telephone":"02 47 29 57 40"},"website":"https://www.cc-castelrenaudais.fr/","latitude":47.590054,"longitude":0.907767,"url":"https://lannuaire.service-public.gouv.fr/centre-val-de-loire/indre-et-loire/b581007e-68f1-4caa-b3da-40d112762f85"}
{"nom":"Communauté de communes - Chabris Pays de Bazelle","type":"","adresse":"8 place Albert-Boivin , 36210, Chabris , France","postalCode":"36210","city":"Chabris ","country":"France","horaires":"Du Lundi au Vendredi : de 09h00 à 12h15 de 14h00 à 17h15","contacts":{"email":"contact@chabris-bazelle.fr","telephone":"02 54 40 15 88"},"website":"https://www.chabris-bazelle.fr/","latitude":47.255,"longitude":1.6538807,"url":"https://lannuaire.service-public.gouv.fr/centre-val-de-loire/indre/86fded55-d7c1-4c37-9afa-ecf5a2a3ac78"}
{"nom":"Communauté de communes - Champagne Boischauts","type":"","adresse":"24 rue de la République , 36150, Vatan , France","postalCode":"36150","city":"Vatan ","country":"France","horaires":"Du Lundi au Mardi : de 08h00 à 12h00 de 13h00 à 16h30 | Le Mercredi : de 08h00 à 12h00 | Le Jeudi : de 08h00 à 12h00 de 13h00 à 16h30 | Le Vendredi : de 08h00 à 12h00","contacts":{"email":"accueil@cc-champagne-boischauts.fr","telephone":"02 54 49 77 07"},"website":"https://www.cc-champagne-boischauts.fr/","latitude":47.069298,"longitude":1.8150926,"url":"https://lannuaire.service-public.gouv.fr/centre-val-de-loire/indre/9c535081-7522-4c6d-997a-b1add2809bab"}
{"nom":"Communauté de communes - Châtillonnais en Berry","type":"","adresse":"1 rue Maurice-Davaillon , 36700, Chatillon-sur-Indre , France","postalCode":"36700","city":"Chatillon-sur-Indre ","country":"France","horaires":"Du Lundi au Mardi : de 09h00 à 12h00 de 14h00 à 17h00 | Le Mercredi : de 09h00 à 12h00 | Le Jeudi : de 09h00 à 12h00 de 14h00 à 17h00 | Le Vendredi : de 09h00 à 12h00","contacts":{"email":"accueil@chatillonnais-en-berry.fr","telephone":"02 54 39 01 16"},"website":"https://chatillonnais-en-berry.fr/","latitude":46.98754,"longitude":1.173442,"url":"https://lannuaire.service-public.gouv.fr/centre-val-de-loire/indre/48a68787-1b62-46a2-a3cd-2590a6ede86a"}
{"nom":"Communauté de communes - Chinon Vienne et Loire","type":"","adresse":"32 rue Marcel-Vignaud , 37420, Avoine , France","postalCode":"37420","city":"Avoine ","country":"France","horaires":"Du Lundi au Jeudi : de 08h30 à 12h30 de 14h00 à 17h30 | Le Vendredi : de 08h30 à 12h30 de 14h00 à 16h30","contacts":{"email":"communication@cc-cvl.fr","telephone":"02 47 93 78 78"},"website":"https://www.chinon-vienne-loire.fr/","latitude":47.205704,"longitude":0.181923,"url":"https://lannuaire.service-public.gouv.fr/centre-val-de-loire/indre-et-loire/a36af3ad-32b3-4010-80a7-0ce69675aef9"}
{"nom":"Communauté de communes - Coeur de Beauce","type":"","adresse":"ZA de l'Ermitage , 28310, Janville , France","postalCode":"28310","city":"Janville ","country":"France","horaires":"Du Lundi au Vendredi : de 09h00 à 12h00 de 14h00 à 18h00","contacts":{"email":"contact@coeurdebeauce.fr","telephone":"02 37 90 15 41"},"website":"https://www.coeurdebeauce.fr/","latitude":48.203014,"longitude":1.872299,"url":"https://lannuaire.service-public.gouv.fr/centre-val-de-loire/eure-et-loir/2f603f8d-0d05-4352-be94-7c2dc3863cd0"}
{"nom":"Communauté de communes - Coeur de Berry","type":"","adresse":"13 rue des Tours , 18120, Lury-sur-Arnon , France","postalCode":"18120","city":"Lury-sur-Arnon ","country":"France","horaires":"Du Lundi au Vendredi : de 09h00 à 12h00 de 13h30 à 17h00","contacts":{"email":"coeurdeberry@orange.fr","telephone":"02 48 51 13 73"},"website":"https://www.coeurdeberry.fr/","latitude":47.145638,"longitude":2.217346,"url":"https://lannuaire.service-public.gouv.fr/centre-val-de-loire/cher/a90d2785-ace4-42f2-8142-891ec1387b8e"}
{"nom":"Communauté de communes - Coeur de Brenne","type":"","adresse":"1 rue du Prieuré , 36290, Saint-Michel-en-Brenne , France","postalCode":"36290","city":"Saint-Michel-en-Brenne ","country":"France","horaires":"Du Lundi au Mardi : de 09h00 à 12h00 de 13h30 à 17h30 | Le Mercredi : de 09h00 à 12h00 de 14h00 à 17h00 | Le Jeudi : de 09h00 à 12h00 de 13h30 à 17h30 | Le Vendredi : de 09h00 à 12h00 de 13h30 à 16h30","contacts":{"email":"cdc@coeurdebrenne.fr","telephone":"02 54 38 18 60"},"website":"https://www.coeurdebrenne.fr/","latitude":46.80778,"longitude":1.159776,"url":"https://lannuaire.service-public.gouv.fr/centre-val-de-loire/indre/dbe4cfad-ec31-4026-9a50-5019c889c426"}
{"nom":"Communauté de communes - Coeur de France","type":"","adresse":"1 rue Philibert-Audebrand , 18200, Saint-Amand-Montrond , France","postalCode":"18200","city":"Saint-Amand-Montrond ","country":"France","horaires":"Du Lundi au Vendredi : de 08h30 à 12h00 de 14h00 à 17h00","contacts":{"email":"contact@cc-coeurdefrance.fr","telephone":"02 48 82 11 46"},"website":"https://cc-coeurdefrance.fr/","latitude":46.721745,"longitude":2.5068078,"url":"https://lannuaire.service-public.gouv.fr/centre-val-de-loire/cher/89b4843f-2621-4872-9219-5e069e3c5d4f"}
{"nom":"Communauté de communes - Coeur de Sologne","type":"","adresse":"Place Simone-Veil , 41600, Lamotte-Beuvron , France","postalCode":"41600","city":"Lamotte-Beuvron ","country":"France","horaires":"Du Lundi au Mercredi : de 09h00 à 12h00 de 13h30 à 17h30 | Le Jeudi : de 09h00 à 12h00 | Le Vendredi : de 09h00 à 12h00 de 13h30 à 17h30","contacts":{"email":"contact@coeurdesologne.com","telephone":"02 54 83 09 92"},"website":"","latitude":47.587337,"longitude":2.015581,"url":"https://lannuaire.service-public.gouv.fr/centre-val-de-loire/loir-et-cher/47f5514b-2401-49dc-94d3-cd14c4eece86"}
{"nom":"Communauté de communes - Collines du Perche","type":"","adresse":"36 rue Gheerbrant , 41170, Mondoubleau , France","postalCode":"41170","city":"Mondoubleau ","country":"France","horaires":"Du Lundi au Vendredi : de 08h30 à 12h00 de 13h30 à 17h00","contacts":{"email":"dgs@cc-collinesperche.fr","telephone":"02 54 89 71 14"},"website":"https://www.cc-collinesperche.fr/","latitude":47.98171,"longitude":0.895512,"url":"https://lannuaire.service-public.gouv.fr/centre-val-de-loire/loir-et-cher/2b2f19e4-aa7a-44c8-95b8-64d3613d77cc"}
{"nom":"Communauté de communes - Écueillé Valençay","type":"","adresse":"23 avenue de la Résistance , 36600, Valençay , France","postalCode":"36600","city":"Valençay ","country":"France","horaires":"Du Lundi au Jeudi : de 09h00 à 12h00 de 13h30 à 17h00 | Le Vendredi : de 09h00 à 12h00 de 13h30 à 16h30","contacts":{"email":"accueil@ccev.fr","telephone":"02 54 00 32 38"},"website":"https://cc-ecueille-valencay.fr/","latitude":47.16409,"longitude":1.5589579,"url":"https://lannuaire.service-public.gouv.fr/centre-val-de-loire/indre/b8f37db2-16e3-460d-ab0e-7d438ff15784"}
{"nom":"Communauté de communes - Éguzon Argenton Vallée de la Creuse","type":"","adresse":"8 rue Simone-de-Beauvoir , 36200, Argenton-sur-Creuse , France","postalCode":"36200","city":"Argenton-sur-Creuse ","country":"France","horaires":"Du Lundi au Vendredi : de 08h30 à 12h00 de 13h30 à 17h30","contacts":{"email":"info@cc-valleedelacreuse.fr","telephone":"02 54 01 09 00"},"website":"https://lavalleedelacreuse.fr/","latitude":46.58616,"longitude":1.525379,"url":"https://lannuaire.service-public.gouv.fr/centre-val-de-loire/indre/1c6e3600-c126-41c5-b417-bdc62a0f3de5"}
{"nom":"Communauté de communes - Entre Beauce et Perche","type":"","adresse":"2 rue du Pavillon , 28120, Illiers-Combray , France","postalCode":"28120","city":"Illiers-Combray ","country":"France","horaires":"Du Lundi au Vendredi : de 09h00 à 12h30 de 13h30 à 17h00","contacts":{"email":"contact@entrebeauceetperche.fr","telephone":"02 37 24 38 47"},"website":"https://entrebeauceetperche.fr/","latitude":48.29819,"longitude":1.2462827,"url":"https://lannuaire.service-public.gouv.fr/centre-val-de-loire/eure-et-loir/3b7bd96f-42a6-4e80-bd12-690db6c49991"}
{"nom":"Communauté de communes - Fercher Pays Florentais","type":"","adresse":"Place de la République , 18400, Saint-Florent-sur-Cher , France","postalCode":"18400","city":"Saint-Florent-sur-Cher ","country":"France","horaires":"Du Lundi au Jeudi : de 08h30 à 12h00 de 13h30 à 17h30 | Le Vendredi : de 08h30 à 12h00 de 13h30 à 17h00","contacts":{"email":"paysflorentais@cc-fercher.fr","telephone":"02 48 23 22 08"},"website":"https://www.ccfercher.fr/","latitude":46.99297,"longitude":2.2445893,"url":"https://lannuaire.service-public.gouv.fr/centre-val-de-loire/cher/90e97dce-f69e-4dbe-89f3-f7f85c29d8c0"}
{"nom":"Communauté de communes - Forêts du Perche","type":"","adresse":"Mairie , 28250, Senonches , France","postalCode":"28250","city":"Senonches ","country":"France","horaires":"Du Lundi au Jeudi : de 09h00 à 12h00 de 14h00 à 18h00 | Le Vendredi : de 09h00 à 12h00 de 14h00 à 17h00","contacts":{"email":"contact@foretsduperche.fr","telephone":"02 37 37 37 28"},"website":"http://www.foretsduperche.fr/","latitude":48.56057,"longitude":1.0330724,"url":"https://lannuaire.service-public.gouv.fr/centre-val-de-loire/eure-et-loir/8ba81e2e-2e5c-4133-b1f3-5fd6153acb7a"}
{"nom":"Communauté de communes - Gâtine-Racan","type":"","adresse":"6 rue du Chêne-Baudet , 37360, Saint-Antoine-du-Rocher , France","postalCode":"37360","city":"Saint-Antoine-du-Rocher ","country":"France","horaires":"Le Lundi : de 08h30 à 12h00 de 14h00 à 17h15 | Le Mardi : de 08h30 à 12h00 | Du Mercredi au Vendredi : de 08h30 à 12h00 de 14h00 à 17h15","contacts":{"email":"accueil@gatine-racan.fr","telephone":"02 47 29 81 00"},"website":"https://www.gatine-racan.fr/","latitude":47.50424,"longitude":0.620742,"url":"https://lannuaire.service-public.gouv.fr/centre-val-de-loire/indre-et-loire/71f09065-1991-4510-ae71-2da9c9a4d665"}
{"nom":"Communauté de communes - Giennoises","type":"","adresse":"3 chemin de Montfort , 45500, Gien , France","postalCode":"45500","city":"Gien ","country":"France","horaires":"Du Lundi au Jeudi : de 08h30 à 12h00 de 13h30 à 17h00 | Le Vendredi : de 08h30 à 12h00 de 13h30 à 16h30","contacts":{"email":"direction@cc-giennoises.fr","telephone":"02 38 29 80 00"},"website":"https://www.legiennois.fr/","latitude":47.697544,"longitude":2.624489,"url":"https://lannuaire.service-public.gouv.fr/centre-val-de-loire/loiret/715aa30c-67fd-4348-9016-46d19cd1e5d9"}
{"nom":"Communauté de communes - Grand Chambord","type":"","adresse":"22 avenue de la Sablière , 41250, Bracieux , France","postalCode":"41250","city":"Bracieux ","country":"France","horaires":"Le Lundi : de 14h00 à 17h00 | Du Mardi au Jeudi : de 09h15 à 12h15 de 14h00 à 17h00 | Le Vendredi : de 09h15 à 12h15 de 14h00 à 16h00","contacts":{"email":"contact@grandchambord.fr","telephone":"02 54 46 53 80"},"website":"https://www.grandchambord.fr/","latitude":47.551914,"longitude":1.5501812,"url":"https://lannuaire.service-public.gouv.fr/centre-val-de-loire/loir-et-cher/0746a14a-affb-43f7-a6db-92cd10ff06bb"}
{"nom":"Communauté de communes - Grand Châteaudun","type":"","adresse":"2 route de Blois , 28200, Châteaudun , France","postalCode":"28200","city":"Châteaudun ","country":"France","horaires":"Du Lundi au Vendredi : de 08h30 à 12h30 de 13h45 à 17h00","contacts":{"email":"contact@grandchateaudun.fr","telephone":"02 37 44 98 94"},"website":"https://www.grandchateaudun.fr/","latitude":48.070972,"longitude":1.3279192,"url":"https://lannuaire.service-public.gouv.fr/centre-val-de-loire/eure-et-loir/3d22665f-7143-4f2e-8bc4-7e13064efc13"}
{"nom":"Communauté de communes - La Beauce Loirétaine","type":"","adresse":"Chemin des ouches , 45410, Sougy , France","postalCode":"45410","city":"Sougy ","country":"France","horaires":"Du Lundi au Mardi : de 08h30 à 12h00 de 13h30 à 16h45 | Le Mercredi : de 08h30 à 12h00 | Du Jeudi au Vendredi : de 08h30 à 12h00 de 13h30 à 16h45","contacts":{"email":"contact@cc-beauceloiretaine.fr","telephone":"02 19 23 00 50"},"website":"https://www.cc-beauceloiretaine.fr/","latitude":48.05435,"longitude":1.792769,"url":"https://lannuaire.service-public.gouv.fr/centre-val-de-loire/loiret/1e0f58ad-6231-49a5-b7e0-e4202dcbcee7"}
{"nom":"Communauté de communes - La Châtre et Sainte Sévère","type":"","adresse":"22 place du Général-de-Gaulle , 36400, La Châtre , France","postalCode":"36400","city":"La Châtre ","country":"France","horaires":"Du Lundi au Jeudi : de 09h00 à 12h00 de 14h00 à 17h00 | Le Vendredi : de 09h00 à 12h00","contacts":{"email":"s.administratif@cdc-lcss.fr","telephone":"02 54 62 10 10"},"website":"https://cdc-lcss.fr/","latitude":46.577652,"longitude":1.985875,"url":"https://lannuaire.service-public.gouv.fr/centre-val-de-loire/indre/4b465cad-5642-4673-9e43-fb91cb0344ff"}
{"nom":"Communauté de communes - La Cléry du Betz et de l'Ouanne","type":"","adresse":"569 route de Châtillon-Colligny , 45220, Château-Renard , France","postalCode":"45220","city":"Château-Renard ","country":"France","horaires":"Du Lundi au Jeudi : de 09h00 à 12h00 de 14h00 à 17h00 | Le Vendredi : de 09h00 à 12h00 de 14h00 à 16h30","contacts":{"email":"accueil@3cbo.fr","telephone":"02 38 95 25 15"},"website":"https://www.3cbo.fr/","latitude":47.922565,"longitude":2.9302638,"url":"https://lannuaire.service-public.gouv.fr/centre-val-de-loire/loiret/d7afa4b9-2de1-452a-9730-55a77b34c139"}
{"nom":"Communauté de communes - La Forêt","type":"","adresse":"15 rue du Mail-Est , 45170, Neuville-aux-Bois , France","postalCode":"45170","city":"Neuville-aux-Bois ","country":"France","horaires":"Du Lundi au Mardi : de 09h00 à 12h00 de 14h00 à 17h00 | Le Mercredi : de 09h00 à 12h00 | Le Jeudi : de 09h00 à 12h00 de 14h00 à 17h00 | Le Vendredi : de 09h00 à 12h00","contacts":{"email":"contact@cc-foret.fr","telephone":"02 38 91 52 88"},"website":"https://www.cc-foret.fr/","latitude":48.069855,"longitude":2.056602,"url":"https://lannuaire.service-public.gouv.fr/centre-val-de-loire/loiret/fab2e052-a94f-4590-b98c-06ff6d37cf01"}
{"nom":"Communauté de communes - La Marche Berrichonne","type":"","adresse":"8 rue Jean-Marien-Messant , 36140, Aigurande , France","postalCode":"36140","city":"Aigurande ","country":"France","horaires":"Du Lundi au Vendredi : de 08h15 à 12h15 de 14h00 à 18h00 | Le Samedi : de 08h15 à 12h15","contacts":{"email":"contact@ccmarcheberrichonne.fr","telephone":"02 54 06 37 33"},"website":"https://www.ccmarcheberrichonne.fr/site/","latitude":46.43264,"longitude":1.825623,"url":"https://lannuaire.service-public.gouv.fr/centre-val-de-loire/indre/4ecbd536-488d-466a-901f-c751f51161ad"}
{"nom":"Communauté de communes - La Plaine du Nord Loiret","type":"","adresse":"3 rue de l'Avenir , 45480, Bazoches-les-Gallerandes , France","postalCode":"45480","city":"Bazoches-les-Gallerandes ","country":"France","horaires":"Du Lundi au Vendredi : de 08h30 à 12h00 de 13h30 à 17h00","contacts":{"email":"accueil@cc-plaine-nord-loiret.fr","telephone":"02 38 39 60 38"},"website":"https://cc-plaine-nord-loiret.fr/","latitude":48.161507,"longitude":2.0442314,"url":"https://lannuaire.service-public.gouv.fr/centre-val-de-loire/loiret/93e3d19d-4255-441d-bf45-1348d23f6216"}
{"nom":"Communauté de communes - La Septaine","type":"","adresse":"ZAC Les Alouettes , 18520, Avord , France","postalCode":"18520","city":"Avord ","country":"France","horaires":"Du Lundi au Jeudi : de 08h30 à 17h30 | Le Vendredi : de 08h30 à 17h00","contacts":{"email":"cclaseptaine@cc-laseptaine.fr","telephone":"02 48 69 80 77"},"website":"http://cc-laseptaine.fr/","latitude":47.035625,"longitude":2.653254,"url":"https://lannuaire.service-public.gouv.fr/centre-val-de-loire/cher/6367e3f6-0f95-4398-a7c8-1cc55104be3d"}
{"nom":"Communauté de communes - La Sologne des Etangs","type":"","adresse":"Domaine de Villemorant , 41210, Neung-sur-Beuvron , France","postalCode":"41210","city":"Neung-sur-Beuvron ","country":"France","horaires":"Du Lundi au Vendredi : de 09h00 à 12h30 de 13h30 à 17h00","contacts":{"email":"contact@sologne-des-etangs.fr","telephone":"02 54 94 62 00"},"website":"https://www.sologne-des-etangs.fr/","latitude":47.5342,"longitude":1.8057638,"url":"https://lannuaire.service-public.gouv.fr/centre-val-de-loire/loir-et-cher/0f8bded0-705c-44ba-9290-032087f1504c"}
{"nom":"Communauté de communes - La Sologne des Rivières","type":"","adresse":"33 boulevard de la République , 41300, Salbris , France","postalCode":"41300","city":"Salbris ","country":"France","horaires":"Le Lundi : de 13h30 à 17h30 | Du Mardi au Mercredi : de 09h00 à 12h00 de 13h30 à 17h00 | Le Jeudi : de 09h00 à 12h00 | Le Vendredi : de 09h00 à 12h00 de 13h30 à 17h00 | Le Samedi : de 09h00 à 12h00","contacts":{"email":"solognedesrivieres@ccsr.fr","telephone":"02 54 97 10 40"},"website":"https://sologne-des-rivieres.fr/","latitude":47.42464,"longitude":2.053284,"url":"https://lannuaire.service-public.gouv.fr/centre-val-de-loire/loir-et-cher/86399de6-2317-47e7-80fc-dc72d64a8f7c"}
{"nom":"Communauté de communes - Le Dunois","type":"","adresse":"Place du Champ-de-Foire , 18130, Dun-sur-Auron , France","postalCode":"18130","city":"Dun-sur-Auron ","country":"France","horaires":"Le Lundi : de 13h30 à 17h30 | Du Mardi au Jeudi : de 08h30 à 12h00 de 13h30 à 17h30 | Le Vendredi : de 08h30 à 12h00 de 13h30 à 17h00","contacts":{"email":"contact@cdcledunois.fr","telephone":"02 48 59 16 32"},"website":"","latitude":46.88752,"longitude":2.5727725,"url":"https://lannuaire.service-public.gouv.fr/centre-val-de-loire/cher/10cb3b9b-928f-4d2c-b14b-42c8ba2d83e3"}
{"nom":"Communauté de communes - Les Trois Provinces","type":"","adresse":"21 rue Pierre-Caldi , 18600, Sancoins , France","postalCode":"18600","city":"Sancoins ","country":"France","horaires":"Du Lundi au Vendredi : de 09h00 à 12h00 de 13h00 à 16h00","contacts":{"email":"contact@cc3p.fr","telephone":"02 48 80 09 28"},"website":"https://www.cc3p.fr/","latitude":46.83378,"longitude":2.928581,"url":"https://lannuaire.service-public.gouv.fr/centre-val-de-loire/cher/7ca0ed72-f637-4f65-9029-88f9af27ade0"}
{"nom":"Communauté de communes - Levroux-Boischaut-Champagne","type":"","adresse":"10 place de l'Hôtel-de-Ville , 36110, Levroux , France","postalCode":"36110","city":"Levroux ","country":"France","horaires":"Du Lundi au Jeudi : de 09h00 à 12h00 de 14h00 à 17h00 | Le Vendredi : de 09h00 à 12h00 de 14h00 à 16h00","contacts":{"email":"accueil@levroux.fr","telephone":"02 54 35 70 54"},"website":"https://www.ville-levroux.fr/interco.html","latitude":46.97967,"longitude":1.6145419,"url":"https://lannuaire.service-public.gouv.fr/centre-val-de-loire/indre/81a1a97c-ca46-4ce4-a380-48bc29327eb6"}
{"nom":"Communauté de communes - Loches Sud Touraine","type":"","adresse":"12 avenue de la Liberté , 37600, Loches , France","postalCode":"37600","city":"Loches ","country":"France","horaires":"Du Lundi au Vendredi : de 08h30 à 12h30 de 14h00 à 17h00","contacts":{"email":"accueil@lochessudtouraine.com","telephone":"02 47 91 19 20"},"website":"https://www.lochessudtouraine.com/","latitude":47.12773,"longitude":0.9990692,"url":"https://lannuaire.service-public.gouv.fr/centre-val-de-loire/indre-et-loire/1a0a6d88-b4f2-4f16-b2b5-2c69934e06d5"}
{"nom":"Communauté de communes - Loges","type":"","adresse":"54 rue du Clos-Renard , 45110, Châteauneuf-sur-Loire , France","postalCode":"45110","city":"Châteauneuf-sur-Loire ","country":"France","horaires":"Du Lundi au Jeudi : de 09h00 à 12h00 de 14h00 à 17h00 | Le Vendredi : de 09h00 à 12h00 de 14h00 à 16h00","contacts":{"email":"secretariat@cc-loges.fr","telephone":"02 38 46 99 66"},"website":"https://www.cc-loges.fr/","latitude":47.86489,"longitude":2.204741,"url":"https://lannuaire.service-public.gouv.fr/centre-val-de-loire/loiret/a3767d4d-7666-4c6a-bbd8-4728297ef8d8"}
{"nom":"Communauté de communes - Marche Occitane Val d'Anglin","type":"","adresse":"2 place Saint-Christophe , 36370, Lignac , France","postalCode":"36370","city":"Lignac ","country":"France","horaires":"Du Lundi au Vendredi : de 09h00 à 12h00 de 14h00 à 17h00","contacts":{"email":"contact@cdcmova.fr","telephone":"02 54 24 31 40"},"website":"https://cdc-mova.fr/","latitude":46.46665,"longitude":1.21766,"url":"https://lannuaire.service-public.gouv.fr/centre-val-de-loire/indre/3ec0cc7e-0cb4-4013-98fd-f4023b16cf93"}
{"nom":"Communauté de communes - Pays Fort Sancerrois Val de Loire","type":"","adresse":"41 rue Basse-des-Remparts , 18300, Sancerre , France","postalCode":"18300","city":"Sancerre ","country":"France","horaires":"Du Lundi au Vendredi : de 08h30 à 12h00 de 13h30 à 17h00","contacts":{"email":"secretariat@cdc-du-sancerrois.fr","telephone":"02 48 54 74 34"},"website":"https://www.comcompsv.fr/","latitude":47.330013,"longitude":2.836669,"url":"https://lannuaire.service-public.gouv.fr/centre-val-de-loire/cher/e2b89a70-4ec8-482e-94fb-dd6a23d8cf11"}
{"nom":"Communauté de communes - Pays d'Issoudun","type":"","adresse":"Place des Droits-de-l'Homme , 36100, Issoudun , France","postalCode":"36100","city":"Issoudun ","country":"France","horaires":"Le Lundi : de 13h30 à 18h00 | Du Mardi au Vendredi : de 08h30 à 12h00 de 13h30 à 18h00 | Le Samedi : de 08h30 à 12h00","contacts":{"email":"ccpi@issoudun.fr","telephone":"02 54 03 36 36"},"website":"https://www.issoudun.fr/vivre-a-issoudun/ccpi/","latitude":46.94785,"longitude":1.988218,"url":"https://lannuaire.service-public.gouv.fr/centre-val-de-loire/indre/4b9575d2-70d4-470a-a622-0b79613ca1fa"}
{"nom":"Communauté de communes - Pays de Nérondes","type":"","adresse":"27 route de Saint-Amand , 18350, Nérondes , France","postalCode":"18350","city":"Nérondes ","country":"France","horaires":"Du Mardi au Vendredi : de 08h30 à 12h30 de 13h30 à 17h00","contacts":{"email":"accueil@cdcpaysnerondes.com","telephone":"02 48 77 62 04"},"website":"https://cdcpaysnerondes.com/","latitude":46.994312,"longitude":2.8178086,"url":"https://lannuaire.service-public.gouv.fr/centre-val-de-loire/cher/3369c1f9-70e6-4998-9198-560dc67be1c3"}
{"nom":"Communauté de communes - Perche","type":"","adresse":"3 rue Doullay , 28400, Nogent-le-Rotrou , France","postalCode":"28400","city":"Nogent-le-Rotrou ","country":"France","horaires":"Du Lundi au Vendredi : de 08h30 à 12h15 de 13h45 à 17h00","contacts":{"email":"contact@cc-perche.fr","telephone":"02 37 52 18 82"},"website":"https://www.cc-perche.fr/","latitude":48.32275,"longitude":0.825085,"url":"https://lannuaire.service-public.gouv.fr/centre-val-de-loire/eure-et-loir/ff4cca9c-0bed-466d-90a3-b2e166e2f897"}
{"nom":"Communauté de communes - Perche et Haut Vendômois","type":"","adresse":"Place Pierre-Genevée , 41160, Freteval , France","postalCode":"41160","city":"Freteval ","country":"France","horaires":"Du Lundi au Vendredi : de 09h00 à 12h00 de 14h00 à 17h00","contacts":{"email":"cchv@cchv41.fr","telephone":"02 54 82 74 91"},"website":"https://cphv41.fr/","latitude":47.889458,"longitude":1.208877,"url":"https://lannuaire.service-public.gouv.fr/centre-val-de-loire/loir-et-cher/48f284d1-650a-41ab-b5ef-287623247236"}
{"nom":"Communauté de communes - Pithiverais","type":"","adresse":"5 route de Toury , 45300, Pithiviers-le-Vieil , France","postalCode":"45300","city":"Pithiviers-le-Vieil ","country":"France","horaires":"Le Lundi : de 13h30 à 16h30 | Le Mardi : de 08h30 à 12h00 de 13h30 à 16h30 | Le Mercredi : de 08h30 à 12h00 | Du Jeudi au Vendredi : de 08h30 à 12h00 de 13h30 à 16h30","contacts":{"email":"accueil@ccdp.fr","telephone":"02 38 32 76 10"},"website":"https://www.ccdp.fr/","latitude":48.1697,"longitude":2.23064,"url":"https://lannuaire.service-public.gouv.fr/centre-val-de-loire/loiret/9da445e5-9bf3-4785-a0c2-872039854cce"}
{"nom":"Communauté de communes - Pithiverais-Gâtinais","type":"","adresse":"3 bis rue des Déportés , 45340, Beaune-la-Rolande , France","postalCode":"45340","city":"Beaune-la-Rolande ","country":"France","horaires":"Du Lundi au Jeudi : de 09h00 à 12h30 de 13h30 à 17h30 | Le Vendredi : de 09h00 à 12h30 de 13h30 à 16h30","contacts":{"email":"accueil.beaunois@pithiveraisgatinais.fr","telephone":"02 38 33 92 68"},"website":"https://www.pithiveraisgatinais.fr/","latitude":48.071205,"longitude":2.433774,"url":"https://lannuaire.service-public.gouv.fr/centre-val-de-loire/loiret/97726be2-fe54-4048-8ac2-90d34977d916"}
{"nom":"Communauté de communes - Portes du Berry entre Loire et Val d'Aubois","type":"","adresse":"54 route de Nevers , 18320, Jouet-sur-l'Aubois , France","postalCode":"18320","city":"Jouet-sur-l'Aubois ","country":"France","horaires":"Du Lundi au Mardi : de 09h00 à 12h00 de 13h30 à 17h00 | Le Mercredi : de 09h00 à 12h00 | Le Jeudi : de 09h00 à 12h00 de 13h30 à 17h00 | Le Vendredi : de 09h00 à 12h00 de 13h30 à 17h00","contacts":{"email":"cdcportesduberry@orange.fr","telephone":"02 48 77 55 50"},"website":"https://www.cdc-portesduberry.fr/","latitude":47.04,"longitude":2.9970925,"url":"https://lannuaire.service-public.gouv.fr/centre-val-de-loire/cher/93d007d2-03af-444c-a879-1fa24bc5b533"}
{"nom":"Communauté de communes - Portes Euréliennes d'Île-de-France","type":"","adresse":"22 rue de savonniere , 28230, Épernon , France","postalCode":"28230","city":"Épernon ","country":"France","horaires":"Du Lundi au Jeudi : de 09h00 à 12h30 de 13h30 à 17h30 | Le Vendredi : de 09h00 à 12h30 de 13h30 à 17h00","contacts":{"email":"contact@porteseureliennesidf.fr","telephone":"02 37 83 49 33"},"website":"https://www.porteseureliennesidf.fr/","latitude":48.60279,"longitude":1.676289,"url":"https://lannuaire.service-public.gouv.fr/centre-val-de-loire/eure-et-loir/de59be2a-5052-4f01-acb5-cc302ec7a33a"}
{"nom":"Communauté de communes - Portes de Sologne","type":"","adresse":"Mairie , 45240, La Ferté-Saint-Aubin , France","postalCode":"45240","city":"La Ferté-Saint-Aubin ","country":"France","horaires":"Le Lundi : de 09h00 à 11h45 de 13h30 à 17h15 | Le Mardi : de 09h00 à 11h45 | Le Mercredi : de 09h00 à 11h45 de 13h30 à 17h15 | Le Jeudi : de 09h00 à 11h45 | Le Vendredi : de 09h00 à 11h45 de 13h30 à 17h15","contacts":{"email":"ccps@ccportesdesologne.fr","telephone":"02 38 64 83 91"},"website":"https://www.ccportesdesologne.fr/","latitude":47.71366,"longitude":1.9229648,"url":"https://lannuaire.service-public.gouv.fr/centre-val-de-loire/loiret/33558b18-417f-41af-978a-81911a2c8a11"}
{"nom":"Communauté de communes - Quatre Vallées","type":"","adresse":"4 place Saint-Macé , 45210, Ferrières-en-Gâtinais , France","postalCode":"45210","city":"Ferrières-en-Gâtinais ","country":"France","horaires":"Du Lundi au Jeudi : de 09h00 à 12h00 de 14h00 à 17h00 | Le Vendredi : de 09h00 à 12h00 de 14h00 à 16h00","contacts":{"email":"secretariatcc4v@cc4v.fr","telephone":"02 38 26 02 70"},"website":"https://www.cc4v.fr/","latitude":48.089966,"longitude":2.7914853,"url":"https://lannuaire.service-public.gouv.fr/centre-val-de-loire/loiret/842534ea-55e1-4d40-9d67-b8beeb6944e6"}
{"nom":"Communauté de communes - Romorantinais et du Monestois","type":"","adresse":"Rue Normant , 41200, Romorantin-Lanthenay , France","postalCode":"41200","city":"Romorantin-Lanthenay ","country":"France","horaires":"Le Lundi : de 09h00 à 12h00 de 13h30 à 17h30 | Du Mardi au Jeudi : de 08h00 à 12h00 de 13h30 à 17h30 | Le Vendredi : de 08h00 à 12h00 de 13h30 à 16h30","contacts":{"email":"direction.generale@ccrm41.fr","telephone":"02 54 94 41 61"},"website":"https://ccrm41.fr/","latitude":47.357338,"longitude":1.748529,"url":"https://lannuaire.service-public.gouv.fr/centre-val-de-loire/loir-et-cher/dc6b0502-a130-430f-8e68-b89ec96cb0dc"}
{"nom":"Communauté de communes - Sauldre et Sologne","type":"","adresse":"7 rue du 4-Septembre , 18410, Argent-sur-Sauldre , France","postalCode":"18410","city":"Argent-sur-Sauldre ","country":"France","horaires":"Du Lundi au Mercredi : de 09h00 à 12h00 de 13h00 à 17h00 | Le Jeudi : de 09h00 à 12h00 | Le Vendredi : de 09h00 à 12h00 de 13h00 à 17h00","contacts":{"email":"contact@sauldre-sologne.fr","telephone":"02 48 73 85 22"},"website":"https://www.sauldre-sologne.fr/","latitude":47.559322,"longitude":2.444462,"url":"https://lannuaire.service-public.gouv.fr/centre-val-de-loire/cher/98664bfd-73fe-4874-a2c4-67a75a48b2f3"}
{"nom":"Communauté de communes - Terres du Haut Berry","type":"","adresse":"31 bis route de Rians , 18220, Les Aix-d'Angillon , France","postalCode":"18220","city":"Les Aix-d'Angillon ","country":"France","horaires":"Du Lundi au Vendredi : de 09h00 à 12h00 de 14h00 à 17h00","contacts":{"email":"contact@terresduhautberry.fr","telephone":"02 48 64 75 75"},"website":"https://terresduhautberry.fr/","latitude":47.19887,"longitude":2.579564,"url":"https://lannuaire.service-public.gouv.fr/centre-val-de-loire/cher/c7ae270d-3b00-46ba-828a-db0fc7934e97"}
{"nom":"Communauté de communes - Terres de Perche","type":"","adresse":"Place de l'Hôtel-de-Ville , 28240, La Loupe , France","postalCode":"28240","city":"La Loupe ","country":"France","horaires":"Du Lundi au Mardi : de 08h30 à 12h00 de 13h30 à 17h30 | Le Jeudi : de 08h30 à 12h00 de 13h30 à 17h30 | Le Vendredi : de 08h30 à 12h00 de 13h30 à 16h30","contacts":{"email":"cdc@terresdeperche.fr","telephone":"02 37 81 29 59"},"website":"https://www.terresdeperche.fr/","latitude":48.471745,"longitude":1.0139353,"url":"https://lannuaire.service-public.gouv.fr/centre-val-de-loire/eure-et-loir/9d0b7414-fca0-4419-a998-22df8e738bd0"}
{"nom":"Communauté de communes - Terres du Val de Loire","type":"","adresse":"32 rue du Général-de-Gaulle , 45130, Meung-sur-Loire , France","postalCode":"45130","city":"Meung-sur-Loire ","country":"France","horaires":"Du Lundi au Vendredi : de 08h30 à 12h30 de 13h30 à 16h30","contacts":{"email":"accueil@ccterresduvaldeloire.fr","telephone":"02 38 45 11 11"},"website":"https://www.ccterresduvaldeloire.fr/","latitude":47.828587,"longitude":1.69815,"url":"https://lannuaire.service-public.gouv.fr/centre-val-de-loire/loiret/aca18a15-0241-4886-81f7-c048e4b5846f"}
{"nom":"Communauté de communes - Touraine Est Vallées","type":"","adresse":"48 rue de la Frelonnerie , 37270, Montlouis-sur-Loire , France","postalCode":"37270","city":"Montlouis-sur-Loire ","country":"France","horaires":"Du Lundi au Jeudi : de 08h30 à 12h30 de 14h00 à 17h00 | Le Vendredi : de 08h30 à 12h30 de 14h00 à 16h30","contacts":{"email":"contact@touraineestvallees.fr","telephone":"02 47 50 80 94"},"website":"https://www.touraineestvallees.fr/","latitude":47.37852,"longitude":0.8187845,"url":"https://lannuaire.service-public.gouv.fr/centre-val-de-loire/indre-et-loire/130842cd-8f92-44ba-b451-f6fbcfe7037d"}
{"nom":"Communauté de communes - Touraine Ouest Val de Loire","type":"","adresse":"2 rue des Sablons , 37340, Cléré-les-Pins , France","postalCode":"37340","city":"Cléré-les-Pins ","country":"France","horaires":"Du Lundi au Jeudi : de 08h30 à 12h30 de 13h30 à 17h30 | Le Vendredi : de 08h30 à 12h30 de 13h30 à 16h30","contacts":{"email":"contact@cctoval.fr","telephone":"02 47 24 06 32"},"website":"https://cctoval.fr/","latitude":47.4191,"longitude":0.3916781,"url":"https://lannuaire.service-public.gouv.fr/centre-val-de-loire/indre-et-loire/8ee26224-c2bd-4c0a-ad3d-2586841e2fa1"}
{"nom":"Communauté de communes - Touraine Vallée de l'Indre","type":"","adresse":"6 place Antoine-de-Saint-Exupéry , 37250, Sorigny , France","postalCode":"37250","city":"Sorigny ","country":"France","horaires":"Du Lundi au Vendredi : de 09h00 à 12h00 de 14h00 à 17h00","contacts":{"email":"contact@tourainevalleedelindre.fr","telephone":"02 47 34 29 00"},"website":"https://www.tourainevalleedelindre.fr/","latitude":47.25672,"longitude":0.693381,"url":"https://lannuaire.service-public.gouv.fr/centre-val-de-loire/indre-et-loire/f5a5f10f-f4f1-47ee-8150-98f5460db5a3"}
{"nom":"Communauté de communes - Touraine Val de Vienne","type":"","adresse":"14 route de Chinon , 37220, Panzoult , France","postalCode":"37220","city":"Panzoult ","country":"France","horaires":"Du Lundi au Vendredi : de 09h00 à 12h30 de 14h00 à 17h00","contacts":{"email":"contact@cc-tvv.fr","telephone":"02 47 97 03 26"},"website":"https://www.cc-tvv.fr/","latitude":47.120113,"longitude":0.4247862,"url":"https://lannuaire.service-public.gouv.fr/centre-val-de-loire/indre-et-loire/788ff095-f031-4dde-84bb-aec870f45f34"}
{"nom":"Communauté de communes - Val d'Amboise","type":"","adresse":"9 bis rue d'Amboise , 37530, Nazelles-Négron , France","postalCode":"37530","city":"Nazelles-Négron ","country":"France","horaires":"Du Lundi au Vendredi : de 09h00 à 12h00","contacts":{"email":"accueil@cc-valdamboise.fr","telephone":"02 47 23 47 44"},"website":"http://www.cc-valdamboise.fr/","latitude":47.41883,"longitude":0.9754994,"url":"https://lannuaire.service-public.gouv.fr/centre-val-de-loire/indre-et-loire/06eced13-422f-4cd5-b815-3565870eefec"}
{"nom":"Communauté de communes - Val de Bouzanne","type":"","adresse":"20 rue Émile-Forichon , 36230, Neuvy-Saint-Sépulcre , France","postalCode":"36230","city":"Neuvy-Saint-Sépulcre ","country":"France","horaires":"Du Lundi au Vendredi : de 08h30 à 12h00 de 13h30 à 17h30","contacts":{"email":"cdsbouzanne@orange.fr","telephone":"02 54 31 20 06"},"website":"https://www.valdebouzanne.fr/","latitude":46.59679,"longitude":1.8069403,"url":"https://lannuaire.service-public.gouv.fr/centre-val-de-loire/indre/dd15c5ab-032d-4c7f-8cae-75cdd2ab1639"}
{"nom":"Communauté de communes - Val de Cher Controis","type":"","adresse":"ZI des Barreliers , 41700, Le-Controis-en-Sologne , France","postalCode":"41700","city":"Le-Controis-en-Sologne ","country":"France","horaires":"Du Lundi au Vendredi : de 09h00 à 12h00 de 14h00 à 17h00","contacts":{"email":"contact@val2c.fr","telephone":"02 54 79 15 50"},"website":"https://www.val2c.fr/","latitude":47.431843,"longitude":1.446342,"url":"https://lannuaire.service-public.gouv.fr/centre-val-de-loire/loir-et-cher/8ee96140-871c-4db8-8edf-e5223bd24bf6"}
{"nom":"Communauté de communes - Val de l'Indre - Brenne","type":"","adresse":"1 rue Jean-Jaurès , 36320, Villedieu-sur-Indre , France","postalCode":"36320","city":"Villedieu-sur-Indre ","country":"France","horaires":"Du Lundi au Jeudi : de 08h30 à 12h30 de 13h30 à 17h30 | Le Vendredi : de 08h30 à 12h30 de 13h30 à 16h30","contacts":{"email":"cdc.valdelindre-brenne@wanadoo.fr","telephone":"02 54 26 91 11"},"website":"https://www.valdelindrebrenne.com/","latitude":46.847282,"longitude":1.538136,"url":"https://lannuaire.service-public.gouv.fr/centre-val-de-loire/indre/44a81c2d-0a39-4922-919b-eb96985cc907"}
{"nom":"Communauté de communes - Val de Sully","type":"","adresse":"28 route des Bordes , 45460, Bonnée , France","postalCode":"45460","city":"Bonnée ","country":"France","horaires":"Du Lundi au Vendredi : de 09h00 à 12h30 de 13h30 à 17h00","contacts":{"email":"accueil@valdesully.fr","telephone":"02 38 35 05 58"},"website":"https://valdesully.fr/","latitude":47.79854,"longitude":2.3869805,"url":"https://lannuaire.service-public.gouv.fr/centre-val-de-loire/loiret/268be038-b2bf-4d16-ba64-fe0fb41bba11"}
{"nom":"Communauté de communes - Vierzon Sologne Berry","type":"","adresse":"2 rue Blanche-Baron , 18100, Vierzon , France","postalCode":"18100","city":"Vierzon ","country":"France","horaires":"Du Lundi au Vendredi : de 09h00 à 12h00 de 14h00 à 17h30","contacts":{"email":"contact@cc-vierzon.fr","telephone":"02 48 71 35 78"},"website":"https://www.cc-vierzon.fr/","latitude":47.22144,"longitude":2.069791,"url":"https://lannuaire.service-public.gouv.fr/centre-val-de-loire/cher/c40b9076-b5d3-4d52-9ec6-0aa4f4ac8e03"}
{"nom":"Métropole - Orléans","type":"","adresse":"5 place du 6-Juin-1944 , 45000, Orléans , France","postalCode":"45000","city":"Orléans ","country":"France","horaires":"Du Lundi au Vendredi : de 08h30 à 12h00 de 13h30 à 17h30","contacts":{"email":"info@orleans-metropole.fr","telephone":"02 38 78 75 75"},"website":"https://www.orleans-metropole.fr/","latitude":47.902966,"longitude":1.909251,"url":"https://lannuaire.service-public.gouv.fr/centre-val-de-loire/loiret/f3ad88f1-9969-49dd-993b-1881d0defb50"}
{"nom":"Métropole - Tours Val de Loire","type":"","adresse":"60 avenue Marcel-Dassault , 37206, Tours , France","postalCode":"37206","city":"Tours ","country":"France","horaires":"Du Lundi au Vendredi : de 08h15 à 12h30 de 13h30 à 17h00","contacts":{"email":"","telephone":"02 47 80 11 11"},"website":"https://www.tours-metropole.fr/","latitude":47.363857,"longitude":0.676654,"url":"https://lannuaire.service-public.gouv.fr/centre-val-de-loire/indre-et-loire/b6a8d424-7c48-4e0e-aa0e-ce5e8e3c9c35"}
