{"nom":"Agglomération - Espace communautaire Lons","type":"","adresse":"4 avenue du 44e-Régiment-d'Infanterie , 39000, Lons-le-Saunier , France","postalCode":"39000","city":"Lons-le-Saunier ","country":"France","horaires":"Du Lundi au Vendredi : de 08h00 à 12h00 de 13h30 à 17h00","contacts":{"email":"contact@ecla-jura.fr","telephone":"03 84 24 46 06"},"website":"https://www.ecla-jura.fr/","latitude":46.67123,"longitude":5.552902,"url":"https://lannuaire.service-public.gouv.fr/bourgogne-franche-comte/jura/b1989671-90c3-483a-a536-fa0a33d70dab"}
{"nom":"Communauté d'agglomération - Auxerrois","type":"","adresse":"6 bis du Maréchal-Leclerc , 89010, Auxerre Cedex , France","postalCode":"89010","city":"Auxerre Cedex ","country":"France","horaires":"Permanence téléphonique uniquement.","contacts":{"email":"contact@agglo-auxerrois.fr","telephone":"03 86 72 43 00"},"website":"https://www.agglo-auxerrois.fr/","latitude":47.795757,"longitude":3.570292,"url":"https://lannuaire.service-public.gouv.fr/bourgogne-franche-comte/yonne/a113637f-5ba3-48d7-8ea2-148d4e0099c1"}
{"nom":"Communauté d'agglomération - Beaune Côte et Sud","type":"","adresse":"14 rue Philippe-Trinquet , 21200, Beaune , France","postalCode":"21200","city":"Beaune ","country":"France","horaires":"Du Lundi au Vendredi : de 08h30 à 12h30 de 14h00 à 18h00","contacts":{"email":"dgs@beaunecoteetsud.com","telephone":"03 80 24 56 80"},"website":"https://www.beaunecoteetsud.com/","latitude":47.017567,"longitude":4.8470626,"url":"https://lannuaire.service-public.gouv.fr/bourgogne-franche-comte/cote-d-or/2541a6a7-3b3e-461e-bb52-9edfc742f593"}
{"nom":"Communauté d'agglomération - Grand Belfort","type":"","adresse":"Place d'Armes , 90020, Belfort , France","postalCode":"90020","city":"Belfort ","country":"France","horaires":"Du Lundi au Vendredi : de 08h30 à 12h00 de 13h00 à 17h30 | Le Samedi : de 08h30 à 12h00","contacts":{"email":"courrier@grandbelfort.fr","telephone":"03 84 54 24 24"},"website":"https://www.grandbelfort.fr/","latitude":47.638264,"longitude":6.8627567,"url":"https://lannuaire.service-public.gouv.fr/bourgogne-franche-comte/territoire-de-belfort/70434e10-3df2-45fe-9ec3-04c4570d03f4"}
{"nom":"Communauté d'agglomération - Grand Dole","type":"","adresse":"Place de l'Europe , 39100, Dole , France","postalCode":"39100","city":"Dole ","country":"France","horaires":"Du Lundi au Vendredi : de 08h00 à 12h00 de 13h30 à 17h30 | Le Samedi : de 09h00 à 12h00 Accueil ouvert le samedi uniquement pour l'état civil et tous les jours sur rendez-vous de préférence.","contacts":{"email":"info@grand-dole.fr","telephone":"03 84 79 78 40"},"website":"https://www.grand-dole.fr/","latitude":47.090885,"longitude":5.489149,"url":"https://lannuaire.service-public.gouv.fr/bourgogne-franche-comte/jura/b93534f5-828e-4838-b8d5-789934968e04"}
{"nom":"Communauté d'agglomération - Grand Sénonais","type":"","adresse":"21 boulevard du 14-Juillet , 89105, Sens Cedex , France","postalCode":"89105","city":"Sens Cedex ","country":"France","horaires":"Du Lundi au Vendredi : de 08h30 à 12h00 de 14h00 à 17h30 | Accueil ouvert sur rendez-vous uniquement.","contacts":{"email":"courrier@grand-senonais.fr","telephone":"03 86 65 89 00"},"website":"https://www.grand-senonais.fr/","latitude":48.19535,"longitude":3.285477,"url":"https://lannuaire.service-public.gouv.fr/bourgogne-franche-comte/yonne/931df22e-72d8-4d50-8245-52ca90c884fc"}
{"nom":"Communauté d'agglomération - Le Grand Chalon","type":"","adresse":"23 avenue Georges-Pompidou , 71100, Chalon-sur-Saône , France","postalCode":"71100","city":"Chalon-sur-Saône ","country":"France","horaires":"Du Lundi au Vendredi : de 08h30 à 12h15 de 13h30 à 17h30","contacts":{"email":"contact@legrandchalon.fr","telephone":"03 85 94 15 15"},"website":"https://www.legrandchalon.fr/","latitude":46.779716,"longitude":4.844876,"url":"https://lannuaire.service-public.gouv.fr/bourgogne-franche-comte/saone-et-loire/9d0bcc3b-d74d-420b-ae45-56b211071546"}
{"nom":"Communauté d'agglomération - Mâconnais Beaujolais Agglomération","type":"","adresse":"67 esplanade du Breuil , 71011, Mâcon Cedex , France","postalCode":"71011","city":"Mâcon Cedex ","country":"France","horaires":"Du Lundi au Vendredi : de 09h00 à 12h00 de 14h00 à 17h00","contacts":{"email":"accueil@mb-agglo.com","telephone":"03 85 21 07 70"},"website":"https://www.mb-agglo.com/","latitude":46.314808,"longitude":4.837408,"url":"https://lannuaire.service-public.gouv.fr/bourgogne-franche-comte/saone-et-loire/d3196a02-46c9-4f45-a8b9-903c09238373"}
{"nom":"Communauté d'agglomération - Nevers","type":"","adresse":"124 route de Marzy , 58027, Nevers Cedex , France","postalCode":"58027","city":"Nevers Cedex ","country":"France","horaires":"Du Lundi au Jeudi : de 08h30 à 12h00 de 13h30 à 18h00 | Le Vendredi : de 08h30 à 12h00 de 13h30 à 17h00","contacts":{"email":"contact@agglo-nevers.fr","telephone":"03 86 61 81 60"},"website":"https://www.agglo-nevers.net/","latitude":46.987595,"longitude":3.118033,"url":"https://lannuaire.service-public.gouv.fr/bourgogne-franche-comte/nievre/18336d96-68cb-4ef1-baa8-ad9539e44501"}
{"nom":"Communauté d'agglomération - Pays de Montbéliard Agglomération","type":"","adresse":"8 avenue des Alliés , 25208, Montbéliard , France","postalCode":"25208","city":"Montbéliard ","country":"France","horaires":"Du Lundi au Vendredi : de 08h00 à 12h00 de 13h30 à 17h30","contacts":{"email":"","telephone":"03 81 31 88 88"},"website":"https://www.agglo-montbeliard.fr/","latitude":47.51454,"longitude":6.798327,"url":"https://lannuaire.service-public.gouv.fr/bourgogne-franche-comte/doubs/391918a0-18bb-467f-8c91-d94088efcde8"}
{"nom":"Communauté d'agglomération - Vesoul","type":"","adresse":"9 rue des Casernes , 70000, Vesoul , France","postalCode":"70000","city":"Vesoul ","country":"France","horaires":"Du Lundi au Vendredi : de 08h30 à 12h00 de 13h30 à 17h00","contacts":{"email":"agglomerationvesoul@vesoul.fr","telephone":"03 84 97 12 97"},"website":"https://www.vesoul.fr/","latitude":47.620106,"longitude":6.154192,"url":"https://lannuaire.service-public.gouv.fr/bourgogne-franche-comte/haute-saone/7c05b07f-7585-460b-acfd-5965891c2ccb"}
{"nom":"Communauté de communes - 1000 Étangs - Mélisey","type":"","adresse":"14 place du Marché , 70270, Mélisey , France","postalCode":"70270","city":"Mélisey ","country":"France","horaires":"Du Lundi au Jeudi : de 09h00 à 12h00 de 14h00 à 17h00 | Le Vendredi : de 09h00 à 12h00","contacts":{"email":"melisey.ccme@orange.fr","telephone":"03 84 20 05 53"},"website":"https://www.cc-1000etangs.fr/","latitude":47.753143,"longitude":6.5815506,"url":"https://lannuaire.service-public.gouv.fr/bourgogne-franche-comte/haute-saone/a61ea15b-ffdf-4b5e-ac9a-a6955a8002b8"}
{"nom":"Communauté de communes - Agglomération Migennoise","type":"","adresse":"1 bis rue des Écoles , 89400, Migennes , France","postalCode":"89400","city":"Migennes ","country":"France","horaires":"Du Lundi au Vendredi : de 08h30 à 12h00 de 13h30 à 17h00","contacts":{"email":"ccam@migennois.fr","telephone":"03 86 92 66 85"},"website":"https://www.migennois.fr/","latitude":47.964684,"longitude":3.5219772,"url":"https://lannuaire.service-public.gouv.fr/bourgogne-franche-comte/yonne/9bc86382-27cb-424b-8f60-e226d938ee48"}
{"nom":"Communauté de communes - Aillantais en Bourgogne","type":"","adresse":"Aillant-sur-Tholon , 89110, Montholon , France","postalCode":"89110","city":"Montholon ","country":"France","horaires":"Du Lundi au Vendredi : de 09h00 à 12h00 de 14h00 à 17h00","contacts":{"email":"contact@ccaillantais.fr","telephone":"03 86 63 56 63"},"website":"https://www.ccaillantais.fr/","latitude":47.87466,"longitude":3.3505588,"url":"https://lannuaire.service-public.gouv.fr/bourgogne-franche-comte/yonne/75ed7bbb-56fe-4e71-8504-aea4223fd04e"}
{"nom":"Communauté de communes - Altitude 800","type":"","adresse":"7 B place Bugnet , 25270, Levier , France","postalCode":"25270","city":"Levier ","country":"France","horaires":"Du Lundi au Mardi : de 08h00 à 12h00 de 13h30 à 17h00 | Le Mercredi : de 08h30 à 12h00 de 13h30 à 16h00 | Le Jeudi : de 08h00 à 12h00 de 13h30 à 17h00 | Le Vendredi : de 08h00 à 12h00 de 13h30 à 16h00","contacts":{"email":"cca@cca800.fr","telephone":"03 81 38 27 50"},"website":"https://cca800.fr/fr/","latitude":46.954292,"longitude":6.11694,"url":"https://lannuaire.service-public.gouv.fr/bourgogne-franche-comte/doubs/5bffaaa9-0d3a-4452-bdcb-78ba38d7a5a0"}
{"nom":"Communauté de communes - Amognes Coeur du Nivernais","type":"","adresse":"1 place de la République , 58270, Saint-Benin-d'Azy , France","postalCode":"58270","city":"Saint-Benin-d'Azy ","country":"France","horaires":"Du Lundi au Vendredi : de 09h00 à 12h00 de 14h00 à 16h00","contacts":{"email":"contact@ccacn.fr","telephone":"03 86 58 46 22"},"website":"https://cc-amognescoeurdunivernais.fr/","latitude":46.999046,"longitude":3.392705,"url":"https://lannuaire.service-public.gouv.fr/bourgogne-franche-comte/nievre/dd0926c6-1e1c-44d8-bb75-d14c2527ada0"}
{"nom":"Communauté de communes - Arbois Poligny Salins Coeur du Jura","type":"","adresse":"Pôle administratif Coeur du Jura , 39800, Poligny , France","postalCode":"39800","city":"Poligny ","country":"France","horaires":"Du Lundi au Vendredi : de 08h30 à 12h00 de 13h30 à 17h00","contacts":{"email":"contact@ville-poligny.fr","telephone":"03 84 73 71 71"},"website":"https://www.cc-coeurdujura.fr/","latitude":46.834183,"longitude":5.70346,"url":"https://lannuaire.service-public.gouv.fr/bourgogne-franche-comte/jura/39350034-45aa-4227-8bf6-28b2a481fba8"}
{"nom":"Communauté de communes - Auxonne Pontailler Val de Saône","type":"","adresse":"Ancienne route Nationale , 21130, Auxonne , France","postalCode":"21130","city":"Auxonne ","country":"France","horaires":"Du Lundi au Vendredi : de 09h00 à 12h00 de 13h30 à 17h00","contacts":{"email":"contact@capvaldesaone.fr","telephone":"03 80 27 03 20"},"website":"https://www.capvaldesaone.fr/","latitude":47.19167,"longitude":5.3937573,"url":"https://lannuaire.service-public.gouv.fr/bourgogne-franche-comte/cote-d-or/839ea5de-7eb9-4319-8f1c-95d3cf469a67"}
{"nom":"Communauté de communes - Avallon Vézelay Morvan","type":"","adresse":"9 rue Carnot , 89200, Avallon , France","postalCode":"89200","city":"Avallon ","country":"France","horaires":"Du Lundi au Mercredi : de 08h30 à 12h00 de 13h30 à 17h00 | Le Jeudi : de 13h30 à 17h00 | Le Vendredi : de 08h30 à 12h00 de 13h30 à 17h00","contacts":{"email":"contact@cc-avm.fr","telephone":"03 86 34 38 06"},"website":"https://cc-avm.com/","latitude":47.49155,"longitude":3.911018,"url":"https://lannuaire.service-public.gouv.fr/bourgogne-franche-comte/yonne/b67e8260-3570-48f2-a22d-6b30d98384bf"}
{"nom":"Communauté de communes - Bazois Loire Morvan","type":"","adresse":"11 place Lafayette , 58290, Moulins-Engilbert , France","postalCode":"58290","city":"Moulins-Engilbert ","country":"France","horaires":"Du Lundi au Vendredi : de 09h00 à 12h00 de 14h00 à 17h00","contacts":{"email":"contact@bazoisloiremorvan.fr","telephone":"03 86 84 33 55"},"website":"https://www.bazoisloiremorvan.fr/","latitude":46.987907,"longitude":3.8090663,"url":"https://lannuaire.service-public.gouv.fr/bourgogne-franche-comte/nievre/e0e23cd0-c8e6-4c25-8b74-66a8f7ce2bff"}
{"nom":"Communauté de communes - Bresse Haute Seille","type":"","adresse":"1 place de la Mairie , 39140, Bletterans , France","postalCode":"39140","city":"Bletterans ","country":"France","horaires":"Du Lundi au Vendredi : de 09h00 à 12h00 de 14h00 à 17h00","contacts":{"email":"accueil@bressehauteseille.fr","telephone":"03 84 44 46 80"},"website":"https://www.bressehauteseille.fr/","latitude":46.763847,"longitude":5.4743757,"url":"https://lannuaire.service-public.gouv.fr/bourgogne-franche-comte/jura/2009d45f-40ad-42ce-a70e-f62aeb66d950"}
{"nom":"Communauté de communes - Bresse Louhannaise Intercom","type":"","adresse":"1 place Saint-Jean , 71500, Louhans‑Châteaurenaud , France","postalCode":"71500","city":"Louhans‑Châteaurenaud ","country":"France","horaires":"Du Lundi au Vendredi : de 09h00 à 12h00 de 14h00 à 17h00","contacts":{"email":"contact@blintercom.fr","telephone":"03 85 60 10 95"},"website":"https://www.bresselouhannaiseintercom.fr/","latitude":46.63023,"longitude":5.2257,"url":"https://lannuaire.service-public.gouv.fr/bourgogne-franche-comte/saone-et-loire/75acc33f-e068-4433-8a62-474922532f2e"}
{"nom":"Communauté de communes - Bresse Revermont 71","type":"","adresse":"8 rue Pontpierre , 71330, Saint-Germain-du-Bois , France","postalCode":"71330","city":"Saint-Germain-du-Bois ","country":"France","horaires":"Du Lundi au Vendredi : de 08h00 à 12h00 de 14h00 à 17h00","contacts":{"email":"ccbr71@orange.fr","telephone":"03 85 72 02 19"},"website":"https://www.ccbresserevermont71.fr/","latitude":46.753445,"longitude":5.24607,"url":"https://lannuaire.service-public.gouv.fr/bourgogne-franche-comte/saone-et-loire/c2f751b7-2297-4296-b53f-c312a61873ed"}
{"nom":"Communauté de communes - Canton de Pierre-de-Bresse","type":"","adresse":"4 rue du Château , 71270, Pierre-de-Bresse , France","postalCode":"71270","city":"Pierre-de-Bresse ","country":"France","horaires":"Du Lundi au Vendredi : de 08h30 à 12h00","contacts":{"email":"accueil@bressenordintercom.fr","telephone":"03 79 57 07 60"},"website":"https://www.bressenordintercom.fr/","latitude":46.886726,"longitude":5.2612686,"url":"https://lannuaire.service-public.gouv.fr/bourgogne-franche-comte/saone-et-loire/602c57e8-36f3-45c0-af98-b681eb49b01d"}
{"nom":"Communauté de communes - Canton de Semur-en-Brionnais","type":"","adresse":"5 rue des Ébaulais , 71800, Saint-Christophe-en-Brionnais , France","postalCode":"71800","city":"Saint-Christophe-en-Brionnais ","country":"France","horaires":"Du Lundi au Mardi : de 08h00 à 17h00 | Du Jeudi au Vendredi : de 08h00 à 17h00","contacts":{"email":"contact@ccsemur.fr","telephone":"03 85 25 86 47"},"website":"https://www.cc-semur-en-brionnais.fr/","latitude":46.289104,"longitude":4.175838,"url":"https://lannuaire.service-public.gouv.fr/bourgogne-franche-comte/saone-et-loire/fe2b1626-1ee4-460b-adf3-53e328c2f293"}
{"nom":"Communauté de communes - Chablis Villages et Terroirs","type":"","adresse":"2 rue du Serein , 89800, Chablis , France","postalCode":"89800","city":"Chablis ","country":"France","horaires":"Du Lundi au Vendredi : de 09h00 à 12h30 de 14h00 à 17h00","contacts":{"email":"secretariat.direction@3cvt.fr","telephone":"03 86 18 91 16"},"website":"https://www.3cvt.fr/","latitude":47.81634,"longitude":3.7897687,"url":"https://lannuaire.service-public.gouv.fr/bourgogne-franche-comte/yonne/7ffd30df-c070-4492-ab4f-bff9f42d1d0b"}
{"nom":"Communauté de communes - Champagnole Nozeroy Jura","type":"","adresse":"3 rue Victor-Bérard , 39300, Champagnole , France","postalCode":"39300","city":"Champagnole ","country":"France","horaires":"Du Lundi au Jeudi : de 08h30 à 12h00 de 13h30 à 17h30 | Le Vendredi : de 08h30 à 12h00 de 13h30 à 17h00","contacts":{"email":"contact@champagnolenozeroyjura.fr","telephone":"03 84 52 06 20"},"website":"https://www.champagnolenozeroyjura.fr/","latitude":46.749104,"longitude":5.901797,"url":"https://lannuaire.service-public.gouv.fr/bourgogne-franche-comte/jura/df7f979f-d349-4ca6-b54a-98a5dcac9a7e"}
{"nom":"Communauté de communes - Clunisois","type":"","adresse":"5 place du Marché , 71250, Cluny , France","postalCode":"71250","city":"Cluny ","country":"France","horaires":"Du Lundi au Mercredi : de 09h00 à 12h30 de 13h30 à 17h00 | Le Jeudi : de 10h30 à 12h30 de 13h30 à 17h00 | Le Vendredi : de 09h00 à 12h30 de 13h30 à 17h00","contacts":{"email":"contact@enclunisois.fr","telephone":"03 85 20 00 11"},"website":"https://enclunisois.fr/","latitude":46.435085,"longitude":4.656656,"url":"https://lannuaire.service-public.gouv.fr/bourgogne-franche-comte/saone-et-loire/21eb2109-21c5-4803-83f3-0dbe6b15bb77"}
{"nom":"Communauté de communes - Coeur de Loire","type":"","adresse":"4 place Georges-Clemenceau , 58203, Cosne-Cours-sur-Loire Cedex , France","postalCode":"58203","city":"Cosne-Cours-sur-Loire Cedex ","country":"France","horaires":"Du Lundi au Jeudi : de 08h30 à 12h00 de 13h30 à 17h30 | Le Vendredi : de 08h30 à 12h00","contacts":{"email":"contact@coeurdeloire.fr","telephone":"03 86 28 92 92"},"website":"https://www.coeurdeloire.fr/","latitude":47.40912,"longitude":2.9252892,"url":"https://lannuaire.service-public.gouv.fr/bourgogne-franche-comte/nievre/49ec768b-c110-4a94-9e77-3b52dddeccbe"}
{"nom":"Communauté de communes - Combes","type":"","adresse":"Mairie , 70360, Scey-sur-Saône-et-Saint-Albin , France","postalCode":"70360","city":"Scey-sur-Saône-et-Saint-Albin ","country":"France","horaires":"Du Lundi au Jeudi : de 09h30 à 12h15 de 14h00 à 17h00 | Le Vendredi : de 09h30 à 12h00","contacts":{"email":"lescombes@wanadoo.fr","telephone":"03 84 92 72 12"},"website":"http://www.cc-descombes.fr/","latitude":47.665905,"longitude":5.9666357,"url":"https://lannuaire.service-public.gouv.fr/bourgogne-franche-comte/haute-saone/e911e692-1be4-464d-980d-4c8602f99dd9"}
{"nom":"Communauté de communes - Deux Vallées Vertes","type":"","adresse":"23 avenue Gaston-Renaud , 25340, Pays-de-Clerval , France","postalCode":"25340","city":"Pays-de-Clerval ","country":"France","horaires":"Le Lundi : de 09h00 à 12h00 | Du Mardi au Mercredi : de 09h00 à 12h00 de 14h00 à 17h00 | Le Jeudi : de 09h00 à 12h00 | Le Vendredi : de 09h00 à 12h00 de 14h00 à 16h00","contacts":{"email":"contact@cc2vv.fr","telephone":"03 81 97 85 10"},"website":"https://www.cc2vv.fr/","latitude":47.39524,"longitude":6.493475,"url":"https://lannuaire.service-public.gouv.fr/bourgogne-franche-comte/doubs/10ba482e-6f1a-45dc-9fc1-ea2acb236d70"}
{"nom":"Communauté de communes - Doubs Baumois","type":"","adresse":"4 rue des Terreaux , 25110, Baume-les-Dames , France","postalCode":"25110","city":"Baume-les-Dames ","country":"France","horaires":"Du Lundi au Jeudi : de 08h00 à 12h30 de 13h30 à 17h00 | Le Vendredi : de 08h00 à 12h00","contacts":{"email":"contact@doubsbaumois.org","telephone":"03 81 84 75 90"},"website":"https://doubsbaumois.org/","latitude":47.348248,"longitude":6.359803,"url":"https://lannuaire.service-public.gouv.fr/bourgogne-franche-comte/doubs/52eb697d-7755-415b-af00-205b8b98f8af"}
{"nom":"Communauté de communes - Entre Arroux Loire et Somme","type":"","adresse":"1 rue Pasteur , 71130, Gueugnon , France","postalCode":"71130","city":"Gueugnon ","country":"France","horaires":"Du Lundi au Jeudi : de 09h00 à 12h00 de 14h00 à 17h00 | Le Vendredi : de 09h00 à 12h00 de 14h00 à 16h00","contacts":{"email":"accueil@cceals.fr","telephone":"03 85 85 12 92"},"website":"https://cceals.fr/","latitude":46.600403,"longitude":4.059993,"url":"https://lannuaire.service-public.gouv.fr/bourgogne-franche-comte/saone-et-loire/1454e4dc-bb66-4aa7-af25-7806b53ac98e"}
{"nom":"Communauté de communes - Entre Saône et Grosne","type":"","adresse":"30 rue des Mûriers , 71240, Sennecey-le-Grand , France","postalCode":"71240","city":"Sennecey-le-Grand ","country":"France","horaires":"Du Lundi au Vendredi : de 08h30 à 12h00 de 14h00 à 17h00","contacts":{"email":"","telephone":"03 85 44 91 92"},"website":"https://www.cc-entresaoneetgrosne.fr/","latitude":46.643997,"longitude":4.861845,"url":"https://lannuaire.service-public.gouv.fr/bourgogne-franche-comte/saone-et-loire/fd7dedb1-3ef7-4673-aee4-605710dbe47a"}
{"nom":"Communauté de communes - Forêts Seine et Suzon","type":"","adresse":"4 bis rue des Écoles , 21380, Messigny-et-Vantoux , France","postalCode":"21380","city":"Messigny-et-Vantoux ","country":"France","horaires":"Le Lundi : de 09h00 à 12h00 | Le Jeudi : de 14h00 à 17h00 | Le Vendredi : de 09h00 à 12h00","contacts":{"email":"ccfss@ccfss.fr","telephone":"03 80 42 99 00"},"website":"https://cc-forets-seine-suzon.fr/","latitude":47.406334,"longitude":5.017772,"url":"https://lannuaire.service-public.gouv.fr/bourgogne-franche-comte/cote-d-or/412b03f1-7991-4da3-9fab-d7aa4f6ce927"}
{"nom":"Communauté de communes - Gâtinais en Bourgogne","type":"","adresse":"6 rue Danton , 89690, Chéroy , France","postalCode":"89690","city":"Chéroy ","country":"France","horaires":"Du Lundi au Vendredi : de 09h00 à 12h00 de 14h00 à 17h00","contacts":{"email":"contact@gatinais-bourgogne.fr","telephone":"03 86 97 71 94"},"website":"http://www.gatinais-bourgogne.fr/","latitude":48.200855,"longitude":2.9979103,"url":"https://lannuaire.service-public.gouv.fr/bourgogne-franche-comte/yonne/f3215eaa-a826-4457-b36c-fd9bf6983d6f"}
{"nom":"Communauté de communes - Gevrey-Chambertin et de Nuits-Saint-Georges","type":"","adresse":"3 rue Jean-Moulin , 21701, Nuits-Saint-Georges Cedex , France","postalCode":"21701","city":"Nuits-Saint-Georges Cedex ","country":"France","horaires":"Du Lundi au Vendredi : de 08h00 à 12h00 de 13h30 à 17h00","contacts":{"email":"contact@ccgevrey-nuits.com","telephone":"03 80 27 04 70"},"website":"https://www.ccgevrey-chambertin-et-nuits-saint-georges.com/","latitude":47.13973,"longitude":4.954921,"url":"https://lannuaire.service-public.gouv.fr/bourgogne-franche-comte/cote-d-or/c96458e1-76c9-42d6-8a64-bc89ef9909b4"}
{"nom":"Communauté de communes - Grand Autunois Morvan","type":"","adresse":"7 route du Bois-de-Sapin , 71400, Autun , France","postalCode":"71400","city":"Autun ","country":"France","horaires":"Du Lundi au Jeudi : de 08h30 à 12h00 de 14h00 à 17h30 | Le Vendredi : de 08h30 à 12h00 de 14h00 à 17h00","contacts":{"email":"contact@grandautunoismorvan.fr","telephone":"03 85 86 80 52"},"website":"https://www.grandautunoismorvan.fr/","latitude":46.948006,"longitude":4.283496,"url":"https://lannuaire.service-public.gouv.fr/bourgogne-franche-comte/saone-et-loire/5b8c552f-1cc8-4ce9-8f06-f8edcf4910d4"}
{"nom":"Communauté de communes - Grand Pontarlier","type":"","adresse":"Maison de l'intercommunalité , 25300, Pontarlier , France","postalCode":"25300","city":"Pontarlier ","country":"France","horaires":"Du Lundi au Vendredi : de 08h30 à 12h00 de 14h00 à 18h00","contacts":{"email":"contact@grandpontarlier.fr","telephone":"03 81 39 40 02"},"website":"https://www.grandpontarlier.fr/","latitude":46.90127,"longitude":6.332695,"url":"https://lannuaire.service-public.gouv.fr/bourgogne-franche-comte/doubs/8a77d268-8902-4b1a-9ac2-12e93a0e5e6e"}
{"nom":"Communauté de communes - Haut-Jura Arcade","type":"","adresse":"112 rue de la République , 39400, Hauts-de-Bienne , France","postalCode":"39400","city":"Hauts-de-Bienne ","country":"France","horaires":"Du Lundi au Jeudi : de 08h30 à 12h00 de 14h00 à 16h30 | Le Vendredi : de 08h30 à 12h00","contacts":{"email":"secretariat@arcade-cchj.fr","telephone":"03 84 34 11 30"},"website":"https://www.hautjura-arcade.com/","latitude":46.52136,"longitude":6.0226316,"url":"https://lannuaire.service-public.gouv.fr/bourgogne-franche-comte/jura/dc6c092d-05eb-437a-b078-e7e48874b523"}
{"nom":"Communauté de communes - Haut-Jura Saint-Claude","type":"","adresse":"13 bis boulevard de la République , 39200, Saint-Claude , France","postalCode":"39200","city":"Saint-Claude ","country":"France","horaires":"Du Lundi au Vendredi : de 09h00 à 12h30 de 13h30 à 17h30","contacts":{"email":"contact@hautjurasaintclaude.fr","telephone":"03 84 45 89 00"},"website":"https://www.hautjurasaintclaude.fr/","latitude":46.392292,"longitude":5.864122,"url":"https://lannuaire.service-public.gouv.fr/bourgogne-franche-comte/jura/e8c0a63e-106b-4f39-8d82-213179176b6f"}
{"nom":"Communauté de communes - Haut Nivernais Val d'Yonne","type":"","adresse":"35 avenue de la République , 58500, Clamecy , France","postalCode":"58500","city":"Clamecy ","country":"France","horaires":"Du Lundi au Jeudi : de 08h30 à 12h00 de 13h30 à 17h00 | Le Vendredi : de 08h30 à 12h00 de 13h30 à 16h00","contacts":{"email":"contact@cchnvy.fr","telephone":"03 86 27 12 65"},"website":"https://www.cchnvy.fr/","latitude":47.462574,"longitude":3.520738,"url":"https://lannuaire.service-public.gouv.fr/bourgogne-franche-comte/nievre/d00b025f-6f16-415a-8c89-d643ee483ed2"}
{"nom":"Communauté de communes - Hauts du Val de Saône","type":"","adresse":"Pré Jean-Roche , 70500, Jussey , France","postalCode":"70500","city":"Jussey ","country":"France","horaires":"Le Lundi : de 08h30 à 12h00 de 14h00 à 17h00 | Le Mardi : de 08h30 à 12h00 | Le Mercredi : de 08h30 à 12h00 | Le Jeudi : de 08h30 à 12h00 de 14h00 à 17h00","contacts":{"email":"cchvs@cchvs.fr","telephone":"03 84 77 19 90"},"website":"https://www.cchvs.fr/","latitude":47.82607,"longitude":5.9030647,"url":"https://lannuaire.service-public.gouv.fr/bourgogne-franche-comte/haute-saone/c18336d5-c79b-4bb5-b730-12fcfbc1a6c0"}
{"nom":"Communauté de communes - Jovinien","type":"","adresse":"11 quai du 1er-Dragons , 89300, Joigny , France","postalCode":"89300","city":"Joigny ","country":"France","horaires":"Le Lundi : de 08h30 à 12h00 de 13h30 à 17h30 | Le Mardi : de 13h30 à 17h30 | Le Mercredi : de 08h30 à 12h00 de 13h30 à 17h30 | Le Jeudi : de 13h30 à 18h30 | Le Vendredi : de 08h30 à 12h00 de 13h30 à 17h00","contacts":{"email":"accueil@ccjovinien.fr","telephone":"03 86 62 47 95"},"website":"https://www.ccjovinien.fr/","latitude":47.980698,"longitude":3.4005203,"url":"https://lannuaire.service-public.gouv.fr/bourgogne-franche-comte/yonne/fe12ee36-5e0b-4272-b755-24353d5dc66d"}
{"nom":"Communauté de communes - Jura Nord","type":"","adresse":"1 rue du Tissage , 39700, Dampierre , France","postalCode":"39700","city":"Dampierre ","country":"France","horaires":"Du Lundi au Vendredi : de 08h30 à 12h00 de 13h30 à 16h30","contacts":{"email":"contact@jura-nord.com","telephone":"03 84 71 12 17"},"website":"https://www.jura-nord.com/","latitude":47.155964,"longitude":5.7401667,"url":"https://lannuaire.service-public.gouv.fr/bourgogne-franche-comte/jura/05e2ff87-9b59-44ba-b7a5-6d5439dbcd5b"}
{"nom":"Communauté de communes - La Clayette Chauffailles en Brionnais","type":"","adresse":"4 rue Elie-Maurette , 71170, Chauffailles , France","postalCode":"71170","city":"Chauffailles ","country":"France","horaires":"Du Lundi au Jeudi : de 09h00 à 12h00 de 13h30 à 17h00 | Le Vendredi : de 09h00 à 12h00","contacts":{"email":"cc@brionnaissudbourgogne.fr","telephone":"03 85 26 52 20"},"website":"https://brionnaissudbourgogne.fr/","latitude":46.206856,"longitude":4.3394494,"url":"https://lannuaire.service-public.gouv.fr/bourgogne-franche-comte/saone-et-loire/1e391588-b861-43ba-8955-2482970b3d6a"}
{"nom":"Communauté de communes - Lacs et Montagnes du Haut Doubs","type":"","adresse":"5 rue de la Caserne , 25370, Les Hopitaux-Vieux , France","postalCode":"25370","city":"Les Hopitaux-Vieux ","country":"France","horaires":"Du Lundi au Jeudi : de 08h30 à 12h00 de 13h30 à 17h30 | Le Vendredi : de 08h30 à 12h00","contacts":{"email":"accueil@cclmhd.fr","telephone":"03 81 49 10 30"},"website":"https://www.cclmhd.fr/","latitude":46.79033,"longitude":6.3716555,"url":"https://lannuaire.service-public.gouv.fr/bourgogne-franche-comte/doubs/d77da0b8-ec15-4493-bb14-8af1c2e53e6e"}
{"nom":"Communauté de communes - La Grandvallière","type":"","adresse":"31 rue du de Paris , 39150, Saint- Laurent-Grandvaux , France","postalCode":"39150","city":"Saint- Laurent-Grandvaux ","country":"France","horaires":"Du Lundi au Mardi : de 08h30 à 12h30 de 13h00 à 17h00 | Du Mercredi au Vendredi : de 08h30 à 12h30","contacts":{"email":"secretariat@lagrandvalliere.fr","telephone":"03 84 60 20 63"},"website":"http://www.lagrandvalliere.fr/","latitude":46.604897,"longitude":5.904271,"url":"https://lannuaire.service-public.gouv.fr/bourgogne-franche-comte/jura/1f3d682e-6ffb-4855-be70-34752026b549"}
{"nom":"Communauté de communes - La Haute Comté","type":"","adresse":"57 rue des Ballastières , 70320, Corbenay , France","postalCode":"70320","city":"Corbenay ","country":"France","horaires":"Du Lundi au Vendredi : de 08h30 à 12h00 de 13h30 à 16h30","contacts":{"email":"contact@cchc.fr","telephone":"03 84 94 17 93"},"website":"https://www.cchc.fr/","latitude":47.885067,"longitude":6.2907124,"url":"https://lannuaire.service-public.gouv.fr/bourgogne-franche-comte/haute-saone/4dc6bce0-c9fd-49e7-a513-04e0437f6357"}
{"nom":"Communauté de communes - La Plaine Dijonnaise","type":"","adresse":"12 rue Ampère , 21110, Genlis , France","postalCode":"21110","city":"Genlis ","country":"France","horaires":"Du Lundi au Vendredi : de 08h30 à 12h00 de 13h30 à 16h30","contacts":{"email":"accueil@plainedijonnaise.fr","telephone":"03 80 37 70 12"},"website":"https://www.plainedijonnaise.fr/","latitude":47.233555,"longitude":5.233748,"url":"https://lannuaire.service-public.gouv.fr/bourgogne-franche-comte/cote-d-or/30fb735e-e19f-40eb-9e19-012413ceb864"}
{"nom":"Communauté de communes - La Plaine Jurassienne","type":"","adresse":"3 place du Collège , 39120, Chaussin , France","postalCode":"39120","city":"Chaussin ","country":"France","horaires":"Du Lundi au Jeudi : de 09h00 à 12h00 de 14h00 à 17h00 | Le Vendredi : de 09h00 à 12h00 de 14h00 à 16h00","contacts":{"email":"administration@cc-laplaine-jurassienne.com","telephone":"03 84 81 70 22"},"website":"https://www.cc-laplaine-jurassienne.fr/","latitude":46.969803,"longitude":5.407636,"url":"https://lannuaire.service-public.gouv.fr/bourgogne-franche-comte/jura/210060a0-4c1f-4fd8-9663-0821c7c20f47"}
{"nom":"Communauté de communes - La Station des Rousses","type":"","adresse":"Fort des Rousses , 39220, Les Rousses , France","postalCode":"39220","city":"Les Rousses ","country":"France","horaires":"Du Lundi au Mercredi : de 09h00 à 12h30 de 14h00 à 17h00 | Le Vendredi : de 09h00 à 12h30 de 14h00 à 17h00","contacts":{"email":"contact@cc-stationdesrousses.fr","telephone":"03 84 60 52 60"},"website":"https://www.cc-stationdesrousses.fr/","latitude":46.483856,"longitude":6.05999,"url":"https://lannuaire.service-public.gouv.fr/bourgogne-franche-comte/jura/0f10504b-5482-4e73-83d0-e1aede2b228f"}
{"nom":"Communauté de communes - La Vanne et du Pays d'Othe","type":"","adresse":"36-38 rue de la République , 89190, Villeneuve-l'Archevêque , France","postalCode":"89190","city":"Villeneuve-l'Archevêque ","country":"France","horaires":"Du Lundi au Vendredi : de 09h00 à 12h00 de 14h00 à 17h00","contacts":{"email":"accueil@ccvpo.fr","telephone":"03 86 86 70 99"},"website":"https://ccvannepaysothe.fr/","latitude":48.235287,"longitude":3.558583,"url":"https://lannuaire.service-public.gouv.fr/bourgogne-franche-comte/yonne/4cdec979-1d16-4e95-9f7d-0c5515fc86e9"}
{"nom":"Communauté de communes - Le Grand Charolais","type":"","adresse":"32 rue Louis-Desrichard , 71600, Paray-le-Monial , France","postalCode":"71600","city":"Paray-le-Monial ","country":"France","horaires":"Du Lundi au Vendredi : de 09h00 à 12h00 de 13h30 à 16h30","contacts":{"email":"contact@legrandcharolais.fr","telephone":"09 71 16 95 95"},"website":"https://www.legrandcharolais.fr/","latitude":46.454586,"longitude":4.116541,"url":"https://lannuaire.service-public.gouv.fr/bourgogne-franche-comte/saone-et-loire/b2002776-dd3e-4db2-a0b2-7b3884b70ff4"}
{"nom":"Communauté de communes - Les Bertranges","type":"","adresse":"14 avenue Henri-Dunant , 58400, La Charité-sur-Loire , France","postalCode":"58400","city":"La Charité-sur-Loire ","country":"France","horaires":"Du Lundi au Vendredi : de 08h30 à 12h00 de 13h30 à 17h30","contacts":{"email":"mathilde.adrien@lesbertranges.fr","telephone":"03 86 69 69 06"},"website":"https://www.lesbertranges.fr/","latitude":47.185757,"longitude":3.014171,"url":"https://lannuaire.service-public.gouv.fr/bourgogne-franche-comte/nievre/8b336b0c-a53b-4157-b45c-47e404f35b1e"}
{"nom":"Communauté de communes - Le Tonnerrois en Bourgogne","type":"","adresse":"2 avenue de la Gare , 89700, Tonnerre , France","postalCode":"89700","city":"Tonnerre ","country":"France","horaires":"Du Lundi au Vendredi : de 08h30 à 12h00 de 13h30 à 17h00","contacts":{"email":"contact@ccltb.fr","telephone":"03 86 54 86 11"},"website":"https://www.letonnerroisenbourgogne.fr/","latitude":47.858395,"longitude":3.9747536,"url":"https://lannuaire.service-public.gouv.fr/bourgogne-franche-comte/yonne/2ed681da-f374-4a7f-a3dd-9e0e8489ac85"}
{"nom":"Communauté de communes - Loire et Allier","type":"","adresse":"Avenue de la Mairie , 58490, Saint-Parize-le-Châtel , France","postalCode":"58490","city":"Saint-Parize-le-Châtel ","country":"France","horaires":"Du Lundi au Vendredi : de 09h00 à 12h30 de 13h30 à 17h00","contacts":{"email":"administratif@cc-loire-allier.fr","telephone":"03 86 21 08 49"},"website":"http://www.cc-loire-allier.fr/","latitude":46.854034,"longitude":3.1780362,"url":"https://lannuaire.service-public.gouv.fr/bourgogne-franche-comte/nievre/08e97c1c-a502-4d5c-b2be-da20653ad377"}
{"nom":"Communauté de communes - Loue Lison","type":"","adresse":"7 rue Édouard-Bastide , 25290, Ornans , France","postalCode":"25290","city":"Ornans ","country":"France","horaires":"Du Lundi au Vendredi : de 08h30 à 12h00 de 13h30 à 17h00","contacts":{"email":"contact@cclouelison.fr","telephone":"03 81 57 16 33"},"website":"https://cclouelison.fr/fr/","latitude":47.1026,"longitude":6.1545024,"url":"https://lannuaire.service-public.gouv.fr/bourgogne-franche-comte/doubs/2d1e88bf-eabe-4dce-a43e-2d2639037784"}
{"nom":"Communauté de communes - Mâconnais Tournugeois","type":"","adresse":"ZA du Pas-Fleury , 71700, Tournus , France","postalCode":"71700","city":"Tournus ","country":"France","horaires":"Du Lundi au Vendredi : de 08h30 à 12h00 de 14h00 à 17h00","contacts":{"email":"accueil@ccmt71.fr","telephone":"03 85 51 05 56"},"website":"https://maconnais-tournugeois.fr/","latitude":46.561817,"longitude":4.911953,"url":"https://lannuaire.service-public.gouv.fr/bourgogne-franche-comte/saone-et-loire/ce230276-0e90-4cdd-b845-1472f0e743e8"}
{"nom":"Communauté de communes - Marcigny","type":"","adresse":"5 place du Cours , 71110, Marcigny , France","postalCode":"71110","city":"Marcigny ","country":"France","horaires":"Du Lundi au Mardi : de 09h00 à 12h00 de 14h00 à 17h00 | Le Mercredi : de 09h00 à 12h00 | Le Jeudi : de 09h00 à 12h00 de 14h00 à 17h00 | Le Vendredi : de 09h00 à 12h00","contacts":{"email":"contact@ccmarcigny.fr","telephone":"03 85 25 37 08"},"website":"https://www.cc-marcigny.fr/","latitude":46.27525,"longitude":4.040238,"url":"https://lannuaire.service-public.gouv.fr/bourgogne-franche-comte/saone-et-loire/1d833994-b964-4beb-9f5f-f6bf7fdf2bc1"}
{"nom":"Communauté de communes - Mirebellois et Fontenois","type":"","adresse":"8 place Général-Viard , 21310, Mirebeau-sur-Bèze , France","postalCode":"21310","city":"Mirebeau-sur-Bèze ","country":"France","horaires":"Du Lundi au Vendredi : de 08h30 à 12h00 de 13h30 à 17h30","contacts":{"email":"contact@mfcc.fr","telephone":"03 80 36 53 51"},"website":"https://www.mfcc.fr/","latitude":47.396973,"longitude":5.314645,"url":"https://lannuaire.service-public.gouv.fr/bourgogne-franche-comte/cote-d-or/dc823169-a7e5-47bb-813a-c41a18b5d50d"}
{"nom":"Communauté de communes - Montbardois","type":"","adresse":"14 avenue Maréchal-de-Lattre-de-Tassigny , 21500, Montbard , France","postalCode":"21500","city":"Montbard ","country":"France","horaires":"Du Lundi au Jeudi : de 09h00 à 12h00 de 14h00 à 17h00 | Le Vendredi : de 09h00 à 12h00","contacts":{"email":"contact@cc-montbardois.fr","telephone":"03 80 92 15 43"},"website":"https://www.cc-montbardois.fr/","latitude":47.62433,"longitude":4.337495,"url":"https://lannuaire.service-public.gouv.fr/bourgogne-franche-comte/cote-d-or/f3742968-1ee4-4a84-a6ee-a5c72cee9182"}
{"nom":"Communauté de communes - Monts de Gy","type":"","adresse":"2 rue du Grand-Mont , 70700, Gy , France","postalCode":"70700","city":"Gy ","country":"France","horaires":"Du Lundi au Vendredi : de 09h00 à 12h00 de 14h00 à 16h30","contacts":{"email":"ccmgy@wanadoo.fr","telephone":"03 84 32 97 61"},"website":"https://montsdegy.fr/","latitude":47.406036,"longitude":5.813283,"url":"https://lannuaire.service-public.gouv.fr/bourgogne-franche-comte/haute-saone/fa80aede-ec43-4316-ad64-1e93bf72aff7"}
{"nom":"Communauté de communes - Morvan Sommets et Grands Lacs","type":"","adresse":"Place François-Mitterrand , 58120, Château-Chinon , France","postalCode":"58120","city":"Château-Chinon ","country":"France","horaires":"Du Lundi au Vendredi : de 09h00 à 12h00","contacts":{"email":"contact@ccmorvan.fr","telephone":"03 86 79 43 99"},"website":"https://www.ccmorvan.fr/","latitude":47.06473,"longitude":3.932902,"url":"https://lannuaire.service-public.gouv.fr/bourgogne-franche-comte/nievre/fbce022e-eaaa-4119-a3ee-6338966b2e1c"}
{"nom":"Communauté de communes - Nivernais Bourbonnais","type":"","adresse":"2 rue Lieutenant-Paul-Theurier , 58240, Saint-Pierre-le-Moûtier , France","postalCode":"58240","city":"Saint-Pierre-le-Moûtier ","country":"France","horaires":"Du Lundi au Vendredi : de 09h00 à 12h00 de 14h00 à 17h00","contacts":{"email":"accueilccnb@orange.fr","telephone":"03 86 90 80 76"},"website":"https://www.nivernais-bourbonnais.com/","latitude":46.790558,"longitude":3.1180358,"url":"https://lannuaire.service-public.gouv.fr/bourgogne-franche-comte/nievre/be5b7e77-a409-488b-a809-bcd89f4035c9"}
{"nom":"Communauté de communes - Norge et Tille","type":"","adresse":"47 route de Norges , 21490, Bretigny , France","postalCode":"21490","city":"Bretigny ","country":"France","horaires":"Du Lundi au Mercredi : de 09h00 à 12h00 de 14h00 à 17h00 | Du Jeudi au Vendredi : de 09h00 à 12h00","contacts":{"email":"contact@norgeettille.fr","telephone":"03 80 35 53 99"},"website":"https://www.norgeettille.fr/","latitude":47.402534,"longitude":5.089212,"url":"https://lannuaire.service-public.gouv.fr/bourgogne-franche-comte/cote-d-or/b9c4fe2e-d80c-48b9-8cbd-5416133b925b"}
{"nom":"Communauté de communes - Ouche et Montagne","type":"","adresse":"Hameau Pont-de-Pany , 21410, Sainte-Marie-sur-Ouche , France","postalCode":"21410","city":"Sainte-Marie-sur-Ouche ","country":"France","horaires":"Du Lundi au Jeudi : de 09h00 à 12h00 de 13h30 à 17h00 | Le Vendredi : de 09h00 à 12h00 de 13h30 à 16h00","contacts":{"email":"accueil@ouche-montagne.fr","telephone":"03 80 49 77 43"},"website":"https://ouche-montagne.fr/","latitude":47.29679,"longitude":4.807818,"url":"https://lannuaire.service-public.gouv.fr/bourgogne-franche-comte/cote-d-or/22135d97-cf72-4e4a-856b-c2f4392799c4"}
{"nom":"Communauté de communes - Pays d'Alésia et de la Seine","type":"","adresse":"18 avenue Jean-Jaurès , 21150, Venarey-les-Laumes , France","postalCode":"21150","city":"Venarey-les-Laumes ","country":"France","horaires":"Du Lundi au Jeudi : de 10h00 à 12h00 de 14h00 à 17h30 | Le Vendredi : de 10h00 à 12h00 Accueil possible sur rendez-vous le vendredi après-midi.","contacts":{"email":"contact@cc-alesia-seine.fr","telephone":"03 80 96 06 83"},"website":"https://www.cc-alesia-seine.fr/","latitude":47.542526,"longitude":4.4493613,"url":"https://lannuaire.service-public.gouv.fr/bourgogne-franche-comte/cote-d-or/bdd94f38-5772-466c-9cfc-baaaf1bd74a1"}
{"nom":"Communauté de communes - Pays Arnay Liernais","type":"","adresse":"1 rue de la Gare , 21230, Arnay-le-Duc , France","postalCode":"21230","city":"Arnay-le-Duc ","country":"France","horaires":"Du Lundi au Jeudi : de 09h00 à 12h00 de 13h30 à 17h00 | Le Vendredi : de 09h00 à 12h00 de 13h30 à 16h30","contacts":{"email":"cc.arnay-liernais@ccarnayliernais.fr","telephone":"03 80 90 18 36"},"website":"https://cc-pays-arnay.fr/","latitude":47.13139,"longitude":4.491071,"url":"https://lannuaire.service-public.gouv.fr/bourgogne-franche-comte/cote-d-or/f1243926-74a5-4ae3-811f-9f1033bbf784"}
{"nom":"Communauté de communes - Pays Châtillonnais","type":"","adresse":"9-11 rue de la Libération , 21400, Châtillon-sur-Seine , France","postalCode":"21400","city":"Châtillon-sur-Seine ","country":"France","horaires":"Du Lundi au Mercredi : de 08h30 à 12h00 de 13h00 à 17h30 | Le Jeudi : de 08h30 à 12h00 de 13h00 à 17h00 | Le Vendredi : de 08h30 à 12h00","contacts":{"email":"contact@cc-chatillonnais.fr","telephone":"03 80 81 57 57"},"website":"https://www.chatillonnais.fr/","latitude":47.862038,"longitude":4.574684,"url":"https://lannuaire.service-public.gouv.fr/bourgogne-franche-comte/cote-d-or/c11e35d9-a820-4d49-90da-b17efedd36a7"}
{"nom":"Communauté de communes - Pays de Héricourt","type":"","adresse":"Maison du territoire , 70400, Héricourt , France","postalCode":"70400","city":"Héricourt ","country":"France","horaires":"Du Lundi au Vendredi : de 08h30 à 11h45 de 13h45 à 17h00","contacts":{"email":"contact@payshericourt.fr","telephone":"03 84 46 98 70"},"website":"https://www.payshericourt.fr/","latitude":47.573864,"longitude":6.7598534,"url":"https://lannuaire.service-public.gouv.fr/bourgogne-franche-comte/haute-saone/c6b3c529-d97b-43e7-a8f6-db70d290ce34"}
{"nom":"Communauté de communes - Pays de Lure","type":"","adresse":"ZA de la Saline , 70200, Lure , France","postalCode":"70200","city":"Lure ","country":"France","horaires":"Du Lundi au Mercredi : de 08h00 à 12h00 de 13h30 à 17h30 | Du Jeudi au Vendredi : de 08h00 à 12h00 de 13h30 à 17h00","contacts":{"email":"contact@pays-de-lure.fr","telephone":"03 84 89 00 30"},"website":"https://www.pays-de-lure.fr/","latitude":47.671127,"longitude":6.510464,"url":"https://lannuaire.service-public.gouv.fr/bourgogne-franche-comte/haute-saone/9231a4ca-7fa8-44c6-9969-46ea904fd157"}
{"nom":"Communauté de communes - Pays de Luxeuil","type":"","adresse":"22 rue Jules-Jeanneney , 70300, Luxeuil-les-Bains , France","postalCode":"70300","city":"Luxeuil-les-Bains ","country":"France","horaires":"Du Lundi au Vendredi : de 08h00 à 12h00 de 13h30 à 16h30","contacts":{"email":"accueil@paysdeluxeuil.fr","telephone":"03 84 40 63 00"},"website":"https://www.paysdeluxeuil.fr/","latitude":47.81476,"longitude":6.381228,"url":"https://lannuaire.service-public.gouv.fr/bourgogne-franche-comte/haute-saone/9b075301-2670-4662-8aef-e62ae6f9c051"}
{"nom":"Communauté de communes - Pays de Maîche","type":"","adresse":"24 rue Montalembert , 25120, Maîche , France","postalCode":"25120","city":"Maîche ","country":"France","horaires":"Le Lundi : de 09h00 à 12h00 de 14h00 à 17h00 | Le Mardi : de 09h00 à 12h00 de 14h00 à 18h00 | Le Mercredi : de 09h00 à 12h00 de 14h00 à 17h00 | Le Jeudi : de 09h00 à 12h00 de 14h00 à 18h00 | Le Vendredi : de 09h00 à 12h00","contacts":{"email":"contact@ccpm-maiche.com","telephone":"03 81 64 17 06"},"website":"http://www.ccpaysmaiche.fr/","latitude":47.252388,"longitude":6.803454,"url":"https://lannuaire.service-public.gouv.fr/bourgogne-franche-comte/doubs/b7785555-3f4e-44ee-8f41-ea944ddeedd8"}
{"nom":"Communauté de communes - Pays de Montbenoit","type":"","adresse":"4 rue du Val-Saugeais , 25650, Montbenoît , France","postalCode":"25650","city":"Montbenoît ","country":"France","horaires":"Du Lundi au Vendredi : de 08h30 à 12h00 de 14h00 à 18h00","contacts":{"email":"contact@doubs-loue.fr","telephone":"03 81 38 17 71"},"website":"https://www.cc-montbenoit.fr/","latitude":46.992134,"longitude":6.46209,"url":"https://lannuaire.service-public.gouv.fr/bourgogne-franche-comte/doubs/362a5337-b2f8-43a4-98bc-b02d973bc152"}
{"nom":"Communauté de communes - Pays de Montbozon et du Chanois","type":"","adresse":"ZA Le Vay-du-Soleil , 70230, Montbozon , France","postalCode":"70230","city":"Montbozon ","country":"France","horaires":"Du Lundi au Mardi : de 09h00 à 12h00 de 13h30 à 16h30 | Le Mercredi : de 09h00 à 12h00 | Du Jeudi au Vendredi : de 09h00 à 12h00 de 13h30 à 16h30","contacts":{"email":"contact@ccpmc.fr","telephone":"03 84 92 34 70"},"website":"https://www.ccpmc.fr/","latitude":47.466553,"longitude":6.258872,"url":"https://lannuaire.service-public.gouv.fr/bourgogne-franche-comte/haute-saone/355766bd-791d-4588-8d95-cfb24d0f3694"}
{"nom":"Communauté de communes - Pays Riolais","type":"","adresse":"Rue des Frères-Lumière , 70190, Rioz , France","postalCode":"70190","city":"Rioz ","country":"France","horaires":"Du Lundi au Jeudi : de 08h30 à 12h30 de 13h30 à 17h00 | Le Vendredi : de 08h30 à 12h30 de 13h30 à 16h30","contacts":{"email":"communaute-communes@cc-pays-riolais.fr","telephone":"03 84 91 84 94"},"website":"https://www.cc-pays-riolais.fr/","latitude":47.425274,"longitude":6.069263,"url":"https://lannuaire.service-public.gouv.fr/bourgogne-franche-comte/haute-saone/35922041-379f-4463-82d3-6166c0805a7b"}
{"nom":"Communauté de communes du Pays de Sancey-Belleherbe","type":"","adresse":"14 bis rue de Lattre de Tassigny , 25430, Sancey , France","postalCode":"25430","city":"Sancey ","country":"France","horaires":"Du Lundi au Jeudi : de 09h00 à 12h00 de 13h30 à 17h00 | Le Vendredi : de 09h00 à 12h00 de 13h30 à 16h00","contacts":{"email":"contact@payssancey-belleherbe.fr","telephone":"03 81 86 87 62"},"website":"http://www.payssancey-belleherbe.fr/","latitude":47.30311,"longitude":6.59121,"url":"https://lannuaire.service-public.gouv.fr/bourgogne-franche-comte/doubs/209cf3d2-cc2d-42ae-bd63-cf7a3c25198f"}
{"nom":"Communauté de communes - Pays de Villersexel","type":"","adresse":"144 rue de la Prairie , 70110, Villersexel , France","postalCode":"70110","city":"Villersexel ","country":"France","horaires":"Du Lundi au Vendredi : de 09h00 à 12h00 de 13h30 à 16h00","contacts":{"email":"accueil@cc-villersexel.fr","telephone":"03 84 20 54 50"},"website":"https://cc-villersexel.fr/","latitude":47.54943,"longitude":6.428238,"url":"https://lannuaire.service-public.gouv.fr/bourgogne-franche-comte/haute-saone/fff137ad-a7e5-4c3c-8c8a-934c41293b5b"}
{"nom":"Communauté de communes - Plateau de Frasne et du Val de Drugeon (CFD)","type":"","adresse":"3 rue de la Gare , 25560, Frasne , France","postalCode":"25560","city":"Frasne ","country":"France","horaires":"Du Lundi au Vendredi : de 08h30 à 11h45 de 13h45 à 17h30","contacts":{"email":"secretariat@frasnedrugeon-cfd.fr","telephone":"03 81 49 88 84"},"website":"https://www.frasnedrugeon-cfd.fr/","latitude":46.85694,"longitude":6.161821,"url":"https://lannuaire.service-public.gouv.fr/bourgogne-franche-comte/doubs/69b3ebf7-b06d-466f-b028-d6bd38b0c6a1"}
{"nom":"Communauté de communes - Plateau de Russey","type":"","adresse":"17 avenue De-Lattre-de-Tassigny , 25210, Le Russey , France","postalCode":"25210","city":"Le Russey ","country":"France","horaires":"Du Lundi au Vendredi : de 08h30 à 12h00 de 13h30 à 17h00","contacts":{"email":"contact@cc-russey.fr","telephone":"03 81 43 81 26"},"website":"https://cc-russey.fr/fr/","latitude":47.16208,"longitude":6.7278028,"url":"https://lannuaire.service-public.gouv.fr/bourgogne-franche-comte/doubs/9c948202-41df-475c-ac8b-36e0f583e4ef"}
{"nom":"Communauté de communes - Porte du Jura","type":"","adresse":"10 Grande rue , 39190, Beaufort-Orbagna , France","postalCode":"39190","city":"Beaufort-Orbagna ","country":"France","horaires":"Du Lundi au Vendredi : de 10h00 à 12h00 de 14h00 à 17h00","contacts":{"email":"accueil@ccportedujura.fr","telephone":"03 84 48 96 67"},"website":"https://www.ccportedujura.fr/","latitude":46.57314,"longitude":5.4385214,"url":"https://lannuaire.service-public.gouv.fr/bourgogne-franche-comte/jura/38b74bec-9779-433b-82d5-ed15d44a7e8c"}
{"nom":"Communauté de communes - Portes du Haut Doubs","type":"","adresse":"7 rue Denis-Papin , 25800, Valdahon , France","postalCode":"25800","city":"Valdahon ","country":"France","horaires":"Du Lundi au Jeudi : de 08h30 à 12h00 de 13h30 à 17h30 | Le Vendredi : de 08h30 à 12h00 de 13h30 à 16h30","contacts":{"email":"contact@portes-haut-doubs.fr","telephone":"03 81 65 15 15"},"website":"https://www.portes-haut-doubs.com/","latitude":47.147594,"longitude":6.345523,"url":"https://lannuaire.service-public.gouv.fr/bourgogne-franche-comte/doubs/91d35ecd-d694-4758-a28c-1496caff22d6"}
{"nom":"Communauté de communes - Pouilly en Auxois Bligny sur Ouche","type":"","adresse":"Maison de Pays , 21320, Pouilly-en-Auxois , France","postalCode":"21320","city":"Pouilly-en-Auxois ","country":"France","horaires":"Du Lundi au Vendredi : de 08h30 à 12h00 de 14h00 à 17h00","contacts":{"email":"contact@ccpouillybligny.fr","telephone":"03 80 90 80 44"},"website":"https://ccpouillybligny.fr/","latitude":47.262493,"longitude":4.556286,"url":"https://lannuaire.service-public.gouv.fr/bourgogne-franche-comte/cote-d-or/3b7a2119-c361-4b2c-a217-6256e7d01772"}
{"nom":"Communauté de communes - Puisaye-Forterre","type":"","adresse":"4 avenue du Général-Leclerc , 89170, Saint-Fargeau , France","postalCode":"89170","city":"Saint-Fargeau ","country":"France","horaires":"Du Lundi au Vendredi : de 09h00 à 12h00 de 14h00 à 17h00","contacts":{"email":"contact@cc-puisayeforterre.fr","telephone":"03 86 44 23 50"},"website":"https://www.puisaye-forterre.com/","latitude":47.640957,"longitude":3.071184,"url":"https://lannuaire.service-public.gouv.fr/bourgogne-franche-comte/yonne/455c3c62-1a45-4707-8b9c-533e18a31108"}
{"nom":"Communauté de communes - Quatre Rivières","type":"","adresse":"8 rue Jean-Mourey , 70180, Dampierre-sur-Salon , France","postalCode":"70180","city":"Dampierre-sur-Salon ","country":"France","horaires":"Du Lundi au Vendredi : de 08h30 à 12h00 de 13h30 à 17h00","contacts":{"email":"secretariat@cc4r.eu","telephone":"03 84 67 13 74"},"website":"https://communaute.4rivieres.fr/","latitude":47.556698,"longitude":5.678444,"url":"https://lannuaire.service-public.gouv.fr/bourgogne-franche-comte/haute-saone/67f4702d-ddd1-4aa0-88ac-29d0770e3bd2"}
{"nom":"Communauté de communes - Rahin et Cherimont","type":"","adresse":"20 rue Paul-Strauss , 70250, Ronchamp , France","postalCode":"70250","city":"Ronchamp ","country":"France","horaires":"Du Lundi au Vendredi : de 08h30 à 12h00 de 13h30 à 17h00","contacts":{"email":"ccrahincherimont@wanadoo.fr","telephone":"03 84 27 93 15"},"website":"https://www.ccrc70.fr/","latitude":47.700253,"longitude":6.633119,"url":"https://lannuaire.service-public.gouv.fr/bourgogne-franche-comte/haute-saone/28b1f71e-b9fd-40e0-a193-3d15ece5f8a5"}
{"nom":"Communauté de communes - Rives de Saône","type":"","adresse":"15 bis grande rue du Faubourg-Saint-Michel , 21250, Seurre , France","postalCode":"21250","city":"Seurre ","country":"France","horaires":"Du Lundi au Vendredi : de 09h00 à 12h00 de 14h00 à 17h00","contacts":{"email":"secretariat@rivesdesaone.fr","telephone":"03 80 20 48 54"},"website":"https://www.rivesdesaone.fr/","latitude":47.000206,"longitude":5.150434,"url":"https://lannuaire.service-public.gouv.fr/bourgogne-franche-comte/cote-d-or/bf6fcc3b-1b3a-4ec2-8810-c14a4c65ba55"}
{"nom":"Communauté de communes - Saint-Cyr Mère Boitier entre Charolais et Mâconnais","type":"","adresse":"Communauté de Communes Saint Cyr Mère Boitier , 71520, Trambly , France","postalCode":"71520","city":"Trambly ","country":"France","horaires":"Du Lundi au Jeudi : de 09h00 à 12h00 de 13h30 à 17h00 | Le Vendredi : de 09h00 à 12h00","contacts":{"email":"contact@scmb71.com","telephone":"03 85 50 26 45"},"website":"https://www.scmb71.com/","latitude":46.328033,"longitude":4.531484,"url":"https://lannuaire.service-public.gouv.fr/bourgogne-franche-comte/saone-et-loire/59cc6119-59b6-4b56-b436-159b90ebbb76"}
{"nom":"Communauté de communes - Saône Doubs Bresse","type":"","adresse":"16 rue de la République , 71350, Verdun-Ciel , France","postalCode":"71350","city":"Verdun-Ciel ","country":"France","horaires":"Du Lundi au Vendredi : de 08h45 à 12h15 de 13h30 à 17h00","contacts":{"email":"contact@saonedoubsbresse.fr","telephone":"03 85 91 66 16"},"website":"http://www.saonedoubsbresse.fr/","latitude":46.895695,"longitude":5.024234,"url":"https://lannuaire.service-public.gouv.fr/bourgogne-franche-comte/saone-et-loire/2a93461c-76a7-455b-b3c3-7feea66dc160"}
{"nom":"Communauté de communes - Saulieu","type":"","adresse":"15 place Charles-de-Gaulle , 21210, Saulieu , France","postalCode":"21210","city":"Saulieu ","country":"France","horaires":"Du Lundi au Vendredi : de 09h00 à 12h00 de 14h00 à 17h00","contacts":{"email":"contact@saulieu-morvan.fr","telephone":"03 80 64 77 44"},"website":"https://www.saulieu-morvan.fr/","latitude":47.281635,"longitude":4.228908,"url":"https://lannuaire.service-public.gouv.fr/bourgogne-franche-comte/cote-d-or/9674baa7-3f42-43b9-92ad-4eea18168bb0"}
{"nom":"Communauté de communes - Serein","type":"","adresse":"1 place Saint-Georges , 89440, L'Isle-sur-Serein , France","postalCode":"89440","city":"L'Isle-sur-Serein ","country":"France","horaires":"Le Lundi : de 13h30 à 16h30 | Du Mardi au Vendredi : de 09h00 à 12h30 de 13h30 à 17h00","contacts":{"email":"accueil@ccduserein.fr","telephone":"03 86 33 33 99"},"website":"https://www.ccduserein.fr/","latitude":47.586773,"longitude":4.0029044,"url":"https://lannuaire.service-public.gouv.fr/bourgogne-franche-comte/yonne/ecb5ddb1-6fc5-49af-81d6-afa9a681bddb"}
{"nom":"Communauté de communes - Serein et Armance","type":"","adresse":"37 avenue du Général-Leclerc , 89600, Saint-Florentin , France","postalCode":"89600","city":"Saint-Florentin ","country":"France","horaires":"Du Lundi au Vendredi : de 09h00 à 12h00 de 14h00 à 17h00","contacts":{"email":"contact@cc-sereinarmance.fr","telephone":"03 86 80 50 50"},"website":"https://cc-sereinarmance.fr/","latitude":48.000553,"longitude":3.729512,"url":"https://lannuaire.service-public.gouv.fr/bourgogne-franche-comte/yonne/54c1f0bb-c349-4a85-b390-23f93d3d6c06"}
{"nom":"Communauté de communes - Sud Côte Chalonnaise","type":"","adresse":"3 impasse des Marbres , 71390, Buxy , France","postalCode":"71390","city":"Buxy ","country":"France","horaires":"Du Lundi au Vendredi : de 09h00 à 12h00","contacts":{"email":"secretariat@ccscc.fr","telephone":"03 85 45 05 26"},"website":"https://www.cc-sud-cote-chalonnaise.fr/","latitude":46.714577,"longitude":4.704979,"url":"https://lannuaire.service-public.gouv.fr/bourgogne-franche-comte/saone-et-loire/98e65ad2-cd9d-44ce-a853-98fe0b12583d"}
{"nom":"Communauté de communes - Sud Nivernais","type":"","adresse":"2 rue du Port de la Jonction , 58300, Decize , France","postalCode":"58300","city":"Decize ","country":"France","horaires":"Le Lundi : de 08h30 à 12h00 de 13h30 à 17h00 | Le Mardi : de 08h30 à 12h00 | Le Mercredi : de 08h30 à 12h00 de 13h30 à 17h00 | Le Jeudi : de 08h30 à 12h00 | Le Vendredi : de 08h30 à 12h00 de 13h30 à 17h00","contacts":{"email":"accueil@ccsn.fr","telephone":"03 86 77 09 45"},"website":"https://www.sud-nivernais-communaute.fr/","latitude":46.821766,"longitude":3.454447,"url":"https://lannuaire.service-public.gouv.fr/bourgogne-franche-comte/nievre/2306bbfa-0f13-45a2-ba72-4ba73f452f12"}
{"nom":"Communauté de communes - Sud Territoire","type":"","adresse":"8 place Raymond-Forni , 90100, Delle , France","postalCode":"90100","city":"Delle ","country":"France","horaires":"Du Lundi au Jeudi : de 08h30 à 12h00 de 14h00 à 17h00 | Le Vendredi : de 08h30 à 12h00 de 14h00 à 16h30","contacts":{"email":"ccst90@cc-sud-territoire.fr","telephone":"03 84 56 26 07"},"website":"https://www.cc-sud-territoire.fr/","latitude":47.50752,"longitude":6.997808,"url":"https://lannuaire.service-public.gouv.fr/bourgogne-franche-comte/territoire-de-belfort/c7530b17-24e5-4333-ab12-0a0bd2d7946f"}
{"nom":"Communauté de communes - Tannay Brinon Corbigny","type":"","adresse":"3 Grande rue , 58800, Corbigny , France","postalCode":"58800","city":"Corbigny ","country":"France","horaires":"Du Lundi au Vendredi : de 09h00 à 12h00 de 13h30 à 17h30","contacts":{"email":"accueil@cctbc.fr","telephone":"03 86 20 22 03"},"website":"https://www.tannay-brinon-corbigny.fr/","latitude":47.257618,"longitude":3.684328,"url":"https://lannuaire.service-public.gouv.fr/bourgogne-franche-comte/nievre/fd3f40ff-96ea-4c52-b637-2ff65e1269eb"}
{"nom":"Communauté de communes - Terre d'Émeraude Communauté","type":"","adresse":"4 chemin du Quart , 39270, Orgelet , France","postalCode":"39270","city":"Orgelet ","country":"France","horaires":"Le Lundi : de 10h00 à 12h00 de 14h00 à 17h30 | Du Mardi au Jeudi : de 08h30 à 12h00 de 14h00 à 17h30 | Le Mercredi : de 08h30 à 12h00 de 14h00 à 17h00 | Le Jeudi : de 08h30 à 12h00 de 14h00 à 17h30 | Le Vendredi : de 08h30 à 12h00","contacts":{"email":"contact@terredemeraude.fr","telephone":"03 84 25 41 13"},"website":"https://www.terredemeraude.fr/","latitude":46.52061,"longitude":5.61129,"url":"https://lannuaire.service-public.gouv.fr/bourgogne-franche-comte/jura/9a91597d-92a6-4e94-99ad-5a5ba2c7a089"}
{"nom":"Communauté de communes - Terres d'Auxois","type":"","adresse":"3 place de la Gare , 21140, Semur-en-Auxois , France","postalCode":"21140","city":"Semur-en-Auxois ","country":"France","horaires":"Du Lundi au Vendredi : de 09h00 à 12h00 de 13h30 à 17h30","contacts":{"email":"contact@ccterres-auxois.fr","telephone":"03 80 97 26 65"},"website":"https://ccterres-auxois.fr/","latitude":47.48867,"longitude":4.3428516,"url":"https://lannuaire.service-public.gouv.fr/bourgogne-franche-comte/cote-d-or/e1ad3cd8-f32f-4a27-94ad-c133e473971d"}
{"nom":"Communauté de communes - Terres de Bresse","type":"","adresse":"Rue Wachenheim , 71290, Cuisery , France","postalCode":"71290","city":"Cuisery ","country":"France","horaires":"Du Lundi au Jeudi : de 09h00 à 12h00 de 14h00 à 17h00 | Le Vendredi : de 09h00 à 12h00 de 14h00 à 16h00","contacts":{"email":"comcom@terresdebresse.fr","telephone":"03 85 32 30 07"},"website":"https://www.terresdebresse.fr/","latitude":46.558712,"longitude":4.999977,"url":"https://lannuaire.service-public.gouv.fr/bourgogne-franche-comte/saone-et-loire/378b1fe1-8104-4dce-b3ca-30b6e33e6de0"}
{"nom":"Communauté de communes - Terres de Saône","type":"","adresse":"73 rue François-Mitterrand , 70170, Port-sur-Saône , France","postalCode":"70170","city":"Port-sur-Saône ","country":"France","horaires":"Du Lundi au Vendredi : de 08h30 à 12h00 de 13h30 à 17h00","contacts":{"email":"contact@cctds.fr","telephone":"03 84 91 66 00"},"website":"https://www.cctds.fr/","latitude":47.688244,"longitude":6.0464644,"url":"https://lannuaire.service-public.gouv.fr/bourgogne-franche-comte/haute-saone/a22bbfdd-2d27-4b1e-a32d-71f59d72413d"}
{"nom":"Communauté de communes - Tille et Venelle","type":"","adresse":"20 rue de la Patenée , 21260, Selongey , France","postalCode":"21260","city":"Selongey ","country":"France","horaires":"Du Lundi au Vendredi : de 08h30 à 12h00 de 12h45 à 17h30","contacts":{"email":"bonjour@tille-venelle.fr","telephone":"03 80 75 51 11"},"website":"https://www.tille-venelle.fr/","latitude":47.588207,"longitude":5.183793,"url":"https://lannuaire.service-public.gouv.fr/bourgogne-franche-comte/cote-d-or/0a1e53da-ee35-4e08-8448-81b79a49c68f"}
{"nom":"Communauté de communes - Triangle Vert","type":"","adresse":"27 Grande rue , 70240, Saulx , France","postalCode":"70240","city":"Saulx ","country":"France","horaires":"Du Lundi au Jeudi : de 09h00 à 12h00 de 13h30 à 18h00","contacts":{"email":"contact@cctv70.fr","telephone":"03 84 95 89 90"},"website":"https://cctv70.fr/fr/","latitude":47.69583,"longitude":6.278879,"url":"https://lannuaire.service-public.gouv.fr/bourgogne-franche-comte/haute-saone/2310fba1-01c9-47e6-a5b9-8a83114baa59"}
{"nom":"Communauté de communes - Val d'Amour","type":"","adresse":"74 Grande rue , 39380, Chamblay , France","postalCode":"39380","city":"Chamblay ","country":"France","horaires":"Du Lundi au Vendredi : de 09h00 à 12h00 de 13h30 à 17h00","contacts":{"email":"contact@valdamour.com","telephone":"03 84 37 74 74"},"website":"https://www.valdamour.com/","latitude":46.997593,"longitude":5.7089505,"url":"https://lannuaire.service-public.gouv.fr/bourgogne-franche-comte/jura/1b3563e3-a2cd-46cd-bf75-09fadaa41d29"}
{"nom":"Communauté de communes - Val de Gray","type":"","adresse":"Rue André-Marie-Ampère , 70100, Gray , France","postalCode":"70100","city":"Gray ","country":"France","horaires":"Du Lundi au Vendredi : de 08h30 à 12h00 de 13h30 à 16h30","contacts":{"email":"secretariat@cc-valdegray.fr","telephone":"03 84 65 58 69"},"website":"https://www.cc-valdegray.fr/","latitude":47.43738,"longitude":5.6011944,"url":"https://lannuaire.service-public.gouv.fr/bourgogne-franche-comte/haute-saone/dc4faf37-30c3-42ff-b73d-a8a9adc800c4"}
{"nom":"Communauté de communes - Vallées de la Tille et de l'Ignon","type":"","adresse":"4 allée Jean-Moulin , 21120, Is-sur-Tille , France","postalCode":"21120","city":"Is-sur-Tille ","country":"France","horaires":"Du Lundi au Jeudi : de 09h00 à 12h00 de 14h00 à 17h00 | Le Vendredi : de 09h00 à 12h00","contacts":{"email":"covati@covati.fr","telephone":"03 80 95 32 41"},"website":"https://www.covati.fr/","latitude":47.521263,"longitude":5.112725,"url":"https://lannuaire.service-public.gouv.fr/bourgogne-franche-comte/cote-d-or/1014f99d-9607-40f3-9fdb-b2e85ed9b77e"}
{"nom":"Communauté de communes - Val Marnaysien","type":"","adresse":"21 place de lHôtel-de-Ville , 70150, Marnay , France","postalCode":"70150","city":"Marnay ","country":"France","horaires":"Du Lundi au Jeudi : de 08h30 à 12h30 de 14h00 à 17h00 | Le Vendredi : de 08h30 à 12h30","contacts":{"email":"cc@valmarnaysien.com","telephone":"03 84 31 94 84"},"website":"https://valmarnaysien.com/","latitude":47.294918,"longitude":5.773138,"url":"https://lannuaire.service-public.gouv.fr/bourgogne-franche-comte/haute-saone/2aa73826-fc01-43f2-9498-b4d69019ce55"}
{"nom":"Communauté de communes - Val de Morteau","type":"","adresse":"Mairie , 25500, Morteau , France","postalCode":"25500","city":"Morteau ","country":"France","horaires":"Du Lundi au Vendredi : de 08h30 à 12h00 de 14h00 à 18h00","contacts":{"email":"morteau@morteau.org","telephone":"03 81 68 56 56"},"website":"https://www.cc-valdemorteau.fr/","latitude":47.056053,"longitude":6.5966763,"url":"https://lannuaire.service-public.gouv.fr/bourgogne-franche-comte/doubs/dc5467e4-8e34-407b-b254-35dc3f0c7228"}
{"nom":"Communauté de communes - Vosges du Sud","type":"","adresse":"26 bis Grande rue , 90170, Etueffont , France","postalCode":"90170","city":"Etueffont ","country":"France","horaires":"Du Lundi au Jeudi : de 08h30 à 12h00 de 13h30 à 16h30 | Le Vendredi : de 08h30 à 12h00 de 13h30 à 16h00","contacts":{"email":"contact@ccvosgesdusud.fr","telephone":"03 84 54 70 80"},"website":"https://www.ccvosgesdusud.fr/","latitude":47.721653,"longitude":6.9205832,"url":"https://lannuaire.service-public.gouv.fr/bourgogne-franche-comte/territoire-de-belfort/dce39bac-5cd1-4595-9cf9-bb7e1d707c34"}
{"nom":"Communauté de communes - Yonne Nord","type":"","adresse":"52 faubourg de Villeperrot , 89140, Pont-sur-Yonne , France","postalCode":"89140","city":"Pont-sur-Yonne ","country":"France","horaires":"Du Lundi au Jeudi : de 09h00 à 12h00 de 14h00 à 17h00 | Le Vendredi : de 09h00 à 12h00 de 14h00 à 16h30","contacts":{"email":"ccyn@ccyn.fr","telephone":"03 86 67 99 00"},"website":"https://yonne-nord.fr/","latitude":48.276825,"longitude":3.2172778,"url":"https://lannuaire.service-public.gouv.fr/bourgogne-franche-comte/yonne/436403ba-e7c9-45b9-9448-8efcde0818d5"}
{"nom":"Communauté urbaine - Creusot Montceau","type":"","adresse":"Château de la Verrerie , 71206, Le Creusot Cedex , France","postalCode":"71206","city":"Le Creusot Cedex ","country":"France","horaires":"Du Lundi au Vendredi : de 08h30 à 12h00 de 13h30 à 17h00","contacts":{"email":"info@creusot-montceau.org","telephone":"03 85 77 51 51"},"website":"https://www.creusot-montceau.org/","latitude":46.8067,"longitude":4.427961,"url":"https://lannuaire.service-public.gouv.fr/bourgogne-franche-comte/saone-et-loire/1474feb1-b2fe-4f62-a473-9e01c48baf8e"}
{"nom":"Communauté urbaine - Grand Besançon Métropole","type":"","adresse":"La City , 25043, Besançon Cedex , France","postalCode":"25043","city":"Besançon Cedex ","country":"France","horaires":"Du Lundi au Jeudi : de 08h00 à 12h00 de 13h30 à 17h30 | Le Vendredi : de 08h00 à 12h00 de 13h30 à 17h00","contacts":{"email":"contact.gbm@grandbesancon.fr","telephone":"03 81 87 88 89"},"website":"https://www.grandbesancon.fr/","latitude":47.233868,"longitude":6.014996,"url":"https://lannuaire.service-public.gouv.fr/bourgogne-franche-comte/doubs/4a954010-1afe-472b-9d3f-f471cf546500"}
{"nom":"Métropole - Dijon","type":"","adresse":"40 avenue du Drapeau , 21075, Dijon , France","postalCode":"21075","city":"Dijon ","country":"France","horaires":"Du Lundi au Vendredi : de 08h30 à 12h00 de 13h30 à 17h30","contacts":{"email":"contact@metropole-dijon.fr","telephone":"03 80 50 35 35"},"website":"https://www.dijon-metropole.fr/","latitude":47.33258,"longitude":5.0439315,"url":"https://lannuaire.service-public.gouv.fr/bourgogne-franche-comte/cote-d-or/5e1cd4d6-055a-4c7f-a09c-4c18ff3b944a"}
