{"nom":"Communauté d'agglomération - Amiens Métropole","type":"","adresse":"Place de l'Hôtel-de-Ville , 80000, Amiens , France","postalCode":"80000","city":"Amiens ","country":"France","horaires":"Du Lundi au Vendredi : de 08h30 à 17h30 | Le Samedi : de 08h30 à 12h00","contacts":{"email":"maire-amiens@amiens-metropole.com","telephone":"03 22 97 40 40"},"website":"https://www.amiens.fr/","latitude":49.89329,"longitude":2.295553,"url":"https://lannuaire.service-public.gouv.fr/hauts-de-france/somme/efc23c87-0dcf-4537-a78a-5a3185a7eea2"}
{"nom":"Communauté d'agglomération - Beauvaisis","type":"","adresse":"48 rue Desgroux , 60005, Beauvais Cedex 5 , France","postalCode":"60005","city":"Beauvais Cedex 5 ","country":"France","horaires":"Du Lundi au Vendredi : de 08h30 à 12h00 de 13h30 à 17h00","contacts":{"email":"contact@beauvaisis.fr","telephone":"03 44 15 68 00"},"website":"https://www.beauvaisis.fr/","latitude":49.428226,"longitude":2.0786667,"url":"https://lannuaire.service-public.gouv.fr/hauts-de-france/oise/556c0aac-f6fc-487c-96cd-e1bf24db6acc"}
{"nom":"Communauté d'agglomération - Béthune Bruay Artois Lys Romane","type":"","adresse":"100 avenue de Londres , 62400, Béthune , France","postalCode":"62400","city":"Béthune ","country":"France","horaires":"Du Lundi au Vendredi : de 08h30 à 12h00 de 13h30 à 17h30","contacts":{"email":"contact@bethunebruay.fr","telephone":"03 21 61 50 00"},"website":"https://www.bethunebruay.fr/","latitude":50.51631,"longitude":2.626759,"url":"https://lannuaire.service-public.gouv.fr/hauts-de-france/pas-de-calais/ec3fce83-3fd8-45da-8906-d4f515c839e9"}
{"nom":"Communauté d'agglomération - Boulonnais","type":"","adresse":"1 boulevard du Bassin-Napoléon , 62200, Boulogne-sur-Mer , France","postalCode":"62200","city":"Boulogne-sur-Mer ","country":"France","horaires":"Du Lundi au Vendredi : de 08h00 à 18h00","contacts":{"email":"contact@agglo-boulonnais.fr","telephone":"03 21 10 36 36"},"website":"https://www.agglo-boulonnais.fr/","latitude":50.72238,"longitude":1.5968935,"url":"https://lannuaire.service-public.gouv.fr/hauts-de-france/pas-de-calais/d2d3c836-791d-4cff-a90f-da130f5f4283"}
{"nom":"Communauté d'agglomération - Calaisis","type":"","adresse":"76 boulevard Gambetta , 62100, Calais , France","postalCode":"62100","city":"Calais ","country":"France","horaires":"Du Lundi au Vendredi : de 08h30 à 12h00 de 13h30 à 17h00","contacts":{"email":"info@grandcalais.fr","telephone":"03 21 19 55 00"},"website":"https://www.grandcalais.fr/","latitude":50.951508,"longitude":1.8575478,"url":"https://lannuaire.service-public.gouv.fr/hauts-de-france/pas-de-calais/6957769e-da94-45fb-afac-29ec81b879bd"}
{"nom":"Communauté d'agglomération - Cambrai","type":"","adresse":"14 rue Neuve , 59407, Cambrai Cedex , France","postalCode":"59407","city":"Cambrai Cedex ","country":"France","horaires":"Du Lundi au Jeudi : de 08h30 à 12h30 de 14h00 à 18h00 | Le Vendredi : de 08h30 à 12h30 de 14h00 à 17h00","contacts":{"email":"contact@agglo-cambrai.fr","telephone":"03 27 72 40 00"},"website":"https://www.agglo-cambrai.fr/","latitude":50.175205,"longitude":3.2353568,"url":"https://lannuaire.service-public.gouv.fr/hauts-de-france/nord/12093c70-ef1c-49e4-b89c-38d85e8e2f32"}
{"nom":"Communauté d'agglomération - Chauny Tergnier La Fère","type":"","adresse":"57 boulevard Gambetta , 02300, Chauny , France","postalCode":"02300","city":"Chauny ","country":"France","horaires":"Du Lundi au Vendredi : de 08h30 à 12h00 de 13h30 à 17h30","contacts":{"email":"accueil@ctlf.fr","telephone":"03 23 39 94 94"},"website":"https://ctlf.fr/","latitude":49.612705,"longitude":3.222512,"url":"https://lannuaire.service-public.gouv.fr/hauts-de-france/aisne/c727e91b-1c70-40e2-becd-6749aa7bcd40"}
{"nom":"Communauté d'agglomération - Creil Sud Oise","type":"","adresse":"24 rue de la Villageoise , 60100, Creil , France","postalCode":"60100","city":"Creil ","country":"France","horaires":"Du Lundi au Jeudi : de 08h30 à 12h00 de 13h30 à 17h30 | Le Vendredi : de 08h30 à 12h00 de 13h30 à 17h00","contacts":{"email":"contact@creilsudoise.fr","telephone":"03 44 64 74 74"},"website":"https://www.creilsudoise.fr/","latitude":49.261196,"longitude":2.4727821,"url":"https://lannuaire.service-public.gouv.fr/hauts-de-france/oise/2162ab3b-c15e-4994-9fc6-da4872fab180"}
{"nom":"Communauté d'agglomération - Deux Baies en Montreuillois","type":"","adresse":"11-13 place Gambetta , 62170, Montreuil , France","postalCode":"62170","city":"Montreuil ","country":"France","horaires":"Du Lundi au Vendredi : de 08h30 à 12h30 de 13h30 à 17h00","contacts":{"email":"contact@ca2bm.fr","telephone":"03 21 06 66 66"},"website":"https://www.ca2bm.fr/","latitude":50.46447,"longitude":1.7632164,"url":"https://lannuaire.service-public.gouv.fr/hauts-de-france/pas-de-calais/ca25a1bc-da52-4f3c-aaa6-e9d6b4e0cbba"}
{"nom":"Communauté d'agglomération - Douaisis","type":"","adresse":"Parc d'activité de Dorignies , 59500, Douai , France","postalCode":"59500","city":"Douai ","country":"France","horaires":"Du Lundi au Jeudi : de 08h00 à 12h00 de 14h00 à 17h30 | Le Vendredi : de 08h00 à 12h00 de 14h00 à 16h30","contacts":{"email":"contact@douaisis-agglo.com","telephone":"03 27 99 89 89"},"website":"https://www.douaisis-agglo.com/","latitude":50.397198,"longitude":3.102187,"url":"https://lannuaire.service-public.gouv.fr/hauts-de-france/nord/be8bfe3b-cd29-4558-94b7-416e62525ef4"}
{"nom":"Communauté d'agglomération - Hénin Carvin","type":"","adresse":"242 boulevard Albert-Schweitzer , 62250, Hénin-Beaumont , France","postalCode":"62250","city":"Hénin-Beaumont ","country":"France","horaires":"Du Lundi au Jeudi : de 08h30 à 12h00 de 13h30 à 17h30 | Le Vendredi : de 08h30 à 12h00 de 13h30 à 17h00","contacts":{"email":"communication@agglo-henincarvin.fr","telephone":"03 21 79 13 79"},"website":"https://www.agglo-henincarvin.fr/","latitude":50.421207,"longitude":2.9474258,"url":"https://lannuaire.service-public.gouv.fr/hauts-de-france/pas-de-calais/1814283b-94c6-42b8-a0be-48ac94a2dae3"}
{"nom":"Communauté d'agglomération - La Baie de Somme","type":"","adresse":"Place de la Gare , 80100, Abbeville , France","postalCode":"80100","city":"Abbeville ","country":"France","horaires":"Du Lundi au Vendredi : de 08h30 à 12h00 de 14h00 à 18h00","contacts":{"email":"contact@ca-baiedesomme.fr","telephone":"03 22 24 05 68"},"website":"http://www.baiedesommeagglo.fr/","latitude":50.102085,"longitude":1.8251089,"url":"https://lannuaire.service-public.gouv.fr/hauts-de-france/somme/1a93978f-bc9f-46ea-83db-329bee5d1592"}
{"nom":"Communauté d'agglomération - La Porte du Hainaut","type":"","adresse":"Site minier de Wallers-Arenberg , 59135, Wallers-Arenberg , France","postalCode":"59135","city":"Wallers-Arenberg ","country":"France","horaires":"Du Lundi au Vendredi : de 09h00 à 12h00 de 14h00 à 17h00","contacts":{"email":"contact@agglo-porteduhainaut.fr","telephone":"03 27 09 05 05"},"website":"https://www.agglo-porteduhainaut.fr/","latitude":50.383537,"longitude":3.428861,"url":"https://lannuaire.service-public.gouv.fr/hauts-de-france/nord/2cd6860d-259b-4d53-8d32-273a3a42bf99"}
{"nom":"Communauté d'agglomération - La Région de Château-Thierry","type":"","adresse":"LAiguillage , 02400, Étampes-sur-Marne , France","postalCode":"02400","city":"Étampes-sur-Marne ","country":"France","horaires":"Du Lundi au Vendredi : de 08h30 à 12h30 de 13h30 à 17h00","contacts":{"email":"contact@carct.fr","telephone":"03 23 69 75 41"},"website":"https://www.carct.fr/","latitude":49.037342,"longitude":3.4116817,"url":"https://lannuaire.service-public.gouv.fr/hauts-de-france/aisne/6838c422-6b33-4d95-9982-99d5fadf3cca"}
{"nom":"Communauté d'agglomération - La Région de Compiègne","type":"","adresse":"Place de l'Hôtel-de-Ville , 60320, Compiègne , France","postalCode":"60320","city":"Compiègne ","country":"France","horaires":"Du Lundi au Vendredi : de 08h30 à 12h00 de 13h30 à 17h00","contacts":{"email":"accueil@agglo-compiegne.fr","telephone":"03 44 40 76 00"},"website":"https://www.agglo-compiegne.fr/","latitude":49.417828,"longitude":2.8252652,"url":"https://lannuaire.service-public.gouv.fr/hauts-de-france/oise/aa07aa46-9b6a-4d03-8493-0dee4f481374"}
{"nom":"Communauté d'agglomération - Lens Liévin","type":"","adresse":"21 rue Marcel-Sembat , 62300, Lens , France","postalCode":"62300","city":"Lens ","country":"France","horaires":"Du Lundi au Jeudi : de 08h00 à 12h00 de 14h00 à 18h00 | Le Vendredi : de 08h00 à 12h00 de 14h00 à 17h00","contacts":{"email":"contact@agglo-lenslievin.fr","telephone":"03 21 79 07 90"},"website":"https://www.agglo-lenslievin.fr/","latitude":50.434418,"longitude":2.840028,"url":"https://lannuaire.service-public.gouv.fr/hauts-de-france/pas-de-calais/5544c465-ec24-4b32-a967-adbc5943fca6"}
{"nom":"Communauté d'agglomération - Maubeuge Val de Sambre","type":"","adresse":"18 rue du 145e-Régiment-d'Infanterie , 59600, Maubeuge , France","postalCode":"59600","city":"Maubeuge ","country":"France","horaires":"Du Lundi au Jeudi : de 08h30 à 12h30 de 13h30 à 17h30 | Le Vendredi : de 08h30 à 12h30 de 13h30 à 16h30","contacts":{"email":"amvs@amvs.fr","telephone":"03 27 53 01 00"},"website":"https://agglo-maubeugevaldesambre.fr/","latitude":50.28998,"longitude":3.97781,"url":"https://lannuaire.service-public.gouv.fr/hauts-de-france/nord/0a98fa2b-758f-4dcb-92a5-33b0191c81f9"}
{"nom":"Communauté d'agglomération - Pays de Laon","type":"","adresse":"60 rue de Chambry , 02000, Aulnois-sous-Laon , France","postalCode":"02000","city":"Aulnois-sous-Laon ","country":"France","horaires":"Du Lundi au Vendredi : de 08h30 à 12h15 de 13h15 à 17h30","contacts":{"email":"contact@ca-paysdelaon.fr","telephone":"03 23 22 31 00"},"website":"https://www.ca-paysdelaon.fr/","latitude":49.612156,"longitude":3.6112404,"url":"https://lannuaire.service-public.gouv.fr/hauts-de-france/aisne/c5c1d88b-fb06-4679-89d2-11fd865af4de"}
{"nom":"Communauté d'agglomération - Pays de Saint-Omer","type":"","adresse":"2 rue Albert-Camus , 62219, Longuenesse , France","postalCode":"62219","city":"Longuenesse ","country":"France","horaires":"Du Lundi au Vendredi : de 08h00 à 12h00 de 13h30 à 17h00","contacts":{"email":"contact@ca-pso.fr","telephone":"03 74 18 20 00"},"website":"https://www.ca-pso.fr/","latitude":50.740093,"longitude":2.275745,"url":"https://lannuaire.service-public.gouv.fr/hauts-de-france/pas-de-calais/fdff0965-fc8c-44ea-bec7-9e15e37c9387"}
{"nom":"Communauté d'agglomération - Saint-Quentinois","type":"","adresse":"58 boulevard Victor-Hugo , 02108, Saint-Quentin , France","postalCode":"02108","city":"Saint-Quentin ","country":"France","horaires":"Du Lundi au Vendredi : de 08h30 à 17h30","contacts":{"email":"agglojecoute@casq.fr","telephone":"03 23 06 30 06"},"website":"https://www.agglo-saintquentinois.fr/","latitude":49.841133,"longitude":3.28355,"url":"https://lannuaire.service-public.gouv.fr/hauts-de-france/aisne/66d47899-ac77-4a53-8a68-19569c321150"}
{"nom":"Communauté d'agglomération - Soissonnais","type":"","adresse":"11 avenue François-Mitterand , 02880, Cuffies , France","postalCode":"02880","city":"Cuffies ","country":"France","horaires":"Du Lundi au Vendredi : de 08h30 à 12h15 de 13h30 à 17h15","contacts":{"email":"accueilagglo@agglo-soissonnais.com","telephone":"03 23 53 88 40"},"website":"https://www.grandsoissons.com/","latitude":49.39935,"longitude":3.327159,"url":"https://lannuaire.service-public.gouv.fr/hauts-de-france/aisne/c96ebd66-bf83-481a-ab48-1d6e4821cf09"}
{"nom":"Communauté d'agglomération - Valenciennes Métropole","type":"","adresse":"2 place de l'Hôpital-Général , 59305, Valenciennes , France","postalCode":"59305","city":"Valenciennes ","country":"France","horaires":"Du Lundi au Vendredi : de 08h30 à 12h00 de 13h30 à 17h30","contacts":{"email":"communication.cavm@valenciennes-metropole.fr","telephone":"03 27 09 60 96"},"website":"https://www.valenciennes-metropole.fr/","latitude":50.36187,"longitude":3.5261724,"url":"https://lannuaire.service-public.gouv.fr/hauts-de-france/nord/3440f7da-c14d-489e-9a85-05ffa3dfde2d"}
{"nom":"Communauté de communes - 7 Vallées","type":"","adresse":"6 rue du Général-Daullé , 62140, Hesdin , France","postalCode":"62140","city":"Hesdin ","country":"France","horaires":"Du Lundi au Vendredi : de 08h30 à 12h30 de 13h30 à 17h30","contacts":{"email":"contact@7vallees.fr","telephone":"03 21 90 42 68"},"website":"https://7vallees.fr/","latitude":50.372826,"longitude":2.0372088,"url":"https://lannuaire.service-public.gouv.fr/hauts-de-france/pas-de-calais/b1cee102-37ed-4453-92f2-7dbbeda780bc"}
{"nom":"Communauté de communes - Aire Cantilienne","type":"","adresse":"17 bis rue Guilleminot , 60500, Chantilly , France","postalCode":"60500","city":"Chantilly ","country":"France","horaires":"Du Lundi au Jeudi : de 08h30 à 12h30 de 13h30 à 17h30 | Le Vendredi : de 08h30 à 12h00","contacts":{"email":"contact@ccac.fr","telephone":"03 44 62 46 60"},"website":"https://www.ccac.fr/","latitude":49.19796,"longitude":2.461752,"url":"https://lannuaire.service-public.gouv.fr/hauts-de-france/oise/5e6f1785-ff26-4783-94c3-bca4a970c690"}
{"nom":"Communauté de communes - Avre Luce Noye","type":"","adresse":"Route de Boves , 80250, Ailly-sur-Noye , France","postalCode":"80250","city":"Ailly-sur-Noye ","country":"France","horaires":"Du Lundi au Jeudi : de 09h00 à 12h00 de 14h00 à 17h00 | Le Vendredi : de 09h00 à 12h00 de 14h00 à 16h00","contacts":{"email":"secretariat@avrelucenoye.fr","telephone":"03 22 09 75 32"},"website":"https://www.avrelucenoye.fr/","latitude":49.768246,"longitude":2.368408,"url":"https://lannuaire.service-public.gouv.fr/hauts-de-france/somme/d879e2e7-b66e-4f89-b344-6a4165242703"}
{"nom":"Communauté de communes - Campagnes de l'Artois","type":"","adresse":"1050 avenue François-Mitterrand , 62810, Avesnes-le-Comte , France","postalCode":"62810","city":"Avesnes-le-Comte ","country":"France","horaires":"Du Lundi au Vendredi : de 09h00 à 12h30 de 14h00 à 17h00","contacts":{"email":"accueil@campagnesartois.fr","telephone":"03 21 22 02 00"},"website":"https://campagnesartois.fr/","latitude":50.283173,"longitude":2.547846,"url":"https://lannuaire.service-public.gouv.fr/hauts-de-france/pas-de-calais/4268f613-775f-427b-84b8-f4f2ffca273c"}
{"nom":"Communauté de communes - Caudrésis Catésis","type":"","adresse":"ZA des Bouts-des-19 , 59157, Beauvois-en-Cis , France","postalCode":"59157","city":"Beauvois-en-Cis ","country":"France","horaires":"Du Lundi au Vendredi : de 08h30 à 12h30 de 14h00 à 17h00","contacts":{"email":"secretariat@caudresis-catesis.fr","telephone":"03 27 75 84 79"},"website":"https://www.caudresis-catesis.fr/","latitude":50.136814,"longitude":3.4000747,"url":"https://lannuaire.service-public.gouv.fr/hauts-de-france/nord/eff253d1-b5bb-4b73-8c09-3cdb35ccdd60"}
{"nom":"Communauté de communes - Champagne Picarde","type":"","adresse":"2 route de Montaigu , 02820, Saint-Erme-Outre-et-Ramecourt , France","postalCode":"02820","city":"Saint-Erme-Outre-et-Ramecourt ","country":"France","horaires":"Du Lundi au Jeudi : de 09h00 à 12h00 de 13h00 à 16h30 | Le Vendredi : de 09h00 à 12h00 de 13h00 à 16h00","contacts":{"email":"info@cc-champagnepicarde.fr","telephone":"03 23 22 36 80"},"website":"https://www.cc-champagnepicarde.fr/","latitude":49.516182,"longitude":3.8429832,"url":"https://lannuaire.service-public.gouv.fr/hauts-de-france/aisne/7f98afca-1ab2-44f6-9b11-ac66219b723c"}
{"nom":"Communauté de communes - Charly-sur-Marne","type":"","adresse":"2 voie André-Rossi , 02310, Charly-sur-Marne , France","postalCode":"02310","city":"Charly-sur-Marne ","country":"France","horaires":"Du Lundi au Vendredi : de 09h00 à 12h00 de 13h00 à 17h00","contacts":{"email":"accueil.c4@c4charly.fr","telephone":"03 23 82 24 69"},"website":"https://www.c4-charlysurmarne.fr/","latitude":48.97952,"longitude":3.2878594,"url":"https://lannuaire.service-public.gouv.fr/hauts-de-france/aisne/d5dc72fc-9c23-4f46-a904-dc15bfea30b6"}
{"nom":"Communauté de communes - Chemin des Dames","type":"","adresse":"1 rue de l'Église , 02160, Craonne , France","postalCode":"02160","city":"Craonne ","country":"France","horaires":"Du Lundi au Mardi : de 08h00 à 17h00 | Le Mercredi : de 08h00 à 13h00 | Le Jeudi : de 08h00 à 17h00 | Le Vendredi : de 08h00 à 16h00","contacts":{"email":"administration@cc-cheminsdesdames.fr","telephone":"03 23 22 69 72"},"website":"https://www.cc-chemindesdames.fr/","latitude":49.43923,"longitude":3.7880645,"url":"https://lannuaire.service-public.gouv.fr/hauts-de-france/aisne/8c046bd4-3033-4345-8450-65f23b9f3c24"}
{"nom":"Communauté de communes - Clermontois","type":"","adresse":"9 rue Henri-Breuil , 60600, Clermont , France","postalCode":"60600","city":"Clermont ","country":"France","horaires":"Du Lundi au Vendredi : de 09h00 à 12h00 de 14h00 à 17h00","contacts":{"email":"accueil@pays-clermontois.fr","telephone":"03 44 50 85 00"},"website":"https://pays-clermontois.fr/","latitude":49.384617,"longitude":2.4075294,"url":"https://lannuaire.service-public.gouv.fr/hauts-de-france/oise/b55df963-8412-458e-bc22-a47934ede6d0"}
{"nom":"Communauté de communes - Coeur de l'Avesnois","type":"","adresse":"43 rue Cambrésienne , 59362, Avesnes-sur-Helpe , France","postalCode":"59362","city":"Avesnes-sur-Helpe ","country":"France","horaires":"Du Lundi au Jeudi : de 09h00 à 12h00 de 13h30 à 17h30 | Le Vendredi : de 09h00 à 12h00 de 13h30 à 16h30","contacts":{"email":"accueil@coeur-avesnois.fr","telephone":"03 27 56 11 80"},"website":"https://www.coeur-avesnois.fr/","latitude":50.120773,"longitude":3.9269078,"url":"https://lannuaire.service-public.gouv.fr/hauts-de-france/nord/ac272ca6-77f2-47c9-8118-7d490c7a2f20"}
{"nom":"Communauté de communes - Desvres Samer","type":"","adresse":"41 rue des Potiers , 62240, Desvres , France","postalCode":"62240","city":"Desvres ","country":"France","horaires":"Du Lundi au Vendredi : de 08h30 à 12h00 de 14h00 à 17h00","contacts":{"email":"com.com@cc-desvressamer.fr","telephone":"03 21 92 07 20"},"website":"https://www.cc-desvressamer.fr/","latitude":50.667934,"longitude":1.8388522,"url":"https://lannuaire.service-public.gouv.fr/hauts-de-france/pas-de-calais/93b98aba-84a3-4ebc-8940-7d46b8343cdd"}
{"nom":"Communauté de communes - Deux Vallées","type":"","adresse":"9 rue du Maréchal-Juin , 60150, Thourotte , France","postalCode":"60150","city":"Thourotte ","country":"France","horaires":"Du Lundi au Vendredi : de 08h30 à 12h00 de 13h30 à 17h00","contacts":{"email":"contact@cc2v.fr","telephone":"03 44 96 31 00"},"website":"https://www.deuxvallees.fr/","latitude":49.44025,"longitude":2.8757734,"url":"https://lannuaire.service-public.gouv.fr/hauts-de-france/oise/ae90e5d4-5a57-467c-967f-9398aa76270b"}
{"nom":"Communauté de communes - Est de la Somme","type":"","adresse":"106 rue du Marechal-Leclerc , 80400, Eppeville , France","postalCode":"80400","city":"Eppeville ","country":"France","horaires":"Du Lundi au Jeudi : de 09h30 à 12h30 de 13h30 à 16h45 | Le Vendredi : de 09h00 à 12h00","contacts":{"email":"contact@estdelasomme.fr","telephone":"03 23 81 33 21"},"website":"https://estdelasomme.fr/","latitude":49.753124,"longitude":3.065919,"url":"https://lannuaire.service-public.gouv.fr/hauts-de-france/somme/889262fe-2f8f-4ed7-aae0-82633096bad4"}
{"nom":"Communauté de communes - Flandre Intérieure","type":"","adresse":"222 bis rue de Vieux-Berquin , 59190, Hazebrouck , France","postalCode":"59190","city":"Hazebrouck ","country":"France","horaires":"Du Lundi au Vendredi : de 08h30 à 12h30 de 13h30 à 17h30","contacts":{"email":"mailccom@cc-flandreinterieure.fr","telephone":"03 74 54 00 59"},"website":"https://ca-coeurdeflandre.fr/","latitude":50.7177,"longitude":2.549649,"url":"https://lannuaire.service-public.gouv.fr/hauts-de-france/nord/7eac9709-b2db-4f4b-be38-c2570faf8b70"}
{"nom":"Communauté de communes - Flandre Lys","type":"","adresse":"500 rue de la Lys , 59253, La Gorgue , France","postalCode":"59253","city":"La Gorgue ","country":"France","horaires":"Le Lundi : de 08h30 à 12h00 de 13h30 à 17h00 | Le Mardi : de 08h30 à 12h00 | Le Mercredi : de 08h30 à 12h00 de 13h30 à 17h00 | Le Jeudi : de 08h30 à 12h00 | Le Vendredi : de 08h30 à 12h00 de 13h30 à 17h00","contacts":{"email":"contact@cc-flandrelys.fr","telephone":"03 28 50 14 90"},"website":"https://www.cc-flandrelys.fr/","latitude":50.640785,"longitude":2.741548,"url":"https://lannuaire.service-public.gouv.fr/hauts-de-france/nord/33c65e51-e674-4c01-9b45-19716dd23b2d"}
{"nom":"Communauté de communes - Grand Roye","type":"","adresse":"1136 rue Pasteur-Prolongée , 80500, Montdidier , France","postalCode":"80500","city":"Montdidier ","country":"France","horaires":"Du Lundi au Vendredi : de 09h00 à 12h30 de 13h30 à 17h00","contacts":{"email":"contact@grandroye.fr","telephone":"03 22 37 50 50"},"website":"https://www.grandroye.fr/","latitude":49.654552,"longitude":2.5899408,"url":"https://lannuaire.service-public.gouv.fr/hauts-de-france/somme/bc076ee1-b496-4076-a406-c73e76c9fd77"}
{"nom":"Communauté de communes - Haut Pays du Montreuillois","type":"","adresse":"15 ter rue du Marais , 62310, Fruges , France","postalCode":"62310","city":"Fruges ","country":"France","horaires":"Du Lundi au Vendredi : de 08h30 à 12h00 de 13h30 à 17h00","contacts":{"email":"accueil@cchpm.fr","telephone":"03 61 52 80 05"},"website":"https://www.cchpm.fr/","latitude":50.513756,"longitude":2.1340942,"url":"https://lannuaire.service-public.gouv.fr/hauts-de-france/pas-de-calais/27f1f922-2092-4b1f-8817-5569845d538e"}
{"nom":"Communauté de communes - Hauts de Flandre","type":"","adresse":"468 rue de la Couronne-de-Bierne , 59380, Bergues , France","postalCode":"59380","city":"Bergues ","country":"France","horaires":"Du Lundi au Vendredi : de 08h00 à 17h00","contacts":{"email":"contact@cchf.fr","telephone":"03 28 29 09 99"},"website":"https://www.cchf.fr/","latitude":50.96856,"longitude":2.4325843,"url":"https://lannuaire.service-public.gouv.fr/hauts-de-france/nord/68860c19-0e63-4a48-959c-74fd133efb9f"}
{"nom":"Communauté de communes - La Haute Somme Combles Péronne Roisel","type":"","adresse":"23 avenue de l'Europe , 8020, Péronne , France","postalCode":"8020","city":"Péronne ","country":"France","horaires":"Du Lundi au Jeudi : de 08h00 à 12h00 de 13h30 à 17h00 | Le Vendredi : de 08h00 à 12h00 de 13h30 à 16h30","contacts":{"email":"cchs@cchs.fr","telephone":"03 22 84 27 51"},"website":"https://www.coeurhautesomme.fr/","latitude":49.93288,"longitude":2.9330063,"url":"https://lannuaire.service-public.gouv.fr/hauts-de-france/somme/35fa7871-a479-48e6-9ba9-6253ea8e2f08"}
{"nom":"Communauté de communes - La région d'Audruicq","type":"","adresse":"66 place du Général-de-Gaulle , 62370, Audruicq , France","postalCode":"62370","city":"Audruicq ","country":"France","horaires":"Du Lundi au Vendredi : de 08h30 à 12h00 de 14h00 à 17h30","contacts":{"email":"communaute-reg-audruicq@ccra.fr","telephone":"03 21 00 83 83"},"website":"https://www.ccra.fr/","latitude":50.87772,"longitude":2.0800605,"url":"https://lannuaire.service-public.gouv.fr/hauts-de-france/pas-de-calais/c80d6338-573e-474b-8661-49170a59e820"}
{"nom":"Communauté de communes - La Thiérache du Centre","type":"","adresse":"13 rue de l'Armistice , 02260, La Capelle , France","postalCode":"02260","city":"La Capelle ","country":"France","horaires":"Du Lundi au Jeudi : de 08h00 à 12h00 de 13h00 à 17h00 | Le Vendredi : de 08h00 à 12h00 de 13h00 à 16h00","contacts":{"email":"contact@thieracheducentre.fr","telephone":"03 23 97 36 00"},"website":"","latitude":49.97269,"longitude":3.9223802,"url":"https://lannuaire.service-public.gouv.fr/hauts-de-france/aisne/25f43a15-0a87-4620-8849-29b690c94af2"}
{"nom":"Communauté de communes - Liancourtois la Vallée Dorée","type":"","adresse":"1 rue de Nogent , 60290, Laigneville , France","postalCode":"60290","city":"Laigneville ","country":"France","horaires":"Du Lundi au Vendredi : de 08h30 à 12h00 de 13h30 à 17h00","contacts":{"email":"contact@ccl-valleedoree.fr","telephone":"03 44 73 89 10"},"website":"https://www.ccl-valleedoree.fr/","latitude":49.32999,"longitude":2.440265,"url":"https://lannuaire.service-public.gouv.fr/hauts-de-france/oise/a385ab00-2dec-4154-a21e-a696d195fdc7"}
{"nom":"Communauté de communes - Lisières de l'Oise","type":"","adresse":"ZI Les Surcens , 60350, Attichy , France","postalCode":"60350","city":"Attichy ","country":"France","horaires":"Le Lundi : de 09h00 à 12h00 de 13h30 à 17h30 | Le Mardi : de 13h30 à 17h30 | Le Mercredi : de 09h00 à 12h00 de 13h30 à 17h30 | Le Jeudi : de 09h00 à 12h00 de 13h30 à 19h00 | Le Vendredi : de 09h00 à 12h00 de 13h30 à 17h30","contacts":{"email":"contact@ccloise.com","telephone":"03 44 42 72 25"},"website":"https://ccloise.com/","latitude":49.405,"longitude":3.046475,"url":"https://lannuaire.service-public.gouv.fr/hauts-de-france/oise/1c21fc62-913a-4a0a-bef7-1cf4c45a9a15"}
{"nom":"Communauté de communes - Nièvre et Somme","type":"","adresse":"1 allée des Quarantes , 80420, Flixecourt , France","postalCode":"80420","city":"Flixecourt ","country":"France","horaires":"Du Lundi au Jeudi : de 08h30 à 12h00 de 13h30 à 17h00 | Le Vendredi : de 08h30 à 12h30","contacts":{"email":"contact@nievresomme.fr","telephone":"03 22 39 40 40"},"website":"https://www.nievresomme.fr/","latitude":50.029045,"longitude":2.0647175,"url":"https://lannuaire.service-public.gouv.fr/hauts-de-france/somme/9ba2180b-165f-4c50-be40-7eb458be4b88"}
{"nom":"Communauté de communes - Oise Picarde","type":"","adresse":"5 rue Tassart , 60120, Breteuil-sur-Noye , France","postalCode":"60120","city":"Breteuil-sur-Noye ","country":"France","horaires":"Du Lundi au Vendredi : de 09h00 à 12h00 de 13h30 à 17h00","contacts":{"email":"contact@cc-oisepicarde.fr","telephone":"03 44 80 84 01"},"website":"https://cc-oisepicarde.fr/fr/","latitude":49.630726,"longitude":2.296133,"url":"https://lannuaire.service-public.gouv.fr/hauts-de-france/oise/b86c6d6f-c564-486f-8cd8-9b7b94f271b7"}
{"nom":"Communauté de communes - Osartis Marquion","type":"","adresse":"Rue Jean-Monet , 62490, Vitry-en-Artois , France","postalCode":"62490","city":"Vitry-en-Artois ","country":"France","horaires":"Le Lundi : de 09h00 à 12h30 de 13h30 à 17h00 | Du Mardi au Vendredi : de 08h30 à 12h30 de 13h30 à 17h00","contacts":{"email":"administration@cc-osartis.com","telephone":"03 21 60 06 00"},"website":"https://www.cc-osartis.com/","latitude":50.326473,"longitude":2.9805448,"url":"https://lannuaire.service-public.gouv.fr/hauts-de-france/pas-de-calais/ade1c496-6ff3-400b-8c42-d7cd85e9ba5a"}
{"nom":"Communauté de communes - Oulchy-le-Château","type":"","adresse":"17 rue Potel , 02210, Oulchy-le-Château , France","postalCode":"02210","city":"Oulchy-le-Château ","country":"France","horaires":"Du Lundi au Mercredi : de 09h00 à 13h00 de 14h00 à 17h00 | Le Jeudi : de 14h00 à 17h00 | Le Vendredi : de 09h00 à 13h00 de 14h00 à 17h00","contacts":{"email":"contact@cc-oulchylechateau.fr","telephone":"03 23 55 65 20"},"website":"https://www.cc-oulchylechateau.fr/","latitude":49.205353,"longitude":3.3668244,"url":"https://lannuaire.service-public.gouv.fr/hauts-de-france/aisne/21e42e96-f87f-484a-ae22-3992807abb25"}
{"nom":"Communauté de communes - Pays de Bray","type":"","adresse":"2 rue d'Hodenc , 60650, Lachapelle-aux-Pots , France","postalCode":"60650","city":"Lachapelle-aux-Pots ","country":"France","horaires":"Du Lundi au Vendredi : de 08h30 à 12h30 de 13h30 à 17h00","contacts":{"email":"contact@cc-paysdebray.fr","telephone":"03 44 81 35 20"},"website":"https://cc-paysdebray.com/","latitude":49.41124,"longitude":1.8382189,"url":"https://lannuaire.service-public.gouv.fr/hauts-de-france/oise/b88f5193-ba6e-4354-86e4-18bb93181bb6"}
{"nom":"Communauté de communes - Pays du Coquelicot","type":"","adresse":"6 rue Émile-Zola , 80300, Albert , France","postalCode":"80300","city":"Albert ","country":"France","horaires":"Du Lundi au Vendredi : de 09h00 à 12h00 de 13h30 à 17h30","contacts":{"email":"comdecom@paysducoquelicot.com","telephone":"03 22 64 10 30"},"website":"https://www.paysducoquelicot.com/","latitude":50.004627,"longitude":2.6452656,"url":"https://lannuaire.service-public.gouv.fr/hauts-de-france/somme/a6f0c180-e33a-4250-9b88-a8d6b6ac78a8"}
{"nom":"Communauté de communes - Pays de la Serre","type":"","adresse":"1 rue des Telliers , 02270, Crécy-sur-Serre , France","postalCode":"02270","city":"Crécy-sur-Serre ","country":"France","horaires":"Du Lundi au Jeudi : de 09h00 à 12h00 de 14h00 à 17h00 | Le Vendredi : de 09h00 à 12h00 de 14h00 à 16h00","contacts":{"email":"contact@paysdelaserre.fr","telephone":"03 23 80 77 22"},"website":"https://paysdelaserre.fr/","latitude":49.6962,"longitude":3.6237204,"url":"https://lannuaire.service-public.gouv.fr/hauts-de-france/aisne/5cb550d9-0183-4531-9094-a293f5bfe7dc"}
{"nom":"Communauté de communes - Pays de Lumbres","type":"","adresse":"1 chemin du Pressart , 62380, Lumbres , France","postalCode":"62380","city":"Lumbres ","country":"France","horaires":"Du Lundi au Vendredi : de 08h30 à 12h00 de 13h30 à 17h00 | Accueil ouvert sur rendez-vous de préférence.","contacts":{"email":"accueil@ccplumbres.fr","telephone":"03 21 12 94 94"},"website":"https://cc-paysdelumbres.fr/fr","latitude":50.70668,"longitude":2.1104782,"url":"https://lannuaire.service-public.gouv.fr/hauts-de-france/pas-de-calais/e99bd3f4-8102-4840-b8b6-9acc3b2bd26b"}
{"nom":"Communauté de communes - Pays de Mormal","type":"","adresse":"18 rue Chevray , 59530, Le Quesnoy , France","postalCode":"59530","city":"Le Quesnoy ","country":"France","horaires":"Du Lundi au Vendredi : de 08h30 à 12h00 de 13h30 à 17h00","contacts":{"email":"contact@cc-paysdemormal.fr","telephone":"03 27 09 04 60"},"website":"https://www.cc-paysdemormal.fr/","latitude":50.2478,"longitude":3.6417,"url":"https://lannuaire.service-public.gouv.fr/hauts-de-france/nord/0ff65e15-439f-4e26-a457-fe0c7c73bd87"}
{"nom":"Communauté de communes - Pays Noyonnais","type":"","adresse":"Bâtiment 9 , 60400, Noyon , France","postalCode":"60400","city":"Noyon ","country":"France","horaires":"Du Lundi au Jeudi : de 09h00 à 12h00 de 13h30 à 17h00 | Le Vendredi : de 09h00 à 12h00 de 13h30 à 16h30","contacts":{"email":"courrier@paysnoyonnais.fr","telephone":"03 44 09 60 40"},"website":"https://www.paysnoyonnais.fr/","latitude":49.59634,"longitude":3.00696,"url":"https://lannuaire.service-public.gouv.fr/hauts-de-france/oise/666ac10a-2d02-4fcf-9060-65c0df850a13"}
{"nom":"Communauté de communes - Pays d'Oise et d'Halatte","type":"","adresse":"1 rue d'Halatte , 60700, Pont-Sainte-Maxence , France","postalCode":"60700","city":"Pont-Sainte-Maxence ","country":"France","horaires":"Du Lundi au Vendredi : de 09h00 à 13h00 de 14h00 à 17h00","contacts":{"email":"secretariat@ccpoh.fr","telephone":"03 44 70 04 01"},"website":"https://www.ccpoh.fr/","latitude":49.2967,"longitude":2.60528,"url":"https://lannuaire.service-public.gouv.fr/hauts-de-france/oise/ff90b36d-f513-49b0-8733-ce2bdb3b9785"}
{"nom":"Communauté de communes - Pays d'Opale","type":"","adresse":"9 avenue de la Libération , 62340, Guines , France","postalCode":"62340","city":"Guines ","country":"France","horaires":"Du Lundi au Vendredi : de 08h00 à 12h30 de 13h30 à 17h00","contacts":{"email":"administration@paysdopale.fr","telephone":"03 21 00 83 33"},"website":"https://paysdopale.fr/","latitude":50.86608,"longitude":1.861395,"url":"https://lannuaire.service-public.gouv.fr/hauts-de-france/pas-de-calais/85518671-a32c-45b8-96f4-f16a29f8dbb6"}
{"nom":"Communauté de communes - Pays Solesmois","type":"","adresse":"ZAE du Pigeon-Blanc , 59730, Solesmes , France","postalCode":"59730","city":"Solesmes ","country":"France","horaires":"Du Lundi au Mardi : de 09h00 à 12h30 de 13h30 à 17h00 | Le Mercredi : de 09h00 à 12h30 | Du Jeudi au Vendredi : de 09h00 à 12h30 de 13h30 à 16h00","contacts":{"email":"contact@ccpays-solesmois.fr","telephone":"03 27 70 74 30"},"website":"https://www.ccpays-solesmois.fr/","latitude":50.194725,"longitude":3.5034745,"url":"https://lannuaire.service-public.gouv.fr/hauts-de-france/nord/b8d35482-1ecd-4814-934d-9d84ed0ad758"}
{"nom":"Communauté de communes - Pays des Sources","type":"","adresse":"408 rue Georges-Latapie , 60490, Ressons-sur-Matz , France","postalCode":"60490","city":"Ressons-sur-Matz ","country":"France","horaires":"Du Lundi au Vendredi : de 09h00 à 12h30 de 14h00 à 17h30","contacts":{"email":"contact@cc-pays-sources.org","telephone":"03 44 43 09 57"},"website":"https://www.cc-pays-sources.fr/","latitude":49.54429,"longitude":2.7475123,"url":"https://lannuaire.service-public.gouv.fr/hauts-de-france/oise/a0a0a649-6b70-4e9a-9fc9-8097c3610b1e"}
{"nom":"Communauté de communes - Pays de Valois","type":"","adresse":"62 rue de Soissons , 60800, Crépy-en-Valois , France","postalCode":"60800","city":"Crépy-en-Valois ","country":"France","horaires":"Du Lundi au Mardi : de 08h30 à 12h15 de 13h30 à 17h30 | Du Mercredi au Jeudi : de 08h30 à 12h00 de 13h30 à 17h30 | Le Vendredi : de 08h30 à 12h00 de 13h30 à 16h30","contacts":{"email":"info@cc-paysdevalois.fr","telephone":"03 44 88 05 09"},"website":"https://www.cc-paysdevalois.fr/","latitude":49.234447,"longitude":2.8999078,"url":"https://lannuaire.service-public.gouv.fr/hauts-de-france/oise/0f4e5bc8-96c2-4faa-a8b6-6b07baaf3bd6"}
{"nom":"Communauté de communes - Pays du Vermandois","type":"","adresse":"Hameau de Riqueval , 02420, Bellicourt , France","postalCode":"02420","city":"Bellicourt ","country":"France","horaires":"Du Lundi au Vendredi : de 08h30 à 12h30 de 13h30 à 17h30","contacts":{"email":"contact@cc-vermandois.com","telephone":"03 23 09 50 51"},"website":"https://www.cc-vermandois.com/","latitude":49.962254,"longitude":3.235516,"url":"https://lannuaire.service-public.gouv.fr/hauts-de-france/aisne/3e99c6f3-b886-476e-8687-89195cb252be"}
{"nom":"Communauté de communes - Pévèle Carembault","type":"","adresse":"47 Avenue du Général de Gaulle , 59710, Pont-à-Marcq , France","postalCode":"59710","city":"Pont-à-Marcq ","country":"France","horaires":"Du Lundi au Vendredi : de 09h00 à 12h00 de 13h30 à 17h30","contacts":{"email":"contact@pevelecarembault.fr","telephone":"03 20 79 20 80"},"website":"https://www.pevelecarembault.fr/","latitude":50.521324,"longitude":3.1140258,"url":"https://lannuaire.service-public.gouv.fr/hauts-de-france/nord/d6113487-2ac1-404a-a53e-c0f4b43d075a"}
{"nom":"Communauté de communes - Picardie des Châteaux","type":"","adresse":"6-8 place Charles-De-Gaulle , 02320, Pinon , France","postalCode":"02320","city":"Pinon ","country":"France","horaires":"Du Lundi au Vendredi : de 09h00 à 12h00 de 13h30 à 17h00","contacts":{"email":"accueil@picardiedeschateaux.fr","telephone":"03 23 80 18 13"},"website":"https://picardiedeschateaux.fr/","latitude":49.488983,"longitude":3.4469583,"url":"https://lannuaire.service-public.gouv.fr/hauts-de-france/aisne/39032582-3389-4d71-b35d-c4788cfcacdb"}
{"nom":"Communauté de communes - Picardie Verte","type":"","adresse":"3 rue de Grumesnil , 60220, Formerie , France","postalCode":"60220","city":"Formerie ","country":"France","horaires":"Du Lundi au Jeudi : de 09h00 à 12h00 de 13h30 à 17h30 | Le Vendredi : de 09h00 à 12h00 de 13h30 à 16h30","contacts":{"email":"ccpv@ccpv.fr","telephone":"03 44 04 53 90"},"website":"https://www.picardieverte.com/","latitude":49.648357,"longitude":1.726734,"url":"https://lannuaire.service-public.gouv.fr/hauts-de-france/oise/31d99002-a90d-44b8-a1c6-e1e80ab15561"}
{"nom":"Communauté de communes - Plaine d'Estrées","type":"","adresse":"1 rue de la Plaine , 60190, Estrées-Saint-Denis , France","postalCode":"60190","city":"Estrées-Saint-Denis ","country":"France","horaires":"Du Lundi au Vendredi : de 09h00 à 12h00 de 14h00 à 17h00","contacts":{"email":"contact@cc-pe.fr","telephone":"03 44 41 31 43"},"website":"https://www.ccplaine-estrees.com/","latitude":49.42932,"longitude":2.636821,"url":"https://lannuaire.service-public.gouv.fr/hauts-de-france/oise/3275e90b-ba7c-4b26-b4e8-c7a155b2fa52"}
{"nom":"Communauté de communes - Plateau Picard","type":"","adresse":"140 rue Verte , 60130, Le Plessier-sur-Saint-Just , France","postalCode":"60130","city":"Le Plessier-sur-Saint-Just ","country":"France","horaires":"Du Lundi au Vendredi : de 09h00 à 12h30 de 13h30 à 17h00","contacts":{"email":"accueil@cc-plateaupicard.fr","telephone":"03 44 78 70 02"},"website":"https://www.plateaupicard.fr/","latitude":49.509296,"longitude":2.4488883,"url":"https://lannuaire.service-public.gouv.fr/hauts-de-france/oise/c119919a-73fe-45be-8f04-2b78cb6d20f7"}
{"nom":"Communauté de communes - Ponthieu Marquenterre","type":"","adresse":"33 bis route du Crotoy , 80120, Rue , France","postalCode":"80120","city":"Rue ","country":"France","horaires":"Du Lundi au Vendredi : de 08h30 à 12h00 de 14h00 à 17h30","contacts":{"email":"siege.rue@ponthieu-marquenterre.fr","telephone":"03 22 27 86 94"},"website":"https://www.ponthieu-marquenterre.fr/","latitude":50.26657,"longitude":1.6667387,"url":"https://lannuaire.service-public.gouv.fr/hauts-de-france/somme/74880fe7-ab6a-408d-b76f-8ab2d0069c5e"}
{"nom":"Communauté de communes - Portes de la Thiérache","type":"","adresse":"320 rue des Verseaux , 02360, Rozoy-sur-Serre , France","postalCode":"02360","city":"Rozoy-sur-Serre ","country":"France","horaires":"Du Lundi au Mardi : de 08h30 à 12h00 de 13h30 à 17h30 | Le Mercredi : de 08h30 à 12h00 | Le Jeudi : de 08h30 à 12h00 de 13h30 à 17h30 | Le Vendredi : de 08h30 à 12h00 de 13h30 à 16h00","contacts":{"email":"contact@portes-de-thierache.fr","telephone":"03 23 98 04 54"},"website":"https://www.portes-de-thierache.fr/","latitude":49.70976,"longitude":4.125071,"url":"https://lannuaire.service-public.gouv.fr/hauts-de-france/aisne/aaf459a6-2f1c-43f1-957e-0a766cccb1c9"}
{"nom":"Communauté de communes - Retz en Valois","type":"","adresse":"9 rue Marx-Dormoy , 02600, Villers-Cotterêts , France","postalCode":"02600","city":"Villers-Cotterêts ","country":"France","horaires":"Du Lundi au Jeudi : de 08h30 à 12h15 de 13h30 à 17h30 | Le Vendredi : de 08h30 à 12h00 de 13h30 à 16h30","contacts":{"email":"communautedecommunes@retzenvalois.fr","telephone":"03 23 96 13 01"},"website":"https://www.cc-retz-en-valois.fr/","latitude":49.260464,"longitude":3.0999627,"url":"https://lannuaire.service-public.gouv.fr/hauts-de-france/aisne/8e3e9bb2-ac56-4bde-aead-1b97e57fe3ee"}
{"nom":"Communauté de communes - Sablons","type":"","adresse":"2 rue de Méru , 60175, Villeneuve-les-Sablons , France","postalCode":"60175","city":"Villeneuve-les-Sablons ","country":"France","horaires":"Du Lundi au Vendredi : de 08h30 à 12h00 de 13h30 à 17h30","contacts":{"email":"contact@cc-sablons.fr","telephone":"03 44 22 01 60"},"website":"https://cc-sablons.com/","latitude":49.238136,"longitude":2.077554,"url":"https://lannuaire.service-public.gouv.fr/hauts-de-france/oise/1874b9dc-c3b6-4552-9926-54d9ee6c6db5"}
{"nom":"Communauté de communes - Senlis Sud Oise","type":"","adresse":"30 avenue Eugène-Gazeau , 60300, Senlis , France","postalCode":"60300","city":"Senlis ","country":"France","horaires":"Du Lundi au Jeudi : de 09h00 à 12h30 de 13h30 à 17h00 | Le Vendredi : de 09h00 à 12h30 de 13h30 à 16h00","contacts":{"email":"accueil@ccsso.fr","telephone":"03 44 99 08 60"},"website":"https://www.ccsso.fr/","latitude":49.2076,"longitude":2.60639,"url":"https://lannuaire.service-public.gouv.fr/hauts-de-france/oise/7562730a-b4b1-466b-a68c-ac949ae32822"}
{"nom":"Communauté de communes - Somme Sud Ouest","type":"","adresse":"16 bis route d'Aumale , 80290, Poix-de-Picardie , France","postalCode":"80290","city":"Poix-de-Picardie ","country":"France","horaires":"Du Lundi au Vendredi : de 08h30 à 12h00 de 13h30 à 17h00","contacts":{"email":"contact@cc2so.fr","telephone":"03 22 90 19 65"},"website":"https://www.cc2so.fr/","latitude":49.78007,"longitude":1.9756655,"url":"https://lannuaire.service-public.gouv.fr/hauts-de-france/somme/82ce2f8a-ea87-416e-b3b2-ddabbdc36c99"}
{"nom":"Communauté de communes - Sud Artois","type":"","adresse":"5 rue Neuve , 62452, Bapaume Cedex , France","postalCode":"62452","city":"Bapaume Cedex ","country":"France","horaires":"Du Lundi au Vendredi : de 08h30 à 12h00 de 14h00 à 17h00","contacts":{"email":"accueil@cc-sudartois.fr","telephone":"03 21 59 17 17"},"website":"https://www.cc-sudartois.fr/","latitude":50.105015,"longitude":2.850057,"url":"https://lannuaire.service-public.gouv.fr/hauts-de-france/pas-de-calais/b9631fd2-a208-4cf6-ae43-5ed454aedea3"}
{"nom":"Communauté de communes - Sud Avesnois","type":"","adresse":"2 rue du Général-Raymond-Chaumel , 59610, Fourmies , France","postalCode":"59610","city":"Fourmies ","country":"France","horaires":"Du Lundi au Vendredi : de 08h30 à 12h00 de 13h30 à 17h00","contacts":{"email":"contact@cc-sudavesnois.fr","telephone":"03 27 60 65 24"},"website":"https://cc-sudavesnois.fr/","latitude":50.02226,"longitude":4.03395,"url":"https://lannuaire.service-public.gouv.fr/hauts-de-france/nord/d9b3db90-127a-4248-b94b-f073a9d61cba"}
{"nom":"Communauté de communes - Ternois","type":"","adresse":"ZA Parc des Moulins , 62130, Herlin-le-Sec , France","postalCode":"62130","city":"Herlin-le-Sec ","country":"France","horaires":"Du Lundi au Vendredi : de 08h30 à 12h00 de 14h00 à 17h30","contacts":{"email":"contact@ternoiscom.fr","telephone":"03 21 41 98 45"},"website":"https://www.ternoiscom.fr/","latitude":50.362328,"longitude":2.335279,"url":"https://lannuaire.service-public.gouv.fr/hauts-de-france/pas-de-calais/6d5b147c-ce39-4f5a-9551-956077075200"}
{"nom":"Communauté de communes - Terre des 2 Caps","type":"","adresse":"Le Cardo , 62250, Marquise , France","postalCode":"62250","city":"Marquise ","country":"France","horaires":"Du Lundi au Vendredi : de 08h30 à 12h00 de 13h45 à 17h15","contacts":{"email":"contact@terredes2caps.com","telephone":"03 21 87 57 57"},"website":"https://www.terredes2caps.fr/","latitude":50.81451,"longitude":1.704929,"url":"https://lannuaire.service-public.gouv.fr/hauts-de-france/pas-de-calais/00f5bbfd-f0d5-49bd-9b33-abda3aa5aab3"}
{"nom":"Communauté de communes - Terre de Picardie","type":"","adresse":"10 avenue de Haute-Picardie , 80200, Estrées-Deniécourt , France","postalCode":"80200","city":"Estrées-Deniécourt ","country":"France","horaires":"Du Lundi au Jeudi : de 08h00 à 12h00 de 13h30 à 17h00 | Le Vendredi : de 08h00 à 12h00","contacts":{"email":"contact@terredepicardie.fr","telephone":"03 22 85 14 14"},"website":"https://terredepicardie.fr/","latitude":49.87486,"longitude":2.822818,"url":"https://lannuaire.service-public.gouv.fr/hauts-de-france/somme/9ed19fdb-92b8-439e-a2fd-21b19a9f1573"}
{"nom":"Communauté de communes - Territoire Nord Picardie","type":"","adresse":"2 rue des Soeurs-Grises , 80600, Doullens , France","postalCode":"80600","city":"Doullens ","country":"France","horaires":"Du Lundi au Vendredi : de 08h30 à 12h00 de 13h30 à 17h00","contacts":{"email":"contact@cctnp.fr","telephone":"03 22 77 80 00"},"website":"https://www.cctnp.fr/","latitude":50.156048,"longitude":2.338887,"url":"https://lannuaire.service-public.gouv.fr/hauts-de-france/somme/6e716b30-1dbc-4a04-9f74-f1d39879f9dc"}
{"nom":"Communauté de communes - Thelloise","type":"","adresse":"7 avenue de l'Europe , 60530, Neuilly-en-Thelle , France","postalCode":"60530","city":"Neuilly-en-Thelle ","country":"France","horaires":"Du Lundi au Jeudi : de 08h30 à 12h00 de 14h00 à 17h00 | Le Vendredi : de 08h30 à 12h00 de 14h00 à 16h30","contacts":{"email":"contact@thelloise.fr","telephone":"03 44 26 99 50"},"website":"https://www.thelloise.fr/","latitude":49.225334,"longitude":2.294451,"url":"https://lannuaire.service-public.gouv.fr/hauts-de-france/oise/c2db65b0-ce21-46cc-a21d-8c2b903ac8d4"}
{"nom":"Communauté de communes - Thiérache Sambre et Oise","type":"","adresse":"469 rue Sadi-Carnot , 02120, Guise , France","postalCode":"02120","city":"Guise ","country":"France","horaires":"Du Lundi au Jeudi : de 09h00 à 12h00 de 13h00 à 17h00 | Le Vendredi : de 09h00 à 12h00 de 13h00 à 16h00","contacts":{"email":"contact@cctso.fr","telephone":"03 23 61 12 17"},"website":"https://www.cctso.fr/","latitude":49.901447,"longitude":3.626709,"url":"https://lannuaire.service-public.gouv.fr/hauts-de-france/aisne/5576b748-5d51-41a2-8dc6-aa17041c0379"}
{"nom":"Communauté de communes - Trois Rivières","type":"","adresse":"Bâtiment C , 02500, Buire , France","postalCode":"02500","city":"Buire ","country":"France","horaires":"Du Lundi au Vendredi : de 09h00 à 12h00 de 13h30 à 16h30","contacts":{"email":"administratif@cc3r.fr","telephone":"03 23 99 35 35"},"website":"https://cc3r.fr/","latitude":49.90305,"longitude":4.056255,"url":"https://lannuaire.service-public.gouv.fr/hauts-de-france/aisne/afc0adbf-171d-40f4-b571-dd21bdc49032"}
{"nom":"Communauté de communes - Val de l'Aisne","type":"","adresse":"20 ter rue du Bois-Morin , 02370, Presles-et-Boves , France","postalCode":"02370","city":"Presles-et-Boves ","country":"France","horaires":"Du Lundi au Vendredi : de 09h00 à 12h00 de 13h00 à 17h00","contacts":{"email":"accueil@cc-valdeaisne.fr","telephone":"03 23 54 05 81"},"website":"http://www.cc-valdeaisne.fr/","latitude":49.395027,"longitude":3.5126357,"url":"https://lannuaire.service-public.gouv.fr/hauts-de-france/aisne/1a4ba3af-b3c2-4409-8804-6809875c1502"}
{"nom":"Communauté de communes - Val de l'Oise","type":"","adresse":"1 route d'Itancourt , 02240, Mézières-sur-Oise , France","postalCode":"02240","city":"Mézières-sur-Oise ","country":"France","horaires":"Du Lundi au Vendredi : de 08h00 à 12h00 de 13h30 à 17h30","contacts":{"email":"contact@ccvo.fr","telephone":"03 23 66 73 17"},"website":"https://www.ccvo.fr/","latitude":49.782272,"longitude":3.3950071,"url":"https://lannuaire.service-public.gouv.fr/hauts-de-france/aisne/0e647563-373e-41fa-b670-06f79ca36401"}
{"nom":"Communauté de communes - Val de Somme","type":"","adresse":"31 ter rue Gambetta , 80800, Corbie , France","postalCode":"80800","city":"Corbie ","country":"France","horaires":"Du Lundi au Vendredi : de 08h30 à 12h00 de 14h00 à 17h00","contacts":{"email":"comdecom@valdesomme.com","telephone":"03 22 96 05 96"},"website":"https://www.valdesomme.com/","latitude":49.907677,"longitude":2.511947,"url":"https://lannuaire.service-public.gouv.fr/hauts-de-france/somme/05a77901-f128-4689-bd91-a4a8db957298"}
{"nom":"Communauté de communes - Vexin Thelle","type":"","adresse":"5 espace Vexin-Thelle , 60240, Chaumont-en-Vexin , France","postalCode":"60240","city":"Chaumont-en-Vexin ","country":"France","horaires":"Du Lundi au Jeudi : de 09h00 à 12h00 de 13h30 à 17h30 | Le Vendredi : de 09h00 à 12h00 de 13h30 à 16h30","contacts":{"email":"accueil@vexinthelle.com","telephone":"03 44 49 15 15"},"website":"https://www.vexinthelle.fr/","latitude":49.26216,"longitude":1.882324,"url":"https://lannuaire.service-public.gouv.fr/hauts-de-france/oise/ad98507a-2b0d-4018-97cb-f24b78446f93"}
{"nom":"Communauté de communes - Vimeu","type":"","adresse":"18 avenue Albert-Thomas , 80130, Friville-Escarbotin , France","postalCode":"80130","city":"Friville-Escarbotin ","country":"France","horaires":"Du Lundi au Vendredi : de 08h00 à 12h15 de 13h30 à 17h00","contacts":{"email":"contact@cc-vimeu.fr","telephone":"03 22 30 40 42"},"website":"https://ccvimeu.fr/","latitude":50.081776,"longitude":1.5432427,"url":"https://lannuaire.service-public.gouv.fr/hauts-de-france/somme/237dbc92-e853-4006-8e7e-15d528fcd7bb"}
{"nom":"Communauté d’agglomération - Coeur d'Ostrevent Agglo","type":"","adresse":"Avenue du Bois , 59280, Lewarde , France","postalCode":"59280","city":"Lewarde ","country":"France","horaires":"Du Lundi au Vendredi : de 08h30 à 12h30 de 13h30 à 17h30","contacts":{"email":"contact@coeurdostreventagglo.fr","telephone":"03 27 71 37 37"},"website":"https://coeurdostrevent.fr/","latitude":50.33823,"longitude":3.168869,"url":"https://lannuaire.service-public.gouv.fr/hauts-de-france/nord/19325ac3-de97-4764-b8bf-02bdbeff871e"}
{"nom":"Communauté urbaine - Arras","type":"","adresse":"La Citadelle , 62000, Arras , France","postalCode":"62000","city":"Arras ","country":"France","horaires":"Du Lundi au Vendredi : de 08h00 à 12h30 de 13h30 à 17h30","contacts":{"email":"contact@cu-arras.org","telephone":"03 21 21 87 00"},"website":"https://www.cu-arras.fr/","latitude":50.28238,"longitude":2.761587,"url":"https://lannuaire.service-public.gouv.fr/hauts-de-france/pas-de-calais/2c22fe9e-f835-48fd-a1a9-edbfb18c2276"}
{"nom":"Communauté urbaine - Dunkerque","type":"","adresse":"Pertuis de la Marine , 59386, Dunkerque , France","postalCode":"59386","city":"Dunkerque ","country":"France","horaires":"Du Lundi au Vendredi : de 08h00 à 12h30 de 13h30 à 18h00","contacts":{"email":"contact@ville-dunkerque.fr","telephone":"03 28 62 70 00"},"website":"https://www.communaute-urbaine-dunkerque.fr/","latitude":51.03429,"longitude":2.37682,"url":"https://lannuaire.service-public.gouv.fr/hauts-de-france/nord/b5ca3353-de16-4003-ac42-2199d77e2884"}
{"nom":"Métropole - Européenne de Lille","type":"","adresse":"2 boulevard des Citées-Unies , 59000, Lille , France","postalCode":"59000","city":"Lille ","country":"France","horaires":"Du Lundi au Vendredi : de 07h30 à 18h30","contacts":{"email":"contact@lillemetropole.fr","telephone":"03 20 21 22 23"},"website":"https://www.lillemetropole.fr/","latitude":50.63157,"longitude":3.079422,"url":"https://lannuaire.service-public.gouv.fr/hauts-de-france/nord/11205853-0de1-4cd7-8410-c7cf6f498a3e"}
