{"nom":"Agglomération - Colmar","type":"","adresse":"32 cours Sainte-Anne , 68004, Colmar Cedex , France","postalCode":"68004","city":"Colmar Cedex ","country":"France","horaires":"Du Lundi au Vendredi : de 08h30 à 12h00 de 14h00 à 17h30","contacts":{"email":"contact@agglo-colmar.fr","telephone":"03 69 99 55 55"},"website":"https://www.agglo-colmar.fr/","latitude":48.080204,"longitude":7.358076,"url":"https://lannuaire.service-public.gouv.fr/grand-est/haut-rhin/d5d2347e-8656-4a5a-95f5-d1afb887c009"}
{"nom":"Agglomération - Mulhouse Alsace","type":"","adresse":"9 avenue Konrad Adenauer , 68690, Sausheim , France","postalCode":"68690","city":"Sausheim ","country":"France","horaires":"Du Lundi au Vendredi : de 08h30 à 12h00 de 13h30 à 17h00","contacts":{"email":"mulhouse@mulhouse.fr","telephone":"03 89 33 79 79"},"website":"https://www.m2a.fr/","latitude":47.77535,"longitude":7.383057,"url":"https://lannuaire.service-public.gouv.fr/grand-est/haut-rhin/ae46ad43-c37b-40d9-8b23-4105804085c9"}
{"nom":"Communauté d'agglomération - Ardenne Métropole","type":"","adresse":"49 avenue Léon-Bourgeois , 08000, Charleville-Mézières , France","postalCode":"08000","city":"Charleville-Mézières ","country":"France","horaires":"","contacts":{"email":"accueil@ardenne-metropole.fr","telephone":"03 24 57 83 00"},"website":"https://ardenne-metropole.fr/","latitude":49.75334,"longitude":4.716726,"url":"https://lannuaire.service-public.gouv.fr/grand-est/ardennes/7c8fe83d-2f74-464a-8782-0d1c781a33a7"}
{"nom":"Communauté d'agglomération - Châlons-en-Champagne","type":"","adresse":"Espace Citoyen , 51022, Châlons-en-Champagne , France","postalCode":"51022","city":"Châlons-en-Champagne ","country":"France","horaires":"Du Lundi au Vendredi : de 09h00 à 17h00","contacts":{"email":"contact@chalonsenchampagne.fr","telephone":"03 26 69 38 38"},"website":"https://www.chalons-agglo.fr/cac","latitude":48.95668,"longitude":4.363073,"url":"https://lannuaire.service-public.gouv.fr/grand-est/marne/51bd69a9-ff15-4593-aa0a-c14579a88d8b"}
{"nom":"Communauté d'agglomération - Chaumont Bassin Nogentais et Bassin de Bologne Vignory Froncles","type":"","adresse":"5 avenue Émile-Cassez , 52012, Chaumont , France","postalCode":"52012","city":"Chaumont ","country":"France","horaires":"Du Lundi au Vendredi : de 08h30 à 12h00 de 13h30 à 17h00","contacts":{"email":"standard@ville-chaumont.fr","telephone":"03 25 30 60 00"},"website":"https://www.agglo-chaumont.fr/","latitude":48.110283,"longitude":5.129003,"url":"https://lannuaire.service-public.gouv.fr/grand-est/haute-marne/4467924f-28f5-4cc1-8b4d-8ed77cd26d68"}
{"nom":"Communauté d'agglomération - Épernay Coteaux et Plaine de Champagne","type":"","adresse":"Place du 13e-Régiment-de-Génie , 51330, Épernay , France","postalCode":"51330","city":"Épernay ","country":"France","horaires":"Du Lundi au Vendredi : de 08h30 à 12h15 de 13h45 à 17h00","contacts":{"email":"accueil@epernay-agglo.fr","telephone":"03 26 56 47 10"},"website":"https://epernay-agglo.fr/","latitude":49.02684,"longitude":3.9519882,"url":"https://lannuaire.service-public.gouv.fr/grand-est/marne/b2b1a939-0841-402e-b305-35eb3700bcce"}
{"nom":"Communauté d'agglomération - Épinal","type":"","adresse":"1 avenue Dutac , 88000, Epinal , France","postalCode":"88000","city":"Epinal ","country":"France","horaires":"Du Lundi au Vendredi : de 09h00 à 12h00 de 14h00 à 17h00","contacts":{"email":"direction@agglo-epinal.fr","telephone":"03 29 37 54 60"},"website":"https://www.agglo-epinal.fr/","latitude":48.18297,"longitude":6.4411,"url":"https://lannuaire.service-public.gouv.fr/grand-est/vosges/58c63a10-6527-4e6b-8ab3-17d8c26a6ffe"}
{"nom":"Communauté d'agglomération - Forbach Porte de France","type":"","adresse":"110 rue des Moulins , 57608, Forbach , France","postalCode":"57608","city":"Forbach ","country":"France","horaires":"Du Lundi au Jeudi : de 08h30 à 12h00 de 13h30 à 17h30 | Le Vendredi : de 08h30 à 12h00 de 13h30 à 17h00 Accueil ouvert le vendredi après-midi uniquement les semaines impaires.","contacts":{"email":"courrier@agglo-forbach.fr","telephone":"03 87 85 55 00"},"website":"https://www.agglo-forbach.fr/","latitude":49.185226,"longitude":6.8840775,"url":"https://lannuaire.service-public.gouv.fr/grand-est/moselle/084856a4-4202-44f2-8641-0b807290f752"}
{"nom":"Communauté d'agglomération - Grand Verdun","type":"","adresse":"11 rue du Président-Poincaré , 55107, Verdun Cedex , France","postalCode":"55107","city":"Verdun Cedex ","country":"France","horaires":"Du Lundi au Jeudi : de 09h00 à 12h00 de 14h00 à 17h00 | Le Vendredi : de 09h00 à 12h00","contacts":{"email":"contact@grandverdun.fr","telephone":"03 29 83 44 22"},"website":"https://www.verdun.fr/","latitude":49.158577,"longitude":5.386902,"url":"https://lannuaire.service-public.gouv.fr/grand-est/meuse/25550430-c7c1-47bf-a8e7-43e95d4541d8"}
{"nom":"Communauté d'agglomération - Haguenau","type":"","adresse":"84 route de Strasbourg , 67500, Haguenau , France","postalCode":"67500","city":"Haguenau ","country":"France","horaires":"Du Lundi au Vendredi : de 08h00 à 12h00 de 13h30 à 17h30","contacts":{"email":"ecrire@agglo-haguenau.fr","telephone":"03 88 90 68 50"},"website":"https://www.agglo-haguenau.fr/","latitude":48.80342,"longitude":7.769322,"url":"https://lannuaire.service-public.gouv.fr/grand-est/bas-rhin/8e27619c-651a-491a-94b7-5ba6881e7901"}
{"nom":"Communauté d'agglomération - Longwy","type":"","adresse":"2 rue de Lexy , 54400, Longwy , France","postalCode":"54400","city":"Longwy ","country":"France","horaires":"Du Lundi au Vendredi : de 08h30 à 12h00 de 14h00 à 17h30","contacts":{"email":"","telephone":"03 82 26 03 00"},"website":"https://grandlongwy.fr/","latitude":49.51453,"longitude":5.769264,"url":"https://lannuaire.service-public.gouv.fr/grand-est/meurthe-et-moselle/cadd83b6-7bed-4fea-8ff3-0e0f05e5cb54"}
{"nom":"Communauté d'agglomération - Meuse Grand Sud","type":"","adresse":"12 rue Lapique , 55012, Bar-le-Duc , France","postalCode":"55012","city":"Bar-le-Duc ","country":"France","horaires":"Du Lundi au Vendredi : de 08h30 à 12h00 de 13h30 à 17h30","contacts":{"email":"contact@meusegrandsud.fr","telephone":"03 29 79 56 00"},"website":"https://www.meusegrandsud.fr/","latitude":48.77372,"longitude":5.1605744,"url":"https://lannuaire.service-public.gouv.fr/grand-est/meuse/557e5b45-102b-475d-b7b1-28ac33db3fd5"}
{"nom":"Communauté d'agglomération - Portes de France Thionville","type":"","adresse":"4 avenue Gabriel-Lippmann , 57970, Yutz , France","postalCode":"57970","city":"Yutz ","country":"France","horaires":"Du Lundi au Vendredi : de 08h00 à 12h30 de 13h30 à 18h00","contacts":{"email":"contact@agglo-thionville.fr","telephone":"03 82 52 65 26"},"website":"https://www.agglo-thionville.fr/","latitude":49.350548,"longitude":6.1713333,"url":"https://lannuaire.service-public.gouv.fr/grand-est/moselle/a4507077-72ce-43b1-a5be-b71f7f517719"}
{"nom":"Communauté d'agglomération - Saint-Avold Synergie","type":"","adresse":"10-12 rue du Général-de-Gaulle , 57500, Saint-Avold , France","postalCode":"57500","city":"Saint-Avold ","country":"France","horaires":"Du Lundi au Jeudi : de 08h00 à 12h15 de 13h30 à 17h15 | Le Vendredi : de 08h00 à 12h00","contacts":{"email":"communaute@casas57.fr","telephone":"03 87 92 84 76"},"website":"https://casas57.fr/","latitude":49.10285,"longitude":6.7088823,"url":"https://lannuaire.service-public.gouv.fr/grand-est/moselle/e7737507-fb39-46c0-b954-4277d5463282"}
{"nom":"Communauté d'agglomération - Saint-Dié-des-Vosges","type":"","adresse":"7 place Saint-Martin , 88100, Saint-Dié-des-Vosges , France","postalCode":"88100","city":"Saint-Dié-des-Vosges ","country":"France","horaires":"Du Lundi au Jeudi : de 09h00 à 12h00 de 14h00 à 17h30 | Le Vendredi : de 09h00 à 12h00 de 14h00 à 16h30","contacts":{"email":"contact@ca-saintdie.fr","telephone":"03 29 52 65 56"},"website":"https://www.ca-saintdie.fr/","latitude":48.284122,"longitude":6.9497595,"url":"https://lannuaire.service-public.gouv.fr/grand-est/vosges/0f92fff0-dd36-484c-8458-a0dd7c72fad5"}
{"nom":"Communauté d'agglomération - Saint-Dizier Der et Blaise","type":"","adresse":"Place Aristide-Briand , 52115, Saint-Dizier Cedex , France","postalCode":"52115","city":"Saint-Dizier Cedex ","country":"France","horaires":"Du Lundi au Vendredi : de 08h30 à 12h00 de 13h30 à 17h30 | Le Samedi : de 09h00 à 12h00 Accueil ouvert pour l'état-civil uniquement, pendant la crise sanitaire accueil sur rendez-vous uniquement pour les services état-civil, passeports et cartes d'identité.","contacts":{"email":"codecom@mairie-saintdizier.fr","telephone":"03 25 07 31 31"},"website":"https://www.saint-dizier.fr/","latitude":48.636642,"longitude":4.946862,"url":"https://lannuaire.service-public.gouv.fr/grand-est/haute-marne/830fd7bb-06b1-4605-8024-73fa9d9caaa6"}
{"nom":"Communauté d'agglomération - Saint-Louis Agglomération","type":"","adresse":"Place de l'Hôtel-de-Ville , 68300, Saint-Louis , France","postalCode":"68300","city":"Saint-Louis ","country":"France","horaires":"Du Lundi au Jeudi : de 09h00 à 11h30 de 14h30 à 17h00 | Le Vendredi : de 09h00 à 11h30 de 14h30 à 16h30","contacts":{"email":"direction@agglo-saint-louis.fr","telephone":"03 89 70 90 70"},"website":"https://www.agglo-saint-louis.fr/fr/","latitude":47.592247,"longitude":7.5837126,"url":"https://lannuaire.service-public.gouv.fr/grand-est/haut-rhin/45b4105a-804b-4b55-ae0d-32d60d01f49e"}
{"nom":"Communauté d'agglomération - Sarreguemines Confluences","type":"","adresse":"Hôtel de la communauté , 57200, Sarreguemines , France","postalCode":"57200","city":"Sarreguemines ","country":"France","horaires":"Du Lundi au Jeudi : de 08h15 à 12h00 de 13h30 à 17h00 | Le Vendredi : de 08h15 à 12h00 de 13h30 à 16h30","contacts":{"email":"contact@agglo-sarreguemines.fr","telephone":"03 87 28 30 30"},"website":"https://www.agglo-sarreguemines.fr/","latitude":49.113907,"longitude":7.0719156,"url":"https://lannuaire.service-public.gouv.fr/grand-est/moselle/bba7e4ed-8a2f-4ccd-9e12-acd13415c418"}
{"nom":"Communauté d'agglomération - Troyes Champagne Métropole","type":"","adresse":"1 place Robert-Galley , 10000, Troyes , France","postalCode":"10000","city":"Troyes ","country":"France","horaires":"Du Lundi au Vendredi : de 08h30 à 12h00 de 13h45 à 17h30","contacts":{"email":"accueil.tcm@troyes-cm.fr","telephone":"03 25 45 27 27"},"website":"https://troyes-champagne-metropole.fr/","latitude":48.29005,"longitude":4.067448,"url":"https://lannuaire.service-public.gouv.fr/grand-est/aube/455d4194-6c9b-4b17-89a3-f2e19132a15d"}
{"nom":"Communauté d'agglomération - Val-de-Fensch","type":"","adresse":"Hôtel de communauté , 57700, Hayange , France","postalCode":"57700","city":"Hayange ","country":"France","horaires":"Du Lundi au Jeudi : de 08h00 à 12h00 de 13h30 à 17h00 | Le Vendredi : de 08h30 à 12h00 de 13h30 à 16h00","contacts":{"email":"info@agglo-valdefensch.fr","telephone":"03 82 86 81 81"},"website":"https://www.agglo-valdefensch.fr/","latitude":49.32984,"longitude":6.0604253,"url":"https://lannuaire.service-public.gouv.fr/grand-est/moselle/f23f6b2b-4147-48b5-bda0-317c2dab7a33"}
{"nom":"Communauté de communes - Aire à l'Argonne","type":"","adresse":"Maison des services , 55250, Beausite , France","postalCode":"55250","city":"Beausite ","country":"France","horaires":"Du Lundi au Jeudi : de 09h00 à 12h00 de 13h00 à 17h00 | Le Vendredi : de 09h00 à 12h00 de 13h00 à 16h00","contacts":{"email":"contact@cc-aireargonne.fr","telephone":"03 29 70 61 17"},"website":"https://www.cc-aireargonne.fr/","latitude":48.976208,"longitude":5.2258573,"url":"https://lannuaire.service-public.gouv.fr/grand-est/meuse/f0aaea0f-d2cf-4c85-a1bb-b4358fd56449"}
{"nom":"Communauté de communes - Alsace Bossue","type":"","adresse":"14 rue Vincent-d'Indy , 67260, Sarre-Union , France","postalCode":"67260","city":"Sarre-Union ","country":"France","horaires":"Du Lundi au Jeudi : de 08h00 à 12h00 de 13h00 à 17h00 | Le Vendredi : de 08h00 à 12h00 de 13h00 à 16h00","contacts":{"email":"accueil@ccab.eu","telephone":"03 88 01 67 07"},"website":"https://www.alsace-bossue.fr/","latitude":48.93795,"longitude":7.090473,"url":"https://lannuaire.service-public.gouv.fr/grand-est/bas-rhin/9cd57644-efde-47fe-9c04-9ac640b38e7d"}
{"nom":"Communauté de communes - Arcis Mailly Ramerupt","type":"","adresse":"5 rue Aristide-Briand , 10700, Arcis-sur-Aube , France","postalCode":"10700","city":"Arcis-sur-Aube ","country":"France","horaires":"Du Lundi au Vendredi : de 09h00 à 12h00 de 13h30 à 17h00","contacts":{"email":"contact@ccamr.fr","telephone":"03 25 37 69 42"},"website":"https://www.arcismaillyramerupt.fr/","latitude":48.53474,"longitude":4.138824,"url":"https://lannuaire.service-public.gouv.fr/grand-est/aube/0620de02-57a9-48f3-9794-dc71f660d2a6"}
{"nom":"Communauté de communes - Arc Mosellan","type":"","adresse":"8 rue du Moulin , 57920, Buding , France","postalCode":"57920","city":"Buding ","country":"France","horaires":"Du Lundi au Jeudi : de 09h00 à 12h00 de 14h00 à 17h00 | Le Vendredi : de 09h00 à 12h00 de 14h00 à 16h00","contacts":{"email":"contact@arcmosellan.fr","telephone":"03 82 83 21 57"},"website":"https://www.arcmosellan.fr/","latitude":49.299076,"longitude":6.302276,"url":"https://lannuaire.service-public.gouv.fr/grand-est/moselle/d29bf394-63df-48f6-ba0e-ab716fa9be71"}
{"nom":"Communauté de communes - Ardenne Rives de Meuse","type":"","adresse":"29 rue Méhul , 08600, Givet , France","postalCode":"08600","city":"Givet ","country":"France","horaires":"Du Lundi au Vendredi : de 09h00 à 12h00 de 14h00 à 17h00","contacts":{"email":"president@ardennerivesdemeuse.com","telephone":"03 24 41 50 90"},"website":"https://www.ccarm.fr/","latitude":50.13746,"longitude":4.822942,"url":"https://lannuaire.service-public.gouv.fr/grand-est/ardennes/77cee0dc-45af-4325-b11e-bbd31ab41804"}
{"nom":"Communauté de communes - Ardennes Thiérache","type":"","adresse":"6 impasse de la Fontaine , 08260, Maubert-Fontaine , France","postalCode":"08260","city":"Maubert-Fontaine ","country":"France","horaires":"Du Lundi au Jeudi : de 08h30 à 12h30 de 13h30 à 18h00 | Le Vendredi : de 08h30 à 12h30 de 13h30 à 17h00","contacts":{"email":"contact@ardennesthierache.fr","telephone":"03 24 26 13 31"},"website":"https://www.ardennes-thierache.com/fr/","latitude":49.86793,"longitude":4.428444,"url":"https://lannuaire.service-public.gouv.fr/grand-est/ardennes/7e2db839-ccc4-4d2d-a904-3f6d1bd8d7fb"}
{"nom":"Communauté de communes - Argonne Ardennaise","type":"","adresse":"44-46 rue du Chemin-Salé , 08400, Vouziers , France","postalCode":"08400","city":"Vouziers ","country":"France","horaires":"Du Lundi au Jeudi : de 08h45 à 12h00 de 13h30 à 17h00 | Le Vendredi : de 08h45 à 12h00 de 13h30 à 16h30","contacts":{"email":"secretariat@argonne-ardennaise.fr","telephone":"03 24 30 23 94"},"website":"https://www.argonne-ardennaise.fr/","latitude":49.39778,"longitude":4.694665,"url":"https://lannuaire.service-public.gouv.fr/grand-est/ardennes/8985942b-ac12-4984-8602-da95a5422777"}
{"nom":"Communauté de communes - Argonne Champenoise","type":"","adresse":"50 avenue de Pertison , 51800, Sainte-Menehould , France","postalCode":"51800","city":"Sainte-Menehould ","country":"France","horaires":"Du Lundi au Vendredi : de 08h00 à 12h00 de 13h30 à 17h30","contacts":{"email":"contact@cc-argonnechampenoise.fr","telephone":"03 26 60 17 38"},"website":"https://www.argonnechampenoise.fr/","latitude":49.095943,"longitude":4.914489,"url":"https://lannuaire.service-public.gouv.fr/grand-est/marne/4a02b8bf-46f9-43c0-8770-ca46e27072ed"}
{"nom":"Communauté de communes - Argonne Meuse","type":"","adresse":"16 rue Thiers , 55120, Clermont-en-Argonne , France","postalCode":"55120","city":"Clermont-en-Argonne ","country":"France","horaires":"Du Lundi au Mardi : de 09h00 à 12h00 de 14h00 à 17h00 | Le Mercredi : de 09h00 à 12h00 | Du Jeudi au Vendredi : de 09h00 à 12h00 de 14h00 à 17h00","contacts":{"email":"contact@argonne-meuse.fr","telephone":"03 29 87 40 12"},"website":"https://argonne-meuse.fr/","latitude":49.106636,"longitude":5.073054,"url":"https://lannuaire.service-public.gouv.fr/grand-est/meuse/e6aef79e-d1a5-4cdd-9d21-75b4b81e4e1d"}
{"nom":"Communauté de communes - Auberive Vingeanne et Montsaugeonnais","type":"","adresse":"17 chemin des Brosses-Prauthoy , 52290, Le Montsaugeonnais , France","postalCode":"52290","city":"Le Montsaugeonnais ","country":"France","horaires":"Du Lundi au Vendredi : de 09h00 à 12h30 de 13h30 à 16h30","contacts":{"email":"accueil@ccavm.fr","telephone":"03 25 87 31 04"},"website":"https://www.ccavm.fr/","latitude":47.678978,"longitude":5.2867246,"url":"https://lannuaire.service-public.gouv.fr/grand-est/haute-marne/9412b1d7-ebd0-46d2-98a3-4d8e0de7b5f1"}
{"nom":"Communauté de communes des Ballons des Hautes-Vosges","type":"","adresse":"8 rue de la Favée , 88160, Fresse-sur-Moselle , France","postalCode":"88160","city":"Fresse-sur-Moselle ","country":"France","horaires":"Du Lundi au Jeudi : de 08h30 à 12h00 de 13h30 à 17h00 | Le Vendredi : de 08h30 à 12h00 de 13h30 à 16h30","contacts":{"email":"ccbhv@cc-ballonsdeshautesvosges.fr","telephone":"03 29 62 05 02"},"website":"https://www.cc-ballonsdeshautesvosges.fr/","latitude":47.875984,"longitude":6.773277,"url":"https://lannuaire.service-public.gouv.fr/grand-est/vosges/dba54e96-75a6-4dac-af71-1d71a7493a77"}
{"nom":"Communauté de communes - Barséquanais en Champagne","type":"","adresse":"Espace Jean-Weinling , 10110, Bar-sur-Seine , France","postalCode":"10110","city":"Bar-sur-Seine ","country":"France","horaires":"Du Lundi au Vendredi : de 09h00 à 12h30 de 14h00 à 17h30","contacts":{"email":"contact@cc-barsequanais.fr","telephone":"03 25 38 26 74"},"website":"https://www.cc-barsequanais.fr/","latitude":48.11424,"longitude":4.373548,"url":"https://lannuaire.service-public.gouv.fr/grand-est/aube/9e3c0e6b-34a2-45be-b283-f9559a02c128"}
{"nom":"Communauté de communes - Bassin de Joinville en Champagne","type":"","adresse":"3 rue des Capucins , 52300, Joinville , France","postalCode":"52300","city":"Joinville ","country":"France","horaires":"Du Lundi au Vendredi : de 09h00 à 12h00 de 13h30 à 17h00","contacts":{"email":"secretariat@ccbjc.fr","telephone":"03 25 05 94 69"},"website":"https://www.ccbjc.fr/","latitude":48.43998,"longitude":5.138166,"url":"https://lannuaire.service-public.gouv.fr/grand-est/haute-marne/46a72abb-30ff-438f-8cb9-a446aec4e39d"}
{"nom":"Communauté de communes - Bassin de Pompey","type":"","adresse":"Rue des Quatre-Éléments , 54300, Pompey , France","postalCode":"54300","city":"Pompey ","country":"France","horaires":"Le Lundi : de 08h30 à 12h30 de 13h30 à 18h00 | Le Mardi : de 08h30 à 12h30 de 13h30 à 19h00 | Du Mercredi au Vendredi : de 08h30 à 12h30 de 13h30 à 18h00","contacts":{"email":"accueil@bassinpompey.fr","telephone":"03 83 49 81 81"},"website":"https://www.bassinpompey.fr/","latitude":48.76699,"longitude":6.127931,"url":"https://lannuaire.service-public.gouv.fr/grand-est/meurthe-et-moselle/4faa1f4d-e17f-4992-8f74-929d2549f45d"}
{"nom":"Communauté de communes - Bassin de Pont-à-Mousson","type":"","adresse":"75 Louis-Camille MAILLARD , 54700, Pont-à-Mousson , France","postalCode":"54700","city":"Pont-à-Mousson ","country":"France","horaires":"Du Lundi au Jeudi : de 08h00 à 12h00 de 13h30 à 17h30 | Le Vendredi : de 08h00 à 12h00 de 13h30 à 16h15","contacts":{"email":"info@bassin-pont-a-mousson.fr","telephone":"03 83 87 87 00"},"website":"https://www.bassin-pont-a-mousson.fr/","latitude":48.920547,"longitude":6.0347314,"url":"https://lannuaire.service-public.gouv.fr/grand-est/meurthe-et-moselle/8afc618f-4a1c-41ef-a841-24bb41986e00"}
{"nom":"Communauté de communes - Bouzonvillois 3 Frontières","type":"","adresse":"3 bis rue de France , 57320, Bouzonville , France","postalCode":"57320","city":"Bouzonville ","country":"France","horaires":"Du Lundi au Mardi : de 08h30 à 12h00 de 13h30 à 17h30 | Le Mercredi : de 09h30 à 12h00 | Le Jeudi : de 08h30 à 12h00 de 13h30 à 17h30 | Le Vendredi : de 08h30 à 12h00","contacts":{"email":"contact@ccb3f.fr","telephone":"03 87 21 00 99"},"website":"https://www.ccb3f.fr/","latitude":49.289886,"longitude":6.534767,"url":"https://lannuaire.service-public.gouv.fr/grand-est/moselle/7f135c86-09b1-46fe-a546-a0d0a426e051"}
{"nom":"Communauté de communes - Bruyères Vallons des Vosges","type":"","adresse":"4 rue de la 36e-Division-Us , 88600, Bruyères , France","postalCode":"88600","city":"Bruyères ","country":"France","horaires":"Du Lundi au Jeudi : de 09h00 à 12h00 de 14h00 à 17h00 | Le Vendredi : de 09h00 à 12h00 | Le mercredi après-midi accueil téléphonique uniquement.","contacts":{"email":"accueil@cc-bruyeres.fr","telephone":"03 29 57 80 69"},"website":"https://www.ccb2v.fr/","latitude":48.20987,"longitude":6.716907,"url":"https://lannuaire.service-public.gouv.fr/grand-est/vosges/37f79312-678a-496c-81cb-1f9bd868f04b"}
{"nom":"Communauté de communes - Canton d'Erstein","type":"","adresse":"1 rue des 11-Communes , 67230, Benfeld , France","postalCode":"67230","city":"Benfeld ","country":"France","horaires":"Du Lundi au Jeudi : de 08h30 à 12h00 de 13h30 à 17h00 | Le Vendredi : de 08h30 à 12h00 de 13h30 à 16h00","contacts":{"email":"contact@cc-erstein.fr","telephone":"03 88 74 50 00"},"website":"https://www.cc-erstein.fr/","latitude":48.374565,"longitude":7.587841,"url":"https://lannuaire.service-public.gouv.fr/grand-est/bas-rhin/f05f0280-b177-47d2-bcc1-6ead4de3cc9f"}
{"nom":"Communauté de communes - Cattenom et Environs","type":"","adresse":"2 avenue du Général-de-Gaulle , 57570, Cattenom , France","postalCode":"57570","city":"Cattenom ","country":"France","horaires":"Du Lundi au Jeudi : de 08h00 à 12h00 de 13h30 à 17h00 | Le Vendredi : de 08h00 à 12h00","contacts":{"email":"accueil@cc-ce.com","telephone":"03 82 82 05 60"},"website":"http://www.cc-ce.fr/","latitude":49.405262,"longitude":6.2425056,"url":"https://lannuaire.service-public.gouv.fr/grand-est/moselle/0550a892-efd8-44a6-8d9a-462b245dc85f"}
{"nom":"Communauté de communes - Centre du Haut-Rhin","type":"","adresse":"6 place de l'Église , 68190, Ensisheim , France","postalCode":"68190","city":"Ensisheim ","country":"France","horaires":"Du Lundi au Mercredi : de 08h00 à 12h00 de 14h00 à 17h30 | Le Jeudi : de 08h00 à 12h00 de 14h00 à 19h00 | Le Vendredi : de 08h00 à 12h30","contacts":{"email":"contact@ccchr.fr","telephone":"03 89 26 40 70"},"website":"https://ccchr.fr/","latitude":47.86612,"longitude":7.35213,"url":"https://lannuaire.service-public.gouv.fr/grand-est/haut-rhin/9fa9b4cc-84cd-4da2-adef-a4f2b73b81ef"}
{"nom":"Communauté de communes - Chaourçois et du Val d'Armance","type":"","adresse":"5 boulevard des Grands-Fossés , 10130, Ervy-le-Châtel , France","postalCode":"10130","city":"Ervy-le-Châtel ","country":"France","horaires":"Du Lundi au Vendredi : de 08h30 à 15h30","contacts":{"email":"contact@cccva10.fr","telephone":"03 25 70 63 34"},"website":"https://cc-chaourcois-val-armance.fr/","latitude":48.04181,"longitude":3.911208,"url":"https://lannuaire.service-public.gouv.fr/grand-est/aube/f3c75f31-d1aa-4d9e-9a87-6ae1259af2b6"}
{"nom":"Communauté de communes - Commercy Void Vaucouleurs","type":"","adresse":"Château Stanislas , 55200, Commercy , France","postalCode":"55200","city":"Commercy ","country":"France","horaires":"Le Lundi : de 08h30 à 12h00 de 14h00 à 16h30 | Le Mardi : de 08h30 à 12h00 | Le Mercredi : de 08h30 à 12h00 de 14h00 à 16h30 | Du Jeudi au Vendredi : de 08h30 à 12h00","contacts":{"email":"cc-cvv@orange.fr","telephone":"03 29 91 21 88"},"website":"https://cc-cvv.fr/","latitude":48.762787,"longitude":5.5906634,"url":"https://lannuaire.service-public.gouv.fr/grand-est/meuse/e94f6b26-37b4-4b56-9ada-5da3878ffd66"}
{"nom":"Communauté de communes - Côtes de Champagne et Val de Saulx","type":"","adresse":"8 place du Matras , 51340, Vanault-les-Dames , France","postalCode":"51340","city":"Vanault-les-Dames ","country":"France","horaires":"Du Lundi au Vendredi : de 08h00 à 12h00 de 14h00 à 17h00","contacts":{"email":"contact@4cvs.fr","telephone":"03 26 41 25 72"},"website":"http://www.4cvs.fr/","latitude":48.84358,"longitude":4.7729335,"url":"https://lannuaire.service-public.gouv.fr/grand-est/marne/b2c6228b-d34b-4399-ab54-21ac84d7f8ef"}
{"nom":"Communauté de communes - Côtes de Meuse Woëvre","type":"","adresse":"22 rue Raymond-Poincaré , 55210, Vigneulles-lès-Hattonchâtel , France","postalCode":"55210","city":"Vigneulles-lès-Hattonchâtel ","country":"France","horaires":"Du Lundi au Mercredi : de 08h30 à 12h00 de 14h00 à 17h00 | Le Jeudi : de 14h00 à 17h00 | Le Vendredi : de 08h30 à 12h00 de 14h00 à 17h00","contacts":{"email":"accueil@cc-cotesdemeuse-woevre.fr","telephone":"03 29 90 00 60"},"website":"http://www.cc-cotesdemeuse-woevre.fr/","latitude":48.98079,"longitude":5.7048597,"url":"https://lannuaire.service-public.gouv.fr/grand-est/meuse/b8d01b83-d59c-49ee-97cb-f565b9f6b980"}
{"nom":"Communauté de communes - Crêtes Préardennaises","type":"","adresse":"Rue de la Prairie , 08430, Poix-Terron , France","postalCode":"08430","city":"Poix-Terron ","country":"France","horaires":"Du Lundi au Vendredi : de 09h00 à 12h00 de 13h30 à 17h30","contacts":{"email":"communaute@lescretes.fr","telephone":"03 24 35 22 22"},"website":"https://www.cretespreardennaises.fr/","latitude":49.711735,"longitude":4.6398892,"url":"https://lannuaire.service-public.gouv.fr/grand-est/ardennes/dfd9b999-0d68-4512-a263-74a0d1c55606"}
{"nom":"Communauté de communes - Cur du Pays-Haut","type":"","adresse":"71 route de Briey , 54560, Audun-le-Roman , France","postalCode":"54560","city":"Audun-le-Roman ","country":"France","horaires":"Du Lundi au Vendredi : de 08h00 à 12h00 de 13h00 à 16h30","contacts":{"email":"secretariat@coeurdupayshaut.fr","telephone":"03 82 21 59 00"},"website":"https://coeurdupayshaut.fr/","latitude":49.366653,"longitude":5.905536,"url":"https://lannuaire.service-public.gouv.fr/grand-est/meurthe-et-moselle/61221287-1552-4261-9705-caf4e4ae42e9"}
{"nom":"Communauté de communes - Damvillers Spincourt","type":"","adresse":"3 place Louis-Bertrand , 55230, Spincourt , France","postalCode":"55230","city":"Spincourt ","country":"France","horaires":"Du Lundi au Vendredi : de 09h00 à 12h00 de 14h00 à 17h00","contacts":{"email":"codecom@damvillers-spincourt.fr","telephone":"03 29 85 95 44"},"website":"https://damvillers-spincourt.com/","latitude":49.3292,"longitude":5.6656218,"url":"https://lannuaire.service-public.gouv.fr/grand-est/meuse/9fa3cd2c-c2e0-4c84-a5d8-7b2925067ef5"}
{"nom":"Communauté de communes - District Urbain de Faulquemont","type":"","adresse":"1 allée René-Cassin , 57380, Faulquemont , France","postalCode":"57380","city":"Faulquemont ","country":"France","horaires":"Du Lundi au Jeudi : de 08h00 à 12h00 de 13h00 à 17h00 | Le Vendredi : de 08h00 à 12h00","contacts":{"email":"dg@dufcc.com","telephone":"03 87 29 83 50"},"website":"https://www.dufcc.com/fr/","latitude":49.048664,"longitude":6.59535,"url":"https://lannuaire.service-public.gouv.fr/grand-est/moselle/57d94f9d-1513-46c3-a479-3cde6484daaa"}
{"nom":"Communauté de communes - Forêts Lacs Terres en Champagne","type":"","adresse":"2 bis rue Louis-Husson , 10220, Piney , France","postalCode":"10220","city":"Piney ","country":"France","horaires":"Le Lundi : de 09h00 à 12h00 de 14h00 à 17h00 | Du Mercredi au Vendredi : de 09h00 à 12h00 de 14h00 à 17h00","contacts":{"email":"cdc.piney@ccpiney.fr","telephone":"03 25 73 65 81"},"website":"https://www.foretslacsterresenchampagne.fr/index.php/fr/","latitude":48.36368,"longitude":4.3328857,"url":"https://lannuaire.service-public.gouv.fr/grand-est/aube/2e65c2cd-39a2-48e1-810b-ef10b649df14"}
{"nom":"Communauté de communes - Freyming-Merlebach","type":"","adresse":"Hôtel communautaire Reumaux , 57800, Freyming-Merlebach , France","postalCode":"57800","city":"Freyming-Merlebach ","country":"France","horaires":"Du Lundi au Vendredi : de 08h00 à 12h00 de 13h30 à 17h00","contacts":{"email":"ccfm@cc-freyming-merlebach.fr","telephone":"03 87 00 21 50"},"website":"https://www.cc-freyming-merlebach.fr/","latitude":49.15383,"longitude":6.808174,"url":"https://lannuaire.service-public.gouv.fr/grand-est/moselle/2f374a73-9df8-4cb5-b28d-b21c29ac066b"}
{"nom":"Communauté de communes - Gérardmer Hautes-Vosges","type":"","adresse":"16 rue Charles-de-Gaulle , 88400, Gérardmer , France","postalCode":"88400","city":"Gérardmer ","country":"France","horaires":"Du Lundi au Mardi : de 08h30 à 12h00 de 13h30 à 17h00 | Le Mercredi : de 08h30 à 12h00 | Du Jeudi au Vendredi : de 08h30 à 12h00 de 13h30 à 17h00","contacts":{"email":"contact@ccghv.fr","telephone":"03 29 27 29 04"},"website":"https://ccghv.fr/","latitude":48.06845,"longitude":6.8733315,"url":"https://lannuaire.service-public.gouv.fr/grand-est/vosges/aa56f59f-0db8-4c12-877d-effd34e6f7d9"}
{"nom":"Communauté de communes - Grand Langres","type":"","adresse":"Place de l'Hôtel-de-Ville , 52206, Langres Cedex , France","postalCode":"52206","city":"Langres Cedex ","country":"France","horaires":"Du Lundi au Vendredi : de 08h30 à 12h00 de 13h30 à 17h00","contacts":{"email":"secretariat@grand-langres.fr","telephone":"03 25 87 77 77"},"website":"https://grand-langres.fr/","latitude":47.86574,"longitude":5.330896,"url":"https://lannuaire.service-public.gouv.fr/grand-est/haute-marne/25daa891-0300-4f87-b54c-5d4556779209"}
{"nom":"Communauté de communes - Hanau - La Petite-Pierre","type":"","adresse":"Maison de l'intercommunalité , 67330, Bouxwiller , France","postalCode":"67330","city":"Bouxwiller ","country":"France","horaires":"Du Lundi au Vendredi : de 08h30 à 12h00 de 14h00 à 17h00","contacts":{"email":"accueil@hanau-lapetitepierre.alsace","telephone":"03 88 71 31 79"},"website":"https://www.hanau-lapetitepierre.alsace/","latitude":48.827652,"longitude":7.485736,"url":"https://lannuaire.service-public.gouv.fr/grand-est/bas-rhin/800fcec5-ef77-4e1a-82cb-7283a975c1e3"}
{"nom":"Communauté de communes - Haut Chemin Pays de Pange","type":"","adresse":"1 bis route de Metz , 57530, Pange , France","postalCode":"57530","city":"Pange ","country":"France","horaires":"Du Lundi au Vendredi : de 08h00 à 12h00 de 13h30 à 16h30","contacts":{"email":"accueil@cchcpp.fr","telephone":"03 87 64 10 63"},"website":"https://www.cchcpp.fr/","latitude":49.086147,"longitude":6.35217,"url":"https://lannuaire.service-public.gouv.fr/grand-est/moselle/56d46523-f3ce-4737-a970-9376d2bcfb1f"}
{"nom":"Communauté de Communes des Hautes Vosges","type":"","adresse":"24 rue de la 3ème DIA , 88310, Cornimont , France","postalCode":"88310","city":"Cornimont ","country":"France","horaires":"Du Lundi au Vendredi : de 08h30 à 12h00 de 13h30 à 17h00","contacts":{"email":"contact@cchautesvosges.fr","telephone":"03 29 24 02 88"},"website":"https://www.cchautesvosges.fr/","latitude":47.96279,"longitude":6.83697,"url":"https://lannuaire.service-public.gouv.fr/grand-est/vosges/15ce96ad-bc51-4984-99fb-a1150dc0aad3"}
{"nom":"Communauté de communes - Houve Pays Boulageois","type":"","adresse":"29 A rue de Sarrelouis , 57220, Boulay-Moselle , France","postalCode":"57220","city":"Boulay-Moselle ","country":"France","horaires":"Du Lundi au Jeudi : de 08h00 à 12h00 de 13h30 à 17h30 | Le Vendredi : de 08h00 à 12h00 de 13h00 à 17h00","contacts":{"email":"contact@cchpb.net","telephone":"03 87 79 52 90"},"website":"https://www.paysboulageois.fr/","latitude":47.98025,"longitude":1.783252,"url":"https://lannuaire.service-public.gouv.fr/grand-est/moselle/2c18293c-0e9a-47c4-bb5d-937c691402d4"}
{"nom":"Communauté de communes - Kochersberg","type":"","adresse":"32 rue des Romains , 67370, Truchtersheim , France","postalCode":"67370","city":"Truchtersheim ","country":"France","horaires":"Le Lundi : de 09h00 à 12h00 de 14h00 à 17h00 | Le Mardi : de 09h00 à 12h00 de 14h00 à 19h00 | Le Mercredi : de 09h00 à 12h00 de 14h00 à 17h00 | Le Jeudi : de 13h00 à 17h00 | Le Vendredi : de 09h00 à 12h00 de 14h00 à 17h00 | Le Samedi : de 08h30 à 11h30","contacts":{"email":"com.com@kochersberg.fr","telephone":"03 88 69 76 29"},"website":"https://www.kochersberg.fr/","latitude":48.663136,"longitude":7.607051,"url":"https://lannuaire.service-public.gouv.fr/grand-est/bas-rhin/e7e4ca35-1db7-4975-a92f-5e927cc8efe7"}
{"nom":"Communauté de communes - La Basse Zorn","type":"","adresse":"34 rue de la Wantzenau , 67720, Hoerdt , France","postalCode":"67720","city":"Hoerdt ","country":"France","horaires":"Du Lundi au Vendredi : de 08h00 à 12h00 de 14h00 à 17h00","contacts":{"email":"info@cc-basse-zorn.fr","telephone":"03 90 64 25 50"},"website":"https://www.cc-basse-zorn.fr/","latitude":48.69465,"longitude":7.787932,"url":"https://lannuaire.service-public.gouv.fr/grand-est/bas-rhin/1741c3d2-ca28-40a1-add3-4efcede11f11"}
{"nom":"Communauté de communes - La Brie Champenoise","type":"","adresse":"4 rue des Fosses , 51210, Montmirail , France","postalCode":"51210","city":"Montmirail ","country":"France","horaires":"Du Lundi au Mercredi : de 09h00 à 12h00 de 14h00 à 18h00 | Le Vendredi : de 09h00 à 12h00 de 14h00 à 17h00","contacts":{"email":"accueil@cc-briechampenoise.fr","telephone":"03 26 81 36 61"},"website":"https://www.cc-briechampenoise.fr/","latitude":48.873768,"longitude":3.5422409,"url":"https://lannuaire.service-public.gouv.fr/grand-est/marne/4a342bfa-50e1-4bb1-a4d8-8018026018e8"}
{"nom":"Communauté de communes - Lacs de Champagne","type":"","adresse":"3 rue Henri-Becquerel , 10500, Brienne-le-Château , France","postalCode":"10500","city":"Brienne-le-Château ","country":"France","horaires":"Du Lundi au Vendredi : de 08h00 à 12h00 de 13h30 à 17h00","contacts":{"email":"secretariat@cclacsdechampagne.fr","telephone":"03 25 27 91 93"},"website":"https://www.cclacsdechampagne.fr/","latitude":48.40258,"longitude":4.537087,"url":"https://lannuaire.service-public.gouv.fr/grand-est/aube/08b1af14-18a6-4c52-800d-3fd76b369775"}
{"nom":"Communauté de communes - La Grande Vallée de la Marne","type":"","adresse":"Place Henri-Martin , 51160, Aÿ-Champagne , France","postalCode":"51160","city":"Aÿ-Champagne ","country":"France","horaires":"Du Lundi au Vendredi : de 09h00 à 12h30 de 13h30 à 18h00","contacts":{"email":"info@ccgvm.com","telephone":"03 26 56 95 20"},"website":"https://ccgvm.com/","latitude":49.083317,"longitude":3.9767478,"url":"https://lannuaire.service-public.gouv.fr/grand-est/marne/b7f6d441-57a1-41fc-8903-f488837de256"}
{"nom":"Communauté de communes - La Moivre à la Coole","type":"","adresse":"4 Grande rue , 51240, Saint-Germain-la-Ville , France","postalCode":"51240","city":"Saint-Germain-la-Ville ","country":"France","horaires":"Du Lundi au Vendredi : de 08h30 à 12h00 de 13h30 à 16h30","contacts":{"email":"contact@ccmoivrecoole.fr","telephone":"03 26 63 67 28"},"website":"https://www.ccmoivrecoole.fr/","latitude":48.88357,"longitude":4.446097,"url":"https://lannuaire.service-public.gouv.fr/grand-est/marne/434f57f7-1d4a-4930-a773-e844473a94db"}
{"nom":"Communauté de communes - La Mossig et du Vignoble","type":"","adresse":"33 rue des Pins , 67310, Wasselonne , France","postalCode":"67310","city":"Wasselonne ","country":"France","horaires":"Du Lundi au Jeudi : de 08h00 à 12h00 de 13h00 à 17h00 | Le Vendredi : de 08h00 à 12h00 de 13h00 à 16h00","contacts":{"email":"contact@mossigvignoble.fr","telephone":"03 88 59 12 10"},"website":"https://www.mossigvignoble.fr/","latitude":48.644203,"longitude":7.4497714,"url":"https://lannuaire.service-public.gouv.fr/grand-est/bas-rhin/e14b71c9-8bef-4d09-a227-f8c590f3be31"}
{"nom":"Communauté de communes - La Porte des Vosges Méridionales","type":"","adresse":"4 rue des Grands-Moulins , 88200, Saint-Étienne-lès-Remiremont , France","postalCode":"88200","city":"Saint-Étienne-lès-Remiremont ","country":"France","horaires":"Du Lundi au Jeudi : de 08h00 à 12h00 de 13h30 à 17h00 | Le Vendredi : de 08h00 à 12h00 de 13h30 à 16h30","contacts":{"email":"bureaux@ccpvm.fr","telephone":"03 29 22 11 63"},"website":"https://www.ccpvm.fr/","latitude":48.021244,"longitude":6.602599,"url":"https://lannuaire.service-public.gouv.fr/grand-est/vosges/f4110c81-dbb2-4b90-8c9a-3385fc6da9b7"}
{"nom":"Communauté de communes - La région de Bar-sur-Aube","type":"","adresse":"4 boulevard du 14-Juillet , 10200, Bar-sur-Aube , France","postalCode":"10200","city":"Bar-sur-Aube ","country":"France","horaires":"Du Lundi au Jeudi : de 08h30 à 12h30 de 13h30 à 17h00 | Le Vendredi : de 08h30 à 12h30 de 13h30 à 16h30","contacts":{"email":"contact.ccrb@barsuraube.org","telephone":"03 25 27 81 24"},"website":"https://www.barsuraube.org/","latitude":48.230835,"longitude":4.7108355,"url":"https://lannuaire.service-public.gouv.fr/grand-est/aube/343b8090-2b8a-40e7-97ac-63f7a2740b61"}
{"nom":"Communauté de communes - La région de Guebwiller","type":"","adresse":"1 rue des Malgrés-Nous , 68502, Guebwiller Cedex , France","postalCode":"68502","city":"Guebwiller Cedex ","country":"France","horaires":"Du Lundi au Jeudi : de 08h30 à 12h00 de 14h00 à 17h30 | Le Vendredi : de 08h30 à 12h00","contacts":{"email":"infos@cc-guebwiller.fr","telephone":"03 89 62 12 34"},"website":"https://www.cc-guebwiller.fr/","latitude":47.916103,"longitude":7.206149,"url":"https://lannuaire.service-public.gouv.fr/grand-est/haut-rhin/e5711f76-c87c-49c6-aac5-99978d3b1d49"}
{"nom":"Communauté de communes - La région de Molsheim Mutzig","type":"","adresse":"2 route Écospace , 67120, Molsheim , France","postalCode":"67120","city":"Molsheim ","country":"France","horaires":"Du Lundi au Vendredi : de 09h00 à 12h00 de 14h00 à 17h00","contacts":{"email":"secretariat@cc-molsheim-mutzig.fr","telephone":"03 88 49 82 58"},"website":"https://www.cc-molsheim-mutzig.fr/","latitude":48.532562,"longitude":7.500688,"url":"https://lannuaire.service-public.gouv.fr/grand-est/bas-rhin/838b4dd8-03a6-432b-bade-8d60fcd8a874"}
{"nom":"Communauté de communes - La région de Rambervillers","type":"","adresse":"Maison du Territoire , 88700, Rambervillers , France","postalCode":"88700","city":"Rambervillers ","country":"France","horaires":"Du Lundi au Jeudi : de 09h00 à 12h00 de 14h00 à 17h00 | Le Vendredi : de 09h00 à 12h00 de 14h00 à 16h00","contacts":{"email":"accueil@2c2r.fr","telephone":"03 29 29 42 06"},"website":"https://www.2c2r.fr/","latitude":48.335857,"longitude":6.637612,"url":"https://lannuaire.service-public.gouv.fr/grand-est/vosges/e2b6d8fe-2c76-4e58-8901-0b6599ff975d"}
{"nom":"Communauté de communes - La région de Suippes","type":"","adresse":"15 place de l'Hôtel-de-Ville , 51600, Suippes , France","postalCode":"51600","city":"Suippes ","country":"France","horaires":"Du Mardi au Jeudi : de 08h30 à 12h00 de 14h00 à 17h30 | Le Vendredi : de 08h30 à 12h00 de 14h00 à 16h30","contacts":{"email":"contact@cc-regiondesuippes.com","telephone":"03 26 70 08 60"},"website":"https://cc-regiondesuippes.com/","latitude":49.13073,"longitude":4.531582,"url":"https://lannuaire.service-public.gouv.fr/grand-est/marne/7c23b4d6-89ef-497b-a9bc-5e7183362863"}
{"nom":"Communauté de communes - La Vallée de Kaysersberg","type":"","adresse":"31 rue du Geisbourg , 68240, Kaysersberg-Vignoble , France","postalCode":"68240","city":"Kaysersberg-Vignoble ","country":"France","horaires":"Du Lundi au Mardi : de 09h00 à 12h00 de 14h00 à 17h00 | Le Mercredi : de 09h00 à 12h00 | Du Jeudi au Vendredi : de 09h00 à 12h00 de 14h00 à 17h00","contacts":{"email":"info@cc-kaysersberg.fr","telephone":"03 89 78 21 55"},"website":"https://www.cc-kaysersberg.fr/","latitude":48.13963,"longitude":7.264538,"url":"https://lannuaire.service-public.gouv.fr/grand-est/haut-rhin/91754233-c9fb-47fb-bb26-71cc6ffe79c1"}
{"nom":"Communauté de communes - La Vallée de la Bruche","type":"","adresse":"114 Grand'Rue , 67130, Schirmeck , France","postalCode":"67130","city":"Schirmeck ","country":"France","horaires":"Du Lundi au Vendredi : de 08h30 à 12h00 de 14h00 à 17h30","contacts":{"email":"contact@valleedelabruche.fr","telephone":"03 88 97 86 20"},"website":"https://cc.valleedelabruche.fr/","latitude":48.47918,"longitude":7.218378,"url":"https://lannuaire.service-public.gouv.fr/grand-est/bas-rhin/89239143-8b09-4e97-8117-a6c380ec7e22"}
{"nom":"Communauté de communes - La Vallée de la Doller et du Soultzbach","type":"","adresse":"9 place des Alliés , 68290, Masevaux-Niederbruck , France","postalCode":"68290","city":"Masevaux-Niederbruck ","country":"France","horaires":"Du Lundi au Jeudi : de 09h00 à 12h00 de 14h00 à 17h00 | Le Vendredi : de 09h00 à 12h00","contacts":{"email":"contact@cc-vallee-doller.fr","telephone":"03 89 38 81 75"},"website":"https://www.cc-vallee-doller.fr/","latitude":47.77322,"longitude":6.9968677,"url":"https://lannuaire.service-public.gouv.fr/grand-est/haut-rhin/12312613-fc77-481c-ab2f-8a7d5e10b442"}
{"nom":"Communauté de communes - La Vallée de Munster","type":"","adresse":"9 rue Sébastopol , 68140, Munster , France","postalCode":"68140","city":"Munster ","country":"France","horaires":"Le Lundi : de 09h00 à 12h00 de 14h00 à 17h30 | Le Mardi : de 09h00 à 12h00 | Le Mercredi : de 09h00 à 12h00 de 14h00 à 17h30 | Le Jeudi : de 09h00 à 12h00 | Le Vendredi : de 09h00 à 12h00 de 14h00 à 17h30","contacts":{"email":"ccvm@cc-vallee-munster.fr","telephone":"03 89 77 50 32"},"website":"https://www.cc-vallee-munster.fr/","latitude":48.03989,"longitude":7.13396,"url":"https://lannuaire.service-public.gouv.fr/grand-est/haut-rhin/56566b1c-fba2-4634-930f-c5569b137065"}
{"nom":"Communauté de communes - La Vallée de Saint-Amarin","type":"","adresse":"70 rue Charles-de-Gaulle , 68550, Saint-Amarin , France","postalCode":"68550","city":"Saint-Amarin ","country":"France","horaires":"Du Lundi au Mardi : de 09h00 à 12h00 de 14h00 à 16h30 | Le Mercredi : de 09h00 à 12h00 | Du Jeudi au Vendredi : de 09h00 à 12h00 de 14h00 à 16h30","contacts":{"email":"contact@ccvsa.fr","telephone":"03 89 82 60 01"},"website":"https://ccvsa.fr/","latitude":47.87425,"longitude":7.0302067,"url":"https://lannuaire.service-public.gouv.fr/grand-est/haut-rhin/c8d775c7-fac1-4c77-8dcc-480b19e851eb"}
{"nom":"Communauté de communes - La Vallée de Villé","type":"","adresse":"Centre administratif , 67220, Bassemberg , France","postalCode":"67220","city":"Bassemberg ","country":"France","horaires":"Du Lundi au Vendredi : de 09h00 à 12h00 de 14h00 à 17h00","contacts":{"email":"contact@valleedeville.fr","telephone":"03 88 58 91 65"},"website":"https://cdc.valleedeville.fr/","latitude":48.334927,"longitude":7.2845397,"url":"https://lannuaire.service-public.gouv.fr/grand-est/bas-rhin/cc17ab82-7f03-4766-ab8a-0d3f538cb5a8"}
{"nom":"Communauté de communes - Mad et Moselle","type":"","adresse":"2 bis rue Henri-Poulet , 54470, Thiaucourt-Regnieville , France","postalCode":"54470","city":"Thiaucourt-Regnieville ","country":"France","horaires":"Du Lundi au Jeudi : de 08h30 à 12h30 de 13h30 à 17h30 | Le Vendredi : de 08h30 à 12h30 de 13h30 à 16h30 Contacter l'accueil par téléphone pour savoir si un rendez-vous est nécessaire. | Le Samedi : de 09h00 à 12h00 Accueil ouvert uniquement pour l'état civil et sur rendez-vous.","contacts":{"email":"accueil@cc-madetmoselle.fr","telephone":"03 83 81 91 69"},"website":"https://www.cc-madetmoselle.fr/","latitude":49.011166,"longitude":6.030957,"url":"https://lannuaire.service-public.gouv.fr/grand-est/meurthe-et-moselle/974be2b6-ee1c-47fa-8246-28bacb55f339"}
{"nom":"Communauté de communes - Meurthe Mortagne Moselle","type":"","adresse":"56 avenue Pierre-Sémard , 54360, Blainville-sur-l'Eau , France","postalCode":"54360","city":"Blainville-sur-l'Eau ","country":"France","horaires":"Du Lundi au Vendredi : de 09h00 à 12h00 de 13h30 à 17h00","contacts":{"email":"secretariat@cc3m.fr","telephone":"03 83 71 43 62"},"website":"http://www.cc3m.fr/","latitude":48.55635,"longitude":6.39602,"url":"https://lannuaire.service-public.gouv.fr/grand-est/meurthe-et-moselle/b3425dd4-16be-4a38-be24-cb302ea12c83"}
{"nom":"Communauté de communes - Meuse Rognon","type":"","adresse":"1 allée de la Grande-Fontaine , 52150, Illoud , France","postalCode":"52150","city":"Illoud ","country":"France","horaires":"Du Lundi au Mardi : de 08h00 à 12h00 de 13h00 à 17h30 | Le Mercredi : de 08h00 à 12h00 | Le Jeudi : de 08h00 à 12h00 de 13h00 à 17h30 | Le Vendredi : de 08h00 à 12h00 de 13h00 à 16h00","contacts":{"email":"secretariat@meuserognon.fr","telephone":"03 25 02 74 86"},"website":"https://www.meuserognon.fr/","latitude":48.209595,"longitude":5.5609555,"url":"https://lannuaire.service-public.gouv.fr/grand-est/haute-marne/1a927647-f63f-4c14-b782-f417fac942f2"}
{"nom":"Communauté de communes - Mirecourt Dompaire","type":"","adresse":"32 rue du Général-Leclerc , 88503, Mirecourt Cedex , France","postalCode":"88503","city":"Mirecourt Cedex ","country":"France","horaires":"Du Lundi au Vendredi : de 08h30 à 12h00 de 13h30 à 17h00","contacts":{"email":"secretariat@ccmirecourtdompaire.fr","telephone":"03 29 37 88 01"},"website":"https://www.ccmirecourtdompaire.fr/","latitude":48.302025,"longitude":6.134565,"url":"https://lannuaire.service-public.gouv.fr/grand-est/vosges/a853e7aa-47e6-4b88-b946-55d799720265"}
{"nom":"Communauté de communes - Moselle et Madon","type":"","adresse":"712 rue Nicolas Cugnot , 54230, Neuves-Maisons , France","postalCode":"54230","city":"Neuves-Maisons ","country":"France","horaires":"Le Lundi : de 08h30 à 12h00 de 13h00 à 17h00 | Le Mardi : de 08h30 à 12h00 de 13h00 à 18h00 | Le Mercredi : de 08h30 à 12h00 de 13h00 à 17h00 | Le Jeudi : de 08h30 à 12h00 de 13h00 à 18h00 | Le Vendredi : de 10h00 à 12h00 de 14h00 à 16h30","contacts":{"email":"contact@cc-mosellemadon.fr","telephone":"03 83 26 45 00"},"website":"https://www.cc-mosellemadon.fr/fr/","latitude":48.61179,"longitude":6.091919,"url":"https://lannuaire.service-public.gouv.fr/grand-est/meurthe-et-moselle/6206c1d2-138c-451e-a2fe-e68f8d63f532"}
{"nom":"Communauté de communes - Nogentais","type":"","adresse":"9 rue de l'Étape-au-Vin , 10400, Nogent-sur-Seine , France","postalCode":"10400","city":"Nogent-sur-Seine ","country":"France","horaires":"Le Lundi : de 08h30 à 12h00 de 14h00 à 17h30 | Du Mercredi au Jeudi : de 08h30 à 12h00 de 14h00 à 17h30 | Le Vendredi : de 08h30 à 12h00","contacts":{"email":"contact@ccdunogentais.fr","telephone":"03 25 21 69 76"},"website":"http://www.ccdunogentais.fr/","latitude":48.493584,"longitude":3.501841,"url":"https://lannuaire.service-public.gouv.fr/grand-est/aube/20e5ad00-c053-4514-a0af-3210bf4d1b5c"}
{"nom":"Communauté de communes - Orne Lorraine Confluences","type":"","adresse":"1 place du Général-Leclerc , 54580, Auboué , France","postalCode":"54580","city":"Auboué ","country":"France","horaires":"Du Lundi au Jeudi : de 08h00 à 12h00 de 13h30 à 17h30 | Le Vendredi : de 08h00 à 12h00 de 13h30 à 16h30 Fermé de novembre à avril","contacts":{"email":"contact@olc54.fr","telephone":"03 82 22 04 20"},"website":"https://olc54.fr/","latitude":49.22595,"longitude":5.992308,"url":"https://lannuaire.service-public.gouv.fr/grand-est/meurthe-et-moselle/7068cf13-3fff-45c6-8703-081296f508ac"}
{"nom":"Communauté de communes - Orvin et de l'Ardusson","type":"","adresse":"3 rue Georges-Clemenceau , 10350, Marigny-le-Châtel , France","postalCode":"10350","city":"Marigny-le-Châtel ","country":"France","horaires":"Du Lundi au Vendredi : de 09h00 à 12h00 de 14h00 à 18h00","contacts":{"email":"secretariat@ccoa-aube.fr","telephone":"03 25 21 52 32"},"website":"","latitude":48.403,"longitude":3.7366004,"url":"https://lannuaire.service-public.gouv.fr/grand-est/aube/f18d345c-6e9c-4e77-a86d-b2fef65e7fae"}
{"nom":"Communauté de communes - Ouest Vosgien","type":"","adresse":"2 bis avenue François-de-Neufchâteau , 88300, Neufchâteau , France","postalCode":"88300","city":"Neufchâteau ","country":"France","horaires":"Du Lundi au Vendredi : de 08h30 à 12h00 de 13h30 à 17h00","contacts":{"email":"contact@ccov.fr","telephone":"03 29 94 08 77"},"website":"https://www.ccov.fr/","latitude":48.35023,"longitude":5.693382,"url":"https://lannuaire.service-public.gouv.fr/grand-est/vosges/0c685021-6cd2-455b-b186-61b37b798673"}
{"nom":"Communauté de communes - Outre Forêt","type":"","adresse":"4 rue de l'École , 67250, Hohwiller , France","postalCode":"67250","city":"Hohwiller ","country":"France","horaires":"Le Lundi : de 08h00 à 12h00 de 13h30 à 17h00 | Le Mardi : de 13h30 à 17h00 | Le Mercredi : de 08h00 à 12h00 de 13h30 à 16h00 | Le Jeudi : de 08h00 à 12h00 de 13h30 à 17h00 | Le Vendredi : de 08h00 à 12h00 de 13h30 à 16h00","contacts":{"email":"contact@cc-outreforet.fr","telephone":"03 88 05 61 10"},"website":"https://www.cc-outreforet.fr/","latitude":48.899593,"longitude":7.9171643,"url":"https://lannuaire.service-public.gouv.fr/grand-est/bas-rhin/989e39cf-0843-447b-88d7-17cace2b9d3d"}
{"nom":"Communauté de communes - Paysages de la Champagne","type":"","adresse":"4 boulevard des Varennes , 51700, Dormans , France","postalCode":"51700","city":"Dormans ","country":"France","horaires":"Du Lundi au Vendredi : de 09h00 à 12h00 de 13h30 à 17h30","contacts":{"email":"accueil@ccpc51.fr","telephone":"03 26 52 19 23"},"website":"https://ccpc51.fr/","latitude":49.079296,"longitude":3.6428688,"url":"https://lannuaire.service-public.gouv.fr/grand-est/marne/f4ab6b37-e799-4345-956a-e2f058a04193"}
{"nom":"Communauté de communes - Pays de Barr","type":"","adresse":"57 rue de la Kirneck , 67140, Barr , France","postalCode":"67140","city":"Barr ","country":"France","horaires":"Du Lundi au Mardi : de 08h30 à 12h00 de 13h30 à 17h00 | Le Mercredi : de 08h30 à 12h00 | Du Jeudi au Vendredi : de 08h30 à 12h00 de 13h30 à 17h00","contacts":{"email":"contact@paysdebarr.fr","telephone":"03 88 58 52 22"},"website":"https://www.paysdebarr.fr/","latitude":48.40831,"longitude":7.453369,"url":"https://lannuaire.service-public.gouv.fr/grand-est/bas-rhin/4bc43939-5e5c-459e-b54d-ab0484055d3a"}
{"nom":"Communauté de communes - Pays de Bitche","type":"","adresse":"4 rue du Général-Stuhl , 57232, Bitche , France","postalCode":"57232","city":"Bitche ","country":"France","horaires":"Du Lundi au Jeudi : de 08h00 à 12h00 de 13h30 à 17h00 | Le Vendredi : de 08h30 à 12h00 de 13h30 à 16h00","contacts":{"email":"contact@cc-paysdebitche.fr","telephone":"03 87 96 99 45"},"website":"https://www.cc-paysdebitche.fr/","latitude":49.051033,"longitude":7.4237833,"url":"https://lannuaire.service-public.gouv.fr/grand-est/moselle/9d8dd5f1-8778-4127-a359-b7680296bf07"}
{"nom":"Communauté de communes - Pays de Colombey et du Sud Toulois","type":"","adresse":", 54170, Colombey-les-Belles , France","postalCode":"54170","city":"Colombey-les-Belles ","country":"France","horaires":"Du Lundi au Vendredi : de 08h30 à 12h00 de 13h30 à 17h00","contacts":{"email":"contact@pays-colombey-sudtoulois.fr","telephone":"03 83 52 08 16"},"website":"https://www.pays-colombey-sudtoulois.fr//","latitude":48.528976,"longitude":5.894857,"url":"https://lannuaire.service-public.gouv.fr/grand-est/meurthe-et-moselle/5fc34312-4951-46b3-b55c-3a4b1c4f4b24"}
{"nom":"Communauté de communes - Pays d'Etain","type":"","adresse":"29 allée du Champ-de-Foire , 55400, Étain , France","postalCode":"55400","city":"Étain ","country":"France","horaires":"Du Lundi au Mardi : de 08h30 à 12h00 de 13h30 à 17h00 | Le Mercredi : de 08h30 à 12h00 de 13h30 à 16h30 | Le Jeudi : de 08h30 à 12h00 de 13h30 à 17h00 | Le Vendredi : de 08h30 à 12h00 de 13h30 à 16h30","contacts":{"email":"accueil@pays-etain.fr","telephone":"03 29 87 86 08"},"website":"https://www.pays-etain.fr/fr/","latitude":49.20995,"longitude":5.6391454,"url":"https://lannuaire.service-public.gouv.fr/grand-est/meuse/343fab92-29b2-4b61-8243-542aadb234cc"}
{"nom":"Communauté de communes - Pays Haut Val d'Alzette","type":"","adresse":"390 rue du Laboratoire , 57390, Audun-le-Tiche , France","postalCode":"57390","city":"Audun-le-Tiche ","country":"France","horaires":"Du Lundi au Vendredi : de 08h30 à 12h00 de 13h30 à 17h00","contacts":{"email":"contact@ccphva.com","telephone":"03 82 53 50 01"},"website":"https://www.ccphva.com/","latitude":49.4768,"longitude":5.946599,"url":"https://lannuaire.service-public.gouv.fr/grand-est/moselle/542a9c19-748b-41cf-803d-3beb8c236f33"}
{"nom":"Communauté de communes - Pays de la Zorn","type":"","adresse":"43 route de Strasbourg , 67270, Hochfelden , France","postalCode":"67270","city":"Hochfelden ","country":"France","horaires":"Du Lundi au Vendredi : de 08h00 à 12h00 de 14h00 à 17h00","contacts":{"email":"secretariat.general@payszorn.com","telephone":"03 88 91 96 58"},"website":"https://www.payszorn.com/","latitude":48.755363,"longitude":7.589508,"url":"https://lannuaire.service-public.gouv.fr/grand-est/bas-rhin/4202e255-e378-4a8d-b8f9-df741f4da5e5"}
{"nom":"Communauté de communes - Pays de Montmédy","type":"","adresse":"20 avenue de la Gare , 55600, Montmédy , France","postalCode":"55600","city":"Montmédy ","country":"France","horaires":"Du Lundi au Jeudi : de 08h00 à 12h00 de 13h00 à 17h00 | Le Vendredi : de 08h00 à 12h00","contacts":{"email":"contact@codecom-paysdemontmedy.fr","telephone":"03 29 80 16 44"},"website":"https://www.codecom-paysdemontmedy.fr/","latitude":49.522743,"longitude":5.371756,"url":"https://lannuaire.service-public.gouv.fr/grand-est/meuse/02b7cd56-40ec-4dc0-8ae1-4fec71f46257"}
{"nom":"Communauté de communes - Pays de Niederbronn-les-Bains","type":"","adresse":"5 place du Bureau-Central , 67110, Nierdebronn-les-Bains , France","postalCode":"67110","city":"Nierdebronn-les-Bains ","country":"France","horaires":"Du Lundi au Mardi : de 09h00 à 12h00 de 14h00 à 17h00 | Le Mercredi : de 09h00 à 12h00 | Du Jeudi au Vendredi : de 09h00 à 12h00 de 14h00 à 17h00","contacts":{"email":"contact@ccpaysniederbronn.fr","telephone":"03 88 05 86 86"},"website":"https://www.ccpaysniederbronn.fr/","latitude":48.95113,"longitude":7.642968,"url":"https://lannuaire.service-public.gouv.fr/grand-est/bas-rhin/324e636a-9094-457e-88fb-036c812cfbd2"}
{"nom":"Communauté de communes - Pays Orne Moselle","type":"","adresse":"1 rue Alexandrine , 57120, Rombas , France","postalCode":"57120","city":"Rombas ","country":"France","horaires":"Du Lundi au Jeudi : de 08h30 à 12h00 de 13h30 à 17h00 | Le Vendredi : de 08h30 à 12h00 de 13h30 à 16h30","contacts":{"email":"ccpom@ccpom.fr","telephone":"03 87 58 32 32"},"website":"https://www.ccpom.fr/","latitude":49.25144,"longitude":6.088147,"url":"https://lannuaire.service-public.gouv.fr/grand-est/moselle/c9029905-ce17-4084-b836-f041b384a9c5"}
{"nom":"Communauté de communes - Pays d'Othe","type":"","adresse":"27 avenue Tricoche-Maillard , 10160, Aix-Villemaur-Pâlis , France","postalCode":"10160","city":"Aix-Villemaur-Pâlis ","country":"France","horaires":"Du Lundi au Mardi : de 08h30 à 12h15 de 13h30 à 17h00 | Le Mercredi : de 08h30 à 12h15 | Le Jeudi : de 08h30 à 12h15 de 13h30 à 17h00 | Le Vendredi : de 08h30 à 12h15 de 13h30 à 15h00","contacts":{"email":"contact@cc-po.fr","telephone":"03 25 46 70 63"},"website":"https://www.cdc-pays-othe.fr/","latitude":48.228577,"longitude":3.726699,"url":"https://lannuaire.service-public.gouv.fr/grand-est/aube/ab35d5db-7ddc-49a6-819b-8a69dc5e9e6a"}
{"nom":"Communauté de communes - Pays de Phalsbourg","type":"","adresse":"18 rue de Sarrebourg , 57370, Mittelbronn , France","postalCode":"57370","city":"Mittelbronn ","country":"France","horaires":"Du Lundi au Vendredi : de 08h30 à 12h30 de 13h30 à 17h00","contacts":{"email":"contact@paysdephalsbourg.fr","telephone":"03 87 24 40 40"},"website":"https://www.paysdephalsbourg.fr/","latitude":48.76857,"longitude":7.2276125,"url":"https://lannuaire.service-public.gouv.fr/grand-est/moselle/80d4e481-5e60-4c99-a458-9f0994c23525"}
{"nom":"Communauté de communes - Pays Réthelois","type":"","adresse":"30 avenue de Bourgoin , 08300, Sault-les-Rethel , France","postalCode":"08300","city":"Sault-les-Rethel ","country":"France","horaires":"Du Lundi au Vendredi : de 08h30 à 12h00 de 13h00 à 17h00","contacts":{"email":"accueil@cc-paysrethelois.fr","telephone":"03 52 10 01 00"},"website":"https://www.paysrethelois.fr/","latitude":49.497982,"longitude":4.364297,"url":"https://lannuaire.service-public.gouv.fr/grand-est/ardennes/68db4071-884a-4992-8208-53648b268775"}
{"nom":"Communauté de communes - Pays de Revigny-sur-Ornain","type":"","adresse":"5 bis rue du 15eme corps , 55800, Revigny-sur-Ornain , France","postalCode":"55800","city":"Revigny-sur-Ornain ","country":"France","horaires":"Du Lundi au Jeudi : de 08h30 à 12h15 de 13h30 à 17h30 | Le Vendredi : de 08h30 à 12h15 de 13h30 à 16h00","contacts":{"email":"contact@copary.fr","telephone":"03 29 78 75 69"},"website":"https://www.copary.fr/index.php","latitude":48.81968,"longitude":4.980228,"url":"https://lannuaire.service-public.gouv.fr/grand-est/meuse/2c9ed901-1938-47ee-be60-de50ae62facb"}
{"nom":"Communauté de communes - Pays Rhénan","type":"","adresse":"Communauté de communes , 67410, Drusenheim , France","postalCode":"67410","city":"Drusenheim ","country":"France","horaires":"Le Lundi : de 13h30 à 17h00 | Le Mardi : de 13h30 à 17h00 | Le Mercredi : de 09h00 à 12h00 de 13h30 à 17h00 | Le Jeudi : de 09h00 à 12h00 | Le Vendredi : de 09h00 à 12h00","contacts":{"email":"contact@cc-paysrhenan.fr","telephone":"03 88 06 74 30"},"website":"https://www.cc-paysrhenan.fr/","latitude":48.80018,"longitude":2.50002,"url":"https://lannuaire.service-public.gouv.fr/grand-est/bas-rhin/a0069d80-5201-4958-9234-def67f592adc"}
{"nom":"Communauté de communes - Pays Rhin Brisach","type":"","adresse":"16 rue de Neuf-Brisach , 68600, Volgelsheim , France","postalCode":"68600","city":"Volgelsheim ","country":"France","horaires":"Du Lundi au Jeudi : de 09h00 à 12h00 de 14h00 à 17h00 | Le Vendredi : de 09h00 à 12h00 de 14h00 à 16h00","contacts":{"email":"contact@alsacerhinbrisach.fr","telephone":"03 89 72 56 49"},"website":"https://cc-alsacerhinbrisach.fr/","latitude":48.0145,"longitude":7.556877,"url":"https://lannuaire.service-public.gouv.fr/grand-est/haut-rhin/7c6f00ab-c570-402d-aed3-8d2da00aad09"}
{"nom":"Communauté de communes - Pays de Ribeauvillé","type":"","adresse":"1 rue Pierre-de-Coubertin , 68150, Ribeauvillé , France","postalCode":"68150","city":"Ribeauvillé ","country":"France","horaires":"Le Lundi : de 09h00 à 12h00 de 14h00 à 17h00 | Le Mardi : de 09h00 à 12h00 | Le Mercredi : de 09h00 à 12h00 de 14h00 à 17h00 | Le Jeudi : de 08h00 à 12h00 de 13h30 à 18h00 | Le Vendredi : de 09h00 à 12h00","contacts":{"email":"contact@paysderibeauville.fr","telephone":"03 89 73 27 10"},"website":"https://www.cc-ribeauville.fr/","latitude":48.193256,"longitude":7.333163,"url":"https://lannuaire.service-public.gouv.fr/grand-est/haut-rhin/17433479-e09e-472a-ac1f-54f9d1dde9bb"}
{"nom":"Communauté de communes - Pays de Rouffach Vignobles et Châteaux","type":"","adresse":"9 aux Remparts , 68250, Rouffach , France","postalCode":"68250","city":"Rouffach ","country":"France","horaires":"Du Lundi au Mercredi : de 09h00 à 12h00 de 14h00 à 17h00 | Le Jeudi : de 09h00 à 12h00 de 14h00 à 18h00 | Le Vendredi : de 09h00 à 12h00","contacts":{"email":"accueil@cc-paysderouffach.fr","telephone":"03 89 78 51 44"},"website":"https://www.cc-paysderouffach-vignobles-chateaux.fr/","latitude":47.955326,"longitude":7.300907,"url":"https://lannuaire.service-public.gouv.fr/grand-est/haut-rhin/e1969655-0559-4893-bff6-f62ef1613f20"}
{"nom":"Communauté de communes - Pays de Sainte Odile","type":"","adresse":"38 rue du Maréchal-Koenig , 67213, Obernai Cedex , France","postalCode":"67213","city":"Obernai Cedex ","country":"France","horaires":"Du Lundi au Mercredi : de 08h15 à 12h00 de 13h30 à 17h00 | Le Jeudi : de 08h30 à 12h00 de 13h30 à 18h00 | Le Vendredi : de 08h30 à 12h00 de 13h30 à 16h30","contacts":{"email":"ccpso@ccpso.com","telephone":"03 88 95 53 52"},"website":"http://www.cc-paysdesainteodile.fr/","latitude":48.45813,"longitude":7.4959674,"url":"https://lannuaire.service-public.gouv.fr/grand-est/bas-rhin/1cc87d8c-9830-4933-909f-0bf5183bc430"}
{"nom":"Communauté de communes - Pays du Saintois","type":"","adresse":"21 rue de la Gare , 54116, Tantonville , France","postalCode":"54116","city":"Tantonville ","country":"France","horaires":"Du Lundi au Mardi : de 09h00 à 12h00 de 13h00 à 17h00 | Le Mercredi : de 09h00 à 12h00 | Du Jeudi au Vendredi : de 09h00 à 12h00 de 13h00 à 17h00","contacts":{"email":"contact@ccpaysdusaintois.fr","telephone":"03 83 52 47 93"},"website":"https://www.ccpaysdusaintois.fr/fr/","latitude":48.477844,"longitude":6.135015,"url":"https://lannuaire.service-public.gouv.fr/grand-est/meurthe-et-moselle/e51261a8-162f-4349-bb26-83cd9ba06707"}
{"nom":"Communauté de communes - Pays du Sanon","type":"","adresse":"7 place de la Fontaine , 54370, Einville-au-Jard , France","postalCode":"54370","city":"Einville-au-Jard ","country":"France","horaires":"Du Lundi au Jeudi : de 08h30 à 12h00 de 13h30 à 17h00 | Le Vendredi : de 08h30 à 12h00 de 13h30 à 17h00","contacts":{"email":"contact@ccsanon.fr","telephone":"03 83 72 05 64"},"website":"https://www.ccsanon.fr/","latitude":48.603443,"longitude":6.4763646,"url":"https://lannuaire.service-public.gouv.fr/grand-est/meurthe-et-moselle/a00c2321-ff74-42fe-8cd9-b006dfad469b"}
{"nom":"Communauté de communes - Pays de Saverne","type":"","adresse":"16 rue du Zornhoff , 67700, Saverne , France","postalCode":"67700","city":"Saverne ","country":"France","horaires":"Du Lundi au Jeudi : de 08h30 à 12h00 de 13h30 à 17h00 | Le Vendredi : de 08h30 à 12h00 de 13h30 à 16h00","contacts":{"email":"contact@cc-saverne.fr","telephone":"03 88 71 12 29"},"website":"https://www.cc-paysdesaverne.fr/","latitude":48.744305,"longitude":7.36938,"url":"https://lannuaire.service-public.gouv.fr/grand-est/bas-rhin/08215e48-479d-429c-b7be-9634644fbda9"}
{"nom":"Communauté de communes - Pays du Sel et du Vermois","type":"","adresse":"3 rue Louis-Majorelle , 54110, Dombasle-sur-Meurthe , France","postalCode":"54110","city":"Dombasle-sur-Meurthe ","country":"France","horaires":"Du Lundi au Vendredi : de 08h30 à 12h00 de 13h30 à 16h30","contacts":{"email":"contact@cc-seletvermois.fr","telephone":"03 83 45 23 32"},"website":"https://www.cc-seletvermois.fr/","latitude":48.611782,"longitude":6.349352,"url":"https://lannuaire.service-public.gouv.fr/grand-est/meurthe-et-moselle/a7379470-cf96-4ff3-99d4-1e023dea790a"}
{"nom":"Communauté de communes - Pays de Stenay et du Val Dunois","type":"","adresse":"6D avenue de Verdun , 55700, Stenay , France","postalCode":"55700","city":"Stenay ","country":"France","horaires":"Du Lundi au Vendredi : de 08h00 à 12h00 de 13h30 à 17h00","contacts":{"email":"accueil@ccstenaydun.fr","telephone":"03 29 80 31 81"},"website":"http://www.cc-paysdestenay-valdunois.fr/","latitude":49.489998,"longitude":5.1930246,"url":"https://lannuaire.service-public.gouv.fr/grand-est/meuse/dcb74a37-d7d1-418a-8a33-3b0c91ec59d4"}
{"nom":"Communauté de communes - Pays de Wissembourg","type":"","adresse":"4 quai du 24-Novembre , 67161, Wissembourg Cedex , France","postalCode":"67161","city":"Wissembourg Cedex ","country":"France","horaires":"Du Lundi au Jeudi : de 09h00 à 12h00 de 14h00 à 17h00 | Le Vendredi : de 09h00 à 12h00 de 14h00 à 16h00","contacts":{"email":"infos@cc-pays-wissembourg.fr","telephone":"03 88 05 35 50"},"website":"https://www.cc-pays-wissembourg.fr/","latitude":49.037834,"longitude":7.942374,"url":"https://lannuaire.service-public.gouv.fr/grand-est/bas-rhin/ea5e77ed-6740-4114-bde1-115e79aee82c"}
{"nom":"Communauté de communes - Perthois Bocage et Der","type":"","adresse":"23 rue du Radet , 51290, Saint-Remy-en-Bouzemont-Saint-Genest-et-Isson , France","postalCode":"51290","city":"Saint-Remy-en-Bouzemont-Saint-Genest-et-Isson ","country":"France","horaires":"Du Lundi au Mardi : de 08h30 à 12h00 de 13h30 à 17h00 | Le Mercredi : de 08h30 à 12h00 | Du Jeudi au Vendredi : de 08h30 à 12h00 de 13h30 à 17h00","contacts":{"email":"cc-perthoisbocageetder@orange.fr","telephone":"03 26 74 12 49"},"website":"https://cc-perthoisbocageetder.fr/","latitude":48.628452,"longitude":4.650472,"url":"https://lannuaire.service-public.gouv.fr/grand-est/marne/f4d924d5-a5ec-4cee-8914-7c29d5bfd947"}
{"nom":"Communauté de communes - Plaine du Rhin","type":"","adresse":"3 rue Principale , 67930, Beinheim , France","postalCode":"67930","city":"Beinheim ","country":"France","horaires":"Du Lundi au Jeudi : de 08h30 à 12h00 de 13h30 à 17h00 | Le Vendredi : de 08h30 à 12h00 de 13h30 à 16h00","contacts":{"email":"contact@cc-plaine-rhin.fr","telephone":"03 88 53 08 20"},"website":"https://cc-plaine-rhin.fr/","latitude":48.863174,"longitude":8.084473,"url":"https://lannuaire.service-public.gouv.fr/grand-est/bas-rhin/c1cade55-6446-49b5-b8d8-14beab28ec76"}
{"nom":"Communauté de communes - Portes du Luxembourg","type":"","adresse":"37 ter avenue du Général-de-Gaulle , 08110, Carignan , France","postalCode":"08110","city":"Carignan ","country":"France","horaires":"Du Lundi au Vendredi : de 09h00 à 12h00 de 13h30 à 17h00","contacts":{"email":"contact@portesduluxembourg.fr","telephone":"03 24 27 90 98"},"website":"https://www.portesduluxembourg.fr/","latitude":49.635296,"longitude":5.161024,"url":"https://lannuaire.service-public.gouv.fr/grand-est/ardennes/68883a3a-2f54-4ad1-841c-7c57294e4e4a"}
{"nom":"Communauté de communes - Portes de Meuse","type":"","adresse":"1 rue de l'Abbaye-Écurey , 55290, Montiers-sur-Saulx , France","postalCode":"55290","city":"Montiers-sur-Saulx ","country":"France","horaires":"Du Lundi au Jeudi : de 09h00 à 12h00 de 14h40 à 17h00 | Le Vendredi : de 09h00 à 12h00","contacts":{"email":"contact@portesdemeuse.fr","telephone":"03 29 75 97 40"},"website":"https://www.portesdemeuse.fr/","latitude":48.558784,"longitude":5.269847,"url":"https://lannuaire.service-public.gouv.fr/grand-est/meuse/93b26386-154a-4d24-9525-1e8765253f39"}
{"nom":"Communauté de communes - Portes de Romilly-sur-Seine","type":"","adresse":"9 bis place des Martyrs-pour-la-Libération , 10100, Romilly-sur-Seine , France","postalCode":"10100","city":"Romilly-sur-Seine ","country":"France","horaires":"Le Lundi : de 09h00 à 12h30 de 14h00 à 17h00 | Du Mardi au Mercredi : de 09h00 à 12h00 de 14h00 à 17h00 | Le Jeudi : de 09h00 à 12h30 de 14h00 à 17h00 | Le Vendredi : de 09h00 à 12h00 de 14h00 à 17h00","contacts":{"email":"cc.portesderomilly@ccprs.fr","telephone":"03 25 39 53 56"},"website":"https://ccprs.fr/","latitude":48.519867,"longitude":3.7259207,"url":"https://lannuaire.service-public.gouv.fr/grand-est/aube/417c9f91-99bf-4e17-add4-18d8c1729f97"}
{"nom":"Communauté de communes - Portes de Rosheim","type":"","adresse":"86 bis place de la République , 67560, Rosheim , France","postalCode":"67560","city":"Rosheim ","country":"France","horaires":"Du Lundi au Jeudi : de 08h15 à 12h00 de 14h00 à 17h00 | Le Vendredi : de 08h15 à 12h00","contacts":{"email":"courrier@ccp-r.fr","telephone":"03 88 50 47 16"},"website":"https://www.cc-portesderosheim.fr/","latitude":48.496666,"longitude":7.470529,"url":"https://lannuaire.service-public.gouv.fr/grand-est/bas-rhin/6d42e6d7-3d0e-4068-a804-b0fef0b3f278"}
{"nom":"Communauté de communes - Ried de Marckolsheim","type":"","adresse":"24 rue du Maréchal-Foch , 67390, Marckolsheim , France","postalCode":"67390","city":"Marckolsheim ","country":"France","horaires":"Du Lundi au Jeudi : de 09h00 à 12h00 de 14h00 à 17h30 | Le Vendredi : de 09h00 à 12h00 de 14h00 à 16h30","contacts":{"email":"contact@ried-marckolsheim.fr","telephone":"03 88 92 53 73"},"website":"https://www.ried-marckolsheim.fr/","latitude":48.163895,"longitude":7.543985,"url":"https://lannuaire.service-public.gouv.fr/grand-est/bas-rhin/5b0ac28f-73b8-4a2f-9986-84aafd37effa"}
{"nom":"Communauté de communes - Rives de Moselle","type":"","adresse":"1 place de la Gare , 57280, Maizières-lès-Metz , France","postalCode":"57280","city":"Maizières-lès-Metz ","country":"France","horaires":"Du Lundi au Vendredi : de 09h00 à 12h00 de 14h00 à 17h00","contacts":{"email":"accueil@rivesdemoselle.fr","telephone":"03 87 51 77 02"},"website":"https://www.rivesdemoselle.fr/","latitude":49.215515,"longitude":6.1593394,"url":"https://lannuaire.service-public.gouv.fr/grand-est/moselle/b034bb97-c514-47ca-9f2f-8c4abfffc64f"}
{"nom":"Communauté de communes - Sammiellois","type":"","adresse":"Place des Moines , 55300, Saint-Mihiel , France","postalCode":"55300","city":"Saint-Mihiel ","country":"France","horaires":"Du Lundi au Vendredi : de 08h30 à 12h00 de 13h30 à 17h00","contacts":{"email":"codecomsammiellois@orange.fr","telephone":"03 29 89 19 02"},"website":"https://www.cc-sammiellois.fr/","latitude":48.888885,"longitude":5.542072,"url":"https://lannuaire.service-public.gouv.fr/grand-est/meuse/8730af67-868f-430d-99f6-ed9257a76937"}
{"nom":"Communauté de communes - Sarrebourg Moselle Sud","type":"","adresse":"ZAC des Terrasses-de-la-Sarre , 57403, Sarrebourg Cedex , France","postalCode":"57403","city":"Sarrebourg Cedex ","country":"France","horaires":"Du Lundi au Mardi : de 09h00 à 11h45 de 13h30 à 17h00 | Le Mercredi : de 09h00 à 11h45 de 13h00 à 17h00 | Le Jeudi : de 09h00 à 11h45 de 13h30 à 17h00 | Le Vendredi : de 09h00 à 11h45 de 13h30 à 16h30","contacts":{"email":"contact@cc-sms.fr","telephone":"03 87 03 05 16"},"website":"https://www.cc-sms.fr/","latitude":48.732662,"longitude":7.052587,"url":"https://lannuaire.service-public.gouv.fr/grand-est/moselle/7619a292-81e4-4723-9550-39a048bce78c"}
{"nom":"Communauté de communes - Sauer Pechelbronn","type":"","adresse":"Maison des services et des associations , 67360, Durrenbach , France","postalCode":"67360","city":"Durrenbach ","country":"France","horaires":"Le Lundi : de 14h00 à 18h00 | Du Mardi au Vendredi : de 09h00 à 12h00 de 13h30 à 17h00","contacts":{"email":"info@sauer-pechelbronn.fr","telephone":"03 88 90 77 60"},"website":"https://www.sauer-pechelbronn.fr/","latitude":48.90933,"longitude":7.75024,"url":"https://lannuaire.service-public.gouv.fr/grand-est/bas-rhin/f7eb1b65-33b6-4526-affb-a5f42b7d3388"}
{"nom":"Communauté de communes - Saulnois","type":"","adresse":"14 ter place de la Saline , 57170, Château-Salins , France","postalCode":"57170","city":"Château-Salins ","country":"France","horaires":"Du Lundi au Jeudi : de 08h30 à 12h00 de 13h30 à 17h00 | Le Vendredi : de 08h30 à 12h00 de 13h30 à 16h00","contacts":{"email":"administration@cc-saulnois.fr","telephone":"03 87 05 11 11"},"website":"https://www.cc-saulnois.fr/","latitude":48.82144,"longitude":6.506869,"url":"https://lannuaire.service-public.gouv.fr/grand-est/moselle/5d57decc-912d-4a28-a443-9caac5d1dc4c"}
{"nom":"Communauté de communes - Savoir Faire","type":"","adresse":"34 Grande-Rue , 52500, Fayl-Billot , France","postalCode":"52500","city":"Fayl-Billot ","country":"France","horaires":"Du Lundi au Jeudi : de 08h30 à 12h00 de 14h00 à 17h30 | Le Vendredi : de 08h30 à 12h00 de 14h00 à 16h00","contacts":{"email":"contact@ccsavoirfaire.fr","telephone":"03 25 84 45 54"},"website":"https://www.ccdessavoirfaire.fr/","latitude":47.82226,"longitude":5.584997,"url":"https://lannuaire.service-public.gouv.fr/grand-est/haute-marne/8d24e694-3e60-46a4-9b70-a8f673990bb5"}
{"nom":"Communauté de communes - Seille et Grand Couronné","type":"","adresse":"47 rue Saint-Barthélémy , 54280, Champenoux , France","postalCode":"54280","city":"Champenoux ","country":"France","horaires":"Du Lundi au Vendredi : de 09h00 à 12h30 de 14h00 à 17h00","contacts":{"email":"contact@comcom-sgc.fr","telephone":"03 83 31 74 37"},"website":"https://www.comcom-sgc.fr/","latitude":48.742336,"longitude":6.3482575,"url":"https://lannuaire.service-public.gouv.fr/grand-est/meurthe-et-moselle/f10be03e-37dd-41fe-a14c-02c3bb7b867a"}
{"nom":"Communauté de communes - Seine et Aube","type":"","adresse":"11 rue Delaitre , 10170, Méry-sur-Seine , France","postalCode":"10170","city":"Méry-sur-Seine ","country":"France","horaires":"Le Lundi : de 08h30 à 12h30 de 13h30 à 17h30 | Le Mardi : de 08h30 à 12h30 | Le Mercredi : de 08h30 à 12h30 | Le Jeudi : de 08h30 à 12h30 de 13h30 à 17h30 | Le Vendredi : de 08h30 à 12h30","contacts":{"email":"contact@comcomsa.fr","telephone":"03 25 25 25 15"},"website":"https://www.ccseineetaube.fr/","latitude":48.509228,"longitude":3.889325,"url":"https://lannuaire.service-public.gouv.fr/grand-est/aube/3b4f9e82-7efd-4770-ab96-3e3cbfa03eb3"}
{"nom":"Communauté de communes - Sélestat","type":"","adresse":"15 boulevard du Maréchal-Leclerc , 67600, Sélestat , France","postalCode":"67600","city":"Sélestat ","country":"France","horaires":"Du Lundi au Jeudi : de 08h30 à 12h00 de 13h30 à 17h30 | Le Vendredi : de 08h30 à 12h00 de 13h30 à 17h00","contacts":{"email":"contact@cc-selestat.fr","telephone":"03 88 58 01 60"},"website":"https://www.cc-selestat.fr/","latitude":48.259384,"longitude":7.454241,"url":"https://lannuaire.service-public.gouv.fr/grand-est/bas-rhin/819d4568-bf83-4264-8dde-1f9fe00cd71c"}
{"nom":"Communauté de communes - Sézanne Sud Ouest Marnais","type":"","adresse":"Promenade de l'Aube , 51260, Anglure , France","postalCode":"51260","city":"Anglure ","country":"France","horaires":"Du Lundi au Vendredi : de 13h00 à 17h30","contacts":{"email":"contact@ccssom.fr","telephone":"03 26 42 75 18"},"website":"https://ccssom.fr/","latitude":48.58296,"longitude":3.811919,"url":"https://lannuaire.service-public.gouv.fr/grand-est/marne/b0696dc9-9d67-44a2-aaf6-54ac300b9694"}
{"nom":"Communauté de communes - Sud Alsace Largue","type":"","adresse":"7 rue de Bâle , 68210, Dannemarie , France","postalCode":"68210","city":"Dannemarie ","country":"France","horaires":"Le Lundi : de 09h30 à 12h00 de 13h45 à 17h00 | Le Mardi : de 09h30 à 12h00 de 13h45 à 18h00 | Le Mercredi : de 09h30 à 12h00 de 13h45 à 17h00 | Le Jeudi : de 09h30 à 12h00 | Le Vendredi : de 13h45 à 17h00","contacts":{"email":"info@sudalsace-largue.fr","telephone":"03 89 07 24 24"},"website":"https://www.sudalsace-largue.fr/","latitude":47.63088,"longitude":7.1199846,"url":"https://lannuaire.service-public.gouv.fr/grand-est/haut-rhin/f2fae96d-8cf2-4ced-bee1-763c38e93016"}
{"nom":"Communauté de communes - Sud Marnais","type":"","adresse":"150 rue des Verriers , 51230, Fère-Champenoise , France","postalCode":"51230","city":"Fère-Champenoise ","country":"France","horaires":"Du Lundi au Vendredi : de 09h00 à 12h00 de 13h30 à 17h00","contacts":{"email":"cc-sud-marnais@wanadoo.fr","telephone":"03 26 42 52 36"},"website":"https://www.cc-sudmarnais.fr/","latitude":48.75726,"longitude":3.99316,"url":"https://lannuaire.service-public.gouv.fr/grand-est/marne/a787ef7f-9d4a-45a6-a31a-39d51cf8018c"}
{"nom":"Communauté de communes - Sud Messin","type":"","adresse":"2 rue Pilâtre-de-Rozier , 57420, Goin , France","postalCode":"57420","city":"Goin ","country":"France","horaires":"Du Lundi au Mardi : de 08h30 à 12h00 de 13h00 à 17h30 | Le Mercredi : de 08h30 à 12h00 | Le Jeudi : de 08h30 à 12h00 de 13h00 à 17h30 | Le Vendredi : de 08h30 à 12h00 de 13h00 à 17h00","contacts":{"email":"contact@sudmessin.fr","telephone":"03 87 38 04 10"},"website":"http://www.sudmessin.fr/","latitude":48.979736,"longitude":6.2387547,"url":"https://lannuaire.service-public.gouv.fr/grand-est/moselle/0b68ef3d-0ef6-44dc-8d61-e4e736ed811c"}
{"nom":"Communauté de communes - Sundgau","type":"","adresse":"Avenue du 8ème régiment de Hussards , 68131, Altkirch Cedex , France","postalCode":"68131","city":"Altkirch Cedex ","country":"France","horaires":"Le Lundi : de 09h00 à 12h00 de 13h30 à 17h00 | Du Mardi au Mercredi : de 09h00 à 12h00 de 13h00 à 17h30 | Le Jeudi : de 10h00 à 12h00 de 13h30 à 17h00 | Le Vendredi : de 09h00 à 12h00 de 13h30 à 17h30","contacts":{"email":"accueil@cc-sundgau.fr","telephone":"03 89 08 36 20"},"website":"https://www.cc-sundgau.fr/","latitude":47.621902,"longitude":7.2423935,"url":"https://lannuaire.service-public.gouv.fr/grand-est/haut-rhin/417d0bc2-a123-4de6-9021-da5b7ec5aab2"}
{"nom":"Communauté de communes - Terre d'Eau","type":"","adresse":"58 rue des Anciennes-Halles , 88140, Bulgnéville , France","postalCode":"88140","city":"Bulgnéville ","country":"France","horaires":"Du Lundi au Vendredi : de 09h00 à 12h00 de 14h00 à 17h00","contacts":{"email":"contact@cc-terredeau.fr","telephone":"03 29 05 29 24"},"website":"https://www.cc-terredeau.fr/","latitude":48.20992,"longitude":5.835291,"url":"https://lannuaire.service-public.gouv.fr/grand-est/vosges/e8a7f59c-9b57-4c8a-826c-c0d8953c20a4"}
{"nom":"Communauté de communes - Terre Lorraine du Longuyonnais","type":"","adresse":"2 rue Augistrou , 54260, Longuyon , France","postalCode":"54260","city":"Longuyon ","country":"France","horaires":"Du Lundi au Vendredi : de 09h00 à 12h00 de 14h00 à 17h00","contacts":{"email":"accueil@t2l-54.fr","telephone":"03 82 26 45 18"},"website":"http://www.t2l-54.fr/","latitude":49.44716,"longitude":5.603029,"url":"https://lannuaire.service-public.gouv.fr/grand-est/meurthe-et-moselle/41c47af9-85a8-4e8a-9b70-b401c825cc9f"}
{"nom":"Communauté de communes - Terres Touloises","type":"","adresse":"Rue du Mémorial-du-Génie , 54200, Toul , France","postalCode":"54200","city":"Toul ","country":"France","horaires":"Du Lundi au Vendredi : de 08h30 à 12h00 de 13h30 à 17h00","contacts":{"email":"contact@terrestouloises.com","telephone":"03 83 43 23 76"},"website":"https://terrestouloises.com/","latitude":48.682446,"longitude":5.862141,"url":"https://lannuaire.service-public.gouv.fr/grand-est/meurthe-et-moselle/70883fe4-7897-4e85-b8d5-050d044c01c0"}
{"nom":"Communauté de communes - Territoire de Fresnes-en-Woëvre","type":"","adresse":"5 rue du Château , 55160, Fresnes-en-Woëvre , France","postalCode":"55160","city":"Fresnes-en-Woëvre ","country":"France","horaires":"","contacts":{"email":"contact@codecomfresnes.com","telephone":"03 29 87 31 29"},"website":"https://codecom-fresnes.com/","latitude":49.093784,"longitude":5.6311026,"url":"https://lannuaire.service-public.gouv.fr/grand-est/meuse/b141ed02-93f8-4c25-a545-5d8b3e465c9b"}
{"nom":"Communauté de communes - Territoire de Lunéville à Baccarat","type":"","adresse":"11 avenue de la Libération , 54300, Lunéville , France","postalCode":"54300","city":"Lunéville ","country":"France","horaires":"Du Lundi au Vendredi : de 09h00 à 12h30 de 13h30 à 17h00 | Le Mardi : de 13h30 à 17h00 | Le Mercredi : de 09h00 à 12h30 de 13h30 à 17h00 | Le Jeudi : de 13h30 à 17h00 | Le Vendredi : de 09h00 à 12h30 de 13h30 à 16h00","contacts":{"email":"","telephone":"03 83 74 05 00"},"website":"https://delunevilleabaccarat.fr/","latitude":48.586086,"longitude":6.5108886,"url":"https://lannuaire.service-public.gouv.fr/grand-est/meurthe-et-moselle/abeb71cc-f38d-4dfa-9975-510825bab533"}
{"nom":"Communauté de communes - Thann-Cernay","type":"","adresse":"3 A rue de l'Industrie , 68700, Cernay , France","postalCode":"68700","city":"Cernay ","country":"France","horaires":"Du Lundi au Jeudi : de 08h30 à 12h00 de 13h30 à 17h30 | Le Vendredi : de 08h30 à 12h00 de 13h30 à 16h00","contacts":{"email":"contact@cc-thann-cernay.fr","telephone":"03 89 75 47 72"},"website":"https://www.cc-thann-cernay.fr/","latitude":47.802628,"longitude":7.200796,"url":"https://lannuaire.service-public.gouv.fr/grand-est/haut-rhin/532eebec-7bf3-4cf5-bbe1-d654f08351c1"}
{"nom":"Communauté de communes - Trois Forêts","type":"","adresse":"Site le Chameau , 52120, Châteauvillain , France","postalCode":"52120","city":"Châteauvillain ","country":"France","horaires":"Du Lundi au Vendredi : de 09h00 à 12h00 de 13h00 à 17h00","contacts":{"email":"contact@cc3f52.fr","telephone":"03 25 01 38 53"},"website":"http://communautedecommunesdes3forets.com/","latitude":48.035854,"longitude":4.9186134,"url":"https://lannuaire.service-public.gouv.fr/grand-est/haute-marne/53d02c7a-f183-4edf-8971-b2044bd8a44e"}
{"nom":"Communauté de communes - Val d'Argent","type":"","adresse":"11 A rue Maurice-Burrus , 68160, Sainte-Croix-aux-Mines , France","postalCode":"68160","city":"Sainte-Croix-aux-Mines ","country":"France","horaires":"Du Lundi au Jeudi : de 08h00 à 12h00 de 14h00 à 18h00 | Le Vendredi : de 08h00 à 12h00 de 14h00 à 17h00","contacts":{"email":"ccva-accueil@valdargent.com","telephone":"03 89 58 83 45"},"website":"https://www.valdargent.com/","latitude":48.268913,"longitude":7.226429,"url":"https://lannuaire.service-public.gouv.fr/grand-est/haut-rhin/ad1b17ac-2cf1-433a-967b-c2b552e31720"}
{"nom":"Communauté de communes - Vallées et Plateau d'Ardenne","type":"","adresse":"6-8 rue de Montmorency , 08230, Rocroi , France","postalCode":"08230","city":"Rocroi ","country":"France","horaires":"Du Lundi au Vendredi : de 09h00 à 12h00 de 14h00 à 17h00","contacts":{"email":"contact@ccvpa.fr","telephone":"03 24 54 59 12"},"website":"https://www.cc-valleesetplateaudardenne.fr/","latitude":49.92439,"longitude":4.52046,"url":"https://lannuaire.service-public.gouv.fr/grand-est/ardennes/9104cefb-5e49-442d-b7c8-e9442d61b37c"}
{"nom":"Communauté de communes - Val de Meuse Voie Sacrée","type":"","adresse":"43 rue du Rattentout , 55320, Dieue-sur-Meuse , France","postalCode":"55320","city":"Dieue-sur-Meuse ","country":"France","horaires":"Du Lundi au Vendredi : de 09h00 à 12h00 de 13h30 à 17h00","contacts":{"email":"secretariat@ccvmvs.fr","telephone":"03 29 87 60 75"},"website":"https://www.valdemeusevoiesacree.com/","latitude":49.069954,"longitude":5.4210258,"url":"https://lannuaire.service-public.gouv.fr/grand-est/meuse/906df6f6-626f-4787-b1bb-7f92daa13159"}
{"nom":"Communauté de communes - Vendeuvre Soulaines","type":"","adresse":"Domaine Saint-Victor , 10200, Soulaines-Dhuys , France","postalCode":"10200","city":"Soulaines-Dhuys ","country":"France","horaires":"Du Lundi au Jeudi : de 08h00 à 12h00 de 13h00 à 17h00 | Le Vendredi : de 08h00 à 12h30","contacts":{"email":"secretariat@ccvendeuvresoulaines.fr","telephone":"03 25 92 59 40"},"website":"https://www.ccvendeuvresoulaines.fr/","latitude":48.376713,"longitude":4.734576,"url":"https://lannuaire.service-public.gouv.fr/grand-est/aube/0dd59bdb-9349-4b46-b934-1c7ff8995942"}
{"nom":"Communauté de communes - Vezouze en Piémont","type":"","adresse":"38 rue de Voise , 54450, Blâmont , France","postalCode":"54450","city":"Blâmont ","country":"France","horaires":"Le Lundi : de 08h15 à 12h15 | Le Mardi : de 13h15 à 17h15 | Le Mercredi : de 08h15 à 12h15 | Le Jeudi : de 08h15 à 12h15 de 13h15 à 17h15 | Le Vendredi : de 13h15 à 17h15","contacts":{"email":"accueil@ccvp.fr","telephone":"03 83 42 46 46"},"website":"https://www.ccvp.fr/","latitude":48.591263,"longitude":6.841843,"url":"https://lannuaire.service-public.gouv.fr/grand-est/meurthe-et-moselle/9f0effba-0636-4253-8a95-a593e4ed9f3d"}
{"nom":"Communauté de communes - Vitry Champagne et Der","type":"","adresse":"Place de l'Hôtel-de-Ville , 51300, Vitry-le-François , France","postalCode":"51300","city":"Vitry-le-François ","country":"France","horaires":"Du Lundi au Vendredi : de 08h30 à 12h30 de 13h30 à 17h00","contacts":{"email":"contact@vitry-le-francois.net","telephone":"03 26 41 22 77"},"website":"https://www.vitry-le-francois.net/","latitude":48.72492,"longitude":4.5889177,"url":"https://lannuaire.service-public.gouv.fr/grand-est/marne/24034a5b-9770-42c9-99ad-d39087154a05"}
{"nom":"Communauté de communes - Vosges côté Sud Ouest","type":"","adresse":"Impasse du groupe scolaire , 88260, Darney , France","postalCode":"88260","city":"Darney ","country":"France","horaires":"Du Lundi au Jeudi : de 08h30 à 12h00 de 13h30 à 17h00 | Le Vendredi : de 08h30 à 12h00 de 13h30 à 16h00","contacts":{"email":"contact@vosgescotesudouest.fr","telephone":"03 29 09 43 16"},"website":"http://www.vosgescotesudouest.fr/","latitude":48.085545,"longitude":6.0461383,"url":"https://lannuaire.service-public.gouv.fr/grand-est/vosges/f504cb0c-7dd2-4eed-b342-14d4aa7b3d04"}
{"nom":"Communauté de communes - Warndt","type":"","adresse":"1 allée Léonard-de-Vinci , 57150, Creutzwald , France","postalCode":"57150","city":"Creutzwald ","country":"France","horaires":"Du Lundi au Jeudi : de 08h30 à 12h00 de 13h30 à 17h30 | Le Vendredi : de 08h30 à 12h00","contacts":{"email":"contact@ccwarndt.fr","telephone":"03 57 85 02 20"},"website":"https://ccwarndt.fr/","latitude":49.213306,"longitude":6.718172,"url":"https://lannuaire.service-public.gouv.fr/grand-est/moselle/e40a6cda-2c12-4e00-93c9-68bb810dbfbd"}
{"nom":"Communauté urbaine - Grand Reims","type":"","adresse":"3 rue Eugène-Desteuque , 51100, Reims , France","postalCode":"51100","city":"Reims ","country":"France","horaires":"Du Lundi au Jeudi : de 08h30 à 12h00 de 13h30 à 17h15 | Le Vendredi : de 08h30 à 12h00 de 13h30 à 17h00","contacts":{"email":"accueil@reims-contact.fr","telephone":"03 26 77 78 79"},"website":"https://www.grandreims.fr/","latitude":49.255352,"longitude":4.035894,"url":"https://lannuaire.service-public.gouv.fr/grand-est/marne/ea16f802-b050-46de-93de-e90dc7171e45"}
{"nom":"Eurométropole - Strasbourg","type":"","adresse":"Centre administratif , 67000, Strasbourg , France","postalCode":"67000","city":"Strasbourg ","country":"France","horaires":"Du Lundi au Vendredi : de 08h00 à 17h30 | Le Samedi : de 08h00 à 12h30","contacts":{"email":"courrier@strasbourg.eu","telephone":"03 68 98 51 32"},"website":"https://www.strasbourg.eu/","latitude":48.573418,"longitude":7.75297,"url":"https://lannuaire.service-public.gouv.fr/grand-est/bas-rhin/db057bfd-ee8f-49eb-83a9-156c8f87bc3a"}
{"nom":"Métropole - Grand Nancy","type":"","adresse":"22-24 viaduc Kennedy , 54035, Nancy , France","postalCode":"54035","city":"Nancy ","country":"France","horaires":"Du Lundi au Vendredi : de 08h00 à 12h00 de 13h00 à 17h00","contacts":{"email":"","telephone":"03 83 91 83 91"},"website":"https://www.grandnancy.eu/accueil","latitude":48.685677,"longitude":6.174733,"url":"https://lannuaire.service-public.gouv.fr/grand-est/meurthe-et-moselle/24b8e3c9-72f4-4724-9d2a-8d247cb910e5"}
{"nom":"Métropole - Metz","type":"","adresse":"1 place du Parlement-de-Metz , 57000, Metz , France","postalCode":"57000","city":"Metz ","country":"France","horaires":"Du Lundi au Jeudi : de 08h00 à 12h30 de 13h30 à 18h00 | Le Vendredi : de 08h00 à 12h30 de 13h30 à 17h00","contacts":{"email":"accueilsiege@eurometropolemetz.eu","telephone":"03 87 20 10 00"},"website":"https://www.eurometropolemetz.eu/","latitude":49.107224,"longitude":6.176869,"url":"https://lannuaire.service-public.gouv.fr/grand-est/moselle/5faa58c0-5de6-4b10-9de2-42c4323cbe61"}
