{"nom":"Agglomération - Sables-d'Olonne","type":"","adresse":"21 place du Poilu-de-France , 85100, Les Sables-d'Olonne , France","postalCode":"85100","city":"Les Sables-d'Olonne ","country":"France","horaires":"Du Lundi au Vendredi : de 08h30 à 12h00 de 13h30 à 17h30","contacts":{"email":"info@lsoagglo.fr","telephone":"02 51 23 16 00"},"website":"https://www.lsoagglo.fr/","latitude":46.497208,"longitude":-1.784006,"url":"https://lannuaire.service-public.gouv.fr/pays-de-la-loire/vendee/1c285ec2-4db7-42c1-9f0d-c05fb8b820a1"}
{"nom":"Communauté d'agglomération - Choletais","type":"","adresse":"Rue Saint-Bonaventure , 49309, Cholet , France","postalCode":"49309","city":"Cholet ","country":"France","horaires":"Du Lundi au Vendredi : de 08h30 à 12h15 de 13h30 à 17h30","contacts":{"email":"contact@choletagglomeration.fr","telephone":"02 72 77 20 00"},"website":"https://www.cholet.fr/welcome/","latitude":47.059387,"longitude":-0.8769092,"url":"https://lannuaire.service-public.gouv.fr/pays-de-la-loire/maine-et-loire/78ddc726-c889-4b84-aa7f-64a7c83b9379"}
{"nom":"Communauté d'agglomération - Clisson Sèvre et Maine Agglo","type":"","adresse":"13 rue des Ajoncs , 44190, Clisson , France","postalCode":"44190","city":"Clisson ","country":"France","horaires":"Du Lundi au Vendredi : de 09h00 à 12h30 de 14h00 à 17h30","contacts":{"email":"accueil@clissonsevremaine.fr","telephone":"02 40 54 75 15"},"website":"https://www.clissonsevremaine.fr/","latitude":47.08143,"longitude":-1.28182,"url":"https://lannuaire.service-public.gouv.fr/pays-de-la-loire/loire-atlantique/6c315f8c-c3a7-4370-aba6-e919252dad10"}
{"nom":"Communauté d'agglomération - La presqu'île de Guérande Atlantique - Cap Atlantique","type":"","adresse":"3 avenue des Noëlles , 44500, La Baule-Escoublac , France","postalCode":"44500","city":"La Baule-Escoublac ","country":"France","horaires":"Du Lundi au Vendredi : de 09h00 à 12h00 de 14h00 à 17h00","contacts":{"email":"accueil@cap-atlantique.fr","telephone":"02 51 75 06 80"},"website":"https://www.cap-atlantique.fr/","latitude":47.290974,"longitude":-2.393816,"url":"https://lannuaire.service-public.gouv.fr/pays-de-la-loire/loire-atlantique/5aa1713e-38e7-489d-bcd3-7e8c9e547225"}
{"nom":"Communauté d'agglomération - La région Nazairienne et de l'Estuaire (CARENE)","type":"","adresse":"4 avenue du Commandant-l'Herminier , 44600, Saint-Nazaire , France","postalCode":"44600","city":"Saint-Nazaire ","country":"France","horaires":"Du Lundi au Vendredi : de 08h30 à 12h30 de 13h30 à 18h00","contacts":{"email":"carene@agglo-carene.fr","telephone":"02 51 16 48 48"},"website":"https://www.saintnazaireagglo.fr/","latitude":47.285748,"longitude":-2.212411,"url":"https://lannuaire.service-public.gouv.fr/pays-de-la-loire/loire-atlantique/e8062953-63b3-4e4d-af59-c72c0fee0c7b"}
{"nom":"Communauté d'agglomération - La Roche-sur-Yon","type":"","adresse":"Place du Théâtre , 85000, La Roche-sur-Yon , France","postalCode":"85000","city":"La Roche-sur-Yon ","country":"France","horaires":"Du Lundi au Jeudi : de 08h30 à 12h30 de 13h30 à 17h30 | Le Vendredi : de 08h30 à 12h30 de 13h30 à 17h00 | Le Samedi : de 08h30 à 12h30","contacts":{"email":"accueil@larochesuryon.fr","telephone":"02 51 47 47 47"},"website":"https://www.larochesuryon.fr/","latitude":46.652416,"longitude":-1.431407,"url":"https://lannuaire.service-public.gouv.fr/pays-de-la-loire/vendee/b126aee6-75e9-496b-abc8-84b0360de7ce"}
{"nom":"Communauté d'agglomération - Mauges Communauté","type":"","adresse":"La Loge , 49600, Beaupréau-en-Mauges , France","postalCode":"49600","city":"Beaupréau-en-Mauges ","country":"France","horaires":"Du Lundi au Jeudi : de 09h00 à 12h30 de 14h00 à 17h30 | Le Vendredi : de 09h00 à 12h30 de 14h00 à 17h00","contacts":{"email":"contact@maugescommunaute.fr","telephone":"02 41 71 77 10"},"website":"https://www.maugescommunaute.fr/","latitude":47.171093,"longitude":-0.9507336,"url":"https://lannuaire.service-public.gouv.fr/pays-de-la-loire/maine-et-loire/a5bf9f84-010d-43aa-a141-77c52f290a0d"}
{"nom":"Communauté d'agglomération - Pornic Agglo Pays de Retz","type":"","adresse":"ZAC de la Chaussée , 44210, Pornic , France","postalCode":"44210","city":"Pornic ","country":"France","horaires":"Du Lundi au Vendredi : de 09h00 à 12h30 de 14h00 à 17h00","contacts":{"email":"contact@pornicagglo.fr","telephone":"02 51 74 07 16"},"website":"https://www.pornicagglo.fr/","latitude":47.110725,"longitude":-2.0663598,"url":"https://lannuaire.service-public.gouv.fr/pays-de-la-loire/loire-atlantique/631ce663-3dbf-4eda-84d4-2621a81348e9"}
{"nom":"Communauté d'agglomération - Saumur - Val de Loire","type":"","adresse":"11 rue du Maréchal-Leclerc , 49400, Saumur , France","postalCode":"49400","city":"Saumur ","country":"France","horaires":"Du Lundi au Jeudi : de 08h30 à 12h00 de 14h00 à 17h30 | Le Vendredi : de 08h30 à 12h00 de 14h00 à 17h00","contacts":{"email":"contact@saumurvaldeloire.fr","telephone":"02 41 40 45 50"},"website":"https://www.saumurvaldeloire.fr/","latitude":47.256203,"longitude":-0.0822991,"url":"https://lannuaire.service-public.gouv.fr/pays-de-la-loire/maine-et-loire/83f2b710-fc54-4325-be9d-5cde5d0998aa"}
{"nom":"Communauté de communes - Anjou Bleu Communauté","type":"","adresse":"1 Esplanade Antoine Glémain , 49501, Segré-en-Anjou Bleu Cedex , France","postalCode":"49501","city":"Segré-en-Anjou Bleu Cedex ","country":"France","horaires":"Du Lundi au Jeudi : de 09h00 à 12h30 de 14h00 à 17h30 | Le Vendredi : de 09h00 à 12h30 de 14h00 à 16h00","contacts":{"email":"contact@anjoubleucommunaute.fr","telephone":"02 41 26 51 27"},"website":"https://www.anjoubleucommunaute.fr/","latitude":47.685684,"longitude":-0.868662,"url":"https://lannuaire.service-public.gouv.fr/pays-de-la-loire/maine-et-loire/98ea9a55-0ad7-4bad-9b5d-58daf9a3798a"}
{"nom":"Communauté de communes - Anjou Loir et Sarthe","type":"","adresse":"4 bis rue Val-de-Sarthe , 49125, Tiercé , France","postalCode":"49125","city":"Tiercé ","country":"France","horaires":"Du Lundi au Jeudi : de 09h00 à 12h30 de 14h00 à 17h30 | Le Vendredi : de 09h00 à 12h30 de 14h00 à 16h30","contacts":{"email":"contact@ccals.fr","telephone":"02 52 75 05 05"},"website":"https://www.ccals.fr/","latitude":47.614258,"longitude":-0.468523,"url":"https://lannuaire.service-public.gouv.fr/pays-de-la-loire/maine-et-loire/dc36b42c-213a-41b9-adda-c2d4c084fc20"}
{"nom":"Communauté de communes - Baugeois Vallée","type":"","adresse":"Baugé , 49150, Baugé-en-Anjou , France","postalCode":"49150","city":"Baugé-en-Anjou ","country":"France","horaires":"Du Lundi au Vendredi : de 09h00 à 12h15 de 13h30 à 17h30","contacts":{"email":"president@baugeoisvallee.fr","telephone":"02 41 84 49 49"},"website":"https://www.baugeoisvallee.fr/","latitude":47.540497,"longitude":-0.10196686,"url":"https://lannuaire.service-public.gouv.fr/pays-de-la-loire/maine-et-loire/848aea1c-7bef-495d-95f4-567cbe2e0969"}
{"nom":"Communauté de communes - Bocage Mayennais","type":"","adresse":"1 Grande rue , 53120, Gorron , France","postalCode":"53120","city":"Gorron ","country":"France","horaires":"Le Lundi : de 13h30 à 17h30 | Du Mardi au Vendredi : de 09h00 à 12h00 de 13h30 à 17h30","contacts":{"email":"accueil@bocage-mayennais.fr","telephone":"02 43 08 47 47"},"website":"https://www.bocage-mayennais.fr/","latitude":48.41144,"longitude":-0.8128112,"url":"https://lannuaire.service-public.gouv.fr/pays-de-la-loire/mayenne/73ad95d2-c6ec-44f5-9806-7b5b15cef3fd"}
{"nom":"Communauté de communes - Challans Gois communauté","type":"","adresse":"16 rue du Parc-de-Pont-Habert , 85300, Sallertaine , France","postalCode":"85300","city":"Sallertaine ","country":"France","horaires":"Du Lundi au Vendredi : de 09h00 à 12h30 de 14h00 à 17h30","contacts":{"email":"contact@challansgois.fr","telephone":"02 51 93 56 73"},"website":"https://www.challansgois.fr/","latitude":46.844803,"longitude":-1.8798153,"url":"https://lannuaire.service-public.gouv.fr/pays-de-la-loire/vendee/bdc2de03-7b2f-4cb1-ab00-c2356343de15"}
{"nom":"Communauté de communes - Châteaubriant Derval","type":"","adresse":"5 rue Gabriel-Delatour , 44110, Châteaubriant , France","postalCode":"44110","city":"Châteaubriant ","country":"France","horaires":"Du Lundi au Jeudi : de 08h30 à 12h00 de 13h30 à 17h30 | Le Vendredi : de 08h30 à 12h00 de 13h30 à 16h30","contacts":{"email":"accueil@cc-chateaubriant-derval.fr","telephone":"02 28 04 06 33"},"website":"https://www.cc-chateaubriant-derval.fr/","latitude":47.718884,"longitude":-1.378495,"url":"https://lannuaire.service-public.gouv.fr/pays-de-la-loire/loire-atlantique/ba69ec86-a06d-442b-bfdd-bd9bf934a98a"}
{"nom":"Communauté de communes - Coëvrons","type":"","adresse":"2 avenue Raoul-Vadepied , 53600, Châtres-la-Forêt , France","postalCode":"53600","city":"Châtres-la-Forêt ","country":"France","horaires":"Du Lundi au Vendredi : de 08h30 à 12h00 de 13h30 à 17h30","contacts":{"email":"contact@coevrons.fr","telephone":"02 43 66 32 00"},"website":"https://www.coevrons.fr/","latitude":48.144863,"longitude":-0.4167578,"url":"https://lannuaire.service-public.gouv.fr/pays-de-la-loire/mayenne/3c2b9bc6-0d8e-4157-9f8e-7fc7671fb708"}
{"nom":"Communauté de communes - Erdre et Gesvres","type":"","adresse":"1 rue Marie-Curie , 44119, Grandchamps-des-Fontaines , France","postalCode":"44119","city":"Grandchamps-des-Fontaines ","country":"France","horaires":"Du Lundi au Jeudi : de 08h30 à 12h00 de 14h00 à 17h30 | Le Vendredi : de 08h30 à 12h00 de 14h00 à 16h30","contacts":{"email":"contact@cceg.fr","telephone":"02 28 02 22 40"},"website":"https://www.cceg.fr/","latitude":47.37649,"longitude":-1.644559,"url":"https://lannuaire.service-public.gouv.fr/pays-de-la-loire/loire-atlantique/5f782c25-fb66-4605-83ea-7bcc10a4b394"}
{"nom":"Communauté de communes - Ernée","type":"","adresse":"Parc d'activités de la Querminais , 53500, Ernée , France","postalCode":"53500","city":"Ernée ","country":"France","horaires":"Du Lundi au Jeudi : de 08h30 à 12h30 de 13h30 à 17h30 | Le Vendredi : de 08h30 à 12h30 de 13h30 à 16h30 Accueil ouvert sur rendez-vous uniquement pour l'espace France Services.","contacts":{"email":"accueil@lernee.fr","telephone":"02 43 05 98 80"},"website":"https://www.lernee.fr/","latitude":48.2969,"longitude":-0.939978,"url":"https://lannuaire.service-public.gouv.fr/pays-de-la-loire/mayenne/c94a3708-cecd-424e-9540-32f6e33b3f89"}
{"nom":"Communauté de communes - Estuaire et Sillon","type":"","adresse":"2 boulevard de la Loire , 44260, Savenay , France","postalCode":"44260","city":"Savenay ","country":"France","horaires":"Du Lundi au Vendredi : de 09h00 à 12h30 de 13h30 à 17h00","contacts":{"email":"communaute@estuaire-sillon.fr","telephone":"02 40 56 81 03"},"website":"https://www.estuaire-sillon.fr/","latitude":47.35854,"longitude":-1.9443707,"url":"https://lannuaire.service-public.gouv.fr/pays-de-la-loire/loire-atlantique/6c019e24-4f59-4cbc-9280-b94998c3a2bc"}
{"nom":"Communauté de communes - Grand Lieu","type":"","adresse":"1 rue de la Guillauderie , 44118, La Chevrolière , France","postalCode":"44118","city":"La Chevrolière ","country":"France","horaires":"Du Lundi au Jeudi : de 08h30 à 12h00 de 14h00 à 17h30 | Le Vendredi : de 08h30 à 12h00 de 14h00 à 16h30","contacts":{"email":"grandlieu@grandlieu.fr","telephone":"02 51 70 91 11"},"website":"https://www.grandlieu.fr/","latitude":47.08434,"longitude":-1.5607724,"url":"https://lannuaire.service-public.gouv.fr/pays-de-la-loire/loire-atlantique/020578c8-e284-44af-bb35-44054bd624cc"}
{"nom":"Communauté de communes - Haute Sarthe Alpes Mancelles","type":"","adresse":"Maison de pays , 72130, Fresnay-sur-Sarthe , France","postalCode":"72130","city":"Fresnay-sur-Sarthe ","country":"France","horaires":"Le Lundi : de 09h00 à 12h00 | Du Mardi au Jeudi : de 09h00 à 12h00 de 14h00 à 17h00 | Le Vendredi : de 09h00 à 12h00","contacts":{"email":"contact@cchautesarthealpesmancelles.fr","telephone":"02 43 34 34 59"},"website":"https://www.cchautesarthealpesmancelles.fr/","latitude":48.284733,"longitude":0.0233058,"url":"https://lannuaire.service-public.gouv.fr/pays-de-la-loire/sarthe/7d41352c-06ad-46e7-9936-8d43967d231b"}
{"nom":"Communauté de communes - Île de Noirmoutier","type":"","adresse":"51 rue de la Prée-au-Duc , 85330, Noirmourtier-en-l'Île , France","postalCode":"85330","city":"Noirmourtier-en-l'Île ","country":"France","horaires":"Du Lundi au Vendredi : de 09h00 à 12h30 de 14h00 à 17h30","contacts":{"email":"contact@iledenoirmoutier.org","telephone":"02 51 35 89 89"},"website":"https://www.cdc-iledenoirmoutier.com/","latitude":47.00285,"longitude":-2.2537055,"url":"https://lannuaire.service-public.gouv.fr/pays-de-la-loire/vendee/2fbb7f30-dc40-41b7-86a4-40b86b77c3bc"}
{"nom":"Communauté de communes - La Champagne Conlinoise et du Pays de Sillé","type":"","adresse":"4 rue de Gaucher , 72240, Conlie , France","postalCode":"72240","city":"Conlie ","country":"France","horaires":"Du Lundi au Vendredi : de 09h00 à 12h00 de 13h30 à 17h00","contacts":{"email":"contact@4cps.fr","telephone":"02 43 52 11 67"},"website":"https://www.4cps.fr/","latitude":48.457558,"longitude":-0.2050174,"url":"https://lannuaire.service-public.gouv.fr/pays-de-la-loire/sarthe/2a126d55-d289-43a8-aa36-b9919c704814"}
{"nom":"Communauté de communes - Le Gesnois Bilurien","type":"","adresse":"783 Route des Sittelles , 72450, Montfort-le-Gesnois , France","postalCode":"72450","city":"Montfort-le-Gesnois ","country":"France","horaires":"Le Lundi : de 10h00 à 12h00 | Le Mardi : de 14h00 à 17h00 | Le Jeudi : de 14h00 à 17h00","contacts":{"email":"contact@cc-gesnoisbilurien.fr","telephone":"02 43 54 80 40"},"website":"https://www.cc-gesnoisbilurien.fr/","latitude":48.04747,"longitude":0.416931,"url":"https://lannuaire.service-public.gouv.fr/pays-de-la-loire/sarthe/6ec069b2-efd5-4d2b-abe3-e065e35f1ad6"}
{"nom":"Communauté de communes - Loire Layon Aubance","type":"","adresse":"1 rue Adrien-Meslier , 49170, Saint-Georges-sur-Loire , France","postalCode":"49170","city":"Saint-Georges-sur-Loire ","country":"France","horaires":"Du Lundi au Jeudi : de 09h00 à 12h30 de 13h30 à 17h00 | Le Vendredi : de 09h00 à 12h30 Permanence téléphonique le vendredi de 9h à 12h30 et de 13h30 à 17h.","contacts":{"email":"contact@loirelayonaubance.fr","telephone":"02 41 74 93 74"},"website":"https://loire-layon-aubance.fr/","latitude":47.398335,"longitude":-0.7545053,"url":"https://lannuaire.service-public.gouv.fr/pays-de-la-loire/maine-et-loire/abf86076-00e1-4949-b3e9-32b53b5e2f08"}
{"nom":"Communauté de communes - Loir Lucé Bercé","type":"","adresse":"1 place Clémenceau , 72500, Montval-sur-Loir , France","postalCode":"72500","city":"Montval-sur-Loir ","country":"France","horaires":"Du Lundi au Mardi : de 09h00 à 12h00 de 14h00 à 17h00 | Du Jeudi au Vendredi : de 09h00 à 12h00 de 14h00 à 17h00","contacts":{"email":"secretariat@loirluceberce.fr","telephone":"02 43 38 17 17"},"website":"https://www.loirluceberce.fr/","latitude":47.69579,"longitude":0.415514,"url":"https://lannuaire.service-public.gouv.fr/pays-de-la-loire/sarthe/35da8128-f0d8-49ec-a23b-784c8a533de5"}
{"nom":"Communauté de communes - Loué Brûlon Noyen","type":"","adresse":"27 rue Rémy-Lambert , 72540, Loué , France","postalCode":"72540","city":"Loué ","country":"France","horaires":"Du Lundi au Vendredi : de 09h00 à 12h00 de 14h00 à 17h00","contacts":{"email":"accueil@cc-lbn.fr","telephone":"02 43 92 31 58"},"website":"https://www.cc-lbn.fr/","latitude":47.994724,"longitude":-0.14228076,"url":"https://lannuaire.service-public.gouv.fr/pays-de-la-loire/sarthe/76dcc28a-3cdf-4b4b-b49c-244082fc0a16"}
{"nom":"Communauté de communes - Maine Coeur de Sarthe","type":"","adresse":"ZA Les Petites Forges , 72380, Joué-l'Abbé , France","postalCode":"72380","city":"Joué-l'Abbé ","country":"France","horaires":"Du Lundi au Mercredi : de 09h00 à 12h00 de 14h00 à 17h00 | Le Vendredi : de 09h00 à 12h00 de 14h00 à 16h00","contacts":{"email":"contact@mainecoeurdesarthe.fr","telephone":"02 43 27 37 20"},"website":"https://www.mainecoeurdesarthe.fr/","latitude":48.095325,"longitude":0.2400395,"url":"https://lannuaire.service-public.gouv.fr/pays-de-la-loire/sarthe/f3247e35-762b-42c4-8be1-68ea4b36d5dc"}
{"nom":"Communauté de communes - Maine Saosnois","type":"","adresse":"7 place Henri-Coutard , 72260, Marolles-les-Braults , France","postalCode":"72260","city":"Marolles-les-Braults ","country":"France","horaires":"Du Lundi au Vendredi : de 09h00 à 12h00 de 14h00 à 17h30 | Le Vendredi : de 09h00 à 12h00 de 14h00 à 17h00","contacts":{"email":"accueil@mainesaosnois.fr","telephone":"02 43 34 16 48"},"website":"https://www.mainesaosnois.fr/","latitude":48.25283,"longitude":0.3136056,"url":"https://lannuaire.service-public.gouv.fr/pays-de-la-loire/sarthe/c313440c-0bb4-45f1-85e5-014cec6e50df"}
{"nom":"Communauté de communes - Mayenne Communauté","type":"","adresse":"10 rue de Verdun , 53103, Mayenne Cedex , France","postalCode":"53103","city":"Mayenne Cedex ","country":"France","horaires":"Du Lundi au Vendredi : de 08h30 à 12h00 de 13h30 à 17h30","contacts":{"email":"contact@mayennecommunaute.fr","telephone":"02 43 30 21 21"},"website":"https://www.mayenne-communaute.net/","latitude":48.30615,"longitude":-0.6207449,"url":"https://lannuaire.service-public.gouv.fr/pays-de-la-loire/mayenne/d098051a-8ed6-4269-b3dd-a7052203d3c4"}
{"nom":"Communauté de communes - Mont des Avaloirs","type":"","adresse":"1 rue de la Corniche-de-Pail , 53140, Pré-en-Pail , France","postalCode":"53140","city":"Pré-en-Pail ","country":"France","horaires":"Du Lundi au Jeudi : de 08h30 à 12h30 de 13h30 à 17h30 | Le Vendredi : de 08h30 à 12h30 de 13h30 à 16h30","contacts":{"email":"accueil@cc-montdesavaloirs.fr","telephone":"02 43 30 11 11"},"website":"https://www.cc-montdesavaloirs.fr/","latitude":48.4404,"longitude":-0.2437497,"url":"https://lannuaire.service-public.gouv.fr/pays-de-la-loire/mayenne/8a1028d8-0563-41f7-b1f4-73673393a747"}
{"nom":"Communauté de communes - Nozay","type":"","adresse":"9 rue de l'Église , 44170, Nozay , France","postalCode":"44170","city":"Nozay ","country":"France","horaires":"Le Lundi : de 08h30 à 12h30 de 13h30 à 17h30 | Du Mardi au Jeudi : de 08h30 à 12h30 | Le Vendredi : de 08h30 à 12h30 de 13h30 à 16h30","contacts":{"email":"accueil@cc-nozay.fr","telephone":"02 40 79 51 51"},"website":"https://www.cc-nozay.fr/","latitude":47.565994,"longitude":-1.6241025,"url":"https://lannuaire.service-public.gouv.fr/pays-de-la-loire/loire-atlantique/21af4b1b-3ed3-4194-834b-62962dc1591b"}
{"nom":"Communauté de communes - Océan Marais de Monts","type":"","adresse":"Maison du développement intercommunal , 85167, Saint-Jean-de-Monts , France","postalCode":"85167","city":"Saint-Jean-de-Monts ","country":"France","horaires":"Le Mardi : de 09h00 à 12h30 de 14h00 à 17h00 | Du Jeudi au Vendredi : de 09h00 à 12h30 de 14h00 à 17h00","contacts":{"email":"accueil@omdm.fr","telephone":"02 51 58 07 89"},"website":"https://www.oceanmaraisdemonts.fr/","latitude":46.790794,"longitude":-2.062644,"url":"https://lannuaire.service-public.gouv.fr/pays-de-la-loire/vendee/42d6ad23-333e-404e-9131-79507109580b"}
{"nom":"Communauté de communes - Orée de Bercé Belinois","type":"","adresse":"1 rue Sainte-Anne , 72220, Écommoy , France","postalCode":"72220","city":"Écommoy ","country":"France","horaires":"Du Lundi au Mercredi : de 09h00 à 12h30 de 14h00 à 17h00 | Le Jeudi : de 09h00 à 12h30 | Le Vendredi : de 09h00 à 12h30 de 14h00 à 17h00","contacts":{"email":"communautedecommunes@belinois.fr","telephone":"02 43 47 02 20"},"website":"https://www.cc-berce-belinois.fr/","latitude":47.828995,"longitude":0.2738785,"url":"https://lannuaire.service-public.gouv.fr/pays-de-la-loire/sarthe/e9e699e5-b582-4bd3-bfae-adcb76933830"}
{"nom":"Communauté de communes - Pays des Achards","type":"","adresse":"ZA Sud-Est , 85150, Les Achards , France","postalCode":"85150","city":"Les Achards ","country":"France","horaires":"Du Lundi au Jeudi : de 08h30 à 12h30 de 13h30 à 17h00 | Le Vendredi : de 08h30 à 12h30 de 13h30 à 16h30","contacts":{"email":"contact@cc-paysdesachards.fr","telephone":"02 51 05 94 49"},"website":"https://www.cc-paysdesachards.fr/","latitude":46.602104,"longitude":-1.6535629,"url":"https://lannuaire.service-public.gouv.fr/pays-de-la-loire/vendee/a539e3d3-f6fc-41fa-b974-d7b41ce320d9"}
{"nom":"Communauté de communes - Pays d'Ancenis","type":"","adresse":"Centre administratif Les Ursulines , 44150, Ancenis-Saint-Géréon , France","postalCode":"44150","city":"Ancenis-Saint-Géréon ","country":"France","horaires":"Du Lundi au Jeudi : de 08h30 à 12h00 de 14h00 à 17h30 | Le Vendredi : de 08h30 à 12h00 de 14h00 à 17h00","contacts":{"email":"compa@pays-ancenis.com","telephone":"02 40 96 31 89"},"website":"https://www.pays-ancenis.com/","latitude":47.36445,"longitude":-1.1885052,"url":"https://lannuaire.service-public.gouv.fr/pays-de-la-loire/loire-atlantique/ee1d6428-34c7-469f-9b68-afccfaa503ba"}
{"nom":"Communauté de communes - Pays de Chantonnay","type":"","adresse":"65 avenue du Général-de-Gaulle , 85111, Chantonnay , France","postalCode":"85111","city":"Chantonnay ","country":"France","horaires":"Du Lundi au Vendredi : de 09h00 à 12h30 de 14h00 à 17h30","contacts":{"email":"contact@cc-paysdechantonnay.fr","telephone":"02 51 94 40 23"},"website":"https://www.paysdechantonnay.fr/","latitude":46.69571,"longitude":-1.0463526,"url":"https://lannuaire.service-public.gouv.fr/pays-de-la-loire/vendee/361f7789-9b70-4275-b61b-e90224c7d9a9"}
{"nom":"Communauté de communes - Pays de Château-Gontier","type":"","adresse":"23 place de la République , 53200, Château-Gontier , France","postalCode":"53200","city":"Château-Gontier ","country":"France","horaires":"Du Lundi au Vendredi : de 08h30 à 12h00 de 13h30 à 18h00 | Le Samedi : de 08h30 à 12h00","contacts":{"email":"chateau-gontier@chateaugontier.fr","telephone":"02 43 09 55 55"},"website":"https://www.chateaugontier.fr/","latitude":47.826363,"longitude":-0.706984,"url":"https://lannuaire.service-public.gouv.fr/pays-de-la-loire/mayenne/424a80a4-7566-4c8d-a787-5b6b120d4970"}
{"nom":"Communauté de communes - Pays de Craon","type":"","adresse":"1 rue de buchenberg , 53400, Craon , France","postalCode":"53400","city":"Craon ","country":"France","horaires":"Du Lundi au Vendredi : de 08h30 à 12h00 de 13h30 à 17h00","contacts":{"email":"accueil@paysdecraon.fr","telephone":"02 43 09 61 61"},"website":"https://www.paysdecraon.fr/","latitude":47.842476,"longitude":-0.9672909,"url":"https://lannuaire.service-public.gouv.fr/pays-de-la-loire/mayenne/dd59d3a1-5bd5-4e96-8d43-f1373ae91c88"}
{"nom":"Communauté de communes - Pays Fléchois","type":"","adresse":"6 rue Fernand-Guillot , 72200, La Flèche , France","postalCode":"72200","city":"La Flèche ","country":"France","horaires":"Du Lundi au Mercredi : de 08h30 à 12h00 de 13h30 à 17h30 | Le Jeudi : de 09h00 à 12h00 de 13h30 à 17h30 | Le Vendredi : de 08h30 à 12h00 de 13h30 à 17h30","contacts":{"email":"contact@cc-paysflechois.fr","telephone":"02 43 48 66 00"},"website":"https://www.paysflechois.fr/","latitude":47.69623,"longitude":-0.074624,"url":"https://lannuaire.service-public.gouv.fr/pays-de-la-loire/sarthe/899bbffa-f4df-4db9-be02-6b45878c40b3"}
{"nom":"Communauté de communes - Pays de Fontenay Vendée","type":"","adresse":"16 rue de l'Innovation , 85200, Fontenay-le-Comte , France","postalCode":"85200","city":"Fontenay-le-Comte ","country":"France","horaires":"Du Lundi au Vendredi : de 09h00 à 12h00 de 14h00 à 17h00","contacts":{"email":"accueil@fontenayvendee.fr","telephone":"02 28 13 07 07"},"website":"https://www.fontenayvendee.fr/","latitude":46.465767,"longitude":-0.80560684,"url":"https://lannuaire.service-public.gouv.fr/pays-de-la-loire/vendee/257faded-4aa6-4f0f-bf13-43f968b836ce"}
{"nom":"Communauté de communes - Pays des Herbiers","type":"","adresse":"6 rue du Tourniquet , 85500, Les Herbiers , France","postalCode":"85500","city":"Les Herbiers ","country":"France","horaires":"Du Lundi au Vendredi : de 09h00 à 12h00 de 14h00 à 18h00","contacts":{"email":"info@paysdesherbiers.fr","telephone":"02 51 66 82 27"},"website":"https://www.paysdesherbiers.fr/","latitude":46.86951,"longitude":-1.012996,"url":"https://lannuaire.service-public.gouv.fr/pays-de-la-loire/vendee/ee8f58f5-5ed3-4bcb-aee0-0531c1c7f7bb"}
{"nom":"Communauté de communes - Pays de l'Huisne Sarthoise","type":"","adresse":"25 rue Jean-Courtois , 72400, La Ferté-Bernard , France","postalCode":"72400","city":"La Ferté-Bernard ","country":"France","horaires":"Du Lundi au Vendredi : de 09h00 à 12h00 de 14h00 à 17h00","contacts":{"email":"contact@huisne-sarthoise.com","telephone":"02 43 60 72 71"},"website":"https://www.huisne-sarthoise.com/","latitude":48.18874,"longitude":0.6545533,"url":"https://lannuaire.service-public.gouv.fr/pays-de-la-loire/sarthe/7559481a-64ab-456c-84af-b200edae722e"}
{"nom":"Communauté de communes - Pays de la Châtaigneraie","type":"","adresse":"Rond-point des Sources-de-la-Vendée , 85120, Terval , France","postalCode":"85120","city":"Terval ","country":"France","horaires":"Du Lundi au Vendredi : de 09h00 à 13h00 de 14h00 à 17h30","contacts":{"email":"info@ccplc.fr","telephone":"02 51 69 61 43"},"website":"https://www.pays-chataigneraie.fr/","latitude":46.648506,"longitude":-0.7239941,"url":"https://lannuaire.service-public.gouv.fr/pays-de-la-loire/vendee/7cc2a93e-e9e1-4900-ab8c-ad55eed890fa"}
{"nom":"Communauté de communes - Pays de Meslay Grez","type":"","adresse":"1 voie de la Guiternière , 53170, Meslay-du-Maine , France","postalCode":"53170","city":"Meslay-du-Maine ","country":"France","horaires":"Du Lundi au Vendredi : de 09h00 à 12h00 de 13h30 à 17h30","contacts":{"email":"contact@paysmeslaygrez.fr","telephone":"02 43 64 29 00"},"website":"https://www.paysmeslaygrez.fr/","latitude":47.950386,"longitude":-0.556804,"url":"https://lannuaire.service-public.gouv.fr/pays-de-la-loire/mayenne/df00b9ce-ea4a-4ce5-8a01-4898908e4c58"}
{"nom":"Communauté de communes - Pays de Mortagne","type":"","adresse":"La Verrie , 85130, Chanverrie , France","postalCode":"85130","city":"Chanverrie ","country":"France","horaires":"Du Lundi au Vendredi : de 09h00 à 12h30 de 13h30 à 17h30","contacts":{"email":"contact@paysdemortagne.fr","telephone":"02 51 63 06 06"},"website":"https://www.paysdemortagne.fr/","latitude":46.976124,"longitude":-0.966205,"url":"https://lannuaire.service-public.gouv.fr/pays-de-la-loire/vendee/99baa63c-66bd-4d0e-8cee-13baa4190695"}
{"nom":"Communauté de communes - Pays de Pontchâteau - Saint-Gildas-des-Bois","type":"","adresse":"2 rue des Châtaigniers , 44160, Pont-Château , France","postalCode":"44160","city":"Pont-Château ","country":"France","horaires":"Du Lundi au Jeudi : de 08h30 à 12h30 de 14h00 à 17h30 | Le Vendredi : de 08h30 à 12h30 de 14h00 à 17h00","contacts":{"email":"accueil@cc-paysdepontchateau.fr","telephone":"02 40 45 07 94"},"website":"https://www.cc-paysdepontchateau.fr/","latitude":47.440506,"longitude":-2.1020849,"url":"https://lannuaire.service-public.gouv.fr/pays-de-la-loire/loire-atlantique/ef45cd0d-d5e6-480c-bf24-277f9b6d350c"}
{"nom":"Communauté de communes - Pays de Pouzauges","type":"","adresse":"Maison de l'intercommunalité , 85700, Pouzauges , France","postalCode":"85700","city":"Pouzauges ","country":"France","horaires":"Du Lundi au Jeudi : de 08h30 à 12h30 de 13h30 à 17h30 | Le Vendredi : de 08h30 à 12h30 de 13h30 à 17h00","contacts":{"email":"","telephone":"02 51 57 14 23"},"website":"https://www.paysdepouzauges.fr/","latitude":46.772293,"longitude":-0.8500918,"url":"https://lannuaire.service-public.gouv.fr/pays-de-la-loire/vendee/e9324c54-9917-4b03-896c-4f609e16b807"}
{"nom":"Communauté de communes - Pays-Sabolien","type":"","adresse":"3 place Raphaël-Elizé , 72300, Sablé-sur-Sarthe , France","postalCode":"72300","city":"Sablé-sur-Sarthe ","country":"France","horaires":"Du Lundi au Vendredi : de 09h00 à 12h00 de 13h30 à 17h00","contacts":{"email":"communautedecommunes@sablesursarthe.fr","telephone":"02 43 62 50 00"},"website":"https://www.payssabolien.fr/","latitude":47.84011,"longitude":-0.331634,"url":"https://lannuaire.service-public.gouv.fr/pays-de-la-loire/sarthe/1c383054-22ca-4d87-b5c1-014aa7bcaf71"}
{"nom":"Communauté de communes - Pays de Saint-Fulgent Les Essarts","type":"","adresse":"2 rue Jules-Verne , 85250, Saint-Fulgent , France","postalCode":"85250","city":"Saint-Fulgent ","country":"France","horaires":"Du Lundi au Jeudi : de 08h30 à 12h30 de 13h30 à 17h30 | Le Vendredi : de 08h30 à 12h30 de 13h30 à 16h30","contacts":{"email":"contact@ccfulgent-essarts.fr","telephone":"02 51 43 81 61"},"website":"https://www.ccfulgent-essarts.fr/","latitude":46.851593,"longitude":-1.1707516,"url":"https://lannuaire.service-public.gouv.fr/pays-de-la-loire/vendee/99ebc9bd-ff35-4d8f-8f68-3c4c4e7a491b"}
{"nom":"Communauté de communes - Pays de Saint-Gilles-Croix-de-Vie","type":"","adresse":"ZAE Le Soleil Levant , 85800, Saint-Gilles-Croix-de-Vie , France","postalCode":"85800","city":"Saint-Gilles-Croix-de-Vie ","country":"France","horaires":"Du Lundi au Jeudi : de 09h00 à 12h30 de 14h00 à 17h30 | Le Vendredi : de 09h00 à 12h30 de 14h00 à 16h30","contacts":{"email":"accueil@payssaintgilles.fr","telephone":"02 51 55 55 55"},"website":"https://payssaintgilles.fr/","latitude":46.67139,"longitude":-1.884085,"url":"https://lannuaire.service-public.gouv.fr/pays-de-la-loire/vendee/49fab78b-d1fd-48d8-8eca-892455177b28"}
{"nom":"Communauté de communes - Région de Blain","type":"","adresse":"1 avenue de la Gare , 44130, Blain , France","postalCode":"44130","city":"Blain ","country":"France","horaires":"Du Lundi au Jeudi : de 08h45 à 12h00 de 13h30 à 17h00 | Le Vendredi : de 08h45 à 12h00 de 13h30 à 16h00","contacts":{"email":"accueil@paysdeblain.fr","telephone":"02 40 79 09 92"},"website":"https://www.pays-de-blain.com/","latitude":47.418518,"longitude":-1.8497688,"url":"https://lannuaire.service-public.gouv.fr/pays-de-la-loire/loire-atlantique/231e2c6a-ce58-492c-8c0f-672f0c954d9e"}
{"nom":"Communauté de communes - Sèvre et Loire","type":"","adresse":"1 place Charles-de-Gaulle , 44330, Vallet , France","postalCode":"44330","city":"Vallet ","country":"France","horaires":"Du Lundi au Vendredi : de 09h00 à 12h30 de 13h30 à 17h00","contacts":{"email":"contact@cc-sevreloire.fr","telephone":"02 51 71 92 12"},"website":"https://www.cc-sevreloire.fr/","latitude":47.1613,"longitude":-1.2663481,"url":"https://lannuaire.service-public.gouv.fr/pays-de-la-loire/loire-atlantique/c167afc5-780e-496c-a2a2-5383c3dc34c5"}
{"nom":"Communauté de communes - Sud Est du Pays Manceau","type":"","adresse":"Rue des Écoles , 72250, Parigné-l'Évêque , France","postalCode":"72250","city":"Parigné-l'Évêque ","country":"France","horaires":"Du Lundi au Vendredi : de 09h00 à 12h00 de 14h00 à 17h00","contacts":{"email":"communaute.communes@sudestmanceau.com","telephone":"02 43 40 09 98"},"website":"https://www.cc-sudestmanceau.fr/","latitude":47.937252,"longitude":0.3593954,"url":"https://lannuaire.service-public.gouv.fr/pays-de-la-loire/sarthe/f4521a47-699e-425a-b5d7-e02c4c0c1c8b"}
{"nom":"Communauté de communes - Sud Estuaire","type":"","adresse":"6 boulevard Dumesnildot , 44560, Painboeuf , France","postalCode":"44560","city":"Painboeuf ","country":"France","horaires":"Du Lundi au Vendredi : de 09h00 à 12h00 de 13h30 à 17h30","contacts":{"email":"info@cc-sudestuaire.fr","telephone":"02 40 27 70 12"},"website":"http://www.cc-sudestuaire.fr/","latitude":47.28758,"longitude":-2.02594,"url":"https://lannuaire.service-public.gouv.fr/pays-de-la-loire/loire-atlantique/b67892c3-e85e-4bbc-9f71-1219248ac078"}
{"nom":"Communauté de communes - Sud Retz Atlantique","type":"","adresse":"Maison de l'intercommunalité , 44270, Machecoul , France","postalCode":"44270","city":"Machecoul ","country":"France","horaires":"Du Lundi au Mercredi : de 08h30 à 12h30 de 13h30 à 17h30 | Du Jeudi au Vendredi : de 08h30 à 12h30 de 13h30 à 17h00","contacts":{"email":"contact@ccsudretzatlantique.fr","telephone":"02 40 02 32 62"},"website":"https://www.sud-retz-atlantique.fr/","latitude":46.99384,"longitude":-1.8197922,"url":"https://lannuaire.service-public.gouv.fr/pays-de-la-loire/loire-atlantique/2baeef5a-eb65-4f3b-b057-a4c7dca03ee9"}
{"nom":"Communauté de communes - Sud Sarthe","type":"","adresse":"5 rue des Écoles , 72800, Aubigné-Racan , France","postalCode":"72800","city":"Aubigné-Racan ","country":"France","horaires":"Du Lundi au Mardi : de 09h00 à 12h00 de 13h30 à 17h00 | Le Mercredi : de 09h00 à 12h00 | Du Jeudi au Vendredi : de 09h00 à 12h00 de 14h00 à 17h00","contacts":{"email":"accueil@comcomsudsarthe.fr","telephone":"02 85 29 12 00"},"website":"https://www.comcomsudsarthe.fr/","latitude":47.690845,"longitude":0.2687673,"url":"https://lannuaire.service-public.gouv.fr/pays-de-la-loire/sarthe/98f60cc0-2f49-40c7-8919-b41c4b17adba"}
{"nom":"Communauté de communes - Sud Vendée Littoral","type":"","adresse":"107 avenue Maréchal-de-Lattre-de-Tassigny , 85400, Luçon , France","postalCode":"85400","city":"Luçon ","country":"France","horaires":"Du Lundi au Jeudi : de 09h00 à 12h00 de 14h00 à 17h00 | Le Vendredi : de 09h00 à 12h00 de 14h00 à 16h30","contacts":{"email":"accueil@sudvendeelittoral.fr","telephone":"02 51 97 64 64"},"website":"https://www.cc-sudvendeelittoral.fr/","latitude":46.457245,"longitude":-1.152349,"url":"https://lannuaire.service-public.gouv.fr/pays-de-la-loire/vendee/2eaf4b87-e89b-47ff-bf02-b38799a7fd22"}
{"nom":"Communauté de communes - Terres de Montaigu","type":"","adresse":"440 rue du Mondial , 85607, Montaigu-Vendée , France","postalCode":"85607","city":"Montaigu-Vendée ","country":"France","horaires":"Du Lundi au Vendredi : de 09h00 à 12h30 de 14h00 à 17h30","contacts":{"email":"contact@terresdemontaigu.fr","telephone":"02 51 46 45 45"},"website":"https://www.terresdemontaigu.fr/","latitude":46.985565,"longitude":-1.308744,"url":"https://lannuaire.service-public.gouv.fr/pays-de-la-loire/vendee/596ed788-401e-46f2-a5c7-5ba4eebc3a35"}
{"nom":"Communauté de communes - Vallées du Haut-Anjou","type":"","adresse":"Place Charles-de-Gaulle , 49220, Le Lion-d'Angers , France","postalCode":"49220","city":"Le Lion-d'Angers ","country":"France","horaires":"Du Lundi au Vendredi : de 09h00 à 12h00 de 14h00 à 17h00 | Accueil ouvert sur rendez-vous de préférence.","contacts":{"email":"contact@valleesduhautanjou.fr","telephone":"02 41 95 31 74"},"website":"https://www.valleesduhautanjou.fr/","latitude":47.629543,"longitude":-0.7187085,"url":"https://lannuaire.service-public.gouv.fr/pays-de-la-loire/maine-et-loire/e85e526e-c3a9-46c5-993b-adaea5a6db0d"}
{"nom":"Communauté de communes - Vallées de la Braye et de l'Anille","type":"","adresse":"10 rue Saint-Pierre , 72120, Saint-Calais , France","postalCode":"72120","city":"Saint-Calais ","country":"France","horaires":"Le Mardi : de 09h00 à 12h00 de 14h00 à 16h30 | Le Mardi : de 09h00 à 12h00 de 14h00 à 16h30","contacts":{"email":"ccvba@cc-vba.com","telephone":"02 43 35 11 03"},"website":"https://www.cc-vba.com/","latitude":47.921597,"longitude":0.7456042,"url":"https://lannuaire.service-public.gouv.fr/pays-de-la-loire/sarthe/c7ce1b76-b444-478f-8636-25d07a80413c"}
{"nom":"Communauté de communes - Val de Sarthe","type":"","adresse":"27 rue du 11-Novembre , 72200, La Suze-sur-Sarthe , France","postalCode":"72200","city":"La Suze-sur-Sarthe ","country":"France","horaires":"Du Lundi au Jeudi : de 09h00 à 12h00 de 14h00 à 18h00 | Le Vendredi : de 09h00 à 12h00 de 14h00 à 17h30","contacts":{"email":"communaute@cc-valdesarthe.fr","telephone":"02 43 83 51 12"},"website":"https://www.val-de-sarthe.fr/","latitude":47.891655,"longitude":0.026584,"url":"https://lannuaire.service-public.gouv.fr/pays-de-la-loire/sarthe/58f4909a-f302-468d-9df7-59154a13a4ef"}
{"nom":"Communauté de communes - Vendée Grand Littoral","type":"","adresse":"ZI du Patis , 85440, Talmont-Saint-Hilaire , France","postalCode":"85440","city":"Talmont-Saint-Hilaire ","country":"France","horaires":"Du Lundi au Vendredi : de 09h00 à 12h30 de 14h00 à 17h30","contacts":{"email":"contact@vendeegrandlittoral.fr","telephone":"02 51 20 72 07"},"website":"https://www.vendeegrandlittoral.fr/","latitude":46.454945,"longitude":-1.59985,"url":"https://lannuaire.service-public.gouv.fr/pays-de-la-loire/vendee/14f6b5e5-af7e-416a-8422-953a99d13d74"}
{"nom":"Communauté de communes - Vendée Sèvre Autise","type":"","adresse":"25 rue de la Gare , 85420, Rives-d'Autise , France","postalCode":"85420","city":"Rives-d'Autise ","country":"France","horaires":"Du Lundi au Vendredi : de 09h00 à 12h00","contacts":{"email":"secretariat@cc-vsa.com","telephone":"02 51 50 48 80"},"website":"https://www.cc-vsa.com/","latitude":46.40739,"longitude":-0.678264,"url":"https://lannuaire.service-public.gouv.fr/pays-de-la-loire/vendee/dc455848-f4fd-4c8e-a112-a787b8e4d933"}
{"nom":"Communauté de communes - Vie et Boulogne","type":"","adresse":"24 rue des Landes , 85170, Le Poiré-sur-Vie , France","postalCode":"85170","city":"Le Poiré-sur-Vie ","country":"France","horaires":"Du Lundi au Vendredi : de 09h00 à 12h00 de 14h00 à 17h00","contacts":{"email":"accueil@vieetboulogne.fr","telephone":"02 51 31 60 09"},"website":"https://www.vie-et-boulogne.fr/","latitude":46.73854,"longitude":-1.394082,"url":"https://lannuaire.service-public.gouv.fr/pays-de-la-loire/vendee/87d14a9d-ef21-48fe-aea6-0f1d0c3c0a4b"}
{"nom":"Communauté urbaine - Angers Loire Métropole","type":"","adresse":"83 rue du Mail , 49020, Angers Cedex 2 , France","postalCode":"49020","city":"Angers Cedex 2 ","country":"France","horaires":"Du Lundi au Vendredi : de 09h00 à 12h30 de 13h30 à 17h30","contacts":{"email":"","telephone":"02 41 05 50 00"},"website":"https://www.angersloiremetropole.fr/","latitude":47.471718,"longitude":-0.547705,"url":"https://lannuaire.service-public.gouv.fr/pays-de-la-loire/maine-et-loire/d4ac6f56-0ec4-4c92-b5cf-2a8638b11ecc"}
{"nom":"Communauté urbaine - Le Mans Métropole","type":"","adresse":"16 avenue François-Mitterrand , 72000, Le Mans , France","postalCode":"72000","city":"Le Mans ","country":"France","horaires":"Du Lundi au Vendredi : de 08h30 à 12h00 de 13h00 à 17h30","contacts":{"email":"","telephone":"02 43 47 47 47"},"website":"https://www.lemans.fr/","latitude":48.005062,"longitude":0.1998788,"url":"https://lannuaire.service-public.gouv.fr/pays-de-la-loire/sarthe/95a9cc44-acf5-4032-9333-2e7bfb969622"}
{"nom":"Laval Agglomération","type":"","adresse":"1 place du Général-Ferrié , 53008, Laval , France","postalCode":"53008","city":"Laval ","country":"France","horaires":"Du Lundi au Vendredi : de 08h30 à 12h30 de 13h30 à 17h30","contacts":{"email":"laval-agglo@agglo-laval.fr","telephone":"02 43 49 46 47"},"website":"https://www.agglo-laval.fr/accueil","latitude":48.07733,"longitude":-0.785388,"url":"https://lannuaire.service-public.gouv.fr/pays-de-la-loire/mayenne/a4707521-2d68-4d32-b92e-ee8fea76418f"}
{"nom":"Métropole - Nantes","type":"","adresse":"2 cours du Champ-de-Mars , 44923, Nantes , France","postalCode":"44923","city":"Nantes ","country":"France","horaires":"Du Lundi au Vendredi : de 08h30 à 18h00","contacts":{"email":"contact@nantesmetropole.fr","telephone":"02 40 99 48 48"},"website":"https://metropole.nantes.fr/","latitude":47.214138,"longitude":-1.5446465,"url":"https://lannuaire.service-public.gouv.fr/pays-de-la-loire/loire-atlantique/56df4149-fe3e-4d1a-aaca-1598242d175c"}
