{"nom":"Agglomération - Concarneau - Cornouaille","type":"","adresse":"1 rue Victor-Schoelcher , 29180, Concarneau , France","postalCode":"29180","city":"Concarneau ","country":"France","horaires":"Du Lundi au Jeudi : de 09h00 à 12h15 de 13h45 à 17h00 | Le Vendredi : de 09h00 à 12h15 de 13h45 à 16h00","contacts":{"email":"contact@cca.bzh","telephone":"02 98 97 71 50"},"website":"https://www.cca.bzh/","latitude":47.901173,"longitude":-3.9043002,"url":"https://lannuaire.service-public.gouv.fr/bretagne/finistere/388f6841-9593-4d2b-96d2-6c42bdc4bb30"}
{"nom":"Agglomération - Dinan","type":"","adresse":"8 boulevard Simone-Veil , 22100, Dinan Cedex , France","postalCode":"22100","city":"Dinan Cedex ","country":"France","horaires":"Du Lundi au Jeudi : de 08h30 à 12h00 de 13h30 à 17h30 | Le Vendredi : de 08h30 à 12h00 de 13h30 à 17h00","contacts":{"email":"contact@dinan-agglomeration.fr","telephone":"02 96 87 14 14"},"website":"https://www.dinan-agglomeration.fr/","latitude":48.455738,"longitude":-2.058863,"url":"https://lannuaire.service-public.gouv.fr/bretagne/cotes-d-armor/acf842eb-67f2-474c-8d9f-91a4fdb9122e"}
{"nom":"Communauté d'agglomération - Fougères Agglomération","type":"","adresse":"Parc d'activités de l'Aumaillerie , 35133, La Selle-en-Luitré , France","postalCode":"35133","city":"La Selle-en-Luitré ","country":"France","horaires":"Du Lundi au Jeudi : de 09h00 à 12h00 de 14h00 à 17h30 | Le Vendredi : de 09h00 à 12h00 de 14h00 à 16h30","contacts":{"email":"accueil@fougeres-agglo.bzh","telephone":"02 99 94 50 34"},"website":"https://fougeres-agglo.bzh/","latitude":48.334095,"longitude":-1.1694115,"url":"https://lannuaire.service-public.gouv.fr/bretagne/ille-et-vilaine/f1b939e4-2fcf-435f-af19-d2768fd98ddd"}
{"nom":"Communauté d'agglomération - Golfe du Morbihan Vannes agglomération","type":"","adresse":"30 rue Alfred-Kastler , 56006, Vannes Cedex , France","postalCode":"56006","city":"Vannes Cedex ","country":"France","horaires":"Du Lundi au Vendredi : de 08h30 à 12h30 de 13h45 à 17h30","contacts":{"email":"courrier@gmvagglo.bzh","telephone":"02 97 68 14 24"},"website":"https://www.golfedumorbihan-vannesagglomeration.bzh/","latitude":47.658237,"longitude":-2.760847,"url":"https://lannuaire.service-public.gouv.fr/bretagne/morbihan/d502f4f3-3e3a-4618-b42b-ed47b9db1bc6"}
{"nom":"Communauté d'agglomération - Lorient Agglomération","type":"","adresse":"Esplanade du Péristyle , 56100, Lorient , France","postalCode":"56100","city":"Lorient ","country":"France","horaires":"Du Lundi au Vendredi : de 08h30 à 12h00 de 13h30 à 17h00","contacts":{"email":"contact@agglo-lorient.fr","telephone":"02 90 74 71 00"},"website":"https://www.lorient-agglo.bzh/","latitude":47.745876,"longitude":-3.3519976,"url":"https://lannuaire.service-public.gouv.fr/bretagne/morbihan/abab3da3-4cd6-42f1-ac88-9fa3f1bc4154"}
{"nom":"Communauté d'agglomération - Morlaix Communauté","type":"","adresse":"2b voie d'accès-au-Port , 29600, Morlaix , France","postalCode":"29600","city":"Morlaix ","country":"France","horaires":"Du Lundi au Jeudi : de 09h00 à 12h00 de 14h00 à 17h30 | Le Vendredi : de 09h00 à 12h00 de 14h00 à 16h30","contacts":{"email":"contact@agglo.morlaix.fr","telephone":"02 98 15 31 31"},"website":"https://www.morlaix-communaute.bzh/","latitude":48.582813,"longitude":-3.8357725,"url":"https://lannuaire.service-public.gouv.fr/bretagne/finistere/ff97fd39-e15d-4d43-8d8c-0a805d859a72"}
{"nom":"Communauté d'agglomération - Pays de Saint-Malo","type":"","adresse":"6 rue de la Ville-Jégu , 35260, Cancale , France","postalCode":"35260","city":"Cancale ","country":"France","horaires":"Du Lundi au Vendredi : de 08h30 à 12h15 de 13h45 à 17h30","contacts":{"email":"accueil@stmalo-agglomeration.fr","telephone":"02 23 15 10 85"},"website":"https://www.stmalo-agglomeration.fr/","latitude":48.67423,"longitude":-1.866056,"url":"https://lannuaire.service-public.gouv.fr/bretagne/ille-et-vilaine/fb885b51-bcb0-4064-97fb-c621fe80dbfa"}
{"nom":"Communauté d'agglomération - Quimper Bretagne Occidentale","type":"","adresse":"Hôtel de Ville et d'Agglomération , 29107, Quimper Cedex , France","postalCode":"29107","city":"Quimper Cedex ","country":"France","horaires":"Du Lundi au Vendredi : de 08h30 à 18h00 | Le Samedi : de 09h00 à 12h00","contacts":{"email":"contact@quimper.bzh","telephone":"02 98 98 89 89"},"website":"https://www.quimper-bretagne-occidentale.bzh/","latitude":47.996124,"longitude":-4.1018844,"url":"https://lannuaire.service-public.gouv.fr/bretagne/finistere/78d0cdcc-418e-4d60-90cc-df1422330578"}
{"nom":"Communauté d'agglomération - Redon Agglomération","type":"","adresse":"3 rue Charles-Sillard , 35605, Redon Cedex , France","postalCode":"35605","city":"Redon Cedex ","country":"France","horaires":"Du Lundi au Jeudi : de 09h00 à 12h00 de 14h00 à 17h00 | Le Vendredi : de 09h00 à 12h00 de 14h00 à 16h00","contacts":{"email":"contact@redon-agglomeration.bzh","telephone":"02 99 70 34 34"},"website":"https://www.redon-agglomeration.bzh/","latitude":47.65344,"longitude":-2.0953813,"url":"https://lannuaire.service-public.gouv.fr/bretagne/ille-et-vilaine/c4aafb49-0f9f-4eed-b5be-c74f41bbe9d8"}
{"nom":"Communauté d'agglomération - Saint-Brieuc Armor Agglomération","type":"","adresse":"5 rue du 71e-Régiment-d'Infanterie , 22000, Saint-Brieuc , France","postalCode":"22000","city":"Saint-Brieuc ","country":"France","horaires":"Du Lundi au Vendredi : de 08h30 à 12h00 de 13h30 à 17h00","contacts":{"email":"accueil@sbaa.fr","telephone":"02 96 77 20 00"},"website":"https://www.saintbrieuc-armor-agglo.bzh/","latitude":48.511417,"longitude":-2.763536,"url":"https://lannuaire.service-public.gouv.fr/bretagne/cotes-d-armor/72b96b1a-67d0-4700-8e6f-0e5f829d814d"}
{"nom":"Communauté d'agglomération - Vitré Communauté","type":"","adresse":"16 bis boulevard des Rochers , 35500, Vitré , France","postalCode":"35500","city":"Vitré ","country":"France","horaires":"Du Lundi au Vendredi : de 08h30 à 12h30 de 13h30 à 17h30","contacts":{"email":"c.agglo@vitrecommunaute.org","telephone":"02 99 74 52 61"},"website":"https://www.vitrecommunaute.org/","latitude":48.12141,"longitude":-1.205739,"url":"https://lannuaire.service-public.gouv.fr/bretagne/ille-et-vilaine/4c96717a-3ec6-4364-8620-4c3f81846517"}
{"nom":"Communauté de communes - Arc Sud Bretagne","type":"","adresse":"Allée Raymond-Le-Duigou , 56190, Muzillac , France","postalCode":"56190","city":"Muzillac ","country":"France","horaires":"Le Lundi : de 09h00 à 12h00 | Du Mardi au Vendredi : de 09h00 à 12h00 de 14h00 à 17h00 Sur rendez-vous uniquement","contacts":{"email":"contact@arcsudbretagne.fr","telephone":"02 97 41 46 26"},"website":"https://www.arc-sud-bretagne.fr/","latitude":47.55521,"longitude":-2.4802432,"url":"https://lannuaire.service-public.gouv.fr/bretagne/morbihan/7c804cca-e793-4551-ada9-129ba8b9ca58"}
{"nom":"Communauté de communes - Auray Quiberon Terre Atlantique","type":"","adresse":"40 rue du Danemark , 56400, Auray , France","postalCode":"56400","city":"Auray ","country":"France","horaires":"Du Lundi au Jeudi : de 08h30 à 12h00 de 13h30 à 17h30 | Le Vendredi : de 08h30 à 12h00 de 13h30 à 16h30","contacts":{"email":"accueil@auray-quiberon.fr","telephone":"02 97 29 18 69"},"website":"https://www.auray-quiberon.fr/","latitude":47.670116,"longitude":-3.011632,"url":"https://lannuaire.service-public.gouv.fr/bretagne/morbihan/30a95b88-408b-4105-b387-5bc8992c0e3d"}
{"nom":"Communauté de communes - Baud","type":"","adresse":"4 Chemin de Kermarec , 56150, Baud , France","postalCode":"56150","city":"Baud ","country":"France","horaires":"Le Lundi : de 14h00 à 17h00 | Du Mardi au Mercredi : de 09h00 à 12h00 de 14h00 à 17h00 | Le Jeudi : de 14h00 à 17h00 | Le Vendredi : de 09h00 à 12h00 de 14h00 à 16h30","contacts":{"email":"accueil@baudcom.bzh","telephone":"02 97 39 17 09"},"website":"https://www.baud-communaute.bzh/","latitude":47.88776,"longitude":-3.018343,"url":"https://lannuaire.service-public.gouv.fr/bretagne/morbihan/302fdda2-086c-446c-935e-f64779f2dc8f"}
{"nom":"Communauté de communes - Belle-Île-en-Mer","type":"","adresse":"Haute-Boulogne , 56360, Le Palais , France","postalCode":"56360","city":"Le Palais ","country":"France","horaires":"Le Lundi : de 09h00 à 12h00 | Le Mardi : de 08h30 à 12h00 de 13h30 à 17h00 | Du Mercredi au Vendredi : de 09h00 à 12h00","contacts":{"email":"ccbi@ccbi.fr","telephone":"02 97 31 83 04"},"website":"http://www.ccbi.fr/","latitude":47.352272,"longitude":-3.1584587,"url":"https://lannuaire.service-public.gouv.fr/bretagne/morbihan/0c75e752-0d25-485e-b9a6-433f7a981f15"}
{"nom":"Communauté de communes - Blavet Bellevue Océan","type":"","adresse":"Allée de Ti-Neùé , 56700, Merlevenez , France","postalCode":"56700","city":"Merlevenez ","country":"France","horaires":"Du Lundi au Vendredi : de 09h00 à 12h00 de 14h00 à 17h00","contacts":{"email":"contact@bbo-communaute.bzh","telephone":"02 97 65 62 90"},"website":"https://www.bbo-communaute.bzh/","latitude":47.73903,"longitude":-3.225321,"url":"https://lannuaire.service-public.gouv.fr/bretagne/morbihan/72e1d606-0458-484a-a47b-ddf8f4335121"}
{"nom":"Communauté de communes - Bretagne Porte de Loire Communauté","type":"","adresse":"2 allée de l'Ille , 35470, Bain-de-Bretagne , France","postalCode":"35470","city":"Bain-de-Bretagne ","country":"France","horaires":"Du Lundi au Jeudi : de 08h30 à 12h30 de 13h30 à 17h30 | Le Vendredi : de 08h30 à 12h30 de 13h30 à 17h00","contacts":{"email":"accueil@bretagneportedeloire.fr","telephone":"02 99 43 70 80"},"website":"https://www.bretagneportedeloire.fr/","latitude":47.85251,"longitude":-1.686108,"url":"https://lannuaire.service-public.gouv.fr/bretagne/ille-et-vilaine/5fecb856-9da6-4488-b1df-8a3a0dca977b"}
{"nom":"Communauté de communes - Bretagne Romantique","type":"","adresse":"22 rue des Coteaux , 35190, La Chapelle-aux-Filtzméens , France","postalCode":"35190","city":"La Chapelle-aux-Filtzméens ","country":"France","horaires":"Du Lundi au Jeudi : de 09h00 à 12h30 de 14h00 à 17h00 | Le Vendredi : de 09h00 à 12h30 de 14h00 à 16h30","contacts":{"email":"accueil@bretagneromantique.fr","telephone":"02 99 45 23 45"},"website":"https://bretagneromantique.fr/","latitude":48.385475,"longitude":-1.8270699,"url":"https://lannuaire.service-public.gouv.fr/bretagne/ille-et-vilaine/ba1debb3-158a-4a1f-b4d5-8c76a9fbdfc6"}
{"nom":"Communauté de communes - Brocéliande","type":"","adresse":"1 rue des Korrigans , 35380, Plélan-le-Grand , France","postalCode":"35380","city":"Plélan-le-Grand ","country":"France","horaires":"Du Lundi au Vendredi : de 09h00 à 12h30 de 14h00 à 17h00 | Accueil ouvert sur rendez-vous de préférence, contact par téléphone ou mail de préférence.","contacts":{"email":"accueil@cc-broceliande.bzh","telephone":"02 99 06 84 45"},"website":"https://www.cc-broceliande.bzh/","latitude":48.006668,"longitude":-2.089332,"url":"https://lannuaire.service-public.gouv.fr/bretagne/ille-et-vilaine/5db04e0b-1d49-47e1-b243-1825a834572d"}
{"nom":"Communauté de communes - Cap Sizun Pointe du Raz","type":"","adresse":"Rue Renoir , 29770, Audierne , France","postalCode":"29770","city":"Audierne ","country":"France","horaires":"Du Lundi au Mardi : de 09h00 à 12h00 de 14h00 à 16h30 | Du Jeudi au Vendredi : de 09h00 à 12h00 de 14h00 à 16h30","contacts":{"email":"contactcc@cap-sizun.fr","telephone":"02 98 70 16 00"},"website":"http://www.cap-sizun.fr/","latitude":48.027985,"longitude":-4.5532327,"url":"https://lannuaire.service-public.gouv.fr/bretagne/finistere/475aec14-8f6b-4acb-9122-f9f9494fef00"}
{"nom":"Communauté de communes - Centre Morbihan Communauté","type":"","adresse":"Zone de Kerjean , 56500, Locminé , France","postalCode":"56500","city":"Locminé ","country":"France","horaires":"Du Lundi au Jeudi : de 09h00 à 12h00 de 13h30 à 17h30 | Le Vendredi : de 09h00 à 12h00 de 13h30 à 16h30","contacts":{"email":"accueil@cmc.bzh","telephone":"02 97 44 22 58"},"website":"https://www.centremorbihancommunaute.bzh/","latitude":47.88903,"longitude":-2.835567,"url":"https://lannuaire.service-public.gouv.fr/bretagne/morbihan/3328fc21-cf36-4935-b615-9f71e1bf5aa8"}
{"nom":"Communauté de communes - Côte d'Émeraude","type":"","adresse":"Cap Émeraude , 35730, Pleurtuit , France","postalCode":"35730","city":"Pleurtuit ","country":"France","horaires":"Du Lundi au Vendredi : de 09h00 à 12h00 de 14h00 à 17h30","contacts":{"email":"accueil@cote-emeraude.fr","telephone":"02 23 15 13 15"},"website":"http://www.cote-emeraude.fr/","latitude":48.57962,"longitude":-2.059156,"url":"https://lannuaire.service-public.gouv.fr/bretagne/ille-et-vilaine/04a79dc2-838c-4a79-b3fa-b0bc8efab3a3"}
{"nom":"Communauté de communes - Couesnon Marches de Bretagne","type":"","adresse":"Parc d'activités Coglais-Saint-Eustache , 35460, Saint-Étienne-en-Coglés , France","postalCode":"35460","city":"Saint-Étienne-en-Coglés ","country":"France","horaires":"Du Lundi au Vendredi : de 08h30 à 12h00 de 13h30 à 17h00","contacts":{"email":"contact@couesnon-marchesdebretagne.fr","telephone":"02 99 97 71 80"},"website":"https://www.couesnon-marchesdebretagne.fr/","latitude":48.40256,"longitude":-1.324435,"url":"https://lannuaire.service-public.gouv.fr/bretagne/ille-et-vilaine/836dca8e-4bb9-4207-8f7d-6ce3bf4e5926"}
{"nom":"Communauté de communes - Douarnenez communauté","type":"","adresse":"75 rue Ar-Veret , 29177, Douarnenez , France","postalCode":"29177","city":"Douarnenez ","country":"France","horaires":"Du Lundi au Vendredi : de 09h00 à 12h00 de 13h30 à 17h30","contacts":{"email":"accueil@douarnenez-communaute.fr","telephone":"02 98 74 48 50"},"website":"https://www.douarnenez-communaute.fr/","latitude":48.089306,"longitude":-4.3362207,"url":"https://lannuaire.service-public.gouv.fr/bretagne/finistere/b68e511c-1ab0-4c88-aaa6-4f6ff638e07b"}
{"nom":"Communauté de communes - Haute Cornouaille","type":"","adresse":"6 rue de Morlaix , 29520, Châteauneuf-du-Faou , France","postalCode":"29520","city":"Châteauneuf-du-Faou ","country":"France","horaires":"Du Lundi au Vendredi : de 09h00 à 12h00 de 14h00 à 17h00","contacts":{"email":"contact@haute-cornouaille.bzh","telephone":"02 98 73 25 36"},"website":"https://haute-cornouaille.bzh/","latitude":48.19505,"longitude":-3.8206775,"url":"https://lannuaire.service-public.gouv.fr/bretagne/finistere/61fd5fe4-8b25-4e58-b850-cf13a9e1c68e"}
{"nom":"Communauté de communes - Haut-Pays Bigouden","type":"","adresse":"2 A rue de la Mer , 29710, Pouldreuzic , France","postalCode":"29710","city":"Pouldreuzic ","country":"France","horaires":"Du Lundi au Jeudi : de 08h00 à 12h00 de 13h30 à 17h30 | Le Vendredi : de 08h00 à 12h00 de 13h30 à 16h30","contacts":{"email":"info@cchpb.com","telephone":"02 98 54 49 04"},"website":"https://www.cchpb.bzh/","latitude":47.954857,"longitude":-4.3599095,"url":"https://lannuaire.service-public.gouv.fr/bretagne/finistere/cd3d6ae5-b973-404f-83bb-126822020b3d"}
{"nom":"Communauté de communes - Kreiz Breizh","type":"","adresse":"6 rue Joseph-Pennec , 22110, Rostrenen , France","postalCode":"22110","city":"Rostrenen ","country":"France","horaires":"Du Lundi au Vendredi : de 08h30 à 12h00 de 14h00 à 17h00","contacts":{"email":"","telephone":"02 96 29 18 18"},"website":"https://www.kreiz-breizh.fr/","latitude":48.236164,"longitude":-3.3205147,"url":"https://lannuaire.service-public.gouv.fr/bretagne/cotes-d-armor/fa35a782-071e-4cc4-b361-90ba7b87e677"}
{"nom":"Communauté de communes - Lamballe Terre et Mer","type":"","adresse":"41 rue Saint-Martin , 22400, Lamballe-Armor , France","postalCode":"22400","city":"Lamballe-Armor ","country":"France","horaires":"Du Lundi au Vendredi : de 08h30 à 12h00 de 13h00 à 17h30","contacts":{"email":"contact@lamballe-terre-mer.bzh","telephone":"02 96 50 00 30"},"website":"https://www.lamballe-terre-mer.bzh/accueil","latitude":48.47261,"longitude":-2.5181682,"url":"https://lannuaire.service-public.gouv.fr/bretagne/cotes-d-armor/1fafcb91-af73-4cea-b494-f9c75583ebfd"}
{"nom":"Communauté de communes - Leff Armor Communauté","type":"","adresse":"Moulin de Blanchardeau , 22290, Lanvollon , France","postalCode":"22290","city":"Lanvollon ","country":"France","horaires":"Du Lundi au Vendredi : de 09h00 à 12h30 de 13h30 à 17h00","contacts":{"email":"accueil@leffarmor.fr","telephone":"02 96 70 17 04"},"website":"https://www.leffarmor.fr/","latitude":48.622025,"longitude":-2.997895,"url":"https://lannuaire.service-public.gouv.fr/bretagne/cotes-d-armor/fc665dac-214b-4c00-bb07-ee6554a40221"}
{"nom":"Communauté de communes - Liffré Cormier Communauté","type":"","adresse":"8 le carfour , 35340, la bouëxière , France","postalCode":"35340","city":"la bouëxière ","country":"France","horaires":"Du Lundi au Vendredi : de 09h00 à 12h00 de 14h00 à 17h00","contacts":{"email":"contact@liffre-cormier.fr","telephone":"02 99 68 31 31"},"website":"https://www.liffre-cormier.fr/","latitude":48.18568,"longitude":-1.463073,"url":"https://lannuaire.service-public.gouv.fr/bretagne/ille-et-vilaine/2749543a-a46a-4da1-a981-dabf1d7c31ff"}
{"nom":"Communauté de communes - Loudéac communauté Bretagne Centre","type":"","adresse":"4-6 boulevard de la Gare , 22600, Loudéac , France","postalCode":"22600","city":"Loudéac ","country":"France","horaires":"Du Lundi au Jeudi : de 08h30 à 12h00 de 13h30 à 17h30 | Le Vendredi : de 08h30 à 12h00 de 13h30 à 16h30","contacts":{"email":"standard@loudeac-communaute.bzh","telephone":"02 96 66 09 09"},"website":"https://www.bretagnecentre.bzh/","latitude":48.1779,"longitude":-2.7598586,"url":"https://lannuaire.service-public.gouv.fr/bretagne/cotes-d-armor/b3471481-51de-407f-aacb-794abc6ae014"}
{"nom":"Communauté de communes - Montfort communauté","type":"","adresse":"4 place du Tribunal , 35160, Montfort-sur-Meu , France","postalCode":"35160","city":"Montfort-sur-Meu ","country":"France","horaires":"Du Lundi au Jeudi : de 09h00 à 12h00 de 14h00 à 17h30 | Le Vendredi : de 09h00 à 12h00","contacts":{"email":"contact@montfortcommunaute.bzh","telephone":"02 99 09 88 10"},"website":"https://www.montfortcommunaute.bzh/","latitude":48.138092,"longitude":-1.9571351,"url":"https://lannuaire.service-public.gouv.fr/bretagne/ille-et-vilaine/a247a9c1-b89e-4e57-81a1-27255ca8b0e6"}
{"nom":"Communauté de communes - Monts d'Arrée Communauté","type":"","adresse":"12 route de Plonevez-du-Faou , 29530, Loqueffret , France","postalCode":"29530","city":"Loqueffret ","country":"France","horaires":"Du Lundi au Vendredi : de 09h00 à 12h00 de 13h30 à 17h00","contacts":{"email":"contact@lesmontsdarre.bzh","telephone":"02 98 26 43 99"},"website":"https://www.lesmontsdarree.bzh/","latitude":48.320374,"longitude":-3.856425,"url":"https://lannuaire.service-public.gouv.fr/bretagne/finistere/a3823fde-810b-4600-b939-b6050c8df83a"}
{"nom":"Communauté de communes - Oust à Brocéliande Communauté","type":"","adresse":"Parc d'activité de Tirten la Paviotaie , 56140, Malestroit , France","postalCode":"56140","city":"Malestroit ","country":"France","horaires":"Le Lundi : de 08h30 à 12h30 | Du Mardi au Jeudi : de 08h30 à 12h30 de 14h00 à 17h00 | Le Vendredi : de 08h30 à 12h30 de 13h30 à 16h30","contacts":{"email":"contact@oust-broceliande.bzh","telephone":"02 97 75 01 02"},"website":"https://www.oust-broceliande.bzh/accueil-obc","latitude":47.810173,"longitude":-2.383339,"url":"https://lannuaire.service-public.gouv.fr/bretagne/morbihan/91c14c46-8aac-4265-b2a3-cc280382d41f"}
{"nom":"Communauté de communes - Pays des Abers","type":"","adresse":"58 avenue de Waltenhofen , 29860, Plabennec , France","postalCode":"29860","city":"Plabennec ","country":"France","horaires":"Du Lundi au Jeudi : de 08h30 à 12h00 de 13h30 à 17h30 | Le Vendredi : de 08h30 à 12h00 de 13h30 à 16h15","contacts":{"email":"accueil@pays-des-abers.fr","telephone":"02 98 37 66 00"},"website":"https://www.paysdesabers.bzh/","latitude":48.498215,"longitude":-4.4298825,"url":"https://lannuaire.service-public.gouv.fr/bretagne/finistere/208fa09e-2745-4d85-9c4a-92d799f0982f"}
{"nom":"Communauté de communes - Pays Bigouden Sud","type":"","adresse":"17 rue Raymonde-Folgoas-Guillou , 29120, Pont-l'Abbé , France","postalCode":"29120","city":"Pont-l'Abbé ","country":"France","horaires":"Du Lundi au Jeudi : de 09h00 à 12h00 de 14h00 à 17h00 | Le Vendredi : de 09h00 à 12h00 de 14h00 à 16h00","contacts":{"email":"contact@ccpbs.fr","telephone":"02 98 87 14 42"},"website":"https://www.ccpbs.fr/","latitude":47.99064,"longitude":-4.113592,"url":"https://lannuaire.service-public.gouv.fr/bretagne/finistere/e92faed0-6868-441a-90e6-b4bc91e6e5e2"}
{"nom":"Communauté de communes - Pays de Châteaugiron","type":"","adresse":"16 rue de Rennes , 35410, Châteaugiron , France","postalCode":"35410","city":"Châteaugiron ","country":"France","horaires":"Du Lundi au Vendredi : de 08h30 à 12h30 de 13h30 à 17h30","contacts":{"email":"contact@pcc.bzh","telephone":"02 99 37 67 68"},"website":"https://www.communaute.paysdechateaugiron.bzh/","latitude":48.053978,"longitude":-1.5122409,"url":"https://lannuaire.service-public.gouv.fr/bretagne/ille-et-vilaine/dee69927-f78d-482b-a80e-0860a72c2b2c"}
{"nom":"Communauté de communes - Pays de Dol et de la Baie du Mont Saint-Michel","type":"","adresse":"Synergy , 35120, Dol-de-Bretagne , France","postalCode":"35120","city":"Dol-de-Bretagne ","country":"France","horaires":"Du Lundi au Jeudi : de 09h00 à 12h30 de 13h30 à 17h00 | Le Vendredi : de 09h00 à 12h30 de 13h30 à 16h00","contacts":{"email":"info@ccdol-baiemsm.bzh","telephone":"02 99 80 90 57"},"website":"https://www.ccdol-baiemsm.bzh/","latitude":48.550762,"longitude":-1.71988,"url":"https://lannuaire.service-public.gouv.fr/bretagne/ille-et-vilaine/7c5ba5ba-9873-4991-bd0b-1e78e24a8e08"}
{"nom":"Communauté de communes - Pays Fouesnantais","type":"","adresse":"11 espace Kérourgué , 29170, Fouesnant , France","postalCode":"29170","city":"Fouesnant ","country":"France","horaires":"Du Lundi au Vendredi : de 08h30 à 12h00 de 13h30 à 17h30","contacts":{"email":"contact@cc-paysfouesnantais.fr","telephone":"02 98 51 61 27"},"website":"https://www.cc-paysfouesnantais.fr/","latitude":47.893745,"longitude":-4.011527,"url":"https://lannuaire.service-public.gouv.fr/bretagne/finistere/3ad0e9c5-1ecd-4fae-85d4-ab66c38857c1"}
{"nom":"Communauté de communes - Pays d'Iroise","type":"","adresse":"Zone de Kerdrioual , 29290, Lanrivoaré , France","postalCode":"29290","city":"Lanrivoaré ","country":"France","horaires":"Du Lundi au Jeudi : de 08h30 à 12h00 de 13h30 à 17h00 | Le Vendredi : de 08h30 à 12h00 de 13h30 à 16h30","contacts":{"email":"accueil@ccpi.bzh","telephone":"02 98 84 28 65"},"website":"https://www.pays-iroise.bzh/","latitude":48.47137,"longitude":-4.6484485,"url":"https://lannuaire.service-public.gouv.fr/bretagne/finistere/c65b4648-b116-407c-9bca-559bd4d021f0"}
{"nom":"Communauté de communes - Pays de Landerneau Daoulas","type":"","adresse":"Maison des services publics , 29800, Landerneau , France","postalCode":"29800","city":"Landerneau ","country":"France","horaires":"Du Lundi au Vendredi : de 08h30 à 12h00 de 13h30 à 17h00","contacts":{"email":"assemblees@capld.bzh","telephone":"02 98 21 37 67"},"website":"https://www.pays-landerneau-daoulas.fr/","latitude":48.453655,"longitude":-4.2520723,"url":"https://lannuaire.service-public.gouv.fr/bretagne/finistere/a2dde166-94fa-4bd3-a957-36c884e81b10"}
{"nom":"Communauté de communes - Pays de Landivisiau","type":"","adresse":"Rue Robert-Schumann , 29401, Landivisiau , France","postalCode":"29401","city":"Landivisiau ","country":"France","horaires":"Du Lundi au Vendredi : de 08h30 à 12h30 de 13h30 à 17h30","contacts":{"email":"contact@paysdelandi.com","telephone":"02 98 68 42 41"},"website":"https://www.paysdelandi.com/","latitude":48.51013,"longitude":-4.073265,"url":"https://lannuaire.service-public.gouv.fr/bretagne/finistere/04041aa2-4bc8-4955-ac5b-e58a74a8c2ef"}
{"nom":"Communauté de communes - Pleyben Châteaulin Porzay","type":"","adresse":"9 rue Camille-Danguillaume , 29150, Châteaulin , France","postalCode":"29150","city":"Châteaulin ","country":"France","horaires":"Du Lundi au Jeudi : de 08h30 à 12h30 de 13h30 à 17h30 | Le Vendredi : de 08h30 à 12h30 de 13h30 à 16h30","contacts":{"email":"accueil@ccpcp.bzh","telephone":"02 98 16 14 00"},"website":"https://www.ccpcp.bzh/","latitude":48.21267,"longitude":-4.058993,"url":"https://lannuaire.service-public.gouv.fr/bretagne/finistere/3ddb8b8d-998e-42cd-9fcf-ec89844d312d"}
{"nom":"Communauté de communes - Poher Communauté","type":"","adresse":"Place de la Tour-d'Auvergne , 29270, Carhaix-Plouguer , France","postalCode":"29270","city":"Carhaix-Plouguer ","country":"France","horaires":"Du Lundi au Vendredi : de 08h30 à 12h00 de 13h30 à 17h00","contacts":{"email":"poher@poher.bzh","telephone":"02 98 99 48 00"},"website":"https://www.poher.bzh/accueil_poher","latitude":48.27573,"longitude":-3.5718875,"url":"https://lannuaire.service-public.gouv.fr/bretagne/finistere/adc98035-5c0a-431b-b852-0e9593fae53b"}
{"nom":"Communauté de communes - Pontivy Communauté","type":"","adresse":"1 place Ernest-Jean , 56300, Pontivy , France","postalCode":"56300","city":"Pontivy ","country":"France","horaires":"Du Lundi au Jeudi : de 09h00 à 12h00 de 14h00 à 17h00 | Le Vendredi : de 09h00 à 12h00 de 14h00 à 16h30","contacts":{"email":"info@pontivy-communaute.bzh","telephone":"02 97 25 01 70"},"website":"https://www.pontivy-communaute.bzh/","latitude":48.06615,"longitude":-2.967056,"url":"https://lannuaire.service-public.gouv.fr/bretagne/morbihan/7fe5982f-c685-4acc-baa0-4a789b1d7daf"}
{"nom":"Communauté de communes - Presqu'île de Crozon Aulne Maritime","type":"","adresse":"ZA de Kerdanvez , 29160, Crozon , France","postalCode":"29160","city":"Crozon ","country":"France","horaires":"Du Lundi au Jeudi : de 09h00 à 12h00 de 13h30 à 17h30 | Le Vendredi : de 09h00 à 12h00 de 13h30 à 17h00","contacts":{"email":"contact@comcom-crozon.bzh","telephone":"02 98 27 24 76"},"website":"https://www.comcom-crozon.com/","latitude":48.246056,"longitude":-4.489964,"url":"https://lannuaire.service-public.gouv.fr/bretagne/finistere/42576b57-5900-48fc-a903-9a05f981eb78"}
{"nom":"Communauté de communes - Questembert communauté","type":"","adresse":"8 avenue de la Gare , 56230, Questembert , France","postalCode":"56230","city":"Questembert ","country":"France","horaires":"Le Lundi : de 09h00 à 12h30 de 14h00 à 17h00 | Le Mardi : de 09h00 à 12h30 | Du Mercredi au Jeudi : de 09h00 à 12h30 de 14h00 à 17h00 | Le Vendredi : de 09h00 à 12h30","contacts":{"email":"contact@questembert-communaute.fr","telephone":"02 97 26 59 51"},"website":"https://www.questembert-communaute.fr/","latitude":47.682285,"longitude":-2.448875,"url":"https://lannuaire.service-public.gouv.fr/bretagne/morbihan/0f9e48ad-d869-4208-9154-99d15aed4746"}
{"nom":"Communauté de communes - Roche aux Fées Communauté","type":"","adresse":"16 rue Louis-Pasteur , 35240, Retiers , France","postalCode":"35240","city":"Retiers ","country":"France","horaires":"Du Lundi au Jeudi : de 09h00 à 12h00 de 14h00 à 17h30 | Le Vendredi : de 09h00 à 12h00 de 14h00 à 16h30","contacts":{"email":"accueil@rafcom.bzh","telephone":"02 99 43 64 87"},"website":"https://www.rafcom.bzh/","latitude":47.911594,"longitude":-1.379538,"url":"https://lannuaire.service-public.gouv.fr/bretagne/ille-et-vilaine/4fb521dd-3cb0-48b1-9b7e-d45ecfa80c21"}
{"nom":"Communauté de communes - Roi Morvan communauté","type":"","adresse":"Espace du Docteur-Paul-Lohéac , 56110, Gourin , France","postalCode":"56110","city":"Gourin ","country":"France","horaires":"Du Lundi au Jeudi : de 08h45 à 12h00 de 13h30 à 17h00 | Le Vendredi : de 08h45 à 12h00 de 13h30 à 16h00","contacts":{"email":"secretariat@rmcom.bzh","telephone":"02 97 23 36 90"},"website":"https://rmcom.bzh/","latitude":48.140053,"longitude":-3.6051471,"url":"https://lannuaire.service-public.gouv.fr/bretagne/morbihan/eae078e1-af98-4718-97bb-27d8f520dde3"}
{"nom":"Communauté de communes - Saint-Méen Montauban","type":"","adresse":"46 rue de Saint-Malo , 35360, Montauban-de-Bretagne , France","postalCode":"35360","city":"Montauban-de-Bretagne ","country":"France","horaires":"Du Lundi au Jeudi : de 09h00 à 12h00 de 14h00 à 17h15 | Le Vendredi : de 09h00 à 12h00 de 14h00 à 17h00","contacts":{"email":"accueil@stmeen-montauban.fr","telephone":"02 99 06 54 92"},"website":"https://www.stmeen-montauban.fr/","latitude":48.205444,"longitude":-2.043501,"url":"https://lannuaire.service-public.gouv.fr/bretagne/ille-et-vilaine/f412ba09-36fc-4f9d-8566-f1271abde6e0"}
{"nom":"Communauté de communes - Val d'Ille Aubigné","type":"","adresse":"1 La Métairie , 35520, Montreuil-le-Gast , France","postalCode":"35520","city":"Montreuil-le-Gast ","country":"France","horaires":"Du Lundi au Mardi : de 09h00 à 12h30 de 14h00 à 17h30 | Le Mercredi : de 09h00 à 12h30 | Du Jeudi au Vendredi : de 09h00 à 12h30 de 14h00 à 17h30","contacts":{"email":"contact@valdille-aubigne.fr","telephone":"02 99 69 86 86"},"website":"https://www.valdille-aubigne.fr/","latitude":48.245827,"longitude":-1.717222,"url":"https://lannuaire.service-public.gouv.fr/bretagne/ille-et-vilaine/da8f346b-34a1-45e8-8172-34596ba16f5c"}
{"nom":"Communauté de communes - Vallons de Haute Bretagne","type":"","adresse":"ZA La Lande-Rose , 35580, Guichen , France","postalCode":"35580","city":"Guichen ","country":"France","horaires":"Du Lundi au Vendredi : de 09h00 à 12h30 de 13h30 à 17h00","contacts":{"email":"accueil@vallonsdehautebretagne.fr","telephone":"02 99 57 03 80"},"website":"https://www.vallons-de-haute-bretagne-communaute.fr/","latitude":47.97068,"longitude":-1.8119984,"url":"https://lannuaire.service-public.gouv.fr/bretagne/ille-et-vilaine/f7614f4b-abf8-4bd6-9520-4effc9da6e68"}
{"nom":"Communauté - Haut-Léon","type":"","adresse":"29 rue des Carmes , 29250, Saint-Pol-de-Léon , France","postalCode":"29250","city":"Saint-Pol-de-Léon ","country":"France","horaires":"Du Lundi au Vendredi : de 08h30 à 12h00 de 13h30 à 17h00","contacts":{"email":"contact@hlc.bzh","telephone":"02 98 69 10 44"},"website":"https://www.hautleoncommunaute.bzh/","latitude":48.68239,"longitude":-3.989469,"url":"https://lannuaire.service-public.gouv.fr/bretagne/finistere/e3ba5e5d-ccf1-43c6-b4cb-71f75301b007"}
{"nom":"Communauté - Lannion - Trégor","type":"","adresse":"1 rue Monge , 22307, Lannion Cedex , France","postalCode":"22307","city":"Lannion Cedex ","country":"France","horaires":"Du Lundi au Jeudi : de 08h30 à 12h00 de 13h30 à 17h30 | Le Vendredi : de 08h30 à 12h00 de 13h30 à 17h00","contacts":{"email":"contact@lannion-tregor.com","telephone":"02 96 05 09 00"},"website":"https://www.lannion-tregor.com/","latitude":48.75426,"longitude":-3.4506874,"url":"https://lannuaire.service-public.gouv.fr/bretagne/cotes-d-armor/bd1eb6f2-93fe-4868-88ac-6678d2b6efde"}
{"nom":"Communauté Lesneven - Côte des Légendes","type":"","adresse":"12 boulevard des Frères-Lumière , 29260, Lesneven , France","postalCode":"29260","city":"Lesneven ","country":"France","horaires":"Du Lundi au Jeudi : de 08h30 à 12h00 de 13h30 à 17h00 | Le Vendredi : de 08h30 à 12h00 de 13h30 à 16h30","contacts":{"email":"contact@clcl.bzh","telephone":"02 98 21 11 77"},"website":"https://www.clcl.bzh/","latitude":48.574142,"longitude":-4.316797,"url":"https://lannuaire.service-public.gouv.fr/bretagne/finistere/3d0bafeb-c328-4370-83a3-c755751bbbb4"}
{"nom":"Communauté - Ploërmel","type":"","adresse":"Place de l'Hôtel-de-Ville , 56800, Ploërmel , France","postalCode":"56800","city":"Ploërmel ","country":"France","horaires":"Du Lundi au Vendredi : de 09h00 à 12h00 de 13h30 à 17h30","contacts":{"email":"contact@ploermelcommunaute.bzh","telephone":"02 97 73 20 73"},"website":"https://www.ploermelcommunaute.bzh/","latitude":47.930214,"longitude":-2.396693,"url":"https://lannuaire.service-public.gouv.fr/bretagne/morbihan/441c1369-1306-460e-bfee-ed44615b4630"}
{"nom":"Communauté - Quimperlé","type":"","adresse":"1 rue Andreï-Sakharov , 29394, Quimperlé Cedex , France","postalCode":"29394","city":"Quimperlé Cedex ","country":"France","horaires":"Du Lundi au Jeudi : de 08h30 à 12h00 de 13h30 à 17h30 | Le Vendredi : de 09h00 à 12h00 de 13h30 à 17h00","contacts":{"email":"contact@quimperle-co.bzh","telephone":"02 98 35 09 40"},"website":"https://www.quimperle-communaute.bzh/","latitude":47.872585,"longitude":-3.547546,"url":"https://lannuaire.service-public.gouv.fr/bretagne/finistere/4a1e25da-8442-4cdf-a6d8-0250aceb67db"}
{"nom":"Guingamp-Paimpol-Agglomération","type":"","adresse":"11 rue de la Trinité , 22200, Guingamp , France","postalCode":"22200","city":"Guingamp ","country":"France","horaires":"Du Lundi au Mardi : de 08h30 à 12h00 de 13h30 à 17h00 | Le Mardi : de 08h30 à 12h45 de 13h30 à 17h00 | Le Mercredi : de 08h30 à 12h00 de 13h30 à 17h00 | Le Jeudi : de 08h30 à 12h00 de 13h30 à 17h00 | Le Vendredi : de 08h30 à 12h45 de 13h30 à 17h00","contacts":{"email":"contact@guingamp-paimpol.bzh","telephone":"02 96 13 59 59"},"website":"https://www.guingamp-paimpol-agglo.bzh/","latitude":48.56069,"longitude":-3.1464887,"url":"https://lannuaire.service-public.gouv.fr/bretagne/cotes-d-armor/98890f92-fe8f-479f-b7c8-fe9d2e9e8383"}
{"nom":"Métropole - Brest","type":"","adresse":"24 rue Coat-ar-Guéven , 29238, Brest , France","postalCode":"29238","city":"Brest ","country":"France","horaires":"Du Lundi au Vendredi : de 08h00 à 17h30","contacts":{"email":"contact@brest-metropole.fr","telephone":"02 98 33 50 50"},"website":"https://brest.fr/","latitude":48.393562,"longitude":-4.4828362,"url":"https://lannuaire.service-public.gouv.fr/bretagne/finistere/118a2e23-7918-43f9-a77a-09cf61e56bdf"}
{"nom":"Métropole - Rennes","type":"","adresse":"4 avenue Henri-Fréville , 35031, Rennes Cedex , France","postalCode":"35031","city":"Rennes Cedex ","country":"France","horaires":"Du Lundi au Vendredi : de 08h30 à 17h00","contacts":{"email":"accueil@rennesmetropole.fr","telephone":"02 99 86 60 60"},"website":"https://metropole.rennes.fr/","latitude":48.093056,"longitude":-1.674833,"url":"https://lannuaire.service-public.gouv.fr/bretagne/ille-et-vilaine/9c843b17-826c-4b99-be0c-ffa090632c21"}
