{"nom":"Agglomération - Mont-de-Marsan","type":"","adresse":"575 avenue du Maréchal-Foch , 40003, Mont-de-Marsan Cedex , France","postalCode":"40003","city":"Mont-de-Marsan Cedex ","country":"France","horaires":"Du Lundi au Jeudi : de 08h00 à 12h00 de 13h30 à 17h30 | Le Vendredi : de 08h00 à 12h00 de 13h30 à 16h30","contacts":{"email":"accueil.agglo@montdemarsan-agglo.fr","telephone":"05 58 46 64 10"},"website":"http://www.montdemarsan-agglo.fr/","latitude":43.896645,"longitude":-0.491107,"url":"https://lannuaire.service-public.gouv.fr/nouvelle-aquitaine/landes/ea9830f0-27bd-483e-ae0e-3fa4f01267b2"}
{"nom":"Communauté d'agglomération - Agen","type":"","adresse":"8 rue André-Chénier , 47916, Agen Cedex 9 , France","postalCode":"47916","city":"Agen Cedex 9 ","country":"France","horaires":"Du Lundi au Vendredi : de 08h45 à 13h00 de 13h45 à 17h00","contacts":{"email":"espace.accueil@agglo-agen.fr","telephone":"05 53 69 68 67"},"website":"https://www.agglo-agen.net/","latitude":44.202187,"longitude":0.6139596,"url":"https://lannuaire.service-public.gouv.fr/nouvelle-aquitaine/lot-et-garonne/1e00284d-7248-4124-8108-6aa98c02d8bf"}
{"nom":"Communauté d'agglomération - Bassin d'Arcachon Nord","type":"","adresse":"46 avenue des Colonies , 33510, Andernos-les-Bains , France","postalCode":"33510","city":"Andernos-les-Bains ","country":"France","horaires":"Du Lundi au Vendredi : de 09h00 à 12h30 de 13h30 à 17h00","contacts":{"email":"contact@coban-atlantique.fr","telephone":"05 57 76 17 17"},"website":"https://coban-atlantique.fr/","latitude":44.743927,"longitude":-1.0865088,"url":"https://lannuaire.service-public.gouv.fr/nouvelle-aquitaine/gironde/fa9d8bc3-560c-4536-a6b3-71b4e5aa41d3"}
{"nom":"Communauté d'agglomération - Bassin d'Arcachon Sud (COBAS)","type":"","adresse":"2 allée d'Espagne , 33120, Arcachon , France","postalCode":"33120","city":"Arcachon ","country":"France","horaires":"Du Lundi au Vendredi : de 08h30 à 12h30 de 13h30 à 17h00","contacts":{"email":"cobas@agglo-cobas.fr","telephone":"05 56 22 33 44"},"website":"https://www.agglo-cobas.fr/","latitude":44.657642,"longitude":-1.1744978,"url":"https://lannuaire.service-public.gouv.fr/nouvelle-aquitaine/gironde/df8d3915-fa4f-42c4-8c6a-954235f99d86"}
{"nom":"Communauté d'agglomération - Bassin de Brive","type":"","adresse":"9 avenue Léo-Lagrange , 19103, Brive-la-Gaillarde , France","postalCode":"19103","city":"Brive-la-Gaillarde ","country":"France","horaires":"Du Lundi au Jeudi : de 08h00 à 12h00 de 13h30 à 18h00 | Le Vendredi : de 08h00 à 12h00 de 13h30 à 17h00","contacts":{"email":"contact@agglodebrive.fr","telephone":"05 55 74 10 00"},"website":"http://www.agglodebrive.fr/","latitude":45.159462,"longitude":1.5429908,"url":"https://lannuaire.service-public.gouv.fr/nouvelle-aquitaine/correze/58e78040-18d0-4384-a2ec-482634091e08"}
{"nom":"Communauté d'agglomération - Bergeracoise","type":"","adresse":"La Tour Est , 24112, Bergerac , France","postalCode":"24112","city":"Bergerac ","country":"France","horaires":"Du Lundi au Vendredi : de 08h30 à 12h00 de 13h30 à 17h30","contacts":{"email":"contact@la-cab.fr","telephone":"05 53 23 43 95"},"website":"https://www.la-cab.fr/","latitude":44.851917,"longitude":0.5208512,"url":"https://lannuaire.service-public.gouv.fr/nouvelle-aquitaine/dordogne/36e84de1-06cd-44c9-a835-87515b97f146"}
{"nom":"Communauté d'agglomération - Bocage Bressuirais","type":"","adresse":"27 boulevard du Colonel-Aubry , 79304, Bressuire , France","postalCode":"79304","city":"Bressuire ","country":"France","horaires":"Du Lundi au Jeudi : de 08h30 à 12h00 de 13h30 à 17h00 | Le Vendredi : de 08h30 à 12h00 de 13h30 à 16h30","contacts":{"email":"contact@agglo2b.fr","telephone":"05 49 81 19 00"},"website":"https://www.agglo2b.fr/","latitude":46.841915,"longitude":-0.488647,"url":"https://lannuaire.service-public.gouv.fr/nouvelle-aquitaine/deux-sevres/b33ce726-b46f-4e26-a993-124ae6359eaf"}
{"nom":"Communauté d'agglomération - Grand Angoulême","type":"","adresse":"25 boulevard Besson-Bey , 16023, Angoulême , France","postalCode":"16023","city":"Angoulême ","country":"France","horaires":"Du Lundi au Vendredi : de 09h00 à 12h30 de 13h30 à 17h00","contacts":{"email":"contact@grandangouleme.fr","telephone":"05 45 38 60 60"},"website":"https://www.grandangouleme.fr/","latitude":45.658726,"longitude":0.1605755,"url":"https://lannuaire.service-public.gouv.fr/nouvelle-aquitaine/charente/3f329b4f-5e24-4ce7-b2c5-05616ee62307"}
{"nom":"Communauté d'agglomération - Grand Châtellerault","type":"","adresse":"78 boulevard Blossac , 86100, Châtellerault , France","postalCode":"86100","city":"Châtellerault ","country":"France","horaires":"Du Lundi au Jeudi : de 08h00 à 17h00 | Le Vendredi : de 08h00 à 16h00","contacts":{"email":"communication@grand-chatellerault.fr","telephone":"05 49 20 20 20"},"website":"https://www.grand-chatellerault.fr/","latitude":46.81788,"longitude":0.5465062,"url":"https://lannuaire.service-public.gouv.fr/nouvelle-aquitaine/vienne/c585cbd5-65a3-41a5-b1c6-303320e6a532"}
{"nom":"Communauté d'agglomération - Grand Cognac","type":"","adresse":"6 rue de Valdepenas , 16111, Cognac Cedex , France","postalCode":"16111","city":"Cognac Cedex ","country":"France","horaires":"Du Lundi au Jeudi : de 08h30 à 12h15 de 13h45 à 17h30 | Le Vendredi : de 08h30 à 12h15 de 13h45 à 17h00","contacts":{"email":"contact@grand-cognac.fr","telephone":"05 45 36 64 30"},"website":"https://www.grand-cognac.fr/","latitude":45.680206,"longitude":0.337782,"url":"https://lannuaire.service-public.gouv.fr/nouvelle-aquitaine/charente/eabefdf6-c8ff-45a6-9e99-0cb25ee7ec56"}
{"nom":"Communauté d'agglomération - Grand Dax","type":"","adresse":"4e étage , 40100, Dax , France","postalCode":"40100","city":"Dax ","country":"France","horaires":"Du Lundi au Vendredi : de 08h30 à 12h20 de 13h40 à 17h30","contacts":{"email":"contact@grand-dax.fr","telephone":"05 58 56 39 40"},"website":"https://www.grand-dax.fr/","latitude":43.719193,"longitude":-1.0493722,"url":"https://lannuaire.service-public.gouv.fr/nouvelle-aquitaine/landes/c65ede47-56a1-47d1-be9b-41c7e2d9e425"}
{"nom":"Communauté d'agglomération - Grand Guéret","type":"","adresse":"9 avenue Charles-de-Gaulle , 23006, Guéret Cedex , France","postalCode":"23006","city":"Guéret Cedex ","country":"France","horaires":"Du Lundi au Jeudi : de 08h00 à 12h00 de 13h30 à 17h30 | Le Vendredi : de 08h00 à 12h00 de 13h30 à 16h30","contacts":{"email":"direction.generale@agglo-grandgueret.fr","telephone":"05 55 41 04 48"},"website":"https://www.agglo-grandgueret.fr/","latitude":46.17362,"longitude":1.8734924,"url":"https://lannuaire.service-public.gouv.fr/nouvelle-aquitaine/creuse/11b3f616-22c6-4e0d-b593-c83c9da31b31"}
{"nom":"Communauté d'agglomération - Grand Villeneuvois","type":"","adresse":"24 rue du Vieux-Pont , 47440, Casseneuil , France","postalCode":"47440","city":"Casseneuil ","country":"France","horaires":"Du Lundi au Vendredi : de 08h30 à 12h00 de 13h30 à 17h00","contacts":{"email":"contact@grand-villeneuvois.fr","telephone":"05 53 71 54 81"},"website":"http://www.grand-villeneuvois.fr/","latitude":44.443398,"longitude":0.6205582,"url":"https://lannuaire.service-public.gouv.fr/nouvelle-aquitaine/lot-et-garonne/1f0cae85-8db2-4151-bde7-966ae220615c"}
{"nom":"Communauté d'agglomération - La Rochelle","type":"","adresse":"6 rue Saint-Michel , 17086, La Rochelle Cedex 2 , France","postalCode":"17086","city":"La Rochelle Cedex 2 ","country":"France","horaires":"Du Lundi au Vendredi : de 08h00 à 12h30 de 13h30 à 18h00","contacts":{"email":"accueil@agglo-larochelle.fr","telephone":"05 46 30 34 00"},"website":"https://www.agglo-larochelle.fr/","latitude":46.159843,"longitude":-1.1499912,"url":"https://lannuaire.service-public.gouv.fr/nouvelle-aquitaine/charente-maritime/4829690c-ce89-4cd6-8f8c-5aa4eae83f99"}
{"nom":"Communauté d'agglomération - Libournais - La Cali","type":"","adresse":"42 rue Jules-Ferry , 33500, Libourne , France","postalCode":"33500","city":"Libourne ","country":"France","horaires":"Du Lundi au Vendredi : de 09h00 à 12h00 de 14h00 à 16h00","contacts":{"email":"contact@lacali.fr","telephone":"05 57 25 01 51"},"website":"https://www.lacali.fr/","latitude":44.913963,"longitude":-0.245751,"url":"https://lannuaire.service-public.gouv.fr/nouvelle-aquitaine/gironde/51f5fa3c-f0ba-4a62-a7df-0f45fc00f2bc"}
{"nom":"Communauté d'agglomération - Niortais","type":"","adresse":"140 rue des Equarts , 79027, Niort Cedex , France","postalCode":"79027","city":"Niort Cedex ","country":"France","horaires":"Du Lundi au Vendredi : de 08h30 à 12h30 de 13h30 à 17h00","contacts":{"email":"agglo@agglo-niort.fr","telephone":"05 17 38 79 00"},"website":"https://www.niortagglo.fr/","latitude":46.3192,"longitude":-0.4836642,"url":"https://lannuaire.service-public.gouv.fr/nouvelle-aquitaine/deux-sevres/cca236b9-da26-4def-92c4-3da9603b5069"}
{"nom":"Communauté d'agglomération - Pau Béarn Pyrénées","type":"","adresse":"2 bis place Royale , 64000, Pau , France","postalCode":"64000","city":"Pau ","country":"France","horaires":"Le Lundi : de 08h45 à 16h45 | Le Mardi : de 10h30 à 17h00 | Du Mercredi au Vendredi : de 08h45 à 16h45","contacts":{"email":"courrier@ville-pau.fr","telephone":"05 59 27 85 80"},"website":"https://www.pau.fr/","latitude":43.293827,"longitude":-0.3701491,"url":"https://lannuaire.service-public.gouv.fr/nouvelle-aquitaine/pyrenees-atlantiques/dd849c87-29f9-4599-a837-14ef15a92858"}
{"nom":"Communauté d'agglomération - Pays Basque","type":"","adresse":"15 avenue du Maréchal-Foch , 64185, Bayonne Cedex , France","postalCode":"64185","city":"Bayonne Cedex ","country":"France","horaires":"Du Lundi au Jeudi : de 08h00 à 17h30 | Le Vendredi : de 08h00 à 16h30","contacts":{"email":"contact@communaute-paysbasque.fr","telephone":"05 59 44 72 72"},"website":"https://www.communaute-paysbasque.fr/","latitude":43.493683,"longitude":-1.4813106,"url":"https://lannuaire.service-public.gouv.fr/nouvelle-aquitaine/pyrenees-atlantiques/c4d86624-1bd8-485a-b767-b338e6964dc3"}
{"nom":"Communauté d'agglomération - Rochefort Océan","type":"","adresse":"3 avenue Maurice-Chupin , 17300, Rochefort , France","postalCode":"17300","city":"Rochefort ","country":"France","horaires":"Du Lundi au Jeudi : de 09h00 à 12h00 de 13h30 à 17h00 | Le Vendredi : de 09h00 à 12h00 de 13h30 à 16h30","contacts":{"email":"contact@agglo-rochefortocean.fr","telephone":"05 46 82 17 80"},"website":"https://www.agglo-rochefortocean.fr/","latitude":45.92656,"longitude":-0.9523852,"url":"https://lannuaire.service-public.gouv.fr/nouvelle-aquitaine/charente-maritime/8306682f-f64e-4c61-804d-d0fc19b6e8c6"}
{"nom":"Communauté d'agglomération - Royan Atlantique","type":"","adresse":"107 avenue de Rochefort , 17200, Royan , France","postalCode":"17200","city":"Royan ","country":"France","horaires":"Du Lundi au Vendredi : de 08h45 à 12h30 de 13h45 à 17h00","contacts":{"email":"contact@agglo-royan.fr","telephone":"05 46 22 19 20"},"website":"https://www.agglo-royan.fr/","latitude":45.63838,"longitude":-1.0254478,"url":"https://lannuaire.service-public.gouv.fr/nouvelle-aquitaine/charente-maritime/dbb8caeb-a95c-4578-a92e-53fbe46d54c8"}
{"nom":"Communauté d'agglomération - Saintes Grandes Rives","type":"","adresse":"12 boulevard Guillet Maillet , 17100, Saintes , France","postalCode":"17100","city":"Saintes ","country":"France","horaires":"Du Lundi au Vendredi : de 08h30 à 12h30 de 13h30 à 17h30","contacts":{"email":"info@agglo-saintes.fr","telephone":"05 46 93 41 50"},"website":"https://www.agglo-saintes.fr/","latitude":45.748196,"longitude":-0.626794,"url":"https://lannuaire.service-public.gouv.fr/nouvelle-aquitaine/charente-maritime/09ef2bb5-de2c-4dfa-8339-40438bc212de"}
{"nom":"Communauté d'agglomération - Tulle Agglo","type":"","adresse":"7 Impasse Sylvain-Combes , 19000, Tulle , France","postalCode":"19000","city":"Tulle ","country":"France","horaires":"Du Lundi au Vendredi : de 08h30 à 12h00 de 13h30 à 17h30","contacts":{"email":"tulleagglo@tulleagglo.fr","telephone":"05 55 20 75 00"},"website":"https://www.tulleagglo.fr/","latitude":45.263226,"longitude":1.765967,"url":"https://lannuaire.service-public.gouv.fr/nouvelle-aquitaine/correze/7ebd3fe4-fde4-472e-85d2-0478f2aaa09d"}
{"nom":"Communauté d'agglomération - Val de Garonne Agglomération","type":"","adresse":"Place du Marché , 47210, Marmande , France","postalCode":"47210","city":"Marmande ","country":"France","horaires":"Le Lundi : de 08h30 à 12h00 de 14h00 à 17h30 | Du Mardi au Jeudi : de 08h30 à 12h30 de 13h30 à 17h30 | Le Vendredi : de 08h30 à 12h30 de 13h30 à 16h30","contacts":{"email":"vga@valdegaronne.fr","telephone":"05 53 64 40 46"},"website":"https://www.vg-agglo.com/","latitude":44.497467,"longitude":0.165106,"url":"https://lannuaire.service-public.gouv.fr/nouvelle-aquitaine/lot-et-garonne/a4a02e33-9f63-4f35-9b7b-6ef885bfcf2a"}
{"nom":"Communauté de communes - 4B Sud Charente (Touvérac)","type":"","adresse":"1 route de l'Ancienne-Gare , 16360, Touvérac , France","postalCode":"16360","city":"Touvérac ","country":"France","horaires":"Du Lundi au Jeudi : de 09h00 à 12h30 de 13h30 à 16h30 | Le Vendredi : de 09h00 à 12h30","contacts":{"email":"accueil@cdc4b.com","telephone":"05 45 78 89 09"},"website":"https://www.cdc4b.com/","latitude":45.38477,"longitude":-0.230958,"url":"https://lannuaire.service-public.gouv.fr/nouvelle-aquitaine/charente/80c37675-5942-488e-8fb7-a1a8ad62ae25"}
{"nom":"Communauté de communes - Aire sur l'Adour","type":"","adresse":"7 boulevard de la Gare , 40800, Aire-sur-l'Adour , France","postalCode":"40800","city":"Aire-sur-l'Adour ","country":"France","horaires":"Du Lundi au Vendredi : de 08h00 à 12h00 de 13h30 à 17h00","contacts":{"email":"cdc@cdcaire.org","telephone":"05 58 45 19 05"},"website":"https://www.cdcaire.org/","latitude":43.70641,"longitude":-0.255176,"url":"https://lannuaire.service-public.gouv.fr/nouvelle-aquitaine/landes/5777a985-8940-418f-8498-73dd1a51ae6e"}
{"nom":"Communauté de communes - Airvaudais Val du Thouet","type":"","adresse":"33 place des Promenades , 79600, Airvault , France","postalCode":"79600","city":"Airvault ","country":"France","horaires":"Du Lundi au Vendredi : de 08h30 à 12h30 de 14h00 à 17h30","contacts":{"email":"communaute@cc-avt.fr","telephone":"05 49 64 93 48"},"website":"https://www.cc-avt.fr/","latitude":46.823948,"longitude":-0.1377085,"url":"https://lannuaire.service-public.gouv.fr/nouvelle-aquitaine/deux-sevres/7b74c321-a9fd-414e-b9fe-82f42f25953c"}
{"nom":"Communauté de communes - Albret Communauté","type":"","adresse":"10 place Aristide-Briand , 47600, Nérac , France","postalCode":"47600","city":"Nérac ","country":"France","horaires":"Du Lundi au Vendredi : de 08h00 à 12h00 de 14h00 à 17h00","contacts":{"email":"contact@albretcommunaute.fr","telephone":"05 53 97 55 97"},"website":"https://www.albretcommunaute.fr/","latitude":44.136833,"longitude":0.33813158,"url":"https://lannuaire.service-public.gouv.fr/nouvelle-aquitaine/lot-et-garonne/a9082f50-d1fe-4b75-8fe1-80f184faa2ba"}
{"nom":"Communauté de communes - Aunis Atlantique","type":"","adresse":"200 rue de la Juillerie , 17170, Ferrières , France","postalCode":"17170","city":"Ferrières ","country":"France","horaires":"Du Lundi au Jeudi : de 09h00 à 12h00 de 14h00 à 17h00 | Le Vendredi : de 09h00 à 12h00 de 14h00 à 16h00","contacts":{"email":"contact@aunisatlantique.fr","telephone":"05 46 68 92 93"},"website":"https://www.aunisatlantique.fr/","latitude":46.229546,"longitude":-0.87790984,"url":"https://lannuaire.service-public.gouv.fr/nouvelle-aquitaine/charente-maritime/c79e4812-43e2-4dc5-b38e-5f98fac78595"}
{"nom":"Communauté de communes - Aunis Sud","type":"","adresse":"45 avenue Martin-Luther-King , 17700, Surgères , France","postalCode":"17700","city":"Surgères ","country":"France","horaires":"Du Lundi au Jeudi : de 09h00 à 12h00 de 14h00 à 17h00 | Le Vendredi : de 09h00 à 12h00 de 14h00 à 16h00","contacts":{"email":"contact@aunis-sud.fr","telephone":"05 46 07 22 33"},"website":"https://aunis-sud.fr/","latitude":46.104687,"longitude":-0.762214,"url":"https://lannuaire.service-public.gouv.fr/nouvelle-aquitaine/charente-maritime/f6ee470a-4309-4f69-8027-94fbf56e60c8"}
{"nom":"Communauté de communes - Bassin de Marennes","type":"","adresse":"24 rue Dubois-Meynardie , 17320, Marennes-Hiers-Brouage , France","postalCode":"17320","city":"Marennes-Hiers-Brouage ","country":"France","horaires":"Le Lundi : de 09h00 à 12h00 de 13h30 à 17h00 | Le Mardi : de 09h00 à 12h00 Sur rendez-vous uniquement de 13h30 à 17h | Du Mercredi au Jeudi : de 09h00 à 12h00 de 13h30 à 17h00 | Le Vendredi : de 09h00 à 12h00","contacts":{"email":"contact@bassin-de-marennes.com","telephone":"05 46 85 98 41"},"website":"https://www.bassin-de-marennes.com/","latitude":45.822277,"longitude":-1.1081045,"url":"https://lannuaire.service-public.gouv.fr/nouvelle-aquitaine/charente-maritime/bf573ece-2428-4193-adce-35c1dee29c24"}
{"nom":"Communauté de communes - Bastides Dordogne Périgord","type":"","adresse":"12 avenue Jean-Moulin , 24150, Lalinde , France","postalCode":"24150","city":"Lalinde ","country":"France","horaires":"Du Lundi au Jeudi : de 08h30 à 12h30 de 13h30 à 17h30 | Le Vendredi : de 08h30 à 12h30 de 13h30 à 17h00","contacts":{"email":"ccbdp@ccbdp.fr","telephone":"05 53 73 56 20"},"website":"https://ccbdp.fr/","latitude":44.835808,"longitude":0.724681,"url":"https://lannuaire.service-public.gouv.fr/nouvelle-aquitaine/dordogne/13e33b66-605e-4952-a164-83fa14ac5b14"}
{"nom":"Communauté de communes - Bastides en Haut Agenais Périgord","type":"","adresse":"1 rue des Cannelles , 47150, Monflanquin , France","postalCode":"47150","city":"Monflanquin ","country":"France","horaires":"Du Lundi au Jeudi : de 09h00 à 12h30 de 13h30 à 17h30 | Le Vendredi : de 09h00 à 12h30 de 13h30 à 17h00","contacts":{"email":"contact@ccbastides47.com","telephone":"05 53 49 55 80"},"website":"https://www.ccbastides47.com/","latitude":44.531036,"longitude":0.7672873,"url":"https://lannuaire.service-public.gouv.fr/nouvelle-aquitaine/lot-et-garonne/7f716937-4ea9-4257-ab6f-c52099b48791"}
{"nom":"Communauté de communes - Bazadais","type":"","adresse":"Lieu-dit Coucut , 33430, Bazas , France","postalCode":"33430","city":"Bazas ","country":"France","horaires":"Du Lundi au Vendredi : de 08h30 à 12h30 de 13h30 à 17h00","contacts":{"email":"contactbazas@cdcdubazadais.fr","telephone":"05 56 25 28 81"},"website":"https://cdcdubazadais.fr/","latitude":44.430622,"longitude":-0.211464,"url":"https://lannuaire.service-public.gouv.fr/nouvelle-aquitaine/gironde/45b5b3f2-bd09-405e-a575-29ad94fc1403"}
{"nom":"Communauté de communes - Béarn des Gaves","type":"","adresse":"289 route d'Orthez , 64270, Salies-de-Béarn , France","postalCode":"64270","city":"Salies-de-Béarn ","country":"France","horaires":"Du Lundi au Vendredi : de 09h00 à 12h00 de 13h30 à 17h30","contacts":{"email":"accueil@ccbearndesgaves.fr","telephone":"05 59 38 30 46"},"website":"https://www.ccbearndesgaves.fr/","latitude":43.47641,"longitude":-0.9067612,"url":"https://lannuaire.service-public.gouv.fr/nouvelle-aquitaine/pyrenees-atlantiques/8cff5c4b-0be2-417e-b596-001faf3d66bf"}
{"nom":"Communauté de communes de Bénévent Grand Bourg","type":"","adresse":"8 place du marché , 23240, Le Grand-Bourg , France","postalCode":"23240","city":"Le Grand-Bourg ","country":"France","horaires":"Du Lundi au Vendredi : de 09h00 à 12h30 de 13h30 à 17h00","contacts":{"email":"accueil@ccbgb.fr","telephone":"05 55 80 38 20"},"website":"https://benevent-legrandbourg.fr/","latitude":46.160347,"longitude":1.644955,"url":"https://lannuaire.service-public.gouv.fr/nouvelle-aquitaine/creuse/8ace3ce4-6837-4831-bdf6-08f3e9e3e803"}
{"nom":"Communauté de communes - Blaye","type":"","adresse":"32 rue des Maçons , 33393, Blaye , France","postalCode":"33393","city":"Blaye ","country":"France","horaires":"Du Lundi au Vendredi : de 08h15 à 17h00","contacts":{"email":"ccb@ccb-blaye.com","telephone":"05 57 42 33 33"},"website":"https://ccb-blaye.com/","latitude":45.13198,"longitude":-0.6589432,"url":"https://lannuaire.service-public.gouv.fr/nouvelle-aquitaine/gironde/beb43613-3747-4f37-a927-ab02b2c9957c"}
{"nom":"Communauté de communes - Briance Combade","type":"","adresse":"Maison Jane Limousin , 87130, Châteauneuf-la-Forêt , France","postalCode":"87130","city":"Châteauneuf-la-Forêt ","country":"France","horaires":"Du Lundi au Vendredi : de 10h00 à 17h00 | Le Samedi : de 10h00 à 13h00","contacts":{"email":"cdc@briancecombade.fr","telephone":"05 55 69 39 32"},"website":"https://briancecombade.fr/","latitude":45.71337,"longitude":1.60609,"url":"https://lannuaire.service-public.gouv.fr/nouvelle-aquitaine/haute-vienne/6ee93216-6b89-4801-afc9-f87939b46ad7"}
{"nom":"Communauté de communes - Briance Sud Haute Vienne","type":"","adresse":"381 Chabanas , 87260, Pierre-Buffière , France","postalCode":"87260","city":"Pierre-Buffière ","country":"France","horaires":"Du Lundi au Jeudi : de 08h00 à 12h00 de 14h00 à 17h00 | Le Vendredi : de 09h00 à 12h00","contacts":{"email":"contact@briancesudhautevienne.fr","telephone":"05 55 58 78 93"},"website":"https://www.briancesudhautevienne.fr/","latitude":45.695797,"longitude":1.3578235,"url":"https://lannuaire.service-public.gouv.fr/nouvelle-aquitaine/haute-vienne/537e8fe4-9c1d-42b2-bdb2-ce8d707cce0e"}
{"nom":"Communauté de communes - Castillon Pujols","type":"","adresse":"1 allée de la République , 33350, Castillon-la-Bataille , France","postalCode":"33350","city":"Castillon-la-Bataille ","country":"France","horaires":"Du Lundi au Vendredi : de 08h30 à 12h00 de 13h00 à 17h30","contacts":{"email":"secretariat@castillonpujols.fr","telephone":"05 57 56 08 70"},"website":"https://www.castillonpujols.fr/","latitude":44.85321,"longitude":-0.0426382,"url":"https://lannuaire.service-public.gouv.fr/nouvelle-aquitaine/gironde/938d7116-e8ed-4bfb-b47f-663d55aea58e"}
{"nom":"Communauté de communes - Chalosse Tursan","type":"","adresse":"1 rue du Bellocq , 40500, Saint-Sever , France","postalCode":"40500","city":"Saint-Sever ","country":"France","horaires":"Du Lundi au Jeudi : de 09h00 à 12h00 de 13h30 à 17h30 | Le Vendredi : de 09h00 à 12h00 de 13h30 à 17h00","contacts":{"email":"cias@chalossetursan.fr","telephone":"05 58 76 41 41"},"website":"https://www.chalossetursan.fr/","latitude":43.75897,"longitude":-0.571082,"url":"https://lannuaire.service-public.gouv.fr/nouvelle-aquitaine/landes/5ced6950-d266-4e9e-9d64-ae2c85cf1db4"}
{"nom":"Communauté de communes - Charente Limousine","type":"","adresse":"8 rue Fontaine-des-Jardins , 16500, Confolens , France","postalCode":"16500","city":"Confolens ","country":"France","horaires":"Du Lundi au Jeudi : de 10h00 à 12h30 de 13h30 à 17h30 | Le Vendredi : de 10h00 à 12h30 de 13h30 à 16h30","contacts":{"email":"contact@charente-limousine.fr","telephone":"05 45 84 14 08"},"website":"https://charente-limousine.fr/","latitude":46.01291,"longitude":0.6719747,"url":"https://lannuaire.service-public.gouv.fr/nouvelle-aquitaine/charente/284acdc4-c744-4631-a458-c1383236aa1b"}
{"nom":"Communauté de communes - Civraisien en Poitou","type":"","adresse":"10 avenue de la Gare , 86400, Civray , France","postalCode":"86400","city":"Civray ","country":"France","horaires":"Du Lundi au Jeudi : de 08h45 à 12h30 de 13h30 à 17h30 | Le Vendredi : de 08h45 à 12h30","contacts":{"email":"contact@civraisienpoitou.fr","telephone":"05 49 87 67 88"},"website":"https://www.civraisienpoitou.fr/","latitude":46.99163,"longitude":2.112333,"url":"https://lannuaire.service-public.gouv.fr/nouvelle-aquitaine/vienne/509efa56-4fd7-47b2-b750-aff09858c34c"}
{"nom":"Communauté de communes - Coeur de Charente","type":"","adresse":"10 route de Paris , 16560, Tourriers , France","postalCode":"16560","city":"Tourriers ","country":"France","horaires":"Du Lundi au Vendredi : de 09h00 à 13h00 de 14h00 à 17h00","contacts":{"email":"secretariat@coeurdecharente.fr","telephone":"05 45 20 68 46"},"website":"https://www.coeurdecharente.fr/","latitude":45.798054,"longitude":0.1920539,"url":"https://lannuaire.service-public.gouv.fr/nouvelle-aquitaine/charente/db456363-6ebe-4e0b-990c-160746cc1885"}
{"nom":"Communauté de communes - Coeur Haute Lande","type":"","adresse":"131 place Gambetta , 40630, Sabres , France","postalCode":"40630","city":"Sabres ","country":"France","horaires":"Du Lundi au Vendredi : de 09h00 à 12h00 de 14h00 à 17h00","contacts":{"email":"accueil.chl@coeurhautelande.fr","telephone":"05 58 51 03 71"},"website":"https://www.coeurhautelande.fr/","latitude":44.14876,"longitude":-0.739392,"url":"https://lannuaire.service-public.gouv.fr/nouvelle-aquitaine/landes/03f19b56-01e1-4d56-9fd1-4e76039783b1"}
{"nom":"Communauté de communes - Coeur de Saintonge","type":"","adresse":"Place Eugène-Bézier , 17250, Saint-Porchaire , France","postalCode":"17250","city":"Saint-Porchaire ","country":"France","horaires":"Du Lundi au Vendredi : de 09h00 à 12h30 de 13h30 à 17h30","contacts":{"email":"accueil@coeurdesaintonge.fr","telephone":"05 46 95 35 83"},"website":"https://www.coeurdesaintonge.fr/","latitude":45.821293,"longitude":-0.7850518,"url":"https://lannuaire.service-public.gouv.fr/nouvelle-aquitaine/charente-maritime/5319df97-61e3-4769-97fb-519ba9f2a174"}
{"nom":"Communauté de communes - Confluent et des Coteaux de Prayssas","type":"","adresse":"30 rue Thiers , 47190, Aiguillon , France","postalCode":"47190","city":"Aiguillon ","country":"France","horaires":"Du Lundi au Vendredi : de 09h00 à 12h00 de 14h00 à 17h00 | Accueil ouvert sur rendez-vous de préférence.","contacts":{"email":"secretariat@ccconfluent.fr","telephone":"05 53 79 81 15"},"website":"https://www.communauteduconfluent.com/","latitude":44.301414,"longitude":0.3382109,"url":"https://lannuaire.service-public.gouv.fr/nouvelle-aquitaine/lot-et-garonne/7bb866c0-9103-4247-91cd-47f63c7f720a"}
{"nom":"Communauté de communes - Convergence Garonne","type":"","adresse":"12 rue du Maréchal-Leclerc-de-Hauteclocque , 33720, Podensac , France","postalCode":"33720","city":"Podensac ","country":"France","horaires":"Du Lundi au Jeudi : de 09h00 à 12h30 de 13h30 à 17h30 | Le Vendredi : de 09h00 à 12h30","contacts":{"email":"contact@convergence-garonne.fr","telephone":"05 56 76 38 00"},"website":"https://convergence-garonne.fr/","latitude":44.650753,"longitude":-0.354514,"url":"https://lannuaire.service-public.gouv.fr/nouvelle-aquitaine/gironde/5e51b301-4f57-4723-b1e8-9ab7d54b962a"}
{"nom":"Communauté de communes - Coteaux Bordelais","type":"","adresse":"8 rue Newton , 33370, Tresses , France","postalCode":"33370","city":"Tresses ","country":"France","horaires":"Du Lundi au Mardi : de 09h00 à 12h30 de 14h00 à 17h00 | Le Mercredi : de 09h00 à 12h30 | Du Jeudi au Vendredi : de 09h00 à 12h30 de 14h00 à 17h00","contacts":{"email":"contact@cdc-coteaux-bordelais.fr","telephone":"05 57 34 26 37"},"website":"https://www.coteaux-bordelais.fr/","latitude":44.84779,"longitude":-0.46405,"url":"https://lannuaire.service-public.gouv.fr/nouvelle-aquitaine/gironde/1c36e910-c27a-4bf4-a462-3923dc86e22a"}
{"nom":"Communauté de communes - Coteaux et Landes de Gascogne","type":"","adresse":"2366 route des Châteaux , 47250, Grezet-Cavagnan , France","postalCode":"47250","city":"Grezet-Cavagnan ","country":"France","horaires":"Du Lundi au Jeudi : de 09h00 à 12h30 de 14h00 à 17h00 | Le Vendredi : de 09h00 à 12h30","contacts":{"email":"accueil@3clg.fr","telephone":"05 53 83 65 60"},"website":"https://cc-coteaux-landes-gascogne.fr/","latitude":44.382328,"longitude":0.13242,"url":"https://lannuaire.service-public.gouv.fr/nouvelle-aquitaine/lot-et-garonne/4ab09c49-1180-4602-ac46-a318e1377101"}
{"nom":"Communauté de communes - Coteaux et Vallées des Luys","type":"","adresse":"19 place de la Técouère , 40330, Amou , France","postalCode":"40330","city":"Amou ","country":"France","horaires":"Du Lundi au Vendredi : de 08h30 à 17h00","contacts":{"email":"contact@cc-luys.fr","telephone":"05 58 89 00 50"},"website":"https://www.cc-luys.fr/","latitude":43.59202,"longitude":-0.7464797,"url":"https://lannuaire.service-public.gouv.fr/nouvelle-aquitaine/landes/23d8004f-e45b-4a3d-be96-4afff5d82f52"}
{"nom":"Communauté de communes - Côte Landes Nature","type":"","adresse":"272 avenue Jean-Noël-Serret , 40260, Castets , France","postalCode":"40260","city":"Castets ","country":"France","horaires":"Du Lundi au Jeudi : de 09h00 à 12h00 de 14h00 à 16h30 | Le Vendredi : de 09h00 à 12h00","contacts":{"email":"secretariat@cc-cln.fr","telephone":"05 58 55 08 75"},"website":"https://www.cc-cln.fr/","latitude":43.88234,"longitude":-1.143836,"url":"https://lannuaire.service-public.gouv.fr/nouvelle-aquitaine/landes/d45a48a5-111b-45c9-9d4e-73ce623f4cb4"}
{"nom":"Communauté de communes - Créonnais","type":"","adresse":"39 boulevard Victor-Hugo , 33670, Créon , France","postalCode":"33670","city":"Créon ","country":"France","horaires":"Du Lundi au Mardi : de 09h00 à 12h00 de 14h00 à 17h00 | Le Mercredi : de 09h00 à 12h00 | Du Jeudi au Vendredi : de 09h00 à 12h00 de 14h00 à 17h00","contacts":{"email":"contact.cdc@cc-creonnais.fr","telephone":"05 57 34 57 00"},"website":"http://www.cc-creonnais.fr/","latitude":44.776207,"longitude":-0.3473779,"url":"https://lannuaire.service-public.gouv.fr/nouvelle-aquitaine/gironde/d4e3da63-be44-4c59-94bd-8d7afdbab54b"}
{"nom":"Communauté de communes - Creuse Confluence","type":"","adresse":"Le Montet , 23600, Boussac-Bourg , France","postalCode":"23600","city":"Boussac-Bourg ","country":"France","horaires":"Du Lundi au Vendredi : de 09h00 à 12h00 de 14h00 à 17h00","contacts":{"email":"contact@creuseconfluence.com","telephone":"05 55 65 83 94"},"website":"https://www.creuseconfluence.com/","latitude":46.35089,"longitude":2.234369,"url":"https://lannuaire.service-public.gouv.fr/nouvelle-aquitaine/creuse/bdf4be8a-aa7a-49a4-ad2c-1f51001014c6"}
{"nom":"Communauté de communes - Creuse Grand Sud","type":"","adresse":"34b rue Jules-Sandeau , 23200, Aubusson , France","postalCode":"23200","city":"Aubusson ","country":"France","horaires":"Du Lundi au Mardi : de 09h00 à 12h00 de 13h30 à 16h00 | Le Mercredi : de 09h00 à 12h00 | Du Jeudi au Vendredi : de 09h00 à 12h00 de 13h30 à 16h00","contacts":{"email":"contact@creuse-grand-sud.fr","telephone":"05 18 18 01 00"},"website":"https://creuse-grand-sud.fr/","latitude":45.961052,"longitude":2.1750293,"url":"https://lannuaire.service-public.gouv.fr/nouvelle-aquitaine/creuse/ffa560f6-26e1-40c8-8204-01ed05d7c060"}
{"nom":"Communauté de communes - Creuse Sud Ouest","type":"","adresse":"Route de la Souterraine , 23400, Saint-Dizier-Masbaraud , France","postalCode":"23400","city":"Saint-Dizier-Masbaraud ","country":"France","horaires":"Du Lundi au Jeudi : de 09h00 à 12h00 de 14h00 à 17h00 | Le Vendredi : de 09h00 à 12h00","contacts":{"email":"accueil@creusesudouest.fr","telephone":"05 55 54 04 95"},"website":"https://www.creusesudouest.fr/","latitude":45.97597,"longitude":1.7411027,"url":"https://lannuaire.service-public.gouv.fr/nouvelle-aquitaine/creuse/23c8e72b-2e5a-48ff-9ada-bc3546fbcae6"}
{"nom":"Communauté de communes - Domme Villefranche-du-Périgord","type":"","adresse":"Maison des communes et des services publics , 24250, Saint-Martial-de-Nabirat , France","postalCode":"24250","city":"Saint-Martial-de-Nabirat ","country":"France","horaires":"Du Lundi au Vendredi : de 08h30 à 12h00 de 13h30 à 17h00","contacts":{"email":"contact@comcomdv.fr","telephone":"05 53 29 09 14"},"website":"https://domme-villefranche-du-perigord.fr/","latitude":44.744713,"longitude":1.2585478,"url":"https://lannuaire.service-public.gouv.fr/nouvelle-aquitaine/dordogne/7fd40a17-6ef7-42a1-a528-9f32c7e49123"}
{"nom":"Communauté de communes - Dronne et Belle","type":"","adresse":"ZAE Pierre-Levée , 24310, Brantôme-en-Périgord , France","postalCode":"24310","city":"Brantôme-en-Périgord ","country":"France","horaires":"Du Lundi au Vendredi : de 08h30 à 17h00","contacts":{"email":"accueil@dronneetbelle.fr","telephone":"05 53 03 83 55"},"website":"https://dronneetbelle.fr/","latitude":45.39127,"longitude":0.6980499,"url":"https://lannuaire.service-public.gouv.fr/nouvelle-aquitaine/dordogne/6bc8d36a-6761-40ea-ba44-db904bdfb6e7"}
{"nom":"Communauté de communes - Elan Limousin Avenir Nature","type":"","adresse":"13 rue Gay-Lussac , 87240, Ambazac , France","postalCode":"87240","city":"Ambazac ","country":"France","horaires":"Du Lundi au Vendredi : de 09h00 à 12h00 de 13h30 à 17h00","contacts":{"email":"accueil@elan87.fr","telephone":"05 55 56 04 84"},"website":"https://www.elan87.fr/","latitude":45.95718,"longitude":1.3969837,"url":"https://lannuaire.service-public.gouv.fr/nouvelle-aquitaine/haute-vienne/9c0bc49a-b66e-4be7-8562-b17cc778a80b"}
{"nom":"Communauté de communes - Entre Deux Mers","type":"","adresse":"82 rue des Martyrs-de-la-Résistance-et-de-la-Déportation , 33540, Sauveterre-de-Guyenne , France","postalCode":"33540","city":"Sauveterre-de-Guyenne ","country":"France","horaires":"Du Lundi au Jeudi : de 09h00 à 12h00 de 14h00 à 17h00 | Le Vendredi : de 09h00 à 12h00","contacts":{"email":"accueil@ruralesentredeuxmers.fr","telephone":"05 56 71 81 76"},"website":"https://www.ruralesentredeuxmers.fr/","latitude":44.69292,"longitude":-0.082823,"url":"https://lannuaire.service-public.gouv.fr/nouvelle-aquitaine/gironde/9fe9623c-b24a-45de-878b-254abf045a1a"}
{"nom":"Communauté de communes - Estuaire agglomération de Saint-Ciers-sur-Gironde","type":"","adresse":"38 avenue de la République , 33820, Braud-et-Saint-Louis , France","postalCode":"33820","city":"Braud-et-Saint-Louis ","country":"France","horaires":"Du Lundi au Jeudi : de 09h00 à 12h30 de 13h30 à 17h00 | Le Vendredi : de 09h00 à 12h30 de 13h30 à 16h00","contacts":{"email":"contact@cc-estuaire.fr","telephone":"05 57 42 61 99"},"website":"https://www.cc-estuaire.fr/","latitude":45.249493,"longitude":-0.6252424,"url":"https://lannuaire.service-public.gouv.fr/nouvelle-aquitaine/gironde/b6910302-2502-4a63-a686-a57d6580f7ad"}
{"nom":"Communauté de communes - Fronsadais","type":"","adresse":"1 avenue Charles-de-Gaulle , 33240, Saint-Germain-de-la-Rivière , France","postalCode":"33240","city":"Saint-Germain-de-la-Rivière ","country":"France","horaires":"Du Lundi au Vendredi : de 09h00 à 12h30 de 14h00 à 17h00","contacts":{"email":"dgs@cdc-fronsadais.com","telephone":"05 57 84 40 18"},"website":"https://www.cdc-fronsadais.com/","latitude":44.94596,"longitude":-0.3277522,"url":"https://lannuaire.service-public.gouv.fr/nouvelle-aquitaine/gironde/a076c504-64f4-4605-b0a4-82c0eaa8abd9"}
{"nom":"Communauté de communes - Fumel Vallée du Lot","type":"","adresse":"4 place du Château , 47502, Fumel Cedex , France","postalCode":"47502","city":"Fumel Cedex ","country":"France","horaires":"Du Lundi au Mardi : de 08h30 à 12h30 de 13h30 à 17h00 | Le Mercredi : de 08h30 à 12h30 | Du Jeudi au Vendredi : de 08h30 à 12h30 de 13h30 à 17h00","contacts":{"email":"ccfl@cc-dufumelois.fr","telephone":"05 53 40 46 70"},"website":"https://www.fumelvalleedulot.com/","latitude":44.49819,"longitude":0.9700749,"url":"https://lannuaire.service-public.gouv.fr/nouvelle-aquitaine/lot-et-garonne/3516ebbf-7c32-4ff2-bd22-1c6ead929a0c"}
{"nom":"Communauté de communes - Gartempe Saint Pardoux","type":"","adresse":"16 avenue de Lorraine , 87290, Châteauponsac , France","postalCode":"87290","city":"Châteauponsac ","country":"France","horaires":"Du Lundi au Vendredi : de 09h00 à 12h30 de 13h30 à 17h00","contacts":{"email":"secretariat@gartempe-saint-pardoux.fr","telephone":"05 55 60 93 10"},"website":"https://gartempe-saint-pardoux.fr/fr/","latitude":46.13464,"longitude":1.273109,"url":"https://lannuaire.service-public.gouv.fr/nouvelle-aquitaine/haute-vienne/b202371f-a2d9-4397-aae3-8dc43f4f3263"}
{"nom":"Communauté de communes - Gémozac et de la Saintonge Viticole","type":"","adresse":"32-34 avenue de la Victoire , 17260, Gémozac , France","postalCode":"17260","city":"Gémozac ","country":"France","horaires":"Du Lundi au Vendredi : de 09h00 à 12h30 de 14h00 à 17h30","contacts":{"email":"contact@cdcgemozac.fr","telephone":"05 46 94 50 19"},"website":"https://cdc-gemozac.fr/","latitude":45.57258,"longitude":-0.6764941,"url":"https://lannuaire.service-public.gouv.fr/nouvelle-aquitaine/charente-maritime/c71fd38b-c808-41e9-8a12-60274705a498"}
{"nom":"Communauté de communes - Grand Saint Emilionnais","type":"","adresse":"1109 route de la Gare , 33330, Saint-Emilion , France","postalCode":"33330","city":"Saint-Emilion ","country":"France","horaires":"Du Lundi au Vendredi : de 08h30 à 12h30 de 13h30 à 18h00","contacts":{"email":"contact@grand-st-emilionnais.org","telephone":"05 57 55 21 60"},"website":"https://www.grand-saint-emilionnais.fr/","latitude":44.88134,"longitude":-0.158779,"url":"https://lannuaire.service-public.gouv.fr/nouvelle-aquitaine/gironde/0a9a9400-439f-4e5b-a615-c2d0ce13116f"}
{"nom":"Communauté de communes - Grands Lacs","type":"","adresse":"centre administratif , 40160, Parentis-en-Born , France","postalCode":"40160","city":"Parentis-en-Born ","country":"France","horaires":"Du Lundi au Jeudi : de 09h00 à 12h30 de 13h30 à 17h00 | Le Vendredi : de 09h00 à 12h30","contacts":{"email":"secretariat.general@ccgrandslacs.fr","telephone":"05 58 78 54 63"},"website":"https://www.ccgrandslacs.fr/","latitude":44.35274,"longitude":-1.07095,"url":"https://lannuaire.service-public.gouv.fr/nouvelle-aquitaine/landes/4c3cce19-076f-49df-b890-af92a3fd7f34"}
{"nom":"Communauté de communes - Haut-Béarn","type":"","adresse":"12 place de Jaca , 64402, Oloron-Sainte-Marie Cedex , France","postalCode":"64402","city":"Oloron-Sainte-Marie Cedex ","country":"France","horaires":"Du Lundi au Vendredi : de 08h00 à 12h00 de 13h30 à 17h30","contacts":{"email":"dgs@hautbearn.fr","telephone":"05 59 10 35 70"},"website":"https://www.hautbearn.fr/","latitude":43.188675,"longitude":-0.6106269,"url":"https://lannuaire.service-public.gouv.fr/nouvelle-aquitaine/pyrenees-atlantiques/46574109-cb84-4fb6-b9d1-641e7de8cdf6"}
{"nom":"Communauté de communes - Haute Corrèze","type":"","adresse":"23 parc d'activité du Bois-Saint-Michel , 19200, Ussel , France","postalCode":"19200","city":"Ussel ","country":"France","horaires":"Du Lundi au Vendredi : de 08h30 à 12h00 de 13h30 à 17h00","contacts":{"email":"contact@hautecorrezecommunaute.fr","telephone":"05 55 95 35 38"},"website":"https://hautecorreze.fr/","latitude":45.54917,"longitude":2.312675,"url":"https://lannuaire.service-public.gouv.fr/nouvelle-aquitaine/correze/672fa7df-c23d-41c7-8552-f30be823f513"}
{"nom":"Communauté de communes - Haut Limousin en Marche","type":"","adresse":"12 avenue Jean-Jaurès , 87300, Bellac , France","postalCode":"87300","city":"Bellac ","country":"France","horaires":"Du Lundi au Jeudi : de 09h00 à 12h00 de 14h00 à 17h00 | Le Vendredi : de 09h00 à 12h00 de 14h00 à 16h00","contacts":{"email":"hautlimousinenmarche@cchlem.fr","telephone":"05 55 60 09 99"},"website":"https://hautlimousinenmarche.fr/","latitude":46.123035,"longitude":1.0476243,"url":"https://lannuaire.service-public.gouv.fr/nouvelle-aquitaine/haute-vienne/c4680509-caec-4784-ab65-6e5bc2d4118f"}
{"nom":"Communauté de communes - Haut-Poitou","type":"","adresse":"10 avenue de l'Europe , 86170, Neuville-du-Poitou , France","postalCode":"86170","city":"Neuville-du-Poitou ","country":"France","horaires":"Du Lundi au Jeudi : de 09h00 à 12h30 de 13h30 à 18h00 | Le Vendredi : de 09h00 à 12h30 de 13h30 à 17h00","contacts":{"email":"contact@cc-hautpoitou.fr","telephone":"05 49 51 93 07"},"website":"https://cc-hautpoitou.fr/","latitude":46.681328,"longitude":0.2623797,"url":"https://lannuaire.service-public.gouv.fr/nouvelle-aquitaine/vienne/4978a8ed-23cb-4375-81c6-99ceb4d3340e"}
{"nom":"Communauté de communes - Haut Val de Sèvre","type":"","adresse":"7 boulevard de la Trouillette , 79400, Saint-Maixent-l'École , France","postalCode":"79400","city":"Saint-Maixent-l'École ","country":"France","horaires":"Du Lundi au Mardi : de 08h30 à 12h15 de 13h30 à 17h00 | Le Mercredi : de 08h30 à 12h15 de 13h30 à 16h00 | Le Jeudi : de 08h30 à 12h15 de 13h30 à 17h00 | Le Vendredi : de 08h30 à 12h15 de 13h30 à 16h00","contacts":{"email":"contact@cc-hvs.fr","telephone":"05 49 76 29 58"},"website":"https://cc-hautvaldesevre.fr/","latitude":46.41067,"longitude":-0.2096704,"url":"https://lannuaire.service-public.gouv.fr/nouvelle-aquitaine/deux-sevres/feed2471-dd68-4d16-9c29-a90e09990a64"}
{"nom":"Communauté de communes - Île d'Oléron","type":"","adresse":"59 route des Allées , 17310, Saint-Pierre-d'Oléron , France","postalCode":"17310","city":"Saint-Pierre-d'Oléron ","country":"France","horaires":"Du Lundi au Vendredi : de 09h00 à 12h30 de 14h00 à 17h00","contacts":{"email":"accueil@cdc-oleron.fr","telephone":"05 46 47 24 68"},"website":"https://www.cdc-oleron.com/","latitude":45.936356,"longitude":-1.3026431,"url":"https://lannuaire.service-public.gouv.fr/nouvelle-aquitaine/charente-maritime/d2f556e3-8ebc-41a8-8403-6b0857408e7b"}
{"nom":"Communauté de communes - Île de Ré","type":"","adresse":"3 rue du Père-Ignace , 17410, Saint-Martin-de-Ré , France","postalCode":"17410","city":"Saint-Martin-de-Ré ","country":"France","horaires":"Du Lundi au Vendredi : de 09h00 à 12h00","contacts":{"email":"accueil@cc-iledere.fr","telephone":"05 46 09 00 97"},"website":"https://cdciledere.fr/","latitude":46.20051,"longitude":-1.3670678,"url":"https://lannuaire.service-public.gouv.fr/nouvelle-aquitaine/charente-maritime/97bd0422-4286-4966-8b5d-c509bf85270c"}
{"nom":"Communauté de communes - Isle Double Landais","type":"","adresse":"4 B rue du Maréchal-Joffre , 24700, Montpon-Ménestérol , France","postalCode":"24700","city":"Montpon-Ménestérol ","country":"France","horaires":"Du Lundi au Vendredi : de 08h30 à 12h00","contacts":{"email":"accueil@ccidl.fr","telephone":"05 53 82 58 25"},"website":"https://ccidl.fr/","latitude":45.008728,"longitude":0.162204,"url":"https://lannuaire.service-public.gouv.fr/nouvelle-aquitaine/dordogne/1dbfa22b-03f5-437e-b404-f62e60ebbd3e"}
{"nom":"Communauté de communes - Isle et Crempse en Périgord","type":"","adresse":"2 rue du Périgord , 24400, Mussidan , France","postalCode":"24400","city":"Mussidan ","country":"France","horaires":"Du Lundi au Vendredi : de 08h30 à 12h00 de 14h00 à 17h00","contacts":{"email":"ccicp@ccicp.fr","telephone":"05 53 81 00 88"},"website":"https://isle-et-crempse-en-perigord.fr/","latitude":45.038498,"longitude":0.3648725,"url":"https://lannuaire.service-public.gouv.fr/nouvelle-aquitaine/dordogne/9bd923fc-dc25-4b31-9ece-61eb80ddc778"}
{"nom":"Communauté de communes - Isle Loue Auvézère en Périgord","type":"","adresse":"8 rue de la Tuilerie , 24270, Payzac , France","postalCode":"24270","city":"Payzac ","country":"France","horaires":"Du Lundi au Vendredi : de 09h00 à 12h00 de 14h00 à 17h30","contacts":{"email":"contact@ccilap.fr","telephone":"05 53 55 31 32"},"website":"https://www.ccilap.fr/","latitude":45.400024,"longitude":1.204009,"url":"https://lannuaire.service-public.gouv.fr/nouvelle-aquitaine/dordogne/57d9fc64-223b-44da-9f49-ffabb663372e"}
{"nom":"Communauté de communes - Isle Vern Salembre en Périgord","type":"","adresse":"Le Bateau , 24110, Saint-Astier , France","postalCode":"24110","city":"Saint-Astier ","country":"France","horaires":"Du Lundi au Vendredi : de 09h00 à 12h00 de 14h00 à 17h00","contacts":{"email":"contact@ccivs.fr","telephone":"05 53 03 45 82"},"website":"https://www.ccivs.fr/","latitude":45.149006,"longitude":0.528834,"url":"https://lannuaire.service-public.gouv.fr/nouvelle-aquitaine/dordogne/c8fdc588-fa83-4a31-84a9-020a33290c0e"}
{"nom":"Communauté de communes - Jalle Eau Bourde","type":"","adresse":"Hôtel de Ville , 33610, Cestas , France","postalCode":"33610","city":"Cestas ","country":"France","horaires":"Du Lundi au Vendredi : de 08h30 à 17h00","contacts":{"email":"cdc@jalleeaubourde.fr","telephone":"05 56 78 13 00"},"website":"https://jalleeaubourde.fr/","latitude":44.741608,"longitude":-0.68557,"url":"https://lannuaire.service-public.gouv.fr/nouvelle-aquitaine/gironde/289175a4-20e7-42a3-8b2b-8a2dfbdbb0f1"}
{"nom":"Communauté de communes - Lacq Orthez","type":"","adresse":"Rond-point des Chênes , 64150, Mourenx , France","postalCode":"64150","city":"Mourenx ","country":"France","horaires":"Du Lundi au Vendredi : de 08h00 à 12h00 de 13h30 à 17h00","contacts":{"email":"contact@cc-lacqorthez.fr","telephone":"05 59 60 03 46"},"website":"https://www.cc-lacqorthez.fr/","latitude":43.368263,"longitude":-0.620552,"url":"https://lannuaire.service-public.gouv.fr/nouvelle-aquitaine/pyrenees-atlantiques/061530ab-d7e6-4ec2-a484-6008ffb58f03"}
{"nom":"Communauté de communes - La Haute Saintonge","type":"","adresse":"7 rue Taillefer , 17500, Jonzac , France","postalCode":"17500","city":"Jonzac ","country":"France","horaires":"Du Lundi au Vendredi : de 08h30 à 12h30 de 14h00 à 17h30","contacts":{"email":"contact@haute-saintonge.org","telephone":"05 46 48 12 11"},"website":"https://www.haute-saintonge.org/","latitude":45.44653,"longitude":-0.432648,"url":"https://lannuaire.service-public.gouv.fr/nouvelle-aquitaine/charente-maritime/c0834af6-918e-4d9e-a753-d012409a58a4"}
{"nom":"Communauté de communes - Landes d'Armagnac","type":"","adresse":"31 chemin de Bas-de-Haut , 40120, Roquefort , France","postalCode":"40120","city":"Roquefort ","country":"France","horaires":"Du Lundi au Vendredi : de 08h30 à 17h00","contacts":{"email":"contact@ccla40.fr","telephone":"05 58 45 66 93"},"website":"https://www.landesdarmagnac.fr/","latitude":44.03496,"longitude":-0.333054,"url":"https://lannuaire.service-public.gouv.fr/nouvelle-aquitaine/landes/c3476eaa-4cee-4812-a45b-3da879670f71"}
{"nom":"Communauté de communes - La Rochefoucauld Porte du Périgord","type":"","adresse":"2 rue des Vieilles-Écoles , 16220, Montbron , France","postalCode":"16220","city":"Montbron ","country":"France","horaires":"Du Lundi au Jeudi : de 08h30 à 12h00 de 14h00 à 17h30 | Le Vendredi : de 08h30 à 12h00 de 14h00 à 16h00","contacts":{"email":"accueil@rochefoucauld-perigord.fr","telephone":"05 45 63 00 52"},"website":"https://www.rochefoucauld-perigord.fr/","latitude":45.666847,"longitude":0.49889,"url":"https://lannuaire.service-public.gouv.fr/nouvelle-aquitaine/charente/cfef3744-484d-425b-bc79-69ab23b19c18"}
{"nom":"Communauté de communes - Latitude Nord Gironde","type":"","adresse":"Maison de la communauté de communes , 33920, Saint-Savin , France","postalCode":"33920","city":"Saint-Savin ","country":"France","horaires":"Du Lundi au Jeudi : de 08h30 à 12h30 de 14h00 à 17h30 | Le Vendredi : de 08h30 à 12h00","contacts":{"email":"contact@latitude-nord-gironde.fr","telephone":"05 57 58 98 87"},"website":"https://www.latitude-nord-gironde.fr/","latitude":45.13948,"longitude":-0.445526,"url":"https://lannuaire.service-public.gouv.fr/nouvelle-aquitaine/gironde/3781c4f7-13f1-4a71-82fc-c3423b208cc0"}
{"nom":"Communauté de communes - Lavalette Tude Dronne","type":"","adresse":"35 avenue de l'Aquitaine , 16190, Montmoreau , France","postalCode":"16190","city":"Montmoreau ","country":"France","horaires":"Du Lundi au Jeudi : de 09h00 à 12h30 de 13h30 à 17h30 | Le Vendredi : de 09h00 à 12h30","contacts":{"email":"accueil@ccltd.fr","telephone":"05 45 24 08 79"},"website":"https://www.lavalette-tude-dronne.fr/","latitude":45.396385,"longitude":0.130158,"url":"https://lannuaire.service-public.gouv.fr/nouvelle-aquitaine/charente/ca3c3e66-3c7c-48db-b44d-ec727300aac5"}
{"nom":"Communauté de communes de la Vallée de l'Homme","type":"","adresse":"28 avenue de la Forge , 24620, Les Eyzies , France","postalCode":"24620","city":"Les Eyzies ","country":"France","horaires":"Du Lundi au Vendredi : de 09h00 à 13h00 de 14h00 à 17h00","contacts":{"email":"contact@cc-vh.fr","telephone":"05 53 51 70 70"},"website":"https://www.cc-valleedelhomme.fr/","latitude":44.935856,"longitude":1.020343,"url":"https://lannuaire.service-public.gouv.fr/nouvelle-aquitaine/dordogne/e948bb90-935a-428d-8a46-f1bf083c3201"}
{"nom":"Communauté de communes - La Vallée d'Ossau","type":"","adresse":"1 avenue des Pyrénées , 64260, Arudy , France","postalCode":"64260","city":"Arudy ","country":"France","horaires":"Du Lundi au Vendredi : de 08h30 à 12h30 de 13h30 à 17h30","contacts":{"email":"ccvo@cc-ossau.fr","telephone":"05 59 05 66 77"},"website":"https://cc-ossau.fr/","latitude":43.103386,"longitude":-0.4282137,"url":"https://lannuaire.service-public.gouv.fr/nouvelle-aquitaine/pyrenees-atlantiques/50595a6f-3069-4b86-9b1c-0e1ce110fa9a"}
{"nom":"Communauté de communes - Le Grand Cubzaguais","type":"","adresse":"365 avenue Boucicaut , 33240, Saint-André-de-Cubzac , France","postalCode":"33240","city":"Saint-André-de-Cubzac ","country":"France","horaires":"Du Lundi au Jeudi : de 08h30 à 18h00 | Le Vendredi : de 08h30 à 16h30","contacts":{"email":"accueil@grand-cubzaguais.fr","telephone":"05 57 43 96 37"},"website":"https://www.grand-cubzaguais.fr/","latitude":45.012226,"longitude":-0.436286,"url":"https://lannuaire.service-public.gouv.fr/nouvelle-aquitaine/gironde/f8e36faa-7c90-4caf-b963-96df882cb1ac"}
{"nom":"Communauté de communes - Lot et Tolzac","type":"","adresse":"12 avenue de Comarque , 47260, Castelmoron-sur-Lot , France","postalCode":"47260","city":"Castelmoron-sur-Lot ","country":"France","horaires":"Du Lundi au Jeudi : de 09h00 à 12h00 de 13h00 à 18h00 | Le Vendredi : de 09h00 à 12h00 de 13h00 à 17h00","contacts":{"email":"contact@cclt.fr","telephone":"05 53 84 82 48"},"website":"http://www.lotettolzac.fr/","latitude":44.399734,"longitude":0.4968543,"url":"https://lannuaire.service-public.gouv.fr/nouvelle-aquitaine/lot-et-garonne/28c07be9-52a3-4ad6-abed-c2ed739b718f"}
{"nom":"Communauté de communes - Luys en Béarn","type":"","adresse":"68 chemin de Pau , 64121, Serres-Castet , France","postalCode":"64121","city":"Serres-Castet ","country":"France","horaires":"Du Lundi au Vendredi : de 08h30 à 12h00 de 13h30 à 17h30","contacts":{"email":"contact@cclb64.fr","telephone":"05 59 33 72 34"},"website":"https://www.cclb64.fr/","latitude":43.372185,"longitude":-0.3664609,"url":"https://lannuaire.service-public.gouv.fr/nouvelle-aquitaine/pyrenees-atlantiques/2fd23b93-30af-4a9c-a125-aa44d04b3db8"}
{"nom":"Communauté de communes - Marche et Combrailles en Aquitaine","type":"","adresse":"Rue de l'Étang , 23700, Auzances , France","postalCode":"23700","city":"Auzances ","country":"France","horaires":"Du Lundi au Vendredi : de 09h00 à 12h00 de 14h00 à 17h30","contacts":{"email":"accueil@marcheetcombraille.fr","telephone":"05 55 67 04 99"},"website":"https://marcheetcombraille.fr/","latitude":46.02427,"longitude":2.5002358,"url":"https://lannuaire.service-public.gouv.fr/nouvelle-aquitaine/creuse/429e91a1-9595-4493-b2b1-2703191d3e5c"}
{"nom":"Communauté de communes - Maremne Adour Côte Sud","type":"","adresse":"Allée des Camélias , 40230, Saint-Vincent-de-Tyrosse , France","postalCode":"40230","city":"Saint-Vincent-de-Tyrosse ","country":"France","horaires":"Du Lundi au Vendredi : de 08h30 à 12h15 de 13h30 à 17h30 | Accueil ouvert sur rendez-vous de préférence.","contacts":{"email":"contact@cc-macs.org","telephone":"05 58 77 23 23"},"website":"https://www.cc-macs.org/","latitude":43.662025,"longitude":-1.316188,"url":"https://lannuaire.service-public.gouv.fr/nouvelle-aquitaine/landes/04d10a79-1573-4e01-9279-22ba46ff80ef"}
{"nom":"Communauté de communes - Médoc Atlantique","type":"","adresse":"9 rue du Maréchal-d'Ornano , 33780, Soulac-sur-Mer , France","postalCode":"33780","city":"Soulac-sur-Mer ","country":"France","horaires":"Du Lundi au Vendredi : de 08h30 à 12h00 de 13h30 à 17h00","contacts":{"email":"sg@ccmedocatlantique.fr","telephone":"05 56 73 29 26"},"website":"https://www.ccmedocatlantique.fr/","latitude":45.51446,"longitude":-1.1231375,"url":"https://lannuaire.service-public.gouv.fr/nouvelle-aquitaine/gironde/2a175a13-ef96-4c84-a1a3-386c0a12cad3"}
{"nom":"Communauté de communes - Médoc Coeur de Presqu'Île","type":"","adresse":"10 place du Maréchal-Foch , 33340, Lesparre-Médoc , France","postalCode":"33340","city":"Lesparre-Médoc ","country":"France","horaires":"Du Lundi au Vendredi : de 09h00 à 12h30 de 13h30 à 17h00","contacts":{"email":"cdc@medoc-cpi.fr","telephone":"05 56 41 66 60"},"website":"http://www.medoc-cpi.fr/","latitude":45.306427,"longitude":-0.936745,"url":"https://lannuaire.service-public.gouv.fr/nouvelle-aquitaine/gironde/d5ac44e0-5046-4625-8e68-84ea784e9196"}
{"nom":"Communauté de communes - Médoc Estuaire","type":"","adresse":"26 rue de l'Abbé-Frémont , 33460, Arsac , France","postalCode":"33460","city":"Arsac ","country":"France","horaires":"Du Lundi au Vendredi : de 08h30 à 12h00","contacts":{"email":"contact@medoc-estuaire.fr","telephone":"05 57 88 08 08"},"website":"http://www.cc-medoc-estuaire.fr/","latitude":44.99731,"longitude":-0.6888998,"url":"https://lannuaire.service-public.gouv.fr/nouvelle-aquitaine/gironde/a609c4b7-87dd-47ac-bca8-35acbfaaae28"}
{"nom":"Communauté de communes - Médullienne","type":"","adresse":"4 place Carnot , 33480, Castelnau-de-Médoc , France","postalCode":"33480","city":"Castelnau-de-Médoc ","country":"France","horaires":"Du Lundi au Vendredi : de 08h30 à 12h00 de 13h00 à 17h00","contacts":{"email":"medullienne@cdcmedullienne.fr","telephone":"05 56 58 65 20"},"website":"https://www.cdcmedullienne.com/","latitude":45.026485,"longitude":-0.8002754,"url":"https://lannuaire.service-public.gouv.fr/nouvelle-aquitaine/gironde/ffc81e6a-117b-4eb2-b952-e6e79723381e"}
{"nom":"Communauté de communes - Mellois en Poitou","type":"","adresse":"2 place de Strasbourg , 79500, Melle , France","postalCode":"79500","city":"Melle ","country":"France","horaires":"Du Lundi au Vendredi : de 09h00 à 12h00 de 14h00 à 17h00","contacts":{"email":"accueil@melloisenpoitou.fr","telephone":"05 49 29 02 90"},"website":"https://www.melloisenpoitou.fr/","latitude":46.220116,"longitude":-0.146053,"url":"https://lannuaire.service-public.gouv.fr/nouvelle-aquitaine/deux-sevres/4e3e2428-830f-4269-8653-e50b86213e56"}
{"nom":"Communauté de communes - Midi Corrézien","type":"","adresse":"Rue Émile-Monbrial , 19120, Beaulieu-sur-Dordogne , France","postalCode":"19120","city":"Beaulieu-sur-Dordogne ","country":"France","horaires":"Du Lundi au Jeudi : de 09h00 à 12h00 de 13h30 à 17h00 | Le Vendredi : de 09h00 à 12h00 de 13h30 à 16h00 Pendant la crise sanitaire accueil ouvert sur rendez-vous de préférence.","contacts":{"email":"contact@midicorrezien.com","telephone":"05 55 84 31 00"},"website":"https://www.midicorrezien.com/","latitude":44.978306,"longitude":1.8395,"url":"https://lannuaire.service-public.gouv.fr/nouvelle-aquitaine/correze/e6618186-0738-48e0-9ee2-184519ec5a6d"}
{"nom":"Communauté de communes - Mimizan","type":"","adresse":"3 avenue de la Gare , 40200, Mimizan , France","postalCode":"40200","city":"Mimizan ","country":"France","horaires":"Du Lundi au Jeudi : de 08h00 à 12h00 de 13h30 à 17h30 | Le Vendredi : de 08h00 à 12h00 de 13h30 à 16h30","contacts":{"email":"contact@mimizan.net","telephone":"05 58 09 44 55"},"website":"https://www.cc-mimizan.fr/","latitude":44.195946,"longitude":-1.2224121,"url":"https://lannuaire.service-public.gouv.fr/nouvelle-aquitaine/landes/ceef7e34-3c83-4dfa-ba66-b61d58412db7"}
{"nom":"Communauté de communes - Montaigne Montravel et Gurson","type":"","adresse":"58 route des Etangs , 24610, Villefranche-de-Lonchat , France","postalCode":"24610","city":"Villefranche-de-Lonchat ","country":"France","horaires":"Du Lundi au Vendredi : de 09h00 à 12h00 de 14h00 à 17h00","contacts":{"email":"direction@cdcmmg.fr","telephone":"05 53 82 20 24"},"website":"https://www.cdcmontaignemontravelgurson.fr/","latitude":44.94683,"longitude":0.06466,"url":"https://lannuaire.service-public.gouv.fr/nouvelle-aquitaine/dordogne/b0f592c1-153d-46fa-acbf-e4518f1790ec"}
{"nom":"Communauté de communes - Montesquieu","type":"","adresse":"1 allée Jean-Rostand , 33650, Martillac , France","postalCode":"33650","city":"Martillac ","country":"France","horaires":"Du Lundi au Vendredi : de 08h30 à 12h30 de 13h30 à 17h00","contacts":{"email":"contact@cc-montesquieu.fr","telephone":"05 57 96 01 20"},"website":"https://www.cc-montesquieu.fr/accueil","latitude":44.712997,"longitude":-0.5814171,"url":"https://lannuaire.service-public.gouv.fr/nouvelle-aquitaine/gironde/959b3e5e-05b6-49a1-893c-40e84b87fdbd"}
{"nom":"Communauté de communes - Noblat","type":"","adresse":"6 ZA de Soumagne , 87400, Saint-Léonard-de-Noblat , France","postalCode":"87400","city":"Saint-Léonard-de-Noblat ","country":"France","horaires":"Du Lundi au Vendredi : de 09h00 à 12h00","contacts":{"email":"accueil@ccnoblat.fr","telephone":"05 87 22 99 00"},"website":"https://ccnoblat.fr/","latitude":45.837215,"longitude":1.486762,"url":"https://lannuaire.service-public.gouv.fr/nouvelle-aquitaine/haute-vienne/407fa58a-4bfc-4d77-b349-1e6508b88c95"}
{"nom":"Communauté de communes - Nord Est Béarn","type":"","adresse":"1 rue Saint-Exupéry , 64160, Morlaàs , France","postalCode":"64160","city":"Morlaàs ","country":"France","horaires":"Du Lundi au Jeudi : de 08h30 à 12h00 de 13h30 à 17h30 | Le Vendredi : de 08h30 à 12h00 de 13h30 à 17h00","contacts":{"email":"contact@cc-nordestbearn.fr","telephone":"05 59 33 46 10"},"website":"https://www.cc-nordestbearn.fr/","latitude":43.338455,"longitude":-0.2508878,"url":"https://lannuaire.service-public.gouv.fr/nouvelle-aquitaine/pyrenees-atlantiques/8dd94f32-51f0-4ca0-8d51-b7e792903eda"}
{"nom":"Communauté de communes - Ouest Limousin","type":"","adresse":"La Monnerie , 87150, Cussac , France","postalCode":"87150","city":"Cussac ","country":"France","horaires":"Du Lundi au Vendredi : de 09h00 à 12h30 de 14h00 à 17h00","contacts":{"email":"contact@ouestlimousin.com","telephone":"05 55 78 84 07"},"website":"https://www.ouestlimousin.com/","latitude":45.71313,"longitude":0.860247,"url":"https://lannuaire.service-public.gouv.fr/nouvelle-aquitaine/haute-vienne/38aacb95-2c79-4290-a556-c3040ca3001d"}
{"nom":"Communauté de communes - Parthenay Gâtine","type":"","adresse":"2 rue de la Citadelle , 79200, Parthenay , France","postalCode":"79200","city":"Parthenay ","country":"France","horaires":"Du Lundi au Vendredi : de 09h00 à 12h00 de 13h30 à 17h30","contacts":{"email":"cc-parthenay@cc-parthenay-gatine.fr","telephone":"05 49 94 03 77"},"website":"https://www.cc-parthenay-gatine.fr/","latitude":46.64898,"longitude":-0.251173,"url":"https://lannuaire.service-public.gouv.fr/nouvelle-aquitaine/deux-sevres/981d3c12-af95-4995-8476-ca0a6a4b7fc0"}
{"nom":"Communauté de communes du Pays Dunois","type":"","adresse":"19 avenue de Verdun , 23800, Dun-Le-Palestel , France","postalCode":"23800","city":"Dun-Le-Palestel ","country":"France","horaires":"Du Lundi au Jeudi : de 08h30 à 12h00 de 13h30 à 17h30 | Le Vendredi : de 08h30 à 12h00 de 13h30 à 16h30","contacts":{"email":"accueil@ccpaysdunois.fr","telephone":"05 55 89 12 03"},"website":"https://www.paysdunois.fr/","latitude":46.307976,"longitude":1.669149,"url":"https://lannuaire.service-public.gouv.fr/nouvelle-aquitaine/creuse/485773dd-6a34-41c8-92ea-b37a5253099f"}
{"nom":"Communauté de communes - Pays de Duras","type":"","adresse":"3 impasse François-Laguerre , 47120, Duras , France","postalCode":"47120","city":"Duras ","country":"France","horaires":"Du Lundi au Jeudi : de 08h30 à 12h30 de 13h30 à 17h30 | Le Vendredi : de 08h30 à 12h30 de 13h30 à 16h30","contacts":{"email":"comdecomduras@wanadoo.fr","telephone":"05 53 83 78 65"},"website":"https://cc-paysdeduras.fr/fr/","latitude":44.676483,"longitude":0.17921,"url":"https://lannuaire.service-public.gouv.fr/nouvelle-aquitaine/lot-et-garonne/2df0cfe5-fa6a-4668-8781-44f7e6c08fd3"}
{"nom":"Communauté de communes - Pays de Fénelon","type":"","adresse":"1 place de la Mairie , 24590, Salignac-Eyvigues , France","postalCode":"24590","city":"Salignac-Eyvigues ","country":"France","horaires":"Du Lundi au Vendredi : de 09h00 à 12h00 de 14h00 à 17h00","contacts":{"email":"accueil@paysdefenelon.fr","telephone":"05 53 30 43 57"},"website":"https://www.paysdefenelon.fr/","latitude":44.97452,"longitude":1.3226573,"url":"https://lannuaire.service-public.gouv.fr/nouvelle-aquitaine/dordogne/315da0f8-ace8-46da-8f7b-7a4965a99a53"}
{"nom":"Communauté de communes - Pays Foyen","type":"","adresse":"2 avenue Georges-Clemenceau , 33220, Pineuilh , France","postalCode":"33220","city":"Pineuilh ","country":"France","horaires":"Du Lundi au Vendredi : de 09h00 à 12h30 de 13h30 à 17h00","contacts":{"email":"contact@paysfoyen.fr","telephone":"05 57 46 20 58"},"website":"https://www.paysfoyen.fr/","latitude":44.843105,"longitude":0.2226517,"url":"https://lannuaire.service-public.gouv.fr/nouvelle-aquitaine/gironde/a107cb3e-964b-4fea-8077-fb4d1790228d"}
{"nom":"Communauté de communes - Pays Grenadois","type":"","adresse":"14 place des Tilleuls , 40270, Grenade-sur-l'Adour , France","postalCode":"40270","city":"Grenade-sur-l'Adour ","country":"France","horaires":"Du Lundi au Vendredi : de 08h30 à 12h00 de 13h30 à 17h00","contacts":{"email":"secretariat@cc-paysgrenadois.fr","telephone":"05 58 45 44 42"},"website":"https://www.cc-paysgrenadois.fr/","latitude":43.776405,"longitude":-0.4304894,"url":"https://lannuaire.service-public.gouv.fr/nouvelle-aquitaine/landes/be3612dc-6b96-4d92-a00a-b95f22f1ce8e"}
{"nom":"Communauté de communes - Pays de Lauzun","type":"","adresse":"5 rue Pissebaque , 47410, Lauzun , France","postalCode":"47410","city":"Lauzun ","country":"France","horaires":"Du Lundi au Jeudi : de 09h00 à 12h00 de 13h30 à 17h00 | Le Vendredi : de 09h00 à 12h00","contacts":{"email":"communautecommunes@ccpl47.fr","telephone":"05 53 94 49 21"},"website":"https://www.paysdelauzun.com/","latitude":44.629128,"longitude":0.4588205,"url":"https://lannuaire.service-public.gouv.fr/nouvelle-aquitaine/lot-et-garonne/f7684e2d-4807-4116-bf23-7dc4f2002d7d"}
{"nom":"Communauté de communes - Pays Loudunais","type":"","adresse":"2 rue de la Fontaine-d'Adam , 86200, Loudun , France","postalCode":"86200","city":"Loudun ","country":"France","horaires":"Du Lundi au Vendredi : de 08h45 à 12h30 de 13h30 à 17h00","contacts":{"email":"contact@pays-loudunais.fr","telephone":"05 49 22 54 02"},"website":"https://www.pays-loudunais.fr/","latitude":47.02246,"longitude":0.0906562,"url":"https://lannuaire.service-public.gouv.fr/nouvelle-aquitaine/vienne/244e8e3a-921e-43a5-be30-c56e07e78c77"}
{"nom":"Communauté de communes - Pays de Lubersac Pompadour","type":"","adresse":"32 place de l'Horloge , 19210, Lubersac , France","postalCode":"19210","city":"Lubersac ","country":"France","horaires":"Du Lundi au Mardi : de 09h00 à 12h00 de 14h00 à 17h00 | Le Mercredi : de 09h00 à 12h00 | Du Jeudi au Vendredi : de 09h00 à 12h00 de 14h00 à 17h00","contacts":{"email":"secretariat@lubersacpompadour.fr","telephone":"05 19 67 01 05"},"website":"https://lubersacpompadour.fr/","latitude":45.44417,"longitude":1.403462,"url":"https://lannuaire.service-public.gouv.fr/nouvelle-aquitaine/correze/8ed42b46-edd0-419b-8283-d9b4bd370526"}
{"nom":"Communauté de communes - Pays Morcenais","type":"","adresse":"16 place Léo-Bouyssou , 40110, Morcenx-la-Nouvelle , France","postalCode":"40110","city":"Morcenx-la-Nouvelle ","country":"France","horaires":"Du Lundi au Jeudi : de 08h15 à 12h15 de 13h30 à 17h30 | Le Vendredi : de 08h15 à 12h15 de 13h30 à 17h00","contacts":{"email":"contact@paysmorcenais.fr","telephone":"05 58 04 14 15"},"website":"https://www.paysmorcenais.fr/","latitude":44.03328,"longitude":-0.9119653,"url":"https://lannuaire.service-public.gouv.fr/nouvelle-aquitaine/landes/22ee9784-f723-4d87-9d5f-619d71aefe90"}
{"nom":"Communauté de communes - Pays de Nay","type":"","adresse":"Parc d'activités économiques Montplaisir , 64800, Bénéjacq , France","postalCode":"64800","city":"Bénéjacq ","country":"France","horaires":"Du Lundi au Vendredi : de 08h30 à 12h00 de 13h30 à 17h00","contacts":{"email":"contact@paysdenay.fr","telephone":"05 59 61 11 82"},"website":"https://www.paysdenay.fr/","latitude":43.191936,"longitude":-0.212854,"url":"https://lannuaire.service-public.gouv.fr/nouvelle-aquitaine/pyrenees-atlantiques/78b4775a-2dbe-4281-a0df-c7c2e191969b"}
{"nom":"Communauté de communes - Pays de Nexon Monts de Chalus","type":"","adresse":"28 avenue François-Mitterrand , 87230, Chalus , France","postalCode":"87230","city":"Chalus ","country":"France","horaires":"Du Lundi au Vendredi : de 09h00 à 12h00 de 14h00 à 17h00","contacts":{"email":"accueil@paysdenexon-montsdechalus.fr","telephone":"05 55 78 29 29"},"website":"https://www.paysdenexon-montsdechalus.fr/","latitude":45.6514,"longitude":0.980665,"url":"https://lannuaire.service-public.gouv.fr/nouvelle-aquitaine/haute-vienne/4b178f0e-57c1-4a2f-9945-213ef921d9f6"}
{"nom":"Communauté de communes - Pays d'Orthe et Arrigans","type":"","adresse":"156 route de Mahoumic , 40300, Peyrehorade , France","postalCode":"40300","city":"Peyrehorade ","country":"France","horaires":"Du Lundi au Vendredi : de 09h00 à 12h30 de 13h30 à 17h00","contacts":{"email":"contact@orthe-arrigans.fr","telephone":"05 58 73 60 03"},"website":"https://www.pays-orthe-arrigans.fr/","latitude":43.555027,"longitude":-1.122271,"url":"https://lannuaire.service-public.gouv.fr/nouvelle-aquitaine/landes/23ce6b07-68a0-40e7-bf15-54dc32d8f07c"}
{"nom":"Communauté de communes - Pays Ribéracois","type":"","adresse":"11 rue Couleau , 24600, Riberac , France","postalCode":"24600","city":"Riberac ","country":"France","horaires":"Du Lundi au Vendredi : de 08h30 à 12h30 de 13h30 à 17h00","contacts":{"email":"contact@ccpr24.fr","telephone":"05 53 92 50 60"},"website":"https://ccpr24.fr/","latitude":45.246395,"longitude":0.337651,"url":"https://lannuaire.service-public.gouv.fr/nouvelle-aquitaine/dordogne/1f2b8e0d-8d61-49a9-bf42-b073f9c62aa9"}
{"nom":"Communauté de communes - Pays de Saint-Aulaye","type":"","adresse":"Place Émile-Cheylud , 24490, La Roche-Chalais , France","postalCode":"24490","city":"La Roche-Chalais ","country":"France","horaires":"Du Lundi au Vendredi : de 08h30 à 12h00 de 13h00 à 17h00","contacts":{"email":"cdc-staulaye@orange.fr","telephone":"05 53 91 86 37"},"website":"http://www.cc-paysdesaintaulaye.fr/","latitude":45.152596,"longitude":0.006639,"url":"https://lannuaire.service-public.gouv.fr/nouvelle-aquitaine/dordogne/0db38f84-ee88-48b9-84b3-fb3c193497d9"}
{"nom":"Communauté de communes - Pays de Saint-Yrieix","type":"","adresse":"Rue du 8-Mai-1945 , 87500, Saint-Yrieix-la-Perche , France","postalCode":"87500","city":"Saint-Yrieix-la-Perche ","country":"France","horaires":"Du Lundi au Jeudi : de 09h00 à 12h30 de 14h00 à 18h00 | Le Vendredi : de 09h00 à 12h30 de 14h00 à 17h30","contacts":{"email":"info@communaute-saint-yrieix.fr","telephone":"05 55 08 88 76"},"website":"https://www.communaute-saint-yrieix.fr/","latitude":45.511208,"longitude":1.205403,"url":"https://lannuaire.service-public.gouv.fr/nouvelle-aquitaine/haute-vienne/415a9e87-843e-4ee1-ac13-e3fdb1b2b5b7"}
{"nom":"Communauté de communes - Pays Sostranien","type":"","adresse":"10 rue Joliot-Curie , 23300, La Souterraine , France","postalCode":"23300","city":"La Souterraine ","country":"France","horaires":"Du Lundi au Vendredi : de 09h00 à 12h00 de 13h30 à 18h00","contacts":{"email":"infos@cco23.fr","telephone":"05 55 63 91 11"},"website":"https://www.pays-sostranien.fr/","latitude":46.235863,"longitude":1.482747,"url":"https://lannuaire.service-public.gouv.fr/nouvelle-aquitaine/creuse/1141f74f-0a09-406b-a982-ca24ceb0e687"}
{"nom":"Communauté de communes - Pays Tarusate","type":"","adresse":"143 rue Jules-Ferry , 40400, Tartas , France","postalCode":"40400","city":"Tartas ","country":"France","horaires":"Du Lundi au Vendredi : de 08h30 à 17h45","contacts":{"email":"accueil@pays-tarusate.fr","telephone":"05 58 73 31 28"},"website":"https://www.pays-tarusate.fr/","latitude":43.834167,"longitude":-0.8100728,"url":"https://lannuaire.service-public.gouv.fr/nouvelle-aquitaine/landes/c69718a1-0a9c-4094-bfe0-9922eb508d99"}
{"nom":"Communauté de communes - Pays d'Uzerche","type":"","adresse":"10 place de la Libération , 19140, Uzerche , France","postalCode":"19140","city":"Uzerche ","country":"France","horaires":"Du Lundi au Vendredi : de 09h00 à 12h00 de 13h30 à 17h30","contacts":{"email":"contact@paysduzerche.fr","telephone":"05 55 73 26 53"},"website":"https://www.paysduzerche.fr/","latitude":45.424347,"longitude":1.5629253,"url":"https://lannuaire.service-public.gouv.fr/nouvelle-aquitaine/correze/45c397ce-fbc9-45b9-b373-b9a27f9a9a02"}
{"nom":"Communauté de communes - Pays de Villeneuve en Armagnac Landais","type":"","adresse":"7 rue de la Birol , 40190, Villeneuve-de-Marsan , France","postalCode":"40190","city":"Villeneuve-de-Marsan ","country":"France","horaires":"Du Lundi au Vendredi : de 09h00 à 12h00 de 14h00 à 17h00","contacts":{"email":"accueil@cc-vdm.com","telephone":"05 58 93 08 00"},"website":"https://www.cc-vdm.com/","latitude":43.89424,"longitude":-0.3087495,"url":"https://lannuaire.service-public.gouv.fr/nouvelle-aquitaine/landes/ed61e58d-b3d6-44aa-8875-c651b808526e"}
{"nom":"Communauté de communes - Périgord Limousin","type":"","adresse":"3 place de la République , 24800, Thiviers , France","postalCode":"24800","city":"Thiviers ","country":"France","horaires":"Du Lundi au Vendredi : de 08h30 à 12h30 de 13h30 à 17h00","contacts":{"email":"contact@perigord-limousin.fr","telephone":"05 53 62 28 22"},"website":"https://www.perigord-limousin.fr/","latitude":45.4144,"longitude":0.9208753,"url":"https://lannuaire.service-public.gouv.fr/nouvelle-aquitaine/dordogne/dc0d7a05-78bd-406e-b684-7842ce9b0c31"}
{"nom":"Communauté de communes - Périgord Nontronnais","type":"","adresse":"48-50 rue Antonin-de-Bidour , 24300, Nontron , France","postalCode":"24300","city":"Nontron ","country":"France","horaires":"Du Lundi au Jeudi : de 08h00 à 12h00 de 13h30 à 17h30 | Le Vendredi : de 08h00 à 12h00 de 13h30 à 17h00","contacts":{"email":"accueil@ccpn.fr","telephone":"05 53 60 33 88"},"website":"https://www.perigord-nontronnais.fr/","latitude":45.526257,"longitude":0.6603257,"url":"https://lannuaire.service-public.gouv.fr/nouvelle-aquitaine/dordogne/ffd7c770-41f3-4e0b-b73a-0fd731748f72"}
{"nom":"Communauté de communes - Porte Océane du Limousin","type":"","adresse":"1 avenue Voltaire , 87200, Saint-Junien , France","postalCode":"87200","city":"Saint-Junien ","country":"France","horaires":"Du Lundi au Mardi : de 09h00 à 12h00 de 13h30 à 16h30 | Le Mercredi : de 09h00 à 12h00 | Du Jeudi au Vendredi : de 09h00 à 12h00 de 13h30 à 16h30","contacts":{"email":"contact@pol-cdc.fr","telephone":"05 55 02 14 60"},"website":"https://www.porteoceane-dulimousin.fr/","latitude":45.886745,"longitude":0.9042659,"url":"https://lannuaire.service-public.gouv.fr/nouvelle-aquitaine/haute-vienne/e11c45fa-4fb2-42cf-a910-6df71d15a7b1"}
{"nom":"Communauté de communes - Portes de l'Entre Deux Mers","type":"","adresse":"51 chemin du Port-de-l'Homme , 33360, Latresne , France","postalCode":"33360","city":"Latresne ","country":"France","horaires":"Du Lundi au Vendredi : de 08h30 à 12h00","contacts":{"email":"accueil@cdc-portesentredeuxmers.fr","telephone":"05 56 20 83 60"},"website":"http://www.cdc-portesentredeuxmers.fr/","latitude":44.784954,"longitude":-0.505404,"url":"https://lannuaire.service-public.gouv.fr/nouvelle-aquitaine/gironde/a923a07a-5be4-4211-9deb-5f0904fddd51"}
{"nom":"Communauté de communes - Portes de la Creuse en Marche","type":"","adresse":"1 rue des Violettes , 23350, Genouillac , France","postalCode":"23350","city":"Genouillac ","country":"France","horaires":"Du Lundi au Jeudi : de 09h00 à 12h00 de 13h30 à 17h00 | Le Vendredi : de 09h00 à 12h00","contacts":{"email":"accueil@portesdelacreuseenmarche.fr","telephone":"05 55 80 88 01"},"website":"https://www.portesdelacreuseenmarche.fr/","latitude":46.351837,"longitude":1.992298,"url":"https://lannuaire.service-public.gouv.fr/nouvelle-aquitaine/creuse/d9c52379-4406-41d4-a17b-473fca6ffed5"}
{"nom":"Communauté de communes - Portes Sud Périgord","type":"","adresse":"23 avenue de la Bastide , 24500, Eymet , France","postalCode":"24500","city":"Eymet ","country":"France","horaires":"Du Lundi au Vendredi : de 08h30 à 12h30 de 13h30 à 17h30","contacts":{"email":"cc.portesudperigord@orange.fr","telephone":"05 53 22 57 94"},"website":"http://www.ccpsp24.fr/","latitude":44.667988,"longitude":0.3991458,"url":"https://lannuaire.service-public.gouv.fr/nouvelle-aquitaine/dordogne/5b025aea-1a13-45b2-82f6-6dbef818020a"}
{"nom":"Communauté de communes - Portes de Vassivière","type":"","adresse":"5 rue de la Liberté , 87120, Eymoutiers , France","postalCode":"87120","city":"Eymoutiers ","country":"France","horaires":"Du Lundi au Jeudi : de 08h30 à 12h30 de 13h30 à 17h00 | Le Vendredi : de 08h30 à 12h30 de 13h30 à 16h30","contacts":{"email":"contact@cc-portesdevassiviere.fr","telephone":"05 55 04 06 06"},"website":"https://www.cc-portesdevassiviere.fr/","latitude":45.7393,"longitude":1.7422317,"url":"https://lannuaire.service-public.gouv.fr/nouvelle-aquitaine/haute-vienne/865c9208-8d02-41eb-8f16-6c1bc20dccd1"}
{"nom":"Communauté de communes - Réolais en Sud Gironde","type":"","adresse":"1 Rue Rosa-Bonheur , 33190, La Réole , France","postalCode":"33190","city":"La Réole ","country":"France","horaires":"Du Lundi au Jeudi : de 08h30 à 12h30 de 13h30 à 17h00 | Le Vendredi : de 08h30 à 12h30 de 13h30 à 16h00","contacts":{"email":"contact@reolaisensudgironde.fr","telephone":"05 56 71 71 55"},"website":"https://www.reolaisensudgironde.fr/","latitude":44.584,"longitude":0.036167,"url":"https://lannuaire.service-public.gouv.fr/nouvelle-aquitaine/gironde/8869c034-4b2c-458b-a6db-92a786d9a60b"}
{"nom":"Communauté de communes - Rouillacais","type":"","adresse":"314 avenue Jean-Monnet , 16170, Rouillac , France","postalCode":"16170","city":"Rouillac ","country":"France","horaires":"Du Lundi au Vendredi : de 08h30 à 12h30 de 13h30 à 17h30","contacts":{"email":"administration@ccrouillacais.fr","telephone":"05 45 96 83 24"},"website":"https://www.lerouillacais.fr/","latitude":45.774654,"longitude":-0.0649611,"url":"https://lannuaire.service-public.gouv.fr/nouvelle-aquitaine/charente/462a446d-1e0d-461c-b707-8952dcce090d"}
{"nom":"Communauté de communes - Sarlat Périgord Noir","type":"","adresse":"1 avenue du Périgord , 24200, Sarlat-la-Canéda , France","postalCode":"24200","city":"Sarlat-la-Canéda ","country":"France","horaires":"Du Lundi au Vendredi : de 08h30 à 12h30 de 13h30 à 17h00","contacts":{"email":"accueil.ccspn@sarlat.fr","telephone":"05 53 31 90 20"},"website":"https://www.cc-sarlatperigordnoir.fr/","latitude":44.87507,"longitude":1.230781,"url":"https://lannuaire.service-public.gouv.fr/nouvelle-aquitaine/dordogne/a8161d3e-c749-4dd4-b8d4-bbcf553bd5e6"}
{"nom":"Communauté de communes - Secteur de Saint-Loubès","type":"","adresse":"30 bis chemin de Nice , 33450, Saint-Loubès , France","postalCode":"33450","city":"Saint-Loubès ","country":"France","horaires":"Du Lundi au Vendredi : de 09h00 à 12h00 de 13h30 à 17h30","contacts":{"email":"cdc.saintloubes@free.fr","telephone":"05 56 78 91 11"},"website":"https://www.rivesdelalaurence.fr/","latitude":44.91496,"longitude":-0.4249472,"url":"https://lannuaire.service-public.gouv.fr/nouvelle-aquitaine/gironde/4bfe7ae6-b0f2-4fbc-84fb-bdd340525708"}
{"nom":"Communauté de communes - Seignanx","type":"","adresse":"Maison Clairbois , 40390, Saint-Martin-de-Seignanx , France","postalCode":"40390","city":"Saint-Martin-de-Seignanx ","country":"France","horaires":"Du Lundi au Jeudi : de 08h30 à 12h00 de 13h00 à 17h00 | Le Vendredi : de 08h30 à 12h00 de 13h00 à 16h30","contacts":{"email":"accueil@cc-seignanx.fr","telephone":"05 59 56 61 61"},"website":"https://www.cc-seignanx.fr/","latitude":43.543716,"longitude":-1.3864188,"url":"https://lannuaire.service-public.gouv.fr/nouvelle-aquitaine/landes/d3a5d630-81bb-466c-9e52-0af25638c816"}
{"nom":"Communauté de communes - Sud Gironde","type":"","adresse":"21 rue des Acacias , 33210, Mazères , France","postalCode":"33210","city":"Mazères ","country":"France","horaires":"Du Lundi au Vendredi : de 09h00 à 12h00 de 14h00 à 17h00","contacts":{"email":"contact@cdcsudgironde.fr","telephone":"05 56 63 81 10"},"website":"http://www.cdcsudgironde.fr/","latitude":44.516117,"longitude":-0.234308,"url":"https://lannuaire.service-public.gouv.fr/nouvelle-aquitaine/gironde/138fbb08-3aa5-4bc3-b0bf-27b49b4c6e90"}
{"nom":"Communauté de communes - Terrassonnais en Périgord Noir Thenon Hautefort","type":"","adresse":"Pôle des services publics , 24120, Terrasson-Lavilledieu , France","postalCode":"24120","city":"Terrasson-Lavilledieu ","country":"France","horaires":"Du Lundi au Vendredi : de 09h00 à 12h00 de 13h30 à 17h00","contacts":{"email":"contact@ccthpn.fr","telephone":"05 53 50 96 10"},"website":"https://ccthpn.fr/","latitude":45.1353,"longitude":1.300664,"url":"https://lannuaire.service-public.gouv.fr/nouvelle-aquitaine/dordogne/3eadc106-7981-44a1-83ab-9961e03a1ddf"}
{"nom":"Communauté de communes - Terres de Chalosse","type":"","adresse":"55 place Foch , 40380, Montfort-en-Chalosse , France","postalCode":"40380","city":"Montfort-en-Chalosse ","country":"France","horaires":"Du Lundi au Jeudi : de 08h30 à 13h00 de 14h00 à 17h30 | Le Vendredi : de 08h30 à 13h00 de 14h00 à 16h30","contacts":{"email":"contact@terresdechalosse.fr","telephone":"05 58 98 45 88"},"website":"https://www.terresdechalosse.fr/","latitude":43.71091,"longitude":-0.8381844,"url":"https://lannuaire.service-public.gouv.fr/nouvelle-aquitaine/landes/c56a0986-6bfe-49f1-b795-9e0ca967cea2"}
{"nom":"Communauté de communes - Thouarsais","type":"","adresse":"Hôtel des Communes , 79100, Thouars , France","postalCode":"79100","city":"Thouars ","country":"France","horaires":"Du Lundi au Jeudi : de 08h30 à 12h00 de 14h00 à 17h30 | Le Vendredi : de 08h30 à 12h00 de 13h30 à 17h00","contacts":{"email":"info@thouars-communaute.fr","telephone":"05 49 66 77 00"},"website":"https://www.thouars-communaute.fr/","latitude":46.984283,"longitude":-0.211771,"url":"https://lannuaire.service-public.gouv.fr/nouvelle-aquitaine/deux-sevres/1b39bc84-44d3-4215-bed9-d058bcdf6e95"}
{"nom":"Communauté de communes - Val de Charente","type":"","adresse":"9 boulevard des Grands-Rocs , 16700, Ruffec , France","postalCode":"16700","city":"Ruffec ","country":"France","horaires":"Du Lundi au Vendredi : de 09h00 à 12h00 de 14h00 à 17h00","contacts":{"email":"president@ccvaldecharente.fr","telephone":"05 45 31 07 14"},"website":"https://www.ccvaldecharente.fr/","latitude":46.031097,"longitude":0.2025948,"url":"https://lannuaire.service-public.gouv.fr/nouvelle-aquitaine/charente/9aa3d0c6-94a0-4545-84c0-31075edbb81b"}
{"nom":"Communauté de communes - Val de Gâtine","type":"","adresse":"Place Porte-Saint-Antoine , 79220, Champdeniers , France","postalCode":"79220","city":"Champdeniers ","country":"France","horaires":"Du Lundi au Mardi : de 09h00 à 12h30 de 13h30 à 17h00 | Le Mercredi : de 09h00 à 12h00 | Le Jeudi : de 09h00 à 12h30 de 13h30 à 17h00 | Le Vendredi : de 09h00 à 12h30 de 13h30 à 16h00","contacts":{"email":"accueil.champdeniers@valdegatine.fr","telephone":"05 49 25 64 11"},"website":"https://www.valdegatine.fr/accueil.html","latitude":46.48564,"longitude":-0.4022347,"url":"https://lannuaire.service-public.gouv.fr/nouvelle-aquitaine/deux-sevres/6949f806-41a4-45b4-97f8-8f0d8145310e"}
{"nom":"Communauté de communes - Val de l'Eyre","type":"","adresse":"20 route de Suzon , 33830, Belin-Béliet , France","postalCode":"33830","city":"Belin-Béliet ","country":"France","horaires":"Du Lundi au Jeudi : de 08h30 à 12h00 de 13h30 à 17h30 | Le Vendredi : de 08h30 à 12h00 de 13h30 à 17h00","contacts":{"email":"cdc@valdeleyre.fr","telephone":"05 56 88 85 88"},"website":"https://www.valdeleyre.fr/","latitude":44.501278,"longitude":-0.7850677,"url":"https://lannuaire.service-public.gouv.fr/nouvelle-aquitaine/gironde/c684d1be-87fd-4fb0-96a2-6526dba38c23"}
{"nom":"Communauté de communes - Vallée de la Dordogne et Forêt Bessède","type":"","adresse":"16 avenue de la gare , 24220, Saint-Cyprien , France","postalCode":"24220","city":"Saint-Cyprien ","country":"France","horaires":"Du Lundi au Jeudi : de 08h30 à 12h00 de 13h30 à 17h00 | Le Vendredi : de 08h30 à 12h00","contacts":{"email":"contact@ccvdfb.fr","telephone":"05 53 28 66 00"},"website":"https://www.ccdordogne-bessede.fr/","latitude":44.865177,"longitude":1.042187,"url":"https://lannuaire.service-public.gouv.fr/nouvelle-aquitaine/dordogne/2248afa7-4f03-4f4a-ac50-bb42e1633c26"}
{"nom":"Communauté de communes - Vallées du Clain","type":"","adresse":"25 route de Nieuil , 86340, La Villedieu-du-Clain , France","postalCode":"86340","city":"La Villedieu-du-Clain ","country":"France","horaires":"Du Lundi au Mercredi : de 09h00 à 12h15 de 14h00 à 17h00 | Le Jeudi : de 09h00 à 12h15 | Le Vendredi : de 09h00 à 12h15 de 14h00 à 17h00","contacts":{"email":"accueil@valleesduclain.fr","telephone":"05 49 89 02 89"},"website":"https://www.valleesduclain.fr/","latitude":46.50677,"longitude":0.4168684,"url":"https://lannuaire.service-public.gouv.fr/nouvelle-aquitaine/vienne/14417d18-1921-4644-b0a4-513b6e4140cc"}
{"nom":"Communauté de communes - Vals de Saintonge Communauté","type":"","adresse":"55 rue Michel-Texier , 17413, Saint-Jean-d'Angely Cedex , France","postalCode":"17413","city":"Saint-Jean-d'Angely Cedex ","country":"France","horaires":"Du Lundi au Vendredi : de 08h30 à 12h30 de 13h30 à 17h00","contacts":{"email":"info@valsdesaintonge.fr","telephone":"05 46 33 24 77"},"website":"https://www.valsdesaintonge.fr/","latitude":45.945774,"longitude":-0.5287704,"url":"https://lannuaire.service-public.gouv.fr/nouvelle-aquitaine/charente-maritime/37d7cf93-bb14-47d9-bb2e-54cad061115a"}
{"nom":"Communauté de communes - Val de Vienne","type":"","adresse":"24 avenue du Président-Wilson , 87700, Aixe-sur-Vienne , France","postalCode":"87700","city":"Aixe-sur-Vienne ","country":"France","horaires":"Du Lundi au Jeudi : de 09h00 à 12h30 de 14h00 à 17h30 | Le Vendredi : de 09h00 à 12h30 de 14h00 à 17h00","contacts":{"email":"info@cc-valdevienne.fr","telephone":"05 55 70 02 69"},"website":"https://valdevienne.fr/","latitude":45.795853,"longitude":1.1345795,"url":"https://lannuaire.service-public.gouv.fr/nouvelle-aquitaine/haute-vienne/963708ba-98ab-41da-91a8-4ad49fd4602d"}
{"nom":"Communauté de communes - Ventadour Egletons Monédières","type":"","adresse":"1 avenue de l'Épinette , 19550, Lapleau , France","postalCode":"19550","city":"Lapleau ","country":"France","horaires":"Du Lundi au Vendredi : de 09h00 à 12h30 de 13h30 à 17h00","contacts":{"email":"accueil@cc-ventadour.fr","telephone":"05 55 27 69 26"},"website":"http://www.cc-ventadour.fr/","latitude":45.29345,"longitude":2.166657,"url":"https://lannuaire.service-public.gouv.fr/nouvelle-aquitaine/correze/d9a08b45-e751-492b-a60c-0d6973d3b0d9"}
{"nom":"Communauté de communes - Vézère-Monédières-Millesources","type":"","adresse":"15 avenue du Général-de-Gaulle , 19260, Treignac , France","postalCode":"19260","city":"Treignac ","country":"France","horaires":"Du Lundi au Vendredi : de 09h00 à 12h00 de 14h00 à 17h00","contacts":{"email":"contact@ccv2m.fr","telephone":"05 55 73 45 92"},"website":"http://ccv2m.fr/","latitude":45.534985,"longitude":1.795538,"url":"https://lannuaire.service-public.gouv.fr/nouvelle-aquitaine/correze/6f9bc01a-452f-4f63-bf91-7aa4f7445d47"}
{"nom":"Communauté de communes - Vienne et Gartempe","type":"","adresse":"6 rue Daniel-Cormier , 86500, Montmorillon , France","postalCode":"86500","city":"Montmorillon ","country":"France","horaires":"Du Lundi au Jeudi : de 08h30 à 12h00 de 13h30 à 17h30 | Le Vendredi : de 08h30 à 12h00 de 13h30 à 16h30","contacts":{"email":"contact@ccvg86.fr","telephone":"05 49 91 07 53"},"website":"https://www.vienneetgartempe.fr/","latitude":46.427742,"longitude":0.8738143,"url":"https://lannuaire.service-public.gouv.fr/nouvelle-aquitaine/vienne/bca388d4-3e7f-406f-b88a-86cdf2f78ca1"}
{"nom":"Communauté de communes - Xaintrie Val'Dordogne","type":"","adresse":"8 avenue du 8-Mai-1945 , 19400, Argentat-sur-Dordogne , France","postalCode":"19400","city":"Argentat-sur-Dordogne ","country":"France","horaires":"Du Lundi au Jeudi : de 09h00 à 12h00 de 13h30 à 17h00 | Le Vendredi : de 09h00 à 12h00 de 13h30 à 16h30","contacts":{"email":"accueil@xaintrie-val-dordogne.fr","telephone":"05 55 91 01 75"},"website":"https://www.xaintrie-val-dordogne.fr/","latitude":45.094933,"longitude":1.9393781,"url":"https://lannuaire.service-public.gouv.fr/nouvelle-aquitaine/correze/117669f4-baf0-47b4-8ea0-32ca912b3fcf"}
{"nom":"Communauté urbaine - Grand Poitiers","type":"","adresse":"84 rue des Carmélites , 86000, Poitiers , France","postalCode":"86000","city":"Poitiers ","country":"France","horaires":"Du Lundi au Vendredi : de 08h30 à 17h30","contacts":{"email":"communication@grandpoitiers.fr","telephone":"05 49 52 35 35"},"website":"https://www.grandpoitiers.fr/","latitude":46.58429,"longitude":0.338982,"url":"https://lannuaire.service-public.gouv.fr/nouvelle-aquitaine/vienne/24e7b7c8-6a27-474b-8542-42ee50759869"}
{"nom":"Communauté urbaine - Limoges Métropole","type":"","adresse":"19 rue Bernard-Palissy , 87031, Limoges , France","postalCode":"87031","city":"Limoges ","country":"France","horaires":"Du Lundi au Vendredi : de 08h30 à 12h30 de 13h30 à 17h00","contacts":{"email":"communaute-urbaine@limoges-metropole.fr","telephone":"05 55 45 79 00"},"website":"https://www.limoges-metropole.fr/","latitude":45.827316,"longitude":1.2607667,"url":"https://lannuaire.service-public.gouv.fr/nouvelle-aquitaine/haute-vienne/e85a63e9-98d7-4172-b885-f483445de877"}
{"nom":"Le Grand Périgueux","type":"","adresse":"1 boulevard Lakanal , 24019, Périgueux Cedex , France","postalCode":"24019","city":"Périgueux Cedex ","country":"France","horaires":"Du Lundi au Jeudi : de 08h30 à 12h30 de 13h30 à 18h00 | Le Vendredi : de 08h30 à 12h30 de 13h30 à 17h00","contacts":{"email":"contact@grandperigueux.fr","telephone":"05 53 35 86 00"},"website":"https://www.grandperigueux.fr/","latitude":45.177525,"longitude":0.7207321,"url":"https://lannuaire.service-public.gouv.fr/nouvelle-aquitaine/dordogne/99794583-62bc-4ea8-861c-51ce457e918f"}
{"nom":"Métropole - Bordeaux","type":"","adresse":"Bordeaux Métropole , 33045, Bordeaux Cedex , France","postalCode":"33045","city":"Bordeaux Cedex ","country":"France","horaires":"Du Lundi au Vendredi : de 08h15 à 17h00","contacts":{"email":"","telephone":"05 56 99 84 84"},"website":"https://www.bordeaux-metropole.fr/","latitude":44.837166,"longitude":-0.5843447,"url":"https://lannuaire.service-public.gouv.fr/nouvelle-aquitaine/gironde/9e2406f5-c496-4b3b-9b9c-faa3ca7b6aba"}
