{"nom":"Agglomération - Carcassonne","type":"","adresse":"1 rue Pierre-Germain , 11890, Carcassonne , France","postalCode":"11890","city":"Carcassonne ","country":"France","horaires":"Du Lundi au Vendredi : de 08h00 à 12h00 de 13h30 à 17h00","contacts":{"email":"cabinet@carcassone-agglo.fr","telephone":"04 68 10 56 00"},"website":"https://www.carcassonne-agglo.fr/","latitude":43.213192,"longitude":2.3580897,"url":"https://lannuaire.service-public.gouv.fr/occitanie/aude/03ad4bc6-785f-4857-a955-6417151d37f2"}
{"nom":"Agglomération - Muretain","type":"","adresse":"8 bis avenue Vincent-Auriol , 31601, Muret , France","postalCode":"31601","city":"Muret ","country":"France","horaires":"Du Lundi au Jeudi : de 08h30 à 12h00 de 13h30 à 17h30 | Le Vendredi : de 08h30 à 12h00 de 13h30 à 16h30","contacts":{"email":"accueil@agglo-muretain.fr","telephone":"05 34 46 30 30"},"website":"http://www.agglo-muretain.fr/","latitude":43.468586,"longitude":1.3361539,"url":"https://lannuaire.service-public.gouv.fr/occitanie/haute-garonne/0949e812-0105-46f8-9bee-4e180a8e5098"}
{"nom":"Agglomération - Pays-de-l'Or","type":"","adresse":"Aéroport Montpellier-Méditerranée , 34137, Mauguio , France","postalCode":"34137","city":"Mauguio ","country":"France","horaires":"Du Lundi au Vendredi : de 08h30 à 12h00 de 13h30 à 17h00","contacts":{"email":"secretariat@paysdelor.fr","telephone":"04 67 12 35 00"},"website":"https://paysdelor.fr/","latitude":43.579597,"longitude":3.9652371,"url":"https://lannuaire.service-public.gouv.fr/occitanie/herault/2af2db79-858d-4be5-b0a5-5595c1ec5d83"}
{"nom":"Agglomération - Rodez","type":"","adresse":"17 rue Aristide-Briand , 12035, Rodez , France","postalCode":"12035","city":"Rodez ","country":"France","horaires":"Du Lundi au Jeudi : de 08h30 à 12h00 de 13h30 à 17h30 | Le Vendredi : de 08h30 à 12h00 de 13h30 à 17h00","contacts":{"email":"rodezagglomeration@rodezagglo.fr","telephone":"05 65 73 83 00"},"website":"https://www.rodezagglo.fr/","latitude":44.350426,"longitude":2.577115,"url":"https://lannuaire.service-public.gouv.fr/occitanie/aveyron/577968cc-400a-46b5-804c-f0d6db15efb6"}
{"nom":"Communauté d'agglomération - Albigeois","type":"","adresse":"Parc François-Mitterrand , 81160, Saint-Juéry , France","postalCode":"81160","city":"Saint-Juéry ","country":"France","horaires":"Du Lundi au Jeudi : de 08h30 à 12h00 de 13h30 à 17h30 | Le Vendredi : de 08h30 à 12h00 de 13h30 à 17h00","contacts":{"email":"secretariat.general@grand-albigeois.fr","telephone":"05 63 76 06 06"},"website":"https://www.grand-albigeois.fr/","latitude":43.950554,"longitude":2.211863,"url":"https://lannuaire.service-public.gouv.fr/occitanie/tarn/9becab73-9a6f-48ac-bee7-69c4eebd080e"}
{"nom":"Communauté d'agglomération - Alès","type":"","adresse":"Bâtiment Atome , 30100, Alès , France","postalCode":"30100","city":"Alès ","country":"France","horaires":"Du Lundi au Vendredi : de 08h15 à 12h15 de 13h30 à 17h30","contacts":{"email":"accueil.atome@alesagglo.fr","telephone":"04 66 55 84 00"},"website":"https://www.ales.fr/","latitude":44.124672,"longitude":4.08123,"url":"https://lannuaire.service-public.gouv.fr/occitanie/gard/8efdd582-964f-4f45-aae2-43f4c29e0503"}
{"nom":"Communauté d'agglomération - Béziers Méditerranée","type":"","adresse":"39 boulevard de Verdun , 34536, Béziers Cedex , France","postalCode":"34536","city":"Béziers Cedex ","country":"France","horaires":"Du Lundi au Vendredi : de 08h00 à 12h30 de 13h30 à 17h30","contacts":{"email":"lagglo@beziers-mediterranee.fr","telephone":"04 67 01 68 68"},"website":"https://agglobeziers.fr/","latitude":43.33623,"longitude":3.2236202,"url":"https://lannuaire.service-public.gouv.fr/occitanie/herault/e770f5f7-3609-465f-b0d8-e61d913cffe8"}
{"nom":"Communauté d'agglomération - Castres Mazamet","type":"","adresse":"Le Causse-d'Entreprises , 81100, Castres , France","postalCode":"81100","city":"Castres ","country":"France","horaires":"Du Lundi au Vendredi : de 08h00 à 12h00 de 13h30 à 17h30","contacts":{"email":"agglomeration@castres-mazamet.com","telephone":"05 63 73 50 00"},"website":"https://www.castres-mazamet.fr/","latitude":43.606213,"longitude":2.241295,"url":"https://lannuaire.service-public.gouv.fr/occitanie/tarn/b20a4cf4-2920-4cb8-897a-ea66b4be388c"}
{"nom":"Communauté d'agglomération - Gaillac-Graulhet","type":"","adresse":"Le Nay-Técou , 81600, Gaillac , France","postalCode":"81600","city":"Gaillac ","country":"France","horaires":"Du Lundi au Vendredi : de 09h00 à 12h15 de 13h45 à 17h30","contacts":{"email":"accueil@gaillac-graulhet.fr","telephone":"05 63 83 61 61"},"website":"https://www.gaillac-graulhet.fr/","latitude":43.900333,"longitude":1.896923,"url":"https://lannuaire.service-public.gouv.fr/occitanie/tarn/4ee89124-76c9-4e53-9b46-84d8da2707e0"}
{"nom":"Communauté d'agglomération - Gard Rhodanien","type":"","adresse":"1717 route d'Avignon , 30200, Bagnols-sur-Cèze , France","postalCode":"30200","city":"Bagnols-sur-Cèze ","country":"France","horaires":"Du Lundi au Jeudi : de 08h30 à 12h30 de 13h30 à 17h30 | Le Vendredi : de 08h30 à 12h30 de 13h30 à 17h00","contacts":{"email":"agglo@gardrhodanien.fr","telephone":"04 66 79 01 02"},"website":"https://www.gardrhodanien.fr/","latitude":44.154408,"longitude":4.6427674,"url":"https://lannuaire.service-public.gouv.fr/occitanie/gard/a235555b-17f3-4de5-811b-344dbc127401"}
{"nom":"Communauté d'agglomération - Grand Auch Coeur de Gascogne","type":"","adresse":"1 rue Darwin , 32000, Auch , France","postalCode":"32000","city":"Auch ","country":"France","horaires":"Du Lundi au Vendredi : de 08h30 à 12h00 de 14h00 à 17h00","contacts":{"email":"accueil@grand-auch.fr","telephone":"05 62 60 40 10"},"website":"https://www.grandauch.com/","latitude":43.631763,"longitude":0.588492,"url":"https://lannuaire.service-public.gouv.fr/occitanie/gers/9368c218-812d-4474-9228-506694d16166"}
{"nom":"Communauté d'agglomération - Grand Cahors","type":"","adresse":"72 rue Wilson , 46000, Cahors , France","postalCode":"46000","city":"Cahors ","country":"France","horaires":"Du Lundi au Vendredi : de 08h00 à 12h00 de 13h30 à 17h30","contacts":{"email":"communication@mairie-cahors.fr","telephone":"05 65 20 88 99"},"website":"https://cahorsagglo.fr/","latitude":44.446247,"longitude":1.4401101,"url":"https://lannuaire.service-public.gouv.fr/occitanie/lot/d9599850-0b16-4ff2-a765-5676cbecdc9d"}
{"nom":"Communauté d'agglomération - Grand Montauban","type":"","adresse":"9 rue de lHôtel-de-Ville , 82000, Montauban , France","postalCode":"82000","city":"Montauban ","country":"France","horaires":"Du Lundi au Vendredi : de 08h30 à 12h15 de 13h30 à 17h30","contacts":{"email":"contact@ville-montauban.fr","telephone":"05 63 22 12 00"},"website":"https://www.montauban.com/","latitude":44.016415,"longitude":1.3528721,"url":"https://lannuaire.service-public.gouv.fr/occitanie/tarn-et-garonne/d7f6b316-ae1a-4251-a85c-f4e92c26386e"}
{"nom":"Communauté d'agglomération - Hérault Méditerranée","type":"","adresse":"ZI Le Causse , 34630, Saint-Thibéry , France","postalCode":"34630","city":"Saint-Thibéry ","country":"France","horaires":"Du Lundi au Vendredi : de 08h00 à 12h00 de 14h00 à 17h00","contacts":{"email":"accueil@agglohm.net","telephone":"04 99 47 48 49"},"website":"https://www.agglo-heraultmediterranee.net/","latitude":43.39864,"longitude":3.412055,"url":"https://lannuaire.service-public.gouv.fr/occitanie/herault/ac55b92e-0eae-4955-be97-38a6a4de65fd"}
{"nom":"Communauté d'agglomération - Le Grand Narbonne","type":"","adresse":"12 boulevard Frédéric-Mistral , 11100, Narbonne , France","postalCode":"11100","city":"Narbonne ","country":"France","horaires":"Du Lundi au Vendredi : de 08h30 à 12h00 de 13h30 à 17h00","contacts":{"email":"contact@legrandnarbonne.com","telephone":"04 68 58 14 58"},"website":"https://www.legrandnarbonne.com/","latitude":43.185505,"longitude":3.001332,"url":"https://lannuaire.service-public.gouv.fr/occitanie/aude/6e6204c9-67dc-4f94-bb06-454971b76038"}
{"nom":"Communauté d'Agglomération - Lunel Agglomération","type":"","adresse":"152 chemin des Merles , 34400, Lunel , France","postalCode":"34400","city":"Lunel ","country":"France","horaires":"Du Lundi au Vendredi : de 08h30 à 12h00 de 14h00 à 17h30","contacts":{"email":"secretariat.general@lunelagglo.fr","telephone":"04 67 83 87 00"},"website":"https://www.lunelagglo.fr/","latitude":43.67574,"longitude":4.138053,"url":"https://lannuaire.service-public.gouv.fr/occitanie/herault/4372dbbf-1f75-40ec-bc99-12f76045e9cf"}
{"nom":"Communauté d'agglomération - Nîmes Métropole","type":"","adresse":"3 rue du Colisée , 30947, Nîmes , France","postalCode":"30947","city":"Nîmes ","country":"France","horaires":"Du Lundi au Vendredi : de 07h30 à 19h00","contacts":{"email":"","telephone":"04 66 02 55 55"},"website":"https://www.nimes-metropole.fr/accueil.html","latitude":43.820328,"longitude":4.356999,"url":"https://lannuaire.service-public.gouv.fr/occitanie/gard/55f805c7-f216-4d91-854c-3924871f20bf"}
{"nom":"Communauté d'agglomération - Pays Foix Varilhes","type":"","adresse":"1 A avenue du Général-de-Gaulle , 09000, Foix , France","postalCode":"09000","city":"Foix ","country":"France","horaires":"Du Lundi au Vendredi : de 09h00 à 12h00 de 15h00 à 17h00","contacts":{"email":"accueil@agglo-pfv.fr","telephone":"05 34 09 09 30"},"website":"https://www.agglo-foix-varilhes.fr/","latitude":42.960224,"longitude":1.6091745,"url":"https://lannuaire.service-public.gouv.fr/occitanie/ariege/6fca2413-38c3-40ae-9ab8-08030aee6555"}
{"nom":"Communauté d'agglomération - Sicoval","type":"","adresse":"110 rue Marco-Polo , 31670, Labège , France","postalCode":"31670","city":"Labège ","country":"France","horaires":"Du Lundi au Mercredi : de 08h30 à 12h30 de 13h30 à 17h30 | Le Jeudi : de 08h30 à 12h30 de 13h30 à 15h30 | Le Vendredi : de 08h30 à 12h30 de 13h30 à 16h30","contacts":{"email":"info@sicoval.fr","telephone":"05 62 24 02 02"},"website":"https://www.sicoval.fr/","latitude":43.544117,"longitude":1.505566,"url":"https://lannuaire.service-public.gouv.fr/occitanie/haute-garonne/1b2c5dea-d387-4c1c-b1b2-3edbef4defed"}
{"nom":"Communauté de communes - Adour Madiran","type":"","adresse":"21 place du Corps-Franc-Pommiès , 65500, Vic-en-Bigorre , France","postalCode":"65500","city":"Vic-en-Bigorre ","country":"France","horaires":"Du Lundi au Jeudi : de 08h30 à 12h30 de 14h00 à 18h00 | Le Vendredi : de 08h30 à 12h30 de 14h00 à 17h30","contacts":{"email":"contact@adour-madiran.fr","telephone":"05 62 31 68 84"},"website":"https://www.adour-madiran.fr/","latitude":43.38676,"longitude":0.0555309,"url":"https://lannuaire.service-public.gouv.fr/occitanie/hautes-pyrenees/1a85d3a4-75fb-4d31-aacc-41c33033086f"}
{"nom":"Communauté de communes - Agly Fenouillèdes","type":"","adresse":"14 rue de Lesquerde , 66220, Saint-Paul-de-Fenouillet , France","postalCode":"66220","city":"Saint-Paul-de-Fenouillet ","country":"France","horaires":"Du Lundi au Vendredi : de 09h00 à 12h00 de 14h00 à 17h00","contacts":{"email":"contact@cc-aglyfenouilledes.fr","telephone":"04 68 59 20 13"},"website":"http://www.cc-aglyfenouilledes.fr/","latitude":42.810295,"longitude":2.5073798,"url":"https://lannuaire.service-public.gouv.fr/occitanie/pyrenees-orientales/0ac1f21d-2274-465a-959d-9c797096b9a8"}
{"nom":"Communauté de communes - Albères Côte Vermeille et de l'Illibéris","type":"","adresse":"3 impasse de Charlemagne , 66700, Argelès-sur-Mer , France","postalCode":"66700","city":"Argelès-sur-Mer ","country":"France","horaires":"Du Lundi au Vendredi : de 08h00 à 12h00 de 13h30 à 17h30","contacts":{"email":"accueil@cc-acvi.com","telephone":"04 68 81 63 77"},"website":"https://www.cc-acvi.com/","latitude":42.54587,"longitude":3.0378647,"url":"https://lannuaire.service-public.gouv.fr/occitanie/pyrenees-orientales/5b70bf08-85bb-4131-99a5-79ff6a617344"}
{"nom":"Communauté de communes - Arize Lèze","type":"","adresse":"Route de Foix , 09130, Le Fossat , France","postalCode":"09130","city":"Le Fossat ","country":"France","horaires":"Du Lundi au Vendredi : de 09h00 à 12h00 de 14h00 à 17h00","contacts":{"email":"accueil@arize-leze.fr","telephone":"05 61 68 55 90"},"website":"https://www.arize-leze.fr/","latitude":43.171062,"longitude":1.4111401,"url":"https://lannuaire.service-public.gouv.fr/occitanie/ariege/2287290a-bed6-4da4-b92a-977289c5c76b"}
{"nom":"Communauté de communes - Armagnac Adour","type":"","adresse":"1 lotissement du Bourdalat , 32400, Riscle , France","postalCode":"32400","city":"Riscle ","country":"France","horaires":"Du Lundi au Jeudi : de 08h30 à 12h30 de 14h00 à 17h30 | Le Vendredi : de 08h30 à 12h30 de 14h00 à 17h00","contacts":{"email":"ccaa@armagnacadour.fr","telephone":"05 62 69 86 43"},"website":"http://www.armagnacadour.fr/","latitude":43.654953,"longitude":-0.083938,"url":"https://lannuaire.service-public.gouv.fr/occitanie/gers/e0e62423-119a-4c94-8c47-0ccdf5d43ba3"}
{"nom":"Communauté de communes - Artagnan en Fezensac","type":"","adresse":"Complexe des Cordeliers , 32190, Vic-Fezensac , France","postalCode":"32190","city":"Vic-Fezensac ","country":"France","horaires":"Du Lundi au Vendredi : de 09h00 à 12h30 de 13h30 à 16h30","contacts":{"email":"accueil@dartagnanenfezensac.com","telephone":"05 62 64 89 63"},"website":"https://www.dartagnanenfezensac.com/","latitude":43.757183,"longitude":0.3018773,"url":"https://lannuaire.service-public.gouv.fr/occitanie/gers/730ce44f-d282-4569-9da4-0d69ce78f68f"}
{"nom":"Communauté de communes - Aspres","type":"","adresse":"2e étage , 66300, Thuir , France","postalCode":"66300","city":"Thuir ","country":"France","horaires":"Du Lundi au Vendredi : de 08h30 à 12h00 de 14h00 à 17h30","contacts":{"email":"contact@cc-aspres.fr","telephone":"04 68 53 21 87"},"website":"https://www.cc-aspres.fr/","latitude":42.633713,"longitude":2.7589006,"url":"https://lannuaire.service-public.gouv.fr/occitanie/pyrenees-orientales/851d2dad-aa3a-4100-b069-4fa3d9660e55"}
{"nom":"Communauté de communes - Astarac Arros en Gascogne","type":"","adresse":"19 avenue de Gascogne , 32730, Villecomtal-sur-Arros , France","postalCode":"32730","city":"Villecomtal-sur-Arros ","country":"France","horaires":"Du Lundi au Vendredi : de 09h00 à 12h00 de 14h00 à 17h00","contacts":{"email":"contact@cdcaag.fr","telephone":"05 62 64 84 51"},"website":"https://www.cdcaag.fr/","latitude":43.40194,"longitude":0.2003763,"url":"https://lannuaire.service-public.gouv.fr/occitanie/gers/2c1fbf3a-780b-40ef-a45a-a70705ee2006"}
{"nom":"Communauté de communes - Aubrac, Carladez et Viadène","type":"","adresse":"1 rue du Faubourg , 12210, Laguiole , France","postalCode":"12210","city":"Laguiole ","country":"France","horaires":"Du Lundi au Vendredi : de 09h00 à 12h00 de 14h00 à 17h00","contacts":{"email":"contact@ccacv.fr","telephone":"05 65 51 52 30"},"website":"https://www.ccacv.fr/","latitude":44.683823,"longitude":2.845865,"url":"https://lannuaire.service-public.gouv.fr/occitanie/aveyron/a52840bc-48ac-455f-bba0-e1dd5632dca7"}
{"nom":"Communauté de communes - Aubrac Lot Causses Tarn","type":"","adresse":"16 quartier de Tremoulis , 48500, La Canourgue , France","postalCode":"48500","city":"La Canourgue ","country":"France","horaires":"Du Lundi au Mardi : de 09h00 à 12h00 de 13h30 à 16h30 | Le Mercredi : de 09h00 à 12h00 | Du Jeudi au Vendredi : de 09h00 à 12h00 de 13h30 à 16h30","contacts":{"email":"contact@ccalct.fr","telephone":"04 66 31 41 23"},"website":"https://www.ccalct.fr/","latitude":44.43133,"longitude":3.21584,"url":"https://lannuaire.service-public.gouv.fr/occitanie/lozere/1bcf7552-0ff0-48b5-97fc-4ccfb809c710"}
{"nom":"Communauté de communes - Aure Louron","type":"","adresse":"Château de Ségure , 65240, Arreau , France","postalCode":"65240","city":"Arreau ","country":"France","horaires":"Du Lundi au Vendredi : de 09h00 à 12h00 de 14h00 à 17h00","contacts":{"email":"contact@aure-louron.fr","telephone":"05 62 40 10 71"},"website":"https://www.aure-louron.fr/","latitude":42.905464,"longitude":0.3589842,"url":"https://lannuaire.service-public.gouv.fr/occitanie/hautes-pyrenees/df300c30-7b29-444d-a637-392cdc54f733"}
{"nom":"Communauté de communes - Aveyron Bas Ségala Viaur","type":"","adresse":"3 rue du Balat , 12240, Rieupeyroux , France","postalCode":"12240","city":"Rieupeyroux ","country":"France","horaires":"Le Lundi : de 14h00 à 17h30 | Du Mardi au Jeudi : de 08h30 à 12h00 de 14h00 à 17h30","contacts":{"email":"administration@ccabsv.fr","telephone":"05 65 65 67 38"},"website":"https://aveyronbassegalaviaur.fr/","latitude":44.306892,"longitude":2.237092,"url":"https://lannuaire.service-public.gouv.fr/occitanie/aveyron/9dd2bd6d-3237-4fc2-b287-660a30e60dd7"}
{"nom":"Communauté de communes - Bas Armagnac","type":"","adresse":"2 route du Nogaropôle , 32110, Caupenne-d'Armagnac , France","postalCode":"32110","city":"Caupenne-d'Armagnac ","country":"France","horaires":"Du Lundi au Mercredi : de 08h00 à 12h30 de 13h30 à 17h00 | Le Jeudi : de 08h00 à 12h30 | Le Vendredi : de 08h00 à 12h30 de 13h30 à 16h00","contacts":{"email":"info@cc-basarmagnac.fr","telephone":"05 62 69 01 16"},"website":"https://cc-basarmagnac.fr/","latitude":43.769875,"longitude":-0.042287,"url":"https://lannuaire.service-public.gouv.fr/occitanie/gers/876fcb46-6243-4c8f-8211-d3dd4dcfb30b"}
{"nom":"Communauté de communes - Bassin Auterivain","type":"","adresse":"ZI Robert-Lavigne , 31190, Auterive , France","postalCode":"31190","city":"Auterive ","country":"France","horaires":"Du Lundi au Vendredi : de 09h00 à 12h30 de 13h30 à 17h00","contacts":{"email":"accueil@ccba31.fr","telephone":"05 61 50 99 00"},"website":"https://www.ccba31.fr/","latitude":43.348858,"longitude":1.4717863,"url":"https://lannuaire.service-public.gouv.fr/occitanie/haute-garonne/4eef5706-bce9-4cb4-9105-33b0923dfb80"}
{"nom":"Communauté de communes - Bastides et Vallons du Gers","type":"","adresse":"Route du Lac , 32230, Marciac , France","postalCode":"32230","city":"Marciac ","country":"France","horaires":"Du Lundi au Jeudi : de 09h00 à 12h30 de 14h00 à 17h30 | Le Vendredi : de 09h00 à 12h30 de 14h00 à 17h00","contacts":{"email":"accueil@ccbvg.fr","telephone":"05 62 09 30 68"},"website":"https://www.ccbvg.fr/","latitude":43.52445,"longitude":0.1609549,"url":"https://lannuaire.service-public.gouv.fr/occitanie/gers/c294f1e4-0874-4933-9f7a-c54bf885c0e0"}
{"nom":"Communauté de communes - Bastides de Lomagne","type":"","adresse":"ZA , 32120, Mauvezin , France","postalCode":"32120","city":"Mauvezin ","country":"France","horaires":"Du Lundi au Vendredi : de 08h30 à 17h30","contacts":{"email":"contact@ccbl32.fr","telephone":"05 62 06 84 67"},"website":"https://www.ccbl32.fr/ccbl/index.php","latitude":43.72203,"longitude":0.8727942,"url":"https://lannuaire.service-public.gouv.fr/occitanie/gers/a9b33bed-72fc-4be3-8432-bce2d52a51c4"}
{"nom":"Communauté de communes - Beaucaire Terre d'Argence","type":"","adresse":"1 avenue de la Croix-Blanche , 30300, Beaucaire , France","postalCode":"30300","city":"Beaucaire ","country":"France","horaires":"Du Lundi au Vendredi : de 08h30 à 12h00 de 14h00 à 17h00","contacts":{"email":"contact@laterredargence.fr","telephone":"04 66 59 54 54"},"website":"http://www.laterredargence.fr/","latitude":43.809086,"longitude":4.629409,"url":"https://lannuaire.service-public.gouv.fr/occitanie/gard/5c55bac6-ee9d-4bbd-9eff-86a1c2ef4670"}
{"nom":"Communauté de communes - Cagire Garonne Salat","type":"","adresse":"15 avenue du Comminges , 31260, Mane , France","postalCode":"31260","city":"Mane ","country":"France","horaires":"Du Lundi au Vendredi : de 09h00 à 12h30 de 13h30 à 17h00","contacts":{"email":"secretariat@cagiregaronnesalat.fr","telephone":"05 61 98 49 30"},"website":"https://www.cagiregaronnesalat.fr/","latitude":43.08358,"longitude":0.94693,"url":"https://lannuaire.service-public.gouv.fr/occitanie/haute-garonne/c8782446-abc9-4fe1-a2e7-23f4de1030a0"}
{"nom":"Communauté de communes - Canton d'Ossun","type":"","adresse":"Téléport 1 , 65000, Tarbes , France","postalCode":"65000","city":"Tarbes ","country":"France","horaires":"Du Lundi au Vendredi : de 09h00 à 12h00 de 14h00 à 17h00","contacts":{"email":"","telephone":"05 62 32 98 85"},"website":"https://www.agglo-tlp.fr/","latitude":43.186962,"longitude":0.007623467,"url":"https://lannuaire.service-public.gouv.fr/occitanie/hautes-pyrenees/75a170b6-528b-456c-aec0-fe339a3a01df"}
{"nom":"Communauté de communes - Carmausin Ségala","type":"","adresse":"53bis avenue Bouloc-Torcatis , 81400, Carmaux , France","postalCode":"81400","city":"Carmaux ","country":"France","horaires":"Du Lundi au Jeudi : de 09h00 à 12h00 de 14h00 à 17h00 | Le Vendredi : de 09h00 à 12h00","contacts":{"email":"contact@3c-s.fr","telephone":"05 63 36 14 03"},"website":"https://www.carmausin-segala.fr/","latitude":44.05399,"longitude":2.152784,"url":"https://lannuaire.service-public.gouv.fr/occitanie/tarn/a47c3a55-3f89-4cb9-9c9a-a500000d87c0"}
{"nom":"Communauté de communes - Castelnaudary Lauragais Audois","type":"","adresse":"280 Avenue Gérard-Rouvière , 11490, Castelnaudary , France","postalCode":"11490","city":"Castelnaudary ","country":"France","horaires":"Du Lundi au Vendredi : de 08h00 à 12h00 de 14h00 à 17h00","contacts":{"email":"contact@cccla.fr","telephone":"04 68 23 68 43"},"website":"https://www.cccla.fr/","latitude":43.29186,"longitude":1.9524207,"url":"https://lannuaire.service-public.gouv.fr/occitanie/aude/726d47fb-7ab9-4ca8-abbf-3923b6e73242"}
{"nom":"Communauté de communes - Causse de Labastide Murat","type":"","adresse":"Labastide-Murat , 46240, Coeur-de-Causse , France","postalCode":"46240","city":"Coeur-de-Causse ","country":"France","horaires":"Du Lundi au Vendredi : de 09h00 à 12h00 de 14h00 à 17h00","contacts":{"email":"contact@cc-labastide-murat.fr","telephone":"05 65 20 08 50"},"website":"https://www.cc-labastide-murat.fr/","latitude":44.646305,"longitude":1.5668488,"url":"https://lannuaire.service-public.gouv.fr/occitanie/lot/3fbe5157-ee53-4b22-bb46-f7e26ae4c445"}
{"nom":"Communauté de communes - Causses Aigoual Cévennes","type":"","adresse":"L'Ésperou , 30570, Val d'Aigoual , France","postalCode":"30570","city":"Val d'Aigoual ","country":"France","horaires":"Du Lundi au Vendredi : de 08h00 à 12h30 de 13h30 à 17h00","contacts":{"email":"c.c@cac-ts.com","telephone":"04 67 82 73 79"},"website":"https://caussesaigoualcevennes.fr/","latitude":44.081017,"longitude":3.64152,"url":"https://lannuaire.service-public.gouv.fr/occitanie/gard/9392a24e-eebc-4b6e-baf2-96825e537609"}
{"nom":"Communauté de communes - Causses à l'Aubrac","type":"","adresse":"3 place de la Fontaine , 12310, Palmas d'Aveyron , France","postalCode":"12310","city":"Palmas d'Aveyron ","country":"France","horaires":"Du Lundi au Vendredi : de 09h00 à 17h00","contacts":{"email":"contact@caussesaubrac.fr","telephone":"05 65 70 69 60"},"website":"http://www.caussesaubrac.fr/","latitude":44.41234,"longitude":2.876877,"url":"https://lannuaire.service-public.gouv.fr/occitanie/aveyron/4245cf90-5df1-49fb-9ff8-97d4398d6fc1"}
{"nom":"Communauté de communes - Cauvaldor","type":"","adresse":"Bramefond , 46200, Souillac , France","postalCode":"46200","city":"Souillac ","country":"France","horaires":"Du Lundi au Vendredi : de 09h00 à 12h00 de 14h00 à 17h00","contacts":{"email":"contact@cauvaldor.fr","telephone":"05 65 27 02 10"},"website":"https://www.cauvaldor.fr/","latitude":44.906742,"longitude":1.493949,"url":"https://lannuaire.service-public.gouv.fr/occitanie/lot/4934c59d-9a8f-44de-8b13-ec71033348c9"}
{"nom":"Communauté de communes - Cazals Salviac","type":"","adresse":"5 boulevard Hugon , 46340, Salviac , France","postalCode":"46340","city":"Salviac ","country":"France","horaires":"Du Lundi au Vendredi : de 08h15 à 12h30","contacts":{"email":"accueil@cc-cazalssalviac.fr","telephone":"05 65 41 62 40"},"website":"https://www.cc-cazalssalviac.fr/","latitude":44.681255,"longitude":1.265365,"url":"https://lannuaire.service-public.gouv.fr/occitanie/lot/4fb3e530-d953-455c-ad5d-67468bb53d09"}
{"nom":"Communauté de communes - Centre Tarn","type":"","adresse":"2 bis boulevard Carnot , 81120, Réalmont , France","postalCode":"81120","city":"Réalmont ","country":"France","horaires":"Du Lundi au Vendredi : de 09h00 à 12h15 de 13h30 à 17h30","contacts":{"email":"direction@centretarn.fr","telephone":"05 63 79 21 27"},"website":"https://www.centretarn.fr/","latitude":43.77676,"longitude":2.1910782,"url":"https://lannuaire.service-public.gouv.fr/occitanie/tarn/c64af365-273f-4ffe-bdfb-93b88e529d77"}
{"nom":"Communauté de communes - Cévennes au Mont Lozère","type":"","adresse":"Route Nationale , 48160, Le Collet-de-Dèze , France","postalCode":"48160","city":"Le Collet-de-Dèze ","country":"France","horaires":"Du Lundi au Mardi : de 09h00 à 12h00 de 14h00 à 16h00 | Du Jeudi au Vendredi : de 09h00 à 12h00 de 14h00 à 16h00","contacts":{"email":"contact@cevennes-mont-lozere.fr","telephone":"04 66 65 07 79"},"website":"https://www.cevennes-mont-lozere.fr/","latitude":44.24652,"longitude":3.922964,"url":"https://lannuaire.service-public.gouv.fr/occitanie/lozere/92faeeee-1edc-4cea-ad0b-a0ee85aa9b19"}
{"nom":"Communauté de communes - Cévennes Gangeoises et Suménoises","type":"","adresse":"26 avenue Pasteur , 34190, Ganges , France","postalCode":"34190","city":"Ganges ","country":"France","horaires":"Du Lundi au Mardi : de 08h30 à 12h30 | Le Mercredi : de 08h30 à 12h00 | Du Jeudi au Vendredi : de 08h30 à 12h30","contacts":{"email":"contact@cdcgangesumene.fr","telephone":"04 67 73 78 60"},"website":"https://cdcgangesumene.fr/","latitude":43.932518,"longitude":3.7107828,"url":"https://lannuaire.service-public.gouv.fr/occitanie/herault/28c61c1e-960c-43c5-bd17-bc2381c887a8"}
{"nom":"Communauté de communes - Cèze Cévennes","type":"","adresse":"120 route d'Uzès-Prolongée , 30500, Saint-Ambroix , France","postalCode":"30500","city":"Saint-Ambroix ","country":"France","horaires":"Du Lundi au Jeudi : de 08h30 à 12h00 de 13h30 à 17h00 | Le Vendredi : de 08h30 à 12h00","contacts":{"email":"info@ceze-cevennes.fr","telephone":"04 66 83 77 87"},"website":"http://www.ceze-cevennes.fr/","latitude":44.24378,"longitude":4.1953154,"url":"https://lannuaire.service-public.gouv.fr/occitanie/gard/f90ba09c-b30a-4323-ac10-573ec38c78e8"}
{"nom":"Communauté de communes - Clermontais","type":"","adresse":"20 avenue Raymond-Lacombe , 34800, Clermont-l'Hérault , France","postalCode":"34800","city":"Clermont-l'Hérault ","country":"France","horaires":"Du Lundi au Vendredi : de 08h00 à 12h00 de 13h30 à 17h30","contacts":{"email":"accueil@cc-clermontais.fr","telephone":"04 67 88 95 50"},"website":"https://www.cc-clermontais.fr/","latitude":43.62415,"longitude":3.4371543,"url":"https://lannuaire.service-public.gouv.fr/occitanie/herault/29a0c231-04eb-408a-bdf0-20ffe858b1b8"}
{"nom":"Communauté de communes - Coeur d'Astarac en Gascogne","type":"","adresse":"4 avenue Jean-d'Antras , 32300, Mirande , France","postalCode":"32300","city":"Mirande ","country":"France","horaires":"Du Lundi au Jeudi : de 08h30 à 12h00 de 13h30 à 17h00 | Le Vendredi : de 08h30 à 12h00 de 13h30 à 16h30","contacts":{"email":"contact@coeur-dastarac.fr","telephone":"05 62 66 51 48"},"website":"https://coeur-dastarac.fr/fr/","latitude":43.513542,"longitude":0.4005184,"url":"https://lannuaire.service-public.gouv.fr/occitanie/gers/b01fa094-c53a-4397-8225-fcc7870629fe"}
{"nom":"Communauté de communes - Coeur et Côteaux du Comminges","type":"","adresse":"4 rue de la République , 31800, Saint-Gaudens , France","postalCode":"31800","city":"Saint-Gaudens ","country":"France","horaires":"Du Lundi au Vendredi : de 08h30 à 12h00 de 13h30 à 17h00","contacts":{"email":"contact@la5c.fr","telephone":"05 61 89 21 42"},"website":"https://www.coeurcoteaux-comminges.fr/","latitude":43.107708,"longitude":0.7218923,"url":"https://lannuaire.service-public.gouv.fr/occitanie/haute-garonne/add6a920-f99d-447f-a4dc-1aa2f838e522"}
{"nom":"Communauté de communes - Coeur de Garonne","type":"","adresse":"12 rue Notre-Dame , 31370, Rieumes , France","postalCode":"31370","city":"Rieumes ","country":"France","horaires":"Du Lundi au Vendredi : de 08h30 à 12h30 de 13h30 à 17h00","contacts":{"email":"accueil@cc-coeurdegaronne.fr","telephone":"05 61 91 94 96"},"website":"https://www.cc-coeurdegaronne.fr/","latitude":43.206837,"longitude":1.091452,"url":"https://lannuaire.service-public.gouv.fr/occitanie/haute-garonne/87007078-0dc2-463f-bec9-5dd831265ff3"}
{"nom":"Communauté de communes - Coeur de Lozère","type":"","adresse":"2 place Charles-de-Gaulle , 48000, Mende , France","postalCode":"48000","city":"Mende ","country":"France","horaires":"Du Lundi au Vendredi : de 08h00 à 12h00 de 13h30 à 17h00","contacts":{"email":"directiongenerale@coeurdelozere.fr","telephone":"04 66 94 09 67"},"website":"https://coeurdelozere.fr/","latitude":44.51797,"longitude":3.501822,"url":"https://lannuaire.service-public.gouv.fr/occitanie/lozere/23d3eb3c-fb47-40bc-9989-731cb765f789"}
{"nom":"Communauté de communes - Comtal Lot et Truyère","type":"","adresse":"18 bis avenue Marcel-Lautard , 12500, Espalion , France","postalCode":"12500","city":"Espalion ","country":"France","horaires":"Du Lundi au Vendredi : de 09h00 à 12h00 de 14h00 à 17h00","contacts":{"email":"secretariat@3clt.fr","telephone":"05 65 48 29 02"},"website":"https://comtal-lot-truyere.fr/","latitude":44.520756,"longitude":2.758264,"url":"https://lannuaire.service-public.gouv.fr/occitanie/aveyron/2bbbfc9b-931d-4ae1-a49b-ecfd245f29eb"}
{"nom":"Communauté de communes - Conflent Canigó","type":"","adresse":"Route de Ria , 66500, Prades , France","postalCode":"66500","city":"Prades ","country":"France","horaires":"Du Lundi au Vendredi : de 08h00 à 12h00 de 14h00 à 18h00","contacts":{"email":"contact@conflentcanigo.fr","telephone":"04 68 05 05 13"},"website":"https://www.conflentcanigo.fr/","latitude":42.617413,"longitude":2.4254036,"url":"https://lannuaire.service-public.gouv.fr/occitanie/pyrenees-orientales/512d8839-1409-4986-93ea-0235d973b571"}
{"nom":"Communauté de communes - Conques Marcillac","type":"","adresse":"Maison du territoire , 12330, Marcillac-Vallon , France","postalCode":"12330","city":"Marcillac-Vallon ","country":"France","horaires":"Du Lundi au Vendredi : de 09h00 à 12h00 de 14h00 à 17h00","contacts":{"email":"contact@cc-conques-marcillac.fr","telephone":"05 65 71 86 20"},"website":"https://cc-conques-marcillac.fr/","latitude":44.47554,"longitude":2.4582107,"url":"https://lannuaire.service-public.gouv.fr/occitanie/aveyron/138d9e89-3bd7-470b-9fab-ec5a560db4ee"}
{"nom":"Communauté de communes - Corbières Salanque Méditerranée","type":"","adresse":"41 chemin du Mas-Bordas , 66530, Claira , France","postalCode":"66530","city":"Claira ","country":"France","horaires":"Du Lundi au Jeudi : de 08h30 à 12h00 de 14h00 à 17h30 | Le Vendredi : de 08h30 à 12h00 de 14h00 à 16h30","contacts":{"email":"accueil@c3sm.fr","telephone":"04 68 28 10 37"},"website":"https://www.c3sm.fr/","latitude":42.76151,"longitude":2.950344,"url":"https://lannuaire.service-public.gouv.fr/occitanie/pyrenees-orientales/69c22875-1407-4377-b729-ba132253e010"}
{"nom":"Communauté de communes - Cordais et du Causse (4C)","type":"","adresse":"33 promenade de l'Autan , 81170, Les Cabannes , France","postalCode":"81170","city":"Les Cabannes ","country":"France","horaires":"Du Lundi au Vendredi : de 09h00 à 12h30 de 14h00 à 17h00","contacts":{"email":"direction.4c@orange.fr","telephone":"05 63 56 07 02"},"website":"http://4c81.fr/","latitude":44.06651,"longitude":1.9407285,"url":"https://lannuaire.service-public.gouv.fr/occitanie/tarn/51b5b010-0ec1-42a7-abf5-14b8e5a886b7"}
{"nom":"Communauté de communes - Coteaux Arrats Gimone","type":"","adresse":"53 boulevard du Nord , 32200, Gimont , France","postalCode":"32200","city":"Gimont ","country":"France","horaires":"Du Lundi au Vendredi : de 09h00 à 12h00 de 14h00 à 17h00","contacts":{"email":"secretariat@3cag.fr","telephone":"05 62 67 91 67"},"website":"https://3cag.fr/","latitude":43.62754,"longitude":0.8786845,"url":"https://lannuaire.service-public.gouv.fr/occitanie/gers/b45a8efe-42ce-4088-ad47-47a46666a460"}
{"nom":"Communauté de communes - Coteaux Bellevue","type":"","adresse":"19 route de Saint-Loup-Cammas , 31140, Pechbonnieu , France","postalCode":"31140","city":"Pechbonnieu ","country":"France","horaires":"Du Lundi au Vendredi : de 09h00 à 13h00 de 14h00 à 17h00","contacts":{"email":"coteauxbellevue@cc-coteauxbellevue.fr","telephone":"05 34 27 20 50"},"website":"https://cc-coteauxbellevue.fr/","latitude":43.70282,"longitude":1.4672282,"url":"https://lannuaire.service-public.gouv.fr/occitanie/haute-garonne/27eb554a-578f-4f77-a4cb-91683bfb9275"}
{"nom":"Communauté de communes - Coteaux et Plaines du Pays Lafrançaisain","type":"","adresse":"33 rue Mary-Lafon , 82130, Lafrançaise , France","postalCode":"82130","city":"Lafrançaise ","country":"France","horaires":"Du Lundi au Mardi : de 09h00 à 12h30 de 13h30 à 17h00 | Le Mercredi : de 09h00 à 12h30 | Du Jeudi au Vendredi : de 09h00 à 12h30 de 13h30 à 17h00","contacts":{"email":"contact@cc-paysdelafrancaise.fr","telephone":"05 63 65 91 90"},"website":"https://www.paysdelafrancaise.fr/","latitude":44.128334,"longitude":1.2411045,"url":"https://lannuaire.service-public.gouv.fr/occitanie/tarn-et-garonne/1e91bc15-c2c6-48f5-a605-d6b84fdef7c4"}
{"nom":"Communauté de communes - Coteaux du Girou","type":"","adresse":"1 rue du Girou , 31380, Gragnague , France","postalCode":"31380","city":"Gragnague ","country":"France","horaires":"Du Lundi au Jeudi : de 09h00 à 12h00 de 14h00 à 18h00 | Le Vendredi : de 09h00 à 12h00 de 14h00 à 17h00","contacts":{"email":"contact@coteauxdugirou.fr","telephone":"05 34 27 45 73"},"website":"https://www.cc-coteaux-du-girou.fr/","latitude":43.682358,"longitude":1.583788,"url":"https://lannuaire.service-public.gouv.fr/occitanie/haute-garonne/50262b8c-86cb-4e19-b3ac-a32bfc15601f"}
{"nom":"Communauté de communes - Coteaux du Val-d'Arros","type":"","adresse":"15 place d'Astarac , 65190, Tournay , France","postalCode":"65190","city":"Tournay ","country":"France","horaires":"Du Lundi au Mardi : de 08h00 à 12h30 de 13h30 à 17h30 | Le Mercredi : de 08h00 à 12h30 de 13h30 à 17h00 | Le Jeudi : de 08h00 à 12h30 de 13h30 à 17h30 | Le Vendredi : de 08h00 à 12h30 de 13h30 à 16h30","contacts":{"email":"contact@coteaux-val-arros.fr","telephone":"05 62 35 24 23"},"website":"https://www.coteaux-val-arros.fr/","latitude":43.1844,"longitude":0.2435951,"url":"https://lannuaire.service-public.gouv.fr/occitanie/hautes-pyrenees/e357af4a-81a0-4e62-ad79-13849f124495"}
{"nom":"Communauté de communes - Couserans Pyrénées","type":"","adresse":"1 rue de l'Hôtel-Dieu , 09190, Saint-Lizier , France","postalCode":"09190","city":"Saint-Lizier ","country":"France","horaires":"Du Lundi au Vendredi : de 09h00 à 12h00 de 13h30 à 17h00","contacts":{"email":"communaute.communes@couserans-pyrenees.fr","telephone":"05 61 66 71 62"},"website":"https://couserans-pyrenees.fr/","latitude":43.00141,"longitude":1.13765,"url":"https://lannuaire.service-public.gouv.fr/occitanie/ariege/e35d3104-4882-4ce9-838e-081903db8cae"}
{"nom":"Communauté de communes - Deux Rives","type":"","adresse":"2 rue du Général-Vidalot , 82400, Valence-d'Agen , France","postalCode":"82400","city":"Valence-d'Agen ","country":"France","horaires":"Du Lundi au Vendredi : de 08h30 à 12h00 de 13h30 à 17h30","contacts":{"email":"info@cc-deuxrives.fr","telephone":"05 63 29 92 00"},"website":"https://www.cc-deuxrives.fr/","latitude":44.106224,"longitude":0.8936028,"url":"https://lannuaire.service-public.gouv.fr/occitanie/tarn-et-garonne/6ca6ff4d-8306-448c-a87a-8fff38c74dee"}
{"nom":"Communauté de communes - Frontonnais","type":"","adresse":"3 rue du Vigé , 31620, Bouloc , France","postalCode":"31620","city":"Bouloc ","country":"France","horaires":"Du Lundi au Vendredi : de 09h00 à 12h00 de 14h00 à 17h00","contacts":{"email":"contact@cc-dufrontonnais.fr","telephone":"05 61 82 13 32"},"website":"https://www.cc-dufrontonnais.fr/","latitude":43.780994,"longitude":1.404516,"url":"https://lannuaire.service-public.gouv.fr/occitanie/haute-garonne/9ba033fc-5feb-4830-ad35-5a373fbe032a"}
{"nom":"Communauté de communes - Gévaudan","type":"","adresse":"Pôle d'activités du Gévaudan , 48100, Marvejols , France","postalCode":"48100","city":"Marvejols ","country":"France","horaires":"Du Lundi au Vendredi : de 09h00 à 12h00 de 14h00 à 17h00","contacts":{"email":"accueil@cc-gevaudan.fr","telephone":"04 66 32 38 41"},"website":"https://www.cc-gevaudan.fr/","latitude":49.38848,"longitude":3.3963578,"url":"https://lannuaire.service-public.gouv.fr/occitanie/lozere/18a8229b-be7f-449c-a1d1-3c9bdc864bde"}
{"nom":"Communauté de communes - Gorges Causses Cévennes","type":"","adresse":"Immeuble le Rochefort , 48400, Florac Trois Rivières , France","postalCode":"48400","city":"Florac Trois Rivières ","country":"France","horaires":"Du Lundi au Jeudi : de 09h00 à 12h00 de 14h00 à 16h30 | Le Vendredi : de 09h00 à 12h00 de 14h00 à 16h30","contacts":{"email":"contact@ccgcc48.fr","telephone":"04 66 44 03 92"},"website":"https://www.gorgescaussescevennes.fr/","latitude":44.340534,"longitude":3.585593,"url":"https://lannuaire.service-public.gouv.fr/occitanie/lozere/c2962cb7-65e0-4004-b519-466e722e2781"}
{"nom":"Communauté de communes - Grand Armagnac","type":"","adresse":"14 allée Julien-Laudet , 32800, Éauze , France","postalCode":"32800","city":"Éauze ","country":"France","horaires":"Du Lundi au Vendredi : de 08h30 à 12h00 de 14h00 à 17h30","contacts":{"email":"dgs@grand-armagnac.fr","telephone":"05 62 08 78 22"},"website":"https://grand-armagnac.fr/accueil","latitude":43.860424,"longitude":0.1099438,"url":"https://lannuaire.service-public.gouv.fr/occitanie/gers/4e7ba475-f0a5-4a8c-9e95-79a5d3c7e247"}
{"nom":"Communauté de communes - Grand Figeac","type":"","adresse":"2 rue Germain-Petitjean , 46100, Figeac , France","postalCode":"46100","city":"Figeac ","country":"France","horaires":"Du Lundi au Vendredi : de 08h30 à 12h30 de 14h00 à 17h30","contacts":{"email":"secretariat.general@grand-figeac.fr","telephone":"05 65 11 22 76"},"website":"https://www.grand-figeac.fr/","latitude":44.606464,"longitude":2.036802,"url":"https://lannuaire.service-public.gouv.fr/occitanie/lot/741673e5-20b9-4b45-9fcf-8df07e2bc25e"}
{"nom":"Communauté de communes - Grand Orb en Languedoc","type":"","adresse":"6 ter rue René-Cassin , 34600, Bédarieux , France","postalCode":"34600","city":"Bédarieux ","country":"France","horaires":"Du Lundi au Vendredi : de 08h30 à 12h30 de 14h00 à 17h00","contacts":{"email":"contact@grandorb.fr","telephone":"04 67 23 78 03"},"website":"https://www.grandorb.fr/","latitude":43.621197,"longitude":3.1594677,"url":"https://lannuaire.service-public.gouv.fr/occitanie/herault/7a19f1c5-cdc3-4573-a285-5dbdd6d190fe"}
{"nom":"Communauté de communes - Grand Pic Saint-Loup","type":"","adresse":"Hôtel de la communauté , 34270, Saint-Mathieu-de-Tréviers , France","postalCode":"34270","city":"Saint-Mathieu-de-Tréviers ","country":"France","horaires":"Du Lundi au Vendredi : de 08h30 à 12h00 de 13h30 à 17h00","contacts":{"email":"grandpicsaintloup@ccgpsl.fr","telephone":"04 67 55 17 00"},"website":"https://grandpicsaintloup.fr/","latitude":43.770557,"longitude":3.8694444,"url":"https://lannuaire.service-public.gouv.fr/occitanie/herault/ee2fa83d-9b36-44c0-9da9-9bd0f1a571d9"}
{"nom":"Communauté de communes - Grand Sud Tarn et Garonne","type":"","adresse":"120 avenue Jean-Jaurès , 82370, Labastide-Saint-Pierre , France","postalCode":"82370","city":"Labastide-Saint-Pierre ","country":"France","horaires":"Du Lundi au Vendredi : de 09h00 à 12h00 de 13h30 à 17h00","contacts":{"email":"grandsudtarnetgaronne@grandsud82.fr","telephone":"05 63 30 03 31"},"website":"https://www.grandsud82.fr/","latitude":43.916466,"longitude":1.3692755,"url":"https://lannuaire.service-public.gouv.fr/occitanie/tarn-et-garonne/825d3041-8bd2-4c69-9974-b8d95795102d"}
{"nom":"Communauté de communes - Haut-Allier","type":"","adresse":"1 quai du Langouyrou , 48300, Langogne , France","postalCode":"48300","city":"Langogne ","country":"France","horaires":"Du Lundi au Vendredi : de 08h30 à 12h00 de 13h30 à 16h30","contacts":{"email":"ccham@ccham-langogne.com","telephone":"04 66 46 80 75"},"website":"https://ccha-langogne.com/","latitude":44.725517,"longitude":3.857157,"url":"https://lannuaire.service-public.gouv.fr/occitanie/lozere/6da03fa5-cea6-43b4-968b-e85ed9f814ce"}
{"nom":"Communauté de communes - Hautes Terres de l'Aubrac","type":"","adresse":"Aumont-Aubrac , 48130, Peyre-en-Aubrac , France","postalCode":"48130","city":"Peyre-en-Aubrac ","country":"France","horaires":"Du Lundi au Vendredi : de 08h30 à 12h00 de 13h30 à 17h00","contacts":{"email":"ccht48310@gmail.com","telephone":"04 66 31 69 45"},"website":"https://hautes-terres-aubrac.fr/","latitude":44.712242,"longitude":3.284973,"url":"https://lannuaire.service-public.gouv.fr/occitanie/lozere/702f230d-75c8-4a57-b143-cf3f2d78bc94"}
{"nom":"Communauté de communes - Hauts Tolosans","type":"","adresse":"1237 rue des Pyrénées , 31330, Grenade , France","postalCode":"31330","city":"Grenade ","country":"France","horaires":"Du Lundi au Vendredi : de 08h30 à 12h30 de 13h30 à 17h30","contacts":{"email":"contact@hautstolosans.fr","telephone":"05 61 82 85 55"},"website":"https://www.hautstolosans.fr/","latitude":43.757183,"longitude":1.3057986,"url":"https://lannuaire.service-public.gouv.fr/occitanie/haute-garonne/14a72b61-2422-4d9e-99ef-fa0dd9ec6129"}
{"nom":"Communauté de communes - Haut-Vallespir","type":"","adresse":"8 boulevard du Riuferrer , 66150, Arles-sur-Tech , France","postalCode":"66150","city":"Arles-sur-Tech ","country":"France","horaires":"Du Lundi au Vendredi : de 08h30 à 12h00 de 13h30 à 17h00","contacts":{"email":"accueil@haut-vallespir.fr","telephone":"04 68 21 82 05"},"website":"https://www.haut-vallespir.fr/","latitude":42.45561,"longitude":2.630902,"url":"https://lannuaire.service-public.gouv.fr/occitanie/pyrenees-orientales/b34b9e40-49df-4205-8b4c-e256b470cb45"}
{"nom":"Communauté de communes - La Domitienne","type":"","adresse":"1 avenue de l'Europe , 34370, Maureilhan , France","postalCode":"34370","city":"Maureilhan ","country":"France","horaires":"Du Lundi au Vendredi : de 09h00 à 13h00 de 14h00 à 17h00","contacts":{"email":"courrier@ladomitienne.com","telephone":"04 67 90 40 90"},"website":"https://www.ladomitienne.com/","latitude":43.35439,"longitude":3.127704,"url":"https://lannuaire.service-public.gouv.fr/occitanie/herault/cf89ffe0-6d73-484c-b138-a25d11140991"}
{"nom":"Communauté de communes - La Gascogne Toulousaine","type":"","adresse":"ZA Pont-Peyrin , 32600, L'Isle-Jourdain , France","postalCode":"32600","city":"L'Isle-Jourdain ","country":"France","horaires":"Du Lundi au Vendredi : de 08h30 à 12h30 de 13h30 à 17h30","contacts":{"email":"accueil@ccgascognetoulousaine.com","telephone":"05 62 07 71 16"},"website":"https://www.ccgascognetoulousaine.com/","latitude":43.60529,"longitude":1.07016,"url":"https://lannuaire.service-public.gouv.fr/occitanie/gers/a46e7c9e-2ca4-493f-a5cb-a08607e07bc8"}
{"nom":"Communauté de communes - La Haute Ariège","type":"","adresse":"13 route nationale 20 , 09250, Luzenac , France","postalCode":"09250","city":"Luzenac ","country":"France","horaires":"Du Lundi au Jeudi : de 08h30 à 12h30 de 13h30 à 17h00 | Le Vendredi : de 08h30 à 12h30 de 13h30 à 16h30","contacts":{"email":"administration.generale@cc-hauteariege.fr","telephone":"05 61 64 68 00"},"website":"https://cc-hauteariege.fr/","latitude":42.760147,"longitude":1.7648531,"url":"https://lannuaire.service-public.gouv.fr/occitanie/ariege/856f3b71-e25a-4475-ba32-0d2e1156bf4e"}
{"nom":"Communauté de communes - La Haute Bigorre","type":"","adresse":"28 place de Vignaux , 65201, Bagnères-de-Bigorre , France","postalCode":"65201","city":"Bagnères-de-Bigorre ","country":"France","horaires":"Du Lundi au Vendredi : de 08h00 à 12h00 de 13h30 à 17h30","contacts":{"email":"accueil@haute-bigorre.fr","telephone":"05 62 95 08 05"},"website":"https://www.haute-bigorre.fr/","latitude":43.064373,"longitude":0.14986038,"url":"https://lannuaire.service-public.gouv.fr/occitanie/hautes-pyrenees/a0a9039e-58d4-425c-bcb4-48698db4564e"}
{"nom":"Communauté de communes - La Lomagne Tarn et Garonnaise","type":"","adresse":"413 rue d'Esparsac , 82500, Beaumont-de-Lomagne , France","postalCode":"82500","city":"Beaumont-de-Lomagne ","country":"France","horaires":"Du Lundi au Vendredi : de 08h30 à 12h00 de 14h00 à 17h00","contacts":{"email":"contact@cc-lomagne82.fr","telephone":"05 63 65 34 26"},"website":"https://cc82.malomagne.com/","latitude":43.888027,"longitude":0.978447,"url":"https://lannuaire.service-public.gouv.fr/occitanie/tarn-et-garonne/f2de9df2-f6eb-496f-9356-aa1c88a32b99"}
{"nom":"Communauté de communes - La Montagne Noire","type":"","adresse":"Route de Mas-Cabardès , 11380, Les Ilhes , France","postalCode":"11380","city":"Les Ilhes ","country":"France","horaires":"Du Lundi au Jeudi : de 09h00 à 12h30 de 13h30 à 17h00 | Le Vendredi : de 09h00 à 12h30 de 13h30 à 16h00","contacts":{"email":"contact@cdcmontagnenoire.fr","telephone":"04 68 11 12 40"},"website":"https://www.cdcmontagnenoire.fr/","latitude":43.355946,"longitude":2.376339,"url":"https://lannuaire.service-public.gouv.fr/occitanie/aude/78174971-4645-4030-9f8e-4ca4ec35d49d"}
{"nom":"Communauté de communes - La Muse et des Raspes du Tarn","type":"","adresse":"70 avenue Saint-Ferréols , 12490, Saint-Rome-de-Tarn , France","postalCode":"12490","city":"Saint-Rome-de-Tarn ","country":"France","horaires":"Du Lundi au Jeudi : de 08h00 à 12h00 de 13h30 à 17h30 | Le Vendredi : de 08h00 à 12h00","contacts":{"email":"cc.museetraspesdutarn@orange.fr","telephone":"05 65 59 12 64"},"website":"https://www.cc-museetraspesdutarn.fr/","latitude":44.048393,"longitude":2.8984022,"url":"https://lannuaire.service-public.gouv.fr/occitanie/aveyron/741bd574-1707-4aca-b9d6-f110597db96a"}
{"nom":"Communauté de communes - Larzac et Vallées","type":"","adresse":"28 avenue Charles-Andrieu , 12540, Cornus , France","postalCode":"12540","city":"Cornus ","country":"France","horaires":"Du Lundi au Jeudi : de 08h30 à 12h30 de 14h00 à 17h00 | Le Vendredi : de 08h30 à 12h30 de 14h00 à 16h30","contacts":{"email":"contact@cc-larzacvallees.fr","telephone":"05 65 99 33 00"},"website":"https://www.cc-larzacvallees.fr/","latitude":43.90328,"longitude":3.1787753,"url":"https://lannuaire.service-public.gouv.fr/occitanie/aveyron/2c1813e4-52f6-4b92-bbf7-a3ac7208bf2d"}
{"nom":"Communauté de communes - La Tenarèze","type":"","adresse":"Quai Laboupillère , 32100, Condom , France","postalCode":"32100","city":"Condom ","country":"France","horaires":"Du Lundi au Vendredi : de 08h30 à 12h30 de 13h30 à 18h00","contacts":{"email":"contact@cc-tenareze.fr","telephone":"05 62 28 73 53"},"website":"http://www.cc-tenareze.fr/","latitude":43.95822,"longitude":0.372492,"url":"https://lannuaire.service-public.gouv.fr/occitanie/gers/37e34749-e073-4ef7-a930-67a887e0065a"}
{"nom":"Communauté de communes - Lauragais Revel Sorezois","type":"","adresse":"20 rue Jean-Moulin , 31250, Revel , France","postalCode":"31250","city":"Revel ","country":"France","horaires":"Du Lundi au Vendredi : de 08h30 à 12h00 de 13h30 à 17h00","contacts":{"email":"accueil@revel-lauragais.com","telephone":"05 62 71 23 33"},"website":"https://www.revel-lauragais.com/","latitude":43.458313,"longitude":2.0060065,"url":"https://lannuaire.service-public.gouv.fr/occitanie/haute-garonne/ee1cd0d2-3ba1-4b8b-824c-6a56373f9929"}
{"nom":"Communauté de communes - Lautrécois et du Pays d'Agout","type":"","adresse":"Maison du Pays , 81220, Servies , France","postalCode":"81220","city":"Servies ","country":"France","horaires":"Du Lundi au Vendredi : de 08h30 à 12h30 de 13h30 à 17h00","contacts":{"email":"contact@cclpa.fr","telephone":"05 63 70 52 67"},"website":"https://www.cclpa.fr/","latitude":43.64987,"longitude":2.033665,"url":"https://lannuaire.service-public.gouv.fr/occitanie/tarn/d0c01337-c513-4386-8657-4a9db0eab643"}
{"nom":"Communauté de communes - Le Grand-Ouest-Toulousain Agglomération","type":"","adresse":"10 rue François-Arago , 31830, Plaisance-du-Touch , France","postalCode":"31830","city":"Plaisance-du-Touch ","country":"France","horaires":"Du Lundi au Vendredi : de 08h30 à 12h30 de 13h30 à 17h00","contacts":{"email":"contact@grandouesttoulousain.fr","telephone":"05 34 51 44 33"},"website":"https://www.grandouesttoulousain.fr/","latitude":43.59585,"longitude":1.296083,"url":"https://lannuaire.service-public.gouv.fr/occitanie/haute-garonne/c4ecc858-a65f-4304-8145-a1b07755a970"}
{"nom":"Communauté de communes - Les Avant Monts","type":"","adresse":"ZAE l'Audacieuse , 34480, Magalas , France","postalCode":"34480","city":"Magalas ","country":"France","horaires":"Du Lundi au Vendredi : de 08h00 à 12h00 de 13h00 à 17h30","contacts":{"email":"contact@avant-monts.fr","telephone":"04 67 36 07 51"},"website":"https://www.avant-monts.fr/","latitude":43.470886,"longitude":3.222528,"url":"https://lannuaire.service-public.gouv.fr/occitanie/herault/cb842c86-0841-46aa-b214-825326010b35"}
{"nom":"Communauté de communes - Lévézou Pareloup","type":"","adresse":"8 route du Claux , 12780, Vezins-du-Lévézou , France","postalCode":"12780","city":"Vezins-du-Lévézou ","country":"France","horaires":"Du Lundi au Vendredi : de 09h00 à 12h00 de 14h00 à 17h00","contacts":{"email":"contact@levezou-pareloup.fr","telephone":"05 65 58 19 84"},"website":"https://www.levezou.fr/","latitude":44.278767,"longitude":2.951218,"url":"https://lannuaire.service-public.gouv.fr/occitanie/aveyron/7d9a7243-16ff-476f-a2c4-51cd4e715256"}
{"nom":"Communauté de communes - Limouxin","type":"","adresse":"2 place Alcantara , 11300, Limoux , France","postalCode":"11300","city":"Limoux ","country":"France","horaires":"Le Lundi : de 09h00 à 12h00 de 13h30 à 17h30 | Du Mardi au Jeudi : de 08h00 à 12h00 de 13h30 à 17h30 | Le Vendredi : de 08h00 à 12h00","contacts":{"email":"accueil@cc-limouxin.fr","telephone":"04 68 31 40 78"},"website":"https://cc-limouxin.com/","latitude":43.05231,"longitude":2.2181492,"url":"https://lannuaire.service-public.gouv.fr/occitanie/aude/141a61ee-960e-4f72-82ed-28666a94277f"}
{"nom":"Communauté de communes - Lodévois et Larzac","type":"","adresse":"1 place Francis-Morand , 34700, Lodève , France","postalCode":"34700","city":"Lodève ","country":"France","horaires":"Du Lundi au Jeudi : de 08h30 à 12h00 de 13h30 à 17h30 | Le Vendredi : de 08h30 à 12h00 de 13h30 à 16h30","contacts":{"email":"contact@lodevoisetlarzac.fr","telephone":"04 67 88 90 90"},"website":"https://lodevoisetlarzac.fr/","latitude":43.73366,"longitude":3.313975,"url":"https://lannuaire.service-public.gouv.fr/occitanie/herault/4abc9373-a7d0-4d29-92a7-5447c3a1489a"}
{"nom":"Communauté de communes - Lomagne Gersoise","type":"","adresse":"8 avenue Pierre-de-Coubertin , 32500, Fleurance , France","postalCode":"32500","city":"Fleurance ","country":"France","horaires":"Du Lundi au Vendredi : de 08h30 à 12h30 de 13h30 à 18h00","contacts":{"email":"communaute-de-communes@lomagne-gersoise.com","telephone":"05 62 64 22 55"},"website":"https://www.lomagne-gersoise.com/","latitude":43.848667,"longitude":0.6672906,"url":"https://lannuaire.service-public.gouv.fr/occitanie/gers/ea8ac1f7-0304-4b46-8f3b-729de79ceb6a"}
{"nom":"Communauté de communes - Millau Grands Causses","type":"","adresse":"1 place du Beffroi , 12104, Millau Cedex , France","postalCode":"12104","city":"Millau Cedex ","country":"France","horaires":"Du Lundi au Jeudi : de 08h00 à 12h00 de 13h30 à 17h30 | Le Vendredi : de 08h00 à 12h00","contacts":{"email":"contact@cc-millaugrandscausses.fr","telephone":"05 65 61 40 20"},"website":"https://www.cc-millaugrandscausses.fr/","latitude":44.098003,"longitude":3.0788448,"url":"https://lannuaire.service-public.gouv.fr/occitanie/aveyron/d36fd525-141c-44fc-81f5-5842a1bff2a7"}
{"nom":"Communauté de communes - Minervois au Caroux","type":"","adresse":"16 place du Foirail , 34220, Saint-Pons-de-Thomières , France","postalCode":"34220","city":"Saint-Pons-de-Thomières ","country":"France","horaires":"Du Lundi au Jeudi : de 09h00 à 12h00 de 13h30 à 17h00","contacts":{"email":"cdcmc@cdcmc.fr","telephone":"04 67 97 39 34"},"website":"https://www.cc-minervois-caroux.fr/","latitude":43.489628,"longitude":2.7573705,"url":"https://lannuaire.service-public.gouv.fr/occitanie/herault/7dfc40b1-901f-4c20-8a4c-317ad972a5b2"}
{"nom":"Communauté de communes - Mont Lozère","type":"","adresse":"Route du Mont-Lozère , 48190, Mont-Lozère-et-Goulet , France","postalCode":"48190","city":"Mont-Lozère-et-Goulet ","country":"France","horaires":"Du Lundi au Vendredi : de 08h30 à 12h30 de 13h30 à 17h00","contacts":{"email":"accueil@ccmontlozere.fr","telephone":"04 66 31 68 85"},"website":"https://www.ccmontlozere.fr/","latitude":44.48579,"longitude":3.7335775,"url":"https://lannuaire.service-public.gouv.fr/occitanie/lozere/881ce777-a883-4b9c-b56d-517dc7df4eaf"}
{"nom":"Communauté de communes - Monts d'Alban et du Villefranchois","type":"","adresse":"1 rue du Sénateur-Boularan , 81250, Alban , France","postalCode":"81250","city":"Alban ","country":"France","horaires":"Du Lundi au Vendredi : de 09h00 à 12h30 de 13h30 à 17h00","contacts":{"email":"accueil@ccmav.fr","telephone":"05 63 79 26 70"},"website":"https://www.montsalban-villefranchois.fr/web/home/2-accueil.php","latitude":43.88891,"longitude":2.4564826,"url":"https://lannuaire.service-public.gouv.fr/occitanie/tarn/12338982-3296-4d16-814a-5a41830c8aa1"}
{"nom":"Communauté de communes - Monts de Lacaune et de la Montagne du Haut-Languedoc","type":"","adresse":"5 rue de l'Artisanat , 81230, Lacaune , France","postalCode":"81230","city":"Lacaune ","country":"France","horaires":"Du Lundi au Jeudi : de 08h00 à 12h00 de 13h30 à 17h00 | Le Vendredi : de 08h00 à 12h00 de 13h30 à 16h00","contacts":{"email":"contact@ccmlhl.fr","telephone":"05 32 11 09 25"},"website":"https://www.montsdelacauneetmontagneduhautlanguedoc.fr/","latitude":43.71235,"longitude":2.704944,"url":"https://lannuaire.service-public.gouv.fr/occitanie/tarn/bfafffb1-3fee-4917-b243-8260e20faeb4"}
{"nom":"Communauté de communes - Monts Rance et Rougier","type":"","adresse":"Les Hauts de Sériguet , 12370, Belmont-sur-Rance , France","postalCode":"12370","city":"Belmont-sur-Rance ","country":"France","horaires":"Du Lundi au Jeudi : de 09h00 à 12h00 de 14h00 à 17h00 | Le Vendredi : de 09h00 à 12h00","contacts":{"email":"contact@ccmrr.fr","telephone":"05 65 49 37 80"},"website":"https://www.ccmrr.fr/","latitude":43.81711,"longitude":2.752599,"url":"https://lannuaire.service-public.gouv.fr/occitanie/aveyron/768501d1-236f-4178-9d10-95938f6c9082"}
{"nom":"Communauté de communes - Neste Barousse","type":"","adresse":"Communauté de communes - Neste Barousse , 65370, Sarp , France","postalCode":"65370","city":"Sarp ","country":"France","horaires":"Du Lundi au Vendredi : de 09h00 à 12h00 de 14h00 à 17h00","contacts":{"email":"accueil@neste-barousse.fr","telephone":"05 62 99 35 23"},"website":"https://neste-barousse.fr/","latitude":43.018932,"longitude":0.5897363,"url":"https://lannuaire.service-public.gouv.fr/occitanie/hautes-pyrenees/3a1f59d6-92f9-4c56-918d-b8ebbee406b8"}
{"nom":"Communauté de communes - Ouest Aveyron Communauté","type":"","adresse":"Bâtiment Interactis , 12200, Villefranche-de-Rouergue , France","postalCode":"12200","city":"Villefranche-de-Rouergue ","country":"France","horaires":"Du Lundi au Jeudi : de 08h30 à 12h00 de 13h30 à 17h00 | Le Vendredi : de 08h30 à 12h00 de 13h30 à 16h00","contacts":{"email":"contact@ouestaveyron.fr","telephone":"05 65 65 08 01"},"website":"https://www.ouestaveyron.fr/","latitude":44.357998,"longitude":2.0255592,"url":"https://lannuaire.service-public.gouv.fr/occitanie/aveyron/be748184-7a4f-40a9-859f-16b6c21bf84e"}
{"nom":"Communauté de communes - Pays de Lalbenque Limogne","type":"","adresse":"38 place de la Bascule , 46230, Lalbenque , France","postalCode":"46230","city":"Lalbenque ","country":"France","horaires":"Du Lundi au Vendredi : de 09h00 à 12h00 de 14h00 à 17h00","contacts":{"email":"contact@ccpll.fr","telephone":"05 65 24 22 50"},"website":"https://www.cc-lalbenque-limogne.fr/","latitude":44.337868,"longitude":1.5475732,"url":"https://lannuaire.service-public.gouv.fr/occitanie/lot/17816680-2186-458b-a0d7-31f1592a6fa3"}
{"nom":"Communauté de communes - Pays de Mirepoix","type":"","adresse":"1 chemin de la Mestrise , 09500, Mirepoix , France","postalCode":"09500","city":"Mirepoix ","country":"France","horaires":"Du Lundi au Vendredi : de 09h30 à 12h30 de 13h30 à 17h00","contacts":{"email":"contact@cc-paysdemirepoix.fr","telephone":"05 61 68 13 02"},"website":"https://www.cc-paysdemirepoix.fr/","latitude":43.087948,"longitude":1.8712946,"url":"https://lannuaire.service-public.gouv.fr/occitanie/ariege/2e58671c-5f19-4796-9c0b-415965e3f4fe"}
{"nom":"Communauté de communes - Pays d'Olmes","type":"","adresse":"Hôtel d'entreprise , 09300, Lavelanet , France","postalCode":"09300","city":"Lavelanet ","country":"France","horaires":"Du Lundi au Vendredi : de 09h00 à 11h30 de 14h00 à 16h00","contacts":{"email":"a.chacon@paysdolmes.org","telephone":"05 34 09 33 80"},"website":"https://paysdolmes.org/fr/","latitude":42.94033,"longitude":1.847366,"url":"https://lannuaire.service-public.gouv.fr/occitanie/ariege/5cdee43c-e61a-42c9-8038-658952fed55e"}
{"nom":"Communauté de communes - Pays Rignacois","type":"","adresse":"1 place du Portail-Haut , 12390, Rignac , France","postalCode":"12390","city":"Rignac ","country":"France","horaires":"Du Lundi au Vendredi : de 09h00 à 12h00 de 13h30 à 17h30","contacts":{"email":"communautedecommunes@pays-rignacois.fr","telephone":"05 65 80 20 80"},"website":"https://www.pays-rignacois.fr/","latitude":44.409405,"longitude":2.2875404,"url":"https://lannuaire.service-public.gouv.fr/occitanie/aveyron/cdb9521d-42ef-48c4-83d8-81a97f91f96d"}
{"nom":"Communauté de communes - Pays de Salars","type":"","adresse":"Place de l'Hotel-de-Ville , 12290, Pont-de-Salars , France","postalCode":"12290","city":"Pont-de-Salars ","country":"France","horaires":"Du Lundi au Jeudi : de 09h00 à 12h00 de 13h30 à 17h00 | Le Vendredi : de 09h00 à 12h00 de 13h30 à 16h30","contacts":{"email":"contact@paysdesalars.fr","telephone":"05 65 74 39 72"},"website":"https://www.levezou.fr/","latitude":44.280888,"longitude":2.7281106,"url":"https://lannuaire.service-public.gouv.fr/occitanie/aveyron/34cbca1a-a3f8-42ba-b262-493f990e4597"}
{"nom":"Communauté de communes - Pays Ségali","type":"","adresse":"100 place René-Cassin , 12160, Baraqueville , France","postalCode":"12160","city":"Baraqueville ","country":"France","horaires":"Le Lundi : de 09h00 à 12h00 de 14h00 à 17h00 | Le Mardi : de 14h00 à 17h00 | Le Mercredi : de 09h00 à 12h00 de 14h00 à 17h00 | Le Jeudi : de 09h00 à 12h00 | Le Vendredi : de 09h00 à 12h00 de 14h00 à 17h00","contacts":{"email":"accueil@payssegali.fr","telephone":"05 65 69 27 43"},"website":"https://www.payssegali.fr/","latitude":44.277866,"longitude":2.431453,"url":"https://lannuaire.service-public.gouv.fr/occitanie/aveyron/7277d212-d6d3-44bf-b1b5-75385ff3e0e5"}
{"nom":"Communauté de communes - Pays de Serres en Quercy","type":"","adresse":"293 Chemin Vignoble , 82150, Montaigu-de-Quercy , France","postalCode":"82150","city":"Montaigu-de-Quercy ","country":"France","horaires":"Du Lundi au Vendredi : de 09h00 à 17h00","contacts":{"email":"accueil@cdc-psq.fr","telephone":"05 63 94 64 78"},"website":"https://cdc-psq.fr/","latitude":44.331585,"longitude":1.02921,"url":"https://lannuaire.service-public.gouv.fr/occitanie/tarn-et-garonne/4a9e5198-86f1-4dc2-bc0b-9b17d30fb4d5"}
{"nom":"Communauté de communes - Pays de Sommières","type":"","adresse":"ZAC de lArnède , 30250, Sommières , France","postalCode":"30250","city":"Sommières ","country":"France","horaires":"Du Lundi au Jeudi : de 08h30 à 12h00 de 14h00 à 17h30 | Le Vendredi : de 08h30 à 12h00 de 14h00 à 16h30","contacts":{"email":"contact@ccpaysdesommieres.fr","telephone":"04 66 77 70 39"},"website":"https://www.ccpaysdesommieres.fr/","latitude":43.78255,"longitude":4.081315,"url":"https://lannuaire.service-public.gouv.fr/occitanie/gard/8c6f29cf-8310-4b06-a149-aa6497210883"}
{"nom":"Communauté de communes - Pays de Tarascon","type":"","adresse":"19 avenue de Sabart , 09401, Tarascon-sur-Ariège , France","postalCode":"09401","city":"Tarascon-sur-Ariège ","country":"France","horaires":"Du Lundi au Vendredi : de 09h00 à 12h00 de 14h00 à 17h00","contacts":{"email":"contact@cc-paysdetarascon.fr","telephone":"05 34 09 86 30"},"website":"https://www.cc-paysdetarascon.fr/","latitude":42.84115,"longitude":1.6024365,"url":"https://lannuaire.service-public.gouv.fr/occitanie/ariege/96a070e2-b832-435b-b43f-e01d9742073b"}
{"nom":"Communauté de communes - Pays de Trie et du Magnoac","type":"","adresse":"31 place de la Mairie , 65220, Trie-sur-Baïse , France","postalCode":"65220","city":"Trie-sur-Baïse ","country":"France","horaires":"Du Lundi au Vendredi : de 09h00 à 12h30 de 13h30 à 17h00 | Accueil ouvert sur rendez-vous uniquement pour les inscriptions scolaires.","contacts":{"email":"ccptpaystrie@orange.fr","telephone":"05 62 35 06 09"},"website":"https://www.ccptm.fr/","latitude":43.310616,"longitude":0.332935,"url":"https://lannuaire.service-public.gouv.fr/occitanie/hautes-pyrenees/6756168f-ac70-43ae-90c1-9e4b89ffcf67"}
{"nom":"Communauté de communes - Pays d'Uzès","type":"","adresse":"9 avenue du 8-Mai-1945 , 30703, Uzès Cedex , France","postalCode":"30703","city":"Uzès Cedex ","country":"France","horaires":"Du Lundi au Jeudi : de 09h00 à 12h00 de 13h30 à 17h00 | Le Vendredi : de 09h00 à 12h00 de 13h30 à 16h30","contacts":{"email":"contact@ccpaysduzes.fr","telephone":"04 66 03 09 00"},"website":"https://www.ccpaysduzes.fr/","latitude":44.012962,"longitude":4.412561,"url":"https://lannuaire.service-public.gouv.fr/occitanie/gard/32caa9c3-622e-4b2c-bbf9-c8d0772b872d"}
{"nom":"Communauté de communes - Pays Viganais","type":"","adresse":"Maison de l'intercommunalité , 30120, Le Vigan , France","postalCode":"30120","city":"Le Vigan ","country":"France","horaires":"Du Lundi au Vendredi : de 08h00 à 12h00 de 13h30 à 17h00","contacts":{"email":"infos@cc-paysviganais.fr","telephone":"04 99 54 27 00"},"website":"https://www.cc-paysviganais.fr/","latitude":43.992928,"longitude":3.606322,"url":"https://lannuaire.service-public.gouv.fr/occitanie/gard/56d9ca2f-e68d-4ffb-b7a8-26460657dead"}
{"nom":"Communauté de communes - Petite Camargue","type":"","adresse":"145 avenue de la Condamine , 30600, Vauvert , France","postalCode":"30600","city":"Vauvert ","country":"France","horaires":"Du Lundi au Jeudi : de 09h00 à 12h00 de 14h00 à 17h30 | Le Vendredi : de 09h00 à 12h00","contacts":{"email":"contact@petitecamargue.fr","telephone":"04 66 51 19 20"},"website":"https://www.petitecamargue.fr/","latitude":43.68892,"longitude":4.2742677,"url":"https://lannuaire.service-public.gouv.fr/occitanie/gard/c73843a4-cadb-4255-b368-5b2df92128ca"}
{"nom":"Communauté de communes - Piège Lauragais Malepère","type":"","adresse":"62 rue Bonrepos , 11150, Bram , France","postalCode":"11150","city":"Bram ","country":"France","horaires":"Du Lundi au Vendredi : de 08h30 à 12h00 de 14h00 à 17h00 | Accueil ouvert uniquement sur rendez-vous l'après-midi.","contacts":{"email":"contact@ccplm.fr","telephone":"04 68 76 69 40"},"website":"https://ccplm.fr/","latitude":43.24167,"longitude":2.119393,"url":"https://lannuaire.service-public.gouv.fr/occitanie/aude/3d50fc89-0d1d-4f82-a010-c1ce31f5e6e0"}
{"nom":"Communauté de communes - Piémont Cévenol","type":"","adresse":"13 bis rue du Docteur-Rocheblave , 30260, Quissac , France","postalCode":"30260","city":"Quissac ","country":"France","horaires":"Du Lundi au Vendredi : de 09h00 à 12h00 de 14h00 à 17h00","contacts":{"email":"contact@piemont-cevenol.fr","telephone":"04 66 93 06 12"},"website":"https://www.piemont-cevenol.fr/","latitude":45.205627,"longitude":3.516234,"url":"https://lannuaire.service-public.gouv.fr/occitanie/gard/c66e3edd-50ad-4a6a-9929-f8b983fe6a4f"}
{"nom":"Communauté de communes - Plateau de Lannemezan","type":"","adresse":"1 route d'Espagne , 65250, La Barthe-de-Neste , France","postalCode":"65250","city":"La Barthe-de-Neste ","country":"France","horaires":"Du Lundi au Vendredi : de 08h30 à 12h00 de 13h30 à 17h00","contacts":{"email":"accueil@ccplannemezan.fr","telephone":"05 62 98 84 09"},"website":"https://www.ccplateaudelannemezan.fr/","latitude":43.07882,"longitude":0.380681,"url":"https://lannuaire.service-public.gouv.fr/occitanie/hautes-pyrenees/11b0e009-c237-4bb7-b7ee-461abbcd170b"}
{"nom":"Communauté de communes - Plateau de Montbazens","type":"","adresse":"20 place de l'Église , 12220, Montbazens , France","postalCode":"12220","city":"Montbazens ","country":"France","horaires":"Du Lundi au Vendredi : de 09h00 à 12h00 de 14h00 à 17h30","contacts":{"email":"com.cnes.montbazens@wanadoo.fr","telephone":"05 65 63 76 07"},"website":"https://plateau-de-montbazens.com/","latitude":44.47709,"longitude":2.229316,"url":"https://lannuaire.service-public.gouv.fr/occitanie/aveyron/a60c65ee-2dea-4797-ad64-afe713acef61"}
{"nom":"Communauté de communes - Pont du Gard","type":"","adresse":"21 bis avenue du Pont-du-Gard , 30210, Remoulins , France","postalCode":"30210","city":"Remoulins ","country":"France","horaires":"Du Lundi au Vendredi : de 08h30 à 12h00 de 13h30 à 17h00","contacts":{"email":"contact@cc-pontdugard.fr","telephone":"04 66 37 67 67"},"website":"https://www.cc-pontdugard.fr/","latitude":43.937805,"longitude":4.554798,"url":"https://lannuaire.service-public.gouv.fr/occitanie/gard/a0ccf4d8-2230-487e-beee-54b64c6da782"}
{"nom":"Communauté de communes - Portes d'Ariège Pyrénées","type":"","adresse":"26 bis Boulevard Delcassé , 09100, Pamiers , France","postalCode":"09100","city":"Pamiers ","country":"France","horaires":"Du Lundi au Jeudi : de 08h30 à 12h00 de 13h30 à 17h30 | Le Vendredi : de 08h30 à 12h00 de 13h30 à 17h00","contacts":{"email":"contact@ccpap.fr","telephone":"05 34 01 21 73"},"website":"https://ccpap.fr/","latitude":43.250954,"longitude":1.5464137,"url":"https://lannuaire.service-public.gouv.fr/occitanie/ariege/f4533902-27a9-462f-a272-2926a5a11289"}
{"nom":"Communauté de communes - Pyrénées Audoises","type":"","adresse":"1 avenue François-Mitterrand , 11500, Quillan , France","postalCode":"11500","city":"Quillan ","country":"France","horaires":"Du Lundi au Jeudi : de 08h30 à 12h00 de 13h30 à 17h00 | Le Vendredi : de 08h30 à 12h00 de 13h30 à 16h00","contacts":{"email":"accueil@pyreneesaudoises.fr","telephone":"04 68 20 00 10"},"website":"https://www.pyreneesaudoises.fr/","latitude":42.88192,"longitude":2.1905272,"url":"https://lannuaire.service-public.gouv.fr/occitanie/aude/5ec4fde1-7eff-45a0-a36e-6174050f917a"}
{"nom":"Communauté de communes - Pyrénées Catalanes","type":"","adresse":"Col de la Quillane , 66210, La Llagonne , France","postalCode":"66210","city":"La Llagonne ","country":"France","horaires":"Du Lundi au Vendredi : de 09h00 à 12h00 de 14h00 à 17h00","contacts":{"email":"contact@pyrenees-catalanes.com","telephone":"04 68 04 49 86"},"website":"https://www.pyrenees-catalanes.net/","latitude":42.52642,"longitude":2.122166,"url":"https://lannuaire.service-public.gouv.fr/occitanie/pyrenees-orientales/21db85f0-9a54-4d7c-9ea5-788d11973520"}
{"nom":"Communauté de communes - Pyrénées Cerdagne","type":"","adresse":"4 rue du Torrent , 66800, Saillagouse , France","postalCode":"66800","city":"Saillagouse ","country":"France","horaires":"Du Lundi au Vendredi : de 08h00 à 12h00 de 14h00 à 17h00","contacts":{"email":"contact@pyrenees-cerdagne.com","telephone":"04 68 04 53 30"},"website":"https://www.pyrenees-cerdagne.fr/","latitude":42.45964,"longitude":2.0383327,"url":"https://lannuaire.service-public.gouv.fr/occitanie/pyrenees-orientales/910ba4b3-e5d2-4ddf-a632-eac3e7434e7d"}
{"nom":"Communauté de communes - Pyrénées Haut Garonnaises","type":"","adresse":"17 avenue de Luchon , 31210, Gourdan-Polignan , France","postalCode":"31210","city":"Gourdan-Polignan ","country":"France","horaires":"Du Lundi au Mardi : de 09h00 à 12h00 de 14h00 à 17h00 | Le Mercredi : de 09h00 à 12h00 | Le Jeudi : de 09h00 à 12h00 de 14h00 à 17h00","contacts":{"email":"secretariat@ccphg.fr","telephone":"05 61 94 79 50"},"website":"https://cc-pyreneeshautgaronnaises.fr/","latitude":43.083866,"longitude":0.5748489,"url":"https://lannuaire.service-public.gouv.fr/occitanie/haute-garonne/8afd9139-3d65-4fe4-ba40-f8b5879da947"}
{"nom":"Communauté de communes - Pyrénées Vallées des Gaves","type":"","adresse":"1 rue Saint-Orens , 65400, Argelès-Gazost , France","postalCode":"65400","city":"Argelès-Gazost ","country":"France","horaires":"Du Lundi au Mardi : de 09h00 à 12h00 | Le Mercredi : de 09h00 à 12h00 de 13h30 à 17h00 | Du Jeudi au Vendredi : de 09h00 à 12h00","contacts":{"email":"courriel@ccpvg.fr","telephone":"05 62 97 55 18"},"website":"https://ccpvg.fr/","latitude":43.00374,"longitude":-0.1030184,"url":"https://lannuaire.service-public.gouv.fr/occitanie/hautes-pyrenees/3f2838cd-86ba-4c29-ab46-54fcef78a3a4"}
{"nom":"Communauté de communes - Quercy Blanc","type":"","adresse":"37 place Gambetta , 46170, Castelnau-Montratier , France","postalCode":"46170","city":"Castelnau-Montratier ","country":"France","horaires":"Du Lundi au Mardi : de 08h30 à 12h30 de 13h30 à 17h00 | Le Mercredi : de 08h30 à 12h30 | Du Jeudi au Vendredi : de 08h30 à 12h30 de 13h30 à 17h00","contacts":{"email":"contact@ccquercyblanc.fr","telephone":"05 65 20 34 92"},"website":"https://www.ccquercyblanc.fr/","latitude":44.26798,"longitude":1.3536015,"url":"https://lannuaire.service-public.gouv.fr/occitanie/lot/c17aac7a-6868-4355-a1a2-65f724a8eef8"}
{"nom":"Communauté de communes - Quercy Bouriane","type":"","adresse":"98 avenue Gambetta , 46300, Gourdon , France","postalCode":"46300","city":"Gourdon ","country":"France","horaires":"Du Lundi au Vendredi : de 09h00 à 13h00 de 14h00 à 17h00","contacts":{"email":"contact@ccqb.fr","telephone":"05 65 37 23 70"},"website":"https://ccqb.fr/","latitude":44.73924,"longitude":1.389252,"url":"https://lannuaire.service-public.gouv.fr/occitanie/lot/69c93204-2451-41a4-abc2-5b93606b6973"}
{"nom":"Communauté de communes - Quercy Caussadais","type":"","adresse":"264 route du Treilhou , 82300, Caussade , France","postalCode":"82300","city":"Caussade ","country":"France","horaires":"Du Lundi au Vendredi : de 08h30 à 12h45 de 13h30 à 18h00","contacts":{"email":"communautedecommunes@quercycaussadais.fr","telephone":"05 63 93 28 66"},"website":"https://www.quercycaussadais.fr/","latitude":44.14995,"longitude":1.5279685,"url":"https://lannuaire.service-public.gouv.fr/occitanie/tarn-et-garonne/becc6e55-31e6-464a-99e2-7c16f9bcdb5c"}
{"nom":"Communauté de communes - Quercy Rouergue et des Gorges de l'Aveyron","type":"","adresse":"Place de la Mairie , 82140, Saint-Antonin-Noble-Val , France","postalCode":"82140","city":"Saint-Antonin-Noble-Val ","country":"France","horaires":"Du Lundi au Jeudi : de 08h30 à 12h30 de 13h30 à 17h30 | Le Vendredi : de 08h30 à 12h30 de 13h30 à 16h00","contacts":{"email":"accueil@cc-qrga.fr","telephone":"05 63 30 67 01"},"website":"https://cc-qrga.fr/","latitude":44.150806,"longitude":1.75585,"url":"https://lannuaire.service-public.gouv.fr/occitanie/tarn-et-garonne/f2050ddc-1341-49d5-ba1d-eb8d1cff7e65"}
{"nom":"Communauté de communes - Quercy Vert-Aveyron","type":"","adresse":"370 avenue du 8-Mai-1945 , 82800, Nègrepelisse , France","postalCode":"82800","city":"Nègrepelisse ","country":"France","horaires":"Du Lundi au Vendredi : de 08h30 à 12h00 de 13h30 à 17h00","contacts":{"email":"contact@quercyvertaveyron.fr","telephone":"05 63 30 90 90"},"website":"https://www.quercyvertaveyron.fr/","latitude":44.074818,"longitude":1.5159242,"url":"https://lannuaire.service-public.gouv.fr/occitanie/tarn-et-garonne/58b9fe05-c8f2-4894-a8ab-82a985f751ca"}
{"nom":"Communauté de communes - Randon Margeride","type":"","adresse":"Rue de la Salassous , 48700, Monts-de-Randon , France","postalCode":"48700","city":"Monts-de-Randon ","country":"France","horaires":"Du Lundi au Vendredi : de 09h00 à 12h00 de 13h30 à 17h00","contacts":{"email":"accueil@randon-margeride.fr","telephone":"04 66 42 98 74"},"website":"https://www.randonmargeride.fr/","latitude":44.633312,"longitude":3.4776807,"url":"https://lannuaire.service-public.gouv.fr/occitanie/lozere/8c263608-8c1f-4b18-8478-ba2f0c581689"}
{"nom":"Communauté de communes - Région Lézignanaise Corbières et Minervois","type":"","adresse":"48 avenue Charles-Cros , 11200, Lézignan , France","postalCode":"11200","city":"Lézignan ","country":"France","horaires":"Du Lundi au Vendredi : de 08h00 à 12h00 de 13h30 à 17h00","contacts":{"email":"contact@ccrlcm.fr","telephone":"04 68 27 03 35"},"website":"https://www.ccrlcm.fr/","latitude":43.186527,"longitude":2.7582307,"url":"https://lannuaire.service-public.gouv.fr/occitanie/aude/b4e864ba-3f03-4c67-ac0f-218c26760981"}
{"nom":"Communauté de communes - Réquistanais","type":"","adresse":"2 place Prosper-Boissonnade , 12170, Réquista , France","postalCode":"12170","city":"Réquista ","country":"France","horaires":"Du Lundi au Jeudi : de 08h30 à 12h30 de 13h30 à 17h00 | Le Vendredi : de 08h30 à 12h30","contacts":{"email":"secretariat@requistanais.fr","telephone":"05 65 74 57 00"},"website":"https://requistanais.fr/","latitude":44.0324,"longitude":2.5388975,"url":"https://lannuaire.service-public.gouv.fr/occitanie/aveyron/5aa9b1a2-cedc-4f12-8440-159662a3cb5c"}
{"nom":"Communauté de communes - Rhony Vistre Vidourle","type":"","adresse":"2 avenue de la Fontanisse , 30660, Gallargues-le-Montueux , France","postalCode":"30660","city":"Gallargues-le-Montueux ","country":"France","horaires":"Du Lundi au Jeudi : de 09h00 à 12h00 de 14h00 à 18h00 | Le Vendredi : de 09h00 à 12h00 de 14h00 à 17h00","contacts":{"email":"accueil@ccrvv.fr","telephone":"04 66 35 55 55"},"website":"https://www.ccrvv.fr/","latitude":43.721016,"longitude":4.1699743,"url":"https://lannuaire.service-public.gouv.fr/occitanie/gard/724f08cd-8fbf-4a00-ae4b-f1f47c0e5693"}
{"nom":"Communauté de communes - Roussillon Conflent","type":"","adresse":"1 rue Michel-Blanc , 66130, Ille-sur-Tet , France","postalCode":"66130","city":"Ille-sur-Tet ","country":"France","horaires":"Du Lundi au Mardi : de 08h30 à 12h30 de 13h30 à 16h30 | Le Mercredi : de 08h30 à 12h30 | Le Jeudi : de 08h30 à 12h30 de 13h30 à 16h30 | Le Vendredi : de 08h30 à 12h30","contacts":{"email":"accueil@roussillon-conflent.fr","telephone":"04 68 57 86 85"},"website":"https://www.roussillon-conflent.fr/","latitude":42.669994,"longitude":2.6225884,"url":"https://lannuaire.service-public.gouv.fr/occitanie/pyrenees-orientales/61b26ada-c60e-4f2b-8f20-7c86e0def5ac"}
{"nom":"Communauté de communes - Saint-Affricain Roquefort Sept Vallons","type":"","adresse":"Bâtiment Occitan, entrée Coupole , 12400, Saint-Affrique , France","postalCode":"12400","city":"Saint-Affrique ","country":"France","horaires":"Du Lundi au Jeudi : de 08h00 à 12h00 de 13h30 à 17h30 | Le Vendredi : de 08h00 à 12h00 de 13h30 à 16h30","contacts":{"email":"accueil@cc-saintaffricain.fr","telephone":"05 65 99 49 56"},"website":"https://www.comcom-sar7v.fr/","latitude":43.954956,"longitude":2.8930364,"url":"https://lannuaire.service-public.gouv.fr/occitanie/aveyron/5f4de389-cdb5-4bd9-b16e-202ce2c626c8"}
{"nom":"Communauté de communes - Saves","type":"","adresse":"37 avenue de la Gailloue , 32220, Lombez , France","postalCode":"32220","city":"Lombez ","country":"France","horaires":"Du Lundi au Vendredi : de 08h30 à 12h00 de 13h30 à 17h00","contacts":{"email":"contact@ccsaves32.fr","telephone":"05 62 62 68 70"},"website":"https://www.ccsaves32.fr/","latitude":43.475803,"longitude":0.91201,"url":"https://lannuaire.service-public.gouv.fr/occitanie/gers/2d85dc3c-6719-4e99-9a2e-15904cccf1b8"}
{"nom":"Communauté de communes - Sidobre Vals et Plateaux","type":"","adresse":"Vialavert , 81260, Le Bez , France","postalCode":"81260","city":"Le Bez ","country":"France","horaires":"Du Lundi au Vendredi : de 09h00 à 12h00 de 13h30 à 17h00","contacts":{"email":"contact@ccsvp.fr","telephone":"05 63 73 03 86"},"website":"https://ccsvp.fr/","latitude":43.628944,"longitude":2.4107654,"url":"https://lannuaire.service-public.gouv.fr/occitanie/tarn/18ebe4f2-291b-4bfd-92c4-d0c8c051ac03"}
{"nom":"Communauté de communes - Sor et de l'Agout","type":"","adresse":"550 chemin des héronnières , 81710, Saïx , France","postalCode":"81710","city":"Saïx ","country":"France","horaires":"Du Lundi au Vendredi : de 08h30 à 12h00 de 14h00 à 17h00","contacts":{"email":"contact@communautesoragout.fr","telephone":"05 63 72 84 84"},"website":"https://www.communautesoragout.fr/","latitude":43.582073,"longitude":2.143988,"url":"https://lannuaire.service-public.gouv.fr/occitanie/tarn/2279bbd2-37d8-4c4f-98dd-67211eb0de0e"}
{"nom":"Communauté de communes - Sud Hérault","type":"","adresse":"1 allée du Languedoc , 34620, Puisserguier , France","postalCode":"34620","city":"Puisserguier ","country":"France","horaires":"Du Lundi au Jeudi : de 08h00 à 12h00 de 14h00 à 17h00 | Le Vendredi : de 08h00 à 12h00 de 14h00 à 16h00","contacts":{"email":"accueil@cc-sud-herault.fr","telephone":"04 67 93 89 54"},"website":"https://www.cc-sud-herault.fr/","latitude":43.368076,"longitude":3.039063,"url":"https://lannuaire.service-public.gouv.fr/occitanie/herault/ea8c3529-629e-460c-b31a-5266830cdcc6"}
{"nom":"Communauté de communes - Sud Roussillon","type":"","adresse":"16 rue Jérôme-et-Jean-Tharaud , 66750, Saint-Cyprien , France","postalCode":"66750","city":"Saint-Cyprien ","country":"France","horaires":"Du Lundi au Jeudi : de 08h00 à 12h00 de 13h30 à 17h30 | Le Vendredi : de 08h00 à 12h00 de 13h30 à 16h30","contacts":{"email":"info@sudroussillon.fr","telephone":"04 68 37 30 60"},"website":"https://sudroussillon.fr/","latitude":42.614525,"longitude":2.9952369,"url":"https://lannuaire.service-public.gouv.fr/occitanie/pyrenees-orientales/ebdde942-900d-41d2-b443-0e708a1c1e57"}
{"nom":"Communauté de communes - Tarn Agout","type":"","adresse":"Rond-Point Gabor , 81370, Saint-Sulpice , France","postalCode":"81370","city":"Saint-Sulpice ","country":"France","horaires":"Du Lundi au Vendredi : de 08h30 à 12h00 de 14h00 à 17h30","contacts":{"email":"accueil@cc-tarnagout.fr","telephone":"05 63 41 89 12"},"website":"https://www.cc-tarnagout.fr/","latitude":43.775024,"longitude":1.6861609,"url":"https://lannuaire.service-public.gouv.fr/occitanie/tarn/8a507949-c336-46fc-b344-589110d12e54"}
{"nom":"Communauté de communes - Terre de Camargue","type":"","adresse":"13 rue du Port , 30220, Aigues-Mortes , France","postalCode":"30220","city":"Aigues-Mortes ","country":"France","horaires":"Le Lundi : de 09h00 à 12h00 de 13h30 à 17h30 | Du Mardi au Jeudi : de 08h00 à 12h00 de 13h30 à 17h30 | Le Vendredi : de 08h00 à 12h00","contacts":{"email":"cc@terredecamargue.fr","telephone":"04 66 73 91 20"},"website":"https://www.terredecamargue.fr/","latitude":43.56729,"longitude":4.186851,"url":"https://lannuaire.service-public.gouv.fr/occitanie/gard/d2bfa47d-3329-4587-a232-93226240b517"}
{"nom":"Communauté de communes - Terres d'Apcher Margeride Aubrac","type":"","adresse":"23 boulevard Guérin-d'Apcher , 48200, Saint-Chély-d'Apcher , France","postalCode":"48200","city":"Saint-Chély-d'Apcher ","country":"France","horaires":"Du Lundi au Vendredi : de 08h30 à 12h00 de 13h30 à 17h00","contacts":{"email":"contact@cctama.fr","telephone":"04 66 47 70 02"},"website":"https://www.cctama.fr/","latitude":44.802006,"longitude":3.271416,"url":"https://lannuaire.service-public.gouv.fr/occitanie/lozere/3aa1a9a6-e89f-49b7-b496-36cf3f71c65a"}
{"nom":"Communauté de communes - Terres des Confluences","type":"","adresse":"636 rue des Confluences , 82100, Castelsarrasin , France","postalCode":"82100","city":"Castelsarrasin ","country":"France","horaires":"Du Lundi au Vendredi : de 09h00 à 12h00 de 14h00 à 17h00","contacts":{"email":"accueil@terresdesconfluences.fr","telephone":"05 63 95 56 00"},"website":"https://www.terresdesconfluences.fr/","latitude":44.069847,"longitude":1.0956825,"url":"https://lannuaire.service-public.gouv.fr/occitanie/tarn-et-garonne/f07f515b-5913-4511-b67d-95cf22ebc3df"}
{"nom":"Communauté de communes - Terres du Lauragais","type":"","adresse":"73 avenue de la Fontasse , 31290, Villefranche-de-Lauragais , France","postalCode":"31290","city":"Villefranche-de-Lauragais ","country":"France","horaires":"Du Lundi au Vendredi : de 09h00 à 12h00 de 14h00 à 17h00","contacts":{"email":"accueil@terres-du-lauragais.fr","telephone":"05 31 50 45 50"},"website":"https://www.terres-du-lauragais.fr/fr/index.html","latitude":43.400143,"longitude":1.7138082,"url":"https://lannuaire.service-public.gouv.fr/occitanie/haute-garonne/107a6b55-17e7-4160-bac9-f9747b74c154"}
{"nom":"Communauté de communes - Thoré Montagne Noire","type":"","adresse":"13 avenue de la Ribaute , 81240, Albine , France","postalCode":"81240","city":"Albine ","country":"France","horaires":"Du Lundi au Vendredi : de 08h30 à 12h30 de 13h30 à 17h00","contacts":{"email":"contact@cc-thoremontagnenoire.fr","telephone":"05 63 97 98 08"},"website":"https://www.cc-thoremontagnenoire.fr/","latitude":43.46088,"longitude":2.538866,"url":"https://lannuaire.service-public.gouv.fr/occitanie/tarn/edf18c54-2c68-4ffe-86f8-899ecae8219e"}
{"nom":"Communauté de communes - Val'Aïgo","type":"","adresse":"2 avenue Saint-Exupéry , 31340, Villemur-sur-Tarn , France","postalCode":"31340","city":"Villemur-sur-Tarn ","country":"France","horaires":"Le Lundi : de 08h30 à 12h30 de 13h30 à 17h00 | Le Mardi : de 08h30 à 12h30 | Du Mercredi au Jeudi : de 08h30 à 12h30 de 13h30 à 17h00 | Le Vendredi : de 08h30 à 12h30 de 13h30 à 16h30","contacts":{"email":"contact@valaigo.fr","telephone":"05 61 09 91 38"},"website":"https://valaigo.com/","latitude":43.86079,"longitude":1.5004908,"url":"https://lannuaire.service-public.gouv.fr/occitanie/haute-garonne/5b469453-f428-4a6f-b290-cde189fcc0e5"}
{"nom":"Communauté de communes - Val 81","type":"","adresse":"Pôle d'activités Val 81 , 81340, Valence-d'Albigeois , France","postalCode":"81340","city":"Valence-d'Albigeois ","country":"France","horaires":"Du Lundi au Vendredi : de 09h00 à 12h00 de 14h00 à 17h00","contacts":{"email":"val-81@orange.fr","telephone":"05 63 53 79 00"},"website":"https://www.val81.fr/","latitude":44.016476,"longitude":2.394705,"url":"https://lannuaire.service-public.gouv.fr/occitanie/tarn/e7306869-f4aa-42cf-b3eb-c4f9e629ef08"}
{"nom":"Communauté de communes - Val de Gers","type":"","adresse":"1 place Carnot , 32260, Seissan , France","postalCode":"32260","city":"Seissan ","country":"France","horaires":"Du Lundi au Vendredi : de 09h00 à 12h00 de 14h00 à 17h00","contacts":{"email":"accueil@cc-valdegers.fr","telephone":"05 62 05 99 64"},"website":"https://www.cc-valdegers.fr/","latitude":43.492672,"longitude":0.5918832,"url":"https://lannuaire.service-public.gouv.fr/occitanie/gers/ac3e3bab-2126-4483-bcf9-5d23bc81829b"}
{"nom":"Communauté de communes - Vallée de l'Hérault","type":"","adresse":"2 parc d'activités de Camalcé , 34150, Gignac , France","postalCode":"34150","city":"Gignac ","country":"France","horaires":"Du Lundi au Jeudi : de 08h30 à 12h00 de 14h00 à 17h30 | Le Vendredi : de 08h30 à 12h30 de 14h00 à 17h00","contacts":{"email":"contact@cc-vallee-herault.fr","telephone":"04 67 57 04 50"},"website":"https://www.cc-vallee-herault.fr/accueil-3.html","latitude":43.65367,"longitude":3.5514503,"url":"https://lannuaire.service-public.gouv.fr/occitanie/herault/129280fd-f6f3-403b-8375-348d751d4c01"}
{"nom":"Communauté de communes - Vallée du Lot et du Vignoble","type":"","adresse":"13 avenue de la Gare , 46700, Puy-l'Évêque , France","postalCode":"46700","city":"Puy-l'Évêque ","country":"France","horaires":"Du Lundi au Vendredi : de 08h30 à 12h30 de 13h30 à 17h00","contacts":{"email":"lot.vignoble@ccvlv.fr","telephone":"05 65 36 06 06"},"website":"http://www.cc-lot-vignoble.fr/","latitude":44.500916,"longitude":1.1328665,"url":"https://lannuaire.service-public.gouv.fr/occitanie/lot/69e0e4c0-0b1e-4917-9dc9-3204ef448676"}
{"nom":"Communauté de communes - Vallespir","type":"","adresse":"2 avenue du Vallespir , 66400, Céret , France","postalCode":"66400","city":"Céret ","country":"France","horaires":"Du Lundi au Vendredi : de 08h00 à 12h00 de 14h00 à 17h00","contacts":{"email":"accueil@vallespir.com","telephone":"04 68 87 69 05"},"website":"https://www.vallespir.com/","latitude":42.49491,"longitude":2.7391,"url":"https://lannuaire.service-public.gouv.fr/occitanie/pyrenees-orientales/c6bde7da-bd68-420b-b354-dff24bff2583"}
{"nom":"Communauté de communes - Volvestre","type":"","adresse":"34 avenue de Toulouse , 31390, Carbonne , France","postalCode":"31390","city":"Carbonne ","country":"France","horaires":"Du Lundi au Vendredi : de 09h00 à 12h00 de 13h30 à 17h00","contacts":{"email":"contact@cc-volvestre.fr","telephone":"05 61 90 80 70"},"website":"https://volvestre.fr/","latitude":43.299847,"longitude":1.2248178,"url":"https://lannuaire.service-public.gouv.fr/occitanie/haute-garonne/46f6ee70-306e-4e28-9383-304714e0bc16"}
{"nom":"Communauté - Decazeville","type":"","adresse":"centre technique Decazeville communauté , 12300, Decazeville , France","postalCode":"12300","city":"Decazeville ","country":"France","horaires":"Du Lundi au Vendredi : de 08h00 à 12h00 de 13h30 à 17h30","contacts":{"email":"contact@decazeville-communaute.fr","telephone":"05 65 43 95 00"},"website":"https://www.decazeville-communaute.fr/","latitude":44.560318,"longitude":2.25183,"url":"https://lannuaire.service-public.gouv.fr/occitanie/aveyron/51d2b461-3cf1-4dc1-90cf-3d5a9056154e"}
{"nom":"Communauté urbaine - Perpignan Méditerranée Métropole","type":"","adresse":"11 boulevard Saint-Assiscle , 66006, Perpignan Cedex , France","postalCode":"66006","city":"Perpignan Cedex ","country":"France","horaires":"Du Lundi au Jeudi : de 08h30 à 12h30 de 13h30 à 17h30 | Le Vendredi : de 08h30 à 12h30 de 13h30 à 16h30","contacts":{"email":"accueil.pmca@perpignan-mediterranee.org","telephone":"04 68 08 60 00"},"website":"https://www.perpignanmediterraneemetropole.fr/","latitude":42.696114,"longitude":2.8781261,"url":"https://lannuaire.service-public.gouv.fr/occitanie/pyrenees-orientales/a970b8c1-9090-488e-9308-7332c4cf83f2"}
{"nom":"Métropole - Montpellier Méditerranée","type":"","adresse":"50 place Zeus , 34961, Montpellier , France","postalCode":"34961","city":"Montpellier ","country":"France","horaires":"Du Lundi au Vendredi : de 08h00 à 18h00","contacts":{"email":"contact@montpellier3m.fr","telephone":"04 67 13 60 00"},"website":"https://www.montpellier3m.fr/","latitude":43.610767,"longitude":3.876716,"url":"https://lannuaire.service-public.gouv.fr/occitanie/herault/372c0430-860c-4faf-8d7b-9c4fc51471de"}
{"nom":"Métropole - Toulouse","type":"","adresse":"6 rue René-Leduc , 31500, Toulouse , France","postalCode":"31500","city":"Toulouse ","country":"France","horaires":"Du Lundi au Vendredi : de 08h00 à 18h00","contacts":{"email":"accueil@toulouse-metropole.fr","telephone":"05 81 91 72 00"},"website":"https://metropole.toulouse.fr/","latitude":43.610874,"longitude":1.4573773,"url":"https://lannuaire.service-public.gouv.fr/occitanie/haute-garonne/2ed537d3-c022-4864-9dda-090ebea0202a"}
{"nom":"Sète Agglopôle Méditerranée","type":"","adresse":"4 avenue d'Aigues , 34110, Frontignan , France","postalCode":"34110","city":"Frontignan ","country":"France","horaires":"Du Lundi au Vendredi : de 09h00 à 12h00 de 14h00 à 17h00","contacts":{"email":"mg@agglopole.fr","telephone":"04 67 46 47 48"},"website":"https://www.agglopole.fr/","latitude":43.43525,"longitude":3.703248,"url":"https://lannuaire.service-public.gouv.fr/occitanie/herault/88f7eab4-ff50-44c7-9ef2-fdcad42a82a5"}
