{"nom":"Agglomération - Haut-Bugey","type":"","adresse":"57 rue René-Nicod , 01117, Oyonnax Cedex , France","postalCode":"01117","city":"Oyonnax Cedex ","country":"France","horaires":"Du Lundi au Vendredi : de 08h30 à 12h00 de 13h30 à 17h30","contacts":{"email":"contact@hautbugey-agglomeration.fr","telephone":"04 74 81 23 70"},"website":"https://www.hautbugey-agglomeration.fr/","latitude":46.26273,"longitude":5.653101,"url":"https://lannuaire.service-public.gouv.fr/auvergne-rhone-alpes/ain/962e7b55-0ddf-4a4f-a60a-ca707ad1b57f"}
{"nom":"Agglomération - Loire - Forez","type":"","adresse":"17 boulevard de la Préfecture , 42600, Montbrison , France","postalCode":"42600","city":"Montbrison ","country":"France","horaires":"Du Lundi au Jeudi : de 08h30 à 12h00 de 13h30 à 17h00 | Le Vendredi : de 08h30 à 12h00 de 13h30 à 16h30","contacts":{"email":"agglomeration@loireforez.fr","telephone":"04 26 54 70 00"},"website":"https://www.loireforez.fr/","latitude":45.608612,"longitude":4.0621147,"url":"https://lannuaire.service-public.gouv.fr/auvergne-rhone-alpes/loire/084d41a6-93e1-404a-a54a-a339822f810f"}
{"nom":"Communauté d'agglomération - Agglo Pays d'Issoire (API)","type":"","adresse":"20 rue de la Liberté , 63504, Issoire , France","postalCode":"63504","city":"Issoire ","country":"France","horaires":"Du Lundi au Vendredi : de 08h00 à 12h00 de 13h30 à 17h00","contacts":{"email":"acceuil@capissoire.fr","telephone":"04 15 62 20 00"},"website":"https://www.capissoire.fr/","latitude":45.421394,"longitude":3.7258246,"url":"https://lannuaire.service-public.gouv.fr/auvergne-rhone-alpes/puy-de-dome/b9295536-d66a-45ad-8952-bb5d549d01d9"}
{"nom":"Communauté d'agglomération - Annemasse - Les Voirons","type":"","adresse":"11 avenue Émile-Zola , 74100, Annemasse , France","postalCode":"74100","city":"Annemasse ","country":"France","horaires":"Le Lundi : de 08h30 à 12h00 de 13h30 à 17h00 | Du Mardi au Vendredi : de 08h30 à 17h00","contacts":{"email":"contact@annemasse-agglo.fr","telephone":"04 50 87 83 00"},"website":"https://www.annemasse-agglo.fr/","latitude":46.196304,"longitude":6.231659,"url":"https://lannuaire.service-public.gouv.fr/auvergne-rhone-alpes/haute-savoie/6253917a-1cf3-4c35-8b72-e26be4bd9428"}
{"nom":"Communauté d'agglomération - Annonay Rhône Agglo","type":"","adresse":"Château de la Lombardière , 07430, Davézieux , France","postalCode":"07430","city":"Davézieux ","country":"France","horaires":"Du Lundi au Vendredi : de 08h00 à 12h00 de 13h45 à 17h15","contacts":{"email":"courrier.agglo@annonayrhoneagglo.fr","telephone":"04 75 67 55 57"},"website":"https://www.annonayrhoneagglo.fr/","latitude":45.256664,"longitude":4.702261,"url":"https://lannuaire.service-public.gouv.fr/auvergne-rhone-alpes/ardeche/32e8b582-9501-4d7c-98c9-92acafbcddc5"}
{"nom":"Communauté d'agglomération - Arche Agglo","type":"","adresse":"3 rue des Condamines , 07300, Mauves , France","postalCode":"07300","city":"Mauves ","country":"France","horaires":"Du Mardi au Jeudi : de 08h30 à 12h00 de 13h30 à 17h00","contacts":{"email":"accueil@archeagglo.fr","telephone":"04 26 78 78 78"},"website":"https://www.archeagglo.fr/","latitude":45.067917,"longitude":4.832137,"url":"https://lannuaire.service-public.gouv.fr/auvergne-rhone-alpes/ardeche/6d735793-e336-4a73-b68a-7a28983fd534"}
{"nom":"Communauté d'agglomération - Arlysère","type":"","adresse":"2 avenue des Chasseurs-Alpins , 73207, Albertville Cedex , France","postalCode":"73207","city":"Albertville Cedex ","country":"France","horaires":"Du Lundi au Jeudi : de 08h30 à 12h00 de 13h30 à 17h00 | Le Vendredi : de 08h30 à 12h00 de 13h30 à 16h00","contacts":{"email":"contact@arlysere.fr","telephone":"04 79 10 48 48"},"website":"https://www.arlysere.fr/","latitude":45.674984,"longitude":6.392778,"url":"https://lannuaire.service-public.gouv.fr/auvergne-rhone-alpes/savoie/b70923fd-24ea-46cf-9a18-0fa6a9d6ca12"}
{"nom":"Communauté d'agglomération - Bassin d'Aurillac","type":"","adresse":"3 place des Carmes , 15000, Aurillac , France","postalCode":"15000","city":"Aurillac ","country":"France","horaires":"Du Lundi au Vendredi : de 08h00 à 12h00 de 13h30 à 17h30","contacts":{"email":"contact@caba.fr","telephone":"04 71 46 86 30"},"website":"https://www.caba.fr/fr/","latitude":44.924706,"longitude":2.441883,"url":"https://lannuaire.service-public.gouv.fr/auvergne-rhone-alpes/cantal/043db1ce-a865-4d71-b1ac-c188793066d5"}
{"nom":"Communauté d'agglomération - Bassin de Bourg-en-Bresse","type":"","adresse":"3 avenue Arsène-d'Arsonval , 01000, Bourg-en-Bresse , France","postalCode":"01000","city":"Bourg-en-Bresse ","country":"France","horaires":"Du Lundi au Jeudi : de 08h30 à 12h00 de 14h00 à 17h30 | Le Vendredi : de 08h30 à 12h00 de 14h00 à 16h45","contacts":{"email":"courrier@grandbourg.fr","telephone":"04 74 24 75 15"},"website":"https://www.grandbourg.fr/index.php","latitude":46.214935,"longitude":5.2208447,"url":"https://lannuaire.service-public.gouv.fr/auvergne-rhone-alpes/ain/fc74a1a8-3b7f-42c3-8417-12b50fe31600"}
{"nom":"Communauté d'agglomération - Charlieu-Belmont","type":"","adresse":"9 place de la Bouverie , 42190, Charlieu , France","postalCode":"42190","city":"Charlieu ","country":"France","horaires":"Du Lundi au Vendredi : de 08h30 à 12h00","contacts":{"email":"contact@charlieubelmont.com","telephone":"04 77 69 03 06"},"website":"https://www.charlieubelmont.com/","latitude":46.158245,"longitude":4.17539,"url":"https://lannuaire.service-public.gouv.fr/auvergne-rhone-alpes/loire/1c40356e-a86e-4680-806e-80d8b250f679"}
{"nom":"Communauté d'agglomération - Lac du Bourget","type":"","adresse":"1500 boulevard Lepic , 73100, Aix-les-Bains , France","postalCode":"73100","city":"Aix-les-Bains ","country":"France","horaires":"Du Lundi au Vendredi : de 08h30 à 12h00 de 13h30 à 17h00","contacts":{"email":"contact@grand-lac.fr","telephone":"04 79 35 00 51"},"website":"https://grand-lac.fr/","latitude":45.690235,"longitude":5.9090996,"url":"https://lannuaire.service-public.gouv.fr/auvergne-rhone-alpes/savoie/9a2482d6-25b0-45a8-854f-057541162cdc"}
{"nom":"Communauté d'agglomération - Montélimar","type":"","adresse":"Maison des services publics , 26200, Montélimar , France","postalCode":"26200","city":"Montélimar ","country":"France","horaires":"Du Lundi au Jeudi : de 08h00 à 12h00 de 13h30 à 17h30 | Le Vendredi : de 08h00 à 12h00 de 14h00 à 17h00","contacts":{"email":"contact@montelimar-agglo.fr","telephone":"04 75 00 64 41"},"website":"https://www.montelimar-agglo.fr/","latitude":44.56302,"longitude":4.75375,"url":"https://lannuaire.service-public.gouv.fr/auvergne-rhone-alpes/drome/e3dfe242-624f-4114-b34b-45bca540ccf1"}
{"nom":"Communauté d'agglomération - Montluçon Communauté","type":"","adresse":"1 rue des Conches , 03100, Montluçon , France","postalCode":"03100","city":"Montluçon ","country":"France","horaires":"Du Lundi au Vendredi : de 08h30 à 18h00","contacts":{"email":"contact@agglo-montlucon.fr","telephone":"04 70 02 55 00"},"website":"https://www.montlucon-communaute.com/","latitude":46.3383,"longitude":2.6038344,"url":"https://lannuaire.service-public.gouv.fr/auvergne-rhone-alpes/allier/421d109f-86fe-4f13-81d0-181a17eb15f0"}
{"nom":"Communauté d'agglomération - Moulins communauté","type":"","adresse":"8 place du Maréchal-de-Lattre-de-Tassigny , 03000, Moulins , France","postalCode":"03000","city":"Moulins ","country":"France","horaires":"Du Lundi au Vendredi : de 08h30 à 12h00 de 13h30 à 17h00","contacts":{"email":"contact.agglo@agglo-moulins.fr","telephone":"04 70 48 54 54"},"website":"https://www.agglo-moulins.fr/","latitude":46.56196,"longitude":3.3307896,"url":"https://lannuaire.service-public.gouv.fr/auvergne-rhone-alpes/allier/7c1ae671-e9af-4b4b-b4fb-cc80ad8fa9df"}
{"nom":"Communauté d'agglomération - Ouest Rhodanien","type":"","adresse":"3 rue de la Venne , 69170, Tarare , France","postalCode":"69170","city":"Tarare ","country":"France","horaires":"Du Lundi au Vendredi : de 09h00 à 12h00 de 13h30 à 16h00","contacts":{"email":"contact@c-or.fr","telephone":"04 74 05 06 60"},"website":"https://www.ouestrhodanien.fr/","latitude":45.892643,"longitude":4.436433,"url":"https://lannuaire.service-public.gouv.fr/auvergne-rhone-alpes/rhone/4655d371-6205-4bff-ac42-d3109648d84e"}
{"nom":"Communauté d'Agglomération - Pays de Gex","type":"","adresse":"135 rue de Genève , 01170, Gex , France","postalCode":"01170","city":"Gex ","country":"France","horaires":"Du Lundi au Jeudi : de 09h00 à 12h30 de 14h00 à 18h00 | Le Vendredi : de 09h00 à 12h30 de 14h00 à 16h00","contacts":{"email":"info@paysdegexagglo.fr","telephone":"04 50 42 65 00"},"website":"https://www.paysdegexagglo.fr/","latitude":46.33074,"longitude":6.0582323,"url":"https://lannuaire.service-public.gouv.fr/auvergne-rhone-alpes/ain/e585f86a-f226-409d-88fc-094773ba33fa"}
{"nom":"Communauté d'agglomération - Pays Voironnais","type":"","adresse":"40 rue Mainssieux , 38500, Voiron , France","postalCode":"38500","city":"Voiron ","country":"France","horaires":"Du Lundi au Vendredi : de 08h00 à 12h00 de 13h30 à 18h00","contacts":{"email":"info@paysvoironnais.com","telephone":"04 76 93 17 71"},"website":"https://www.paysvoironnais.com/","latitude":45.36297,"longitude":5.5925417,"url":"https://lannuaire.service-public.gouv.fr/auvergne-rhone-alpes/isere/226eb39d-4b47-48c8-83e2-5921c2e2f162"}
{"nom":"Communauté d'agglomération - Porte de l'Isère","type":"","adresse":"17 avenue du Bourg , 38081, L'Isle-d'Abeau Cedex , France","postalCode":"38081","city":"L'Isle-d'Abeau Cedex ","country":"France","horaires":"Du Lundi au Vendredi : de 08h30 à 12h00 de 13h30 à 17h00","contacts":{"email":"capi@capi38.fr","telephone":"04 74 27 28 00"},"website":"https://capi-agglo.fr/","latitude":45.621735,"longitude":5.231222,"url":"https://lannuaire.service-public.gouv.fr/auvergne-rhone-alpes/isere/bb1045cd-6eb2-4af1-ad91-d564e0ed2450"}
{"nom":"Communauté d'agglomération - Privas Centre Ardèche","type":"","adresse":"1 rue Serre-du-Serret , 07003, Privas , France","postalCode":"07003","city":"Privas ","country":"France","horaires":"Du Lundi au Vendredi : de 09h00 à 12h00 de 14h00 à 16h30","contacts":{"email":"agglo@privas-centre-ardeche.fr","telephone":"04 75 64 07 07"},"website":"https://www.privas-centre-ardeche.fr/","latitude":44.734222,"longitude":4.600253,"url":"https://lannuaire.service-public.gouv.fr/auvergne-rhone-alpes/ardeche/f4c58669-23f8-4896-a814-5d48286ce7e5"}
{"nom":"Communauté d'agglomération - Puy-en-Velay","type":"","adresse":"16 place de la Libération , 43003, Le Puy-en-Velay , France","postalCode":"43003","city":"Le Puy-en-Velay ","country":"France","horaires":"Du Lundi au Vendredi : de 08h30 à 12h00 de 14h00 à 17h00","contacts":{"email":"contact.agglo@lepuyenvelay.fr","telephone":"04 71 04 37 00"},"website":"https://www.agglo-lepuyenvelay.fr/","latitude":45.04746,"longitude":3.876459,"url":"https://lannuaire.service-public.gouv.fr/auvergne-rhone-alpes/haute-loire/01c91802-fe88-4a64-aa64-163271b93f0e"}
{"nom":"Communauté d'agglomération - Riom Limagne et Volcans","type":"","adresse":"8 rue Grégoire-de-Tours , 63200, Riom , France","postalCode":"63200","city":"Riom ","country":"France","horaires":"Du Lundi au Vendredi : de 08h30 à 12h30 de 13h30 à 17h00","contacts":{"email":"contact@rlv.eu","telephone":"04 73 67 11 00"},"website":"https://www.rlv.eu/","latitude":45.89072,"longitude":3.119966,"url":"https://lannuaire.service-public.gouv.fr/auvergne-rhone-alpes/puy-de-dome/84828004-7159-47b0-85c4-068e20244355"}
{"nom":"Communauté d'agglomération - Roannais Agglomération","type":"","adresse":"63 rue Jean-Jaurès , 42311, Roanne Cedex , France","postalCode":"42311","city":"Roanne Cedex ","country":"France","horaires":"Du Lundi au Vendredi : de 08h00 à 12h00 de 13h30 à 17h00","contacts":{"email":"info@roannais-agglomeration.fr","telephone":"04 77 44 29 50"},"website":"https://www.aggloroanne.fr/","latitude":46.035847,"longitude":4.070559,"url":"https://lannuaire.service-public.gouv.fr/auvergne-rhone-alpes/loire/3c35a518-bdfc-42da-959c-7d7657e81104"}
{"nom":"Communauté d'agglomération - Thonon Agglomération","type":"","adresse":"2 place de l'Hôtel-de-Ville , 74207, Thonon-les-Bains , France","postalCode":"74207","city":"Thonon-les-Bains ","country":"France","horaires":"Du Lundi au Vendredi : de 08h30 à 12h00 de 13h30 à 17h00 | Sur rendez-vous uniquement.","contacts":{"email":"accueil@thononagglo.fr","telephone":"04 50 31 25 00"},"website":"https://www.thononagglo.fr/","latitude":46.373154,"longitude":6.477527,"url":"https://lannuaire.service-public.gouv.fr/auvergne-rhone-alpes/haute-savoie/e1357262-5054-455a-ba10-6bab4f2c1334"}
{"nom":"Communauté d'agglomération - Valence Romans Agglo","type":"","adresse":"1 place Jacques-Brel , 26300, Valence , France","postalCode":"26300","city":"Valence ","country":"France","horaires":"Du Lundi au Jeudi : de 08h30 à 12h00 de 13h30 à 17h30 | Le Vendredi : de 08h30 à 12h00 de 13h30 à 17h00","contacts":{"email":"accueil@valenceromansagglo.fr","telephone":"04 75 81 30 30"},"website":"https://www.valenceromansagglo.fr/fr/index.html","latitude":44.927128,"longitude":4.9226003,"url":"https://lannuaire.service-public.gouv.fr/auvergne-rhone-alpes/drome/7f0de546-5ef7-4c28-9831-842f6b78ab78"}
{"nom":"Communauté d'agglomération - Vichy Communauté","type":"","adresse":"9 place Charles-de-Gaulle , 03200, Vichy , France","postalCode":"03200","city":"Vichy ","country":"France","horaires":"Du Lundi au Jeudi : de 08h30 à 12h30 de 13h30 à 17h30 | Le Vendredi : de 08h30 à 12h30 de 13h30 à 17h00","contacts":{"email":"accueil@vichy-communaute.fr","telephone":"04 70 96 57 00"},"website":"https://www.vichy-communaute.fr/","latitude":46.124603,"longitude":3.4266722,"url":"https://lannuaire.service-public.gouv.fr/auvergne-rhone-alpes/allier/bd0f190a-8582-44ca-9210-e1de5a9aeed6"}
{"nom":"Communauté d'agglomération - Vienne Condrieu","type":"","adresse":"Espace Saint-Germain , 38200, Vienne , France","postalCode":"38200","city":"Vienne ","country":"France","horaires":"Du Lundi au Vendredi : de 08h00 à 12h30 de 13h30 à 17h00","contacts":{"email":"info@vienne-condrieu-agglomeration.fr","telephone":"04 74 78 32 10"},"website":"https://www.vienne-condrieu-agglomeration.fr/","latitude":45.513916,"longitude":4.866657,"url":"https://lannuaire.service-public.gouv.fr/auvergne-rhone-alpes/isere/878d7684-c95d-430e-a726-7b1634ecf6c1"}
{"nom":"Communauté d'agglomération - Villefranche Beaujolais Saône","type":"","adresse":"115 rue Paul-Bert , 69400, Villefranche-sur-Saône , France","postalCode":"69400","city":"Villefranche-sur-Saône ","country":"France","horaires":"Du Lundi au Vendredi : de 08h30 à 12h30 de 13h30 à 17h00","contacts":{"email":"contact@agglo-villefranche.fr","telephone":"04 74 68 23 08"},"website":"https://www.agglo-villefranche.fr/","latitude":45.989742,"longitude":4.716939,"url":"https://lannuaire.service-public.gouv.fr/auvergne-rhone-alpes/rhone/f1576417-82b5-4259-84ee-024d195afb6a"}
{"nom":"Communauté de communes - Ambert Livradois Forez","type":"","adresse":"15 avenue du 11-Novembre , 63600, Ambert , France","postalCode":"63600","city":"Ambert ","country":"France","horaires":"Du Lundi au Vendredi : de 09h00 à 12h00 de 14h00 à 17h00","contacts":{"email":"accueil@ambertlivradoisforez.fr","telephone":"04 73 72 71 40"},"website":"https://www.ambertlivradoisforez.fr/","latitude":45.549248,"longitude":3.737632,"url":"https://lannuaire.service-public.gouv.fr/auvergne-rhone-alpes/puy-de-dome/ee25d5f9-e709-4454-8f5c-45d4b974855b"}
{"nom":"Communauté de communes - Ardèche Rhône Coiron","type":"","adresse":"10 avenue de la Résistance , 07350, Cruas , France","postalCode":"07350","city":"Cruas ","country":"France","horaires":"Du Lundi au Vendredi : de 08h30 à 12h00","contacts":{"email":"accueil@ardecherhonecoiron.fr","telephone":"04 75 00 04 11"},"website":"https://www.ardecherhonecoiron.fr/","latitude":44.655853,"longitude":4.765823,"url":"https://lannuaire.service-public.gouv.fr/auvergne-rhone-alpes/ardeche/4fce06f8-3da5-4757-9b93-87bdb10057ef"}
{"nom":"Communauté de communes - Ardèche des Sources et Volcans","type":"","adresse":"12 rue Pouget , 07330, Thueyts , France","postalCode":"07330","city":"Thueyts ","country":"France","horaires":"Du Lundi au Vendredi : de 08h30 à 12h00 de 13h30 à 17h00","contacts":{"email":"cdc@asv-cdc.fr","telephone":"04 75 89 01 48"},"website":"https://www.asv-cdc.fr/","latitude":44.67575,"longitude":4.221803,"url":"https://lannuaire.service-public.gouv.fr/auvergne-rhone-alpes/ardeche/6c4315a8-3d18-4506-aa15-d739552f47b7"}
{"nom":"Communauté de communes - Arve et Salève","type":"","adresse":"Maison Cécile-Bocquet , 74930, Reignier-Ésery , France","postalCode":"74930","city":"Reignier-Ésery ","country":"France","horaires":"Du Lundi au Jeudi : de 09h00 à 12h00 de 14h00 à 17h00 | Le Vendredi : de 09h00 à 12h00 de 14h00 à 16h00","contacts":{"email":"contact@arve-saleve.fr","telephone":"04 50 43 46 14"},"website":"https://www.arve-saleve.fr/","latitude":46.137302,"longitude":6.2699327,"url":"https://lannuaire.service-public.gouv.fr/auvergne-rhone-alpes/haute-savoie/313b0707-1ef5-4b33-b9f1-d01db6427577"}
{"nom":"Communauté de communes - Auzon","type":"","adresse":"Rue Jean-Catinot , 43250, Sainte-Florine , France","postalCode":"43250","city":"Sainte-Florine ","country":"France","horaires":"Du Lundi au Mardi : de 08h30 à 12h30 de 13h30 à 17h30 | Le Mercredi : de 08h30 à 11h30 | Du Jeudi au Vendredi : de 08h30 à 12h30 de 13h30 à 17h30","contacts":{"email":"contact@cc-auzon.fr","telephone":"04 73 54 02 28"},"website":"https://www.cc-auzon.fr/","latitude":45.402027,"longitude":3.3226473,"url":"https://lannuaire.service-public.gouv.fr/auvergne-rhone-alpes/haute-loire/0599b0d5-64b1-4742-a00d-7795cc5118da"}
{"nom":"Communauté de communes - Baronnies en Drôme Provençale","type":"","adresse":"Les Laurons , 26110, Nyons , France","postalCode":"26110","city":"Nyons ","country":"France","horaires":"Du Lundi au Jeudi : de 09h00 à 12h00 de 14h00 à 17h00 | Le Vendredi : de 09h00 à 12h00","contacts":{"email":"ccbdp@cc-bdp.fr","telephone":"04 75 26 34 37"},"website":"https://www.cc-bdp.fr/","latitude":44.35233,"longitude":5.118313,"url":"https://lannuaire.service-public.gouv.fr/auvergne-rhone-alpes/drome/bfe37c02-431b-4a4d-9165-6f951b7fe4f9"}
{"nom":"Communauté de communes - Bassin d'Aubenas","type":"","adresse":"16 route de la Manufacture-Royale , 07200, Ucel , France","postalCode":"07200","city":"Ucel ","country":"France","horaires":"Du Lundi au Vendredi : de 09h00 à 12h00 de 14h00 à 17h30","contacts":{"email":"contact@cdcba.fr","telephone":"04 75 94 61 12"},"website":"https://www.bassin-aubenas.fr/","latitude":44.626637,"longitude":4.397235,"url":"https://lannuaire.service-public.gouv.fr/auvergne-rhone-alpes/ardeche/dfe75db7-153f-4726-b87f-ad01db701ca2"}
{"nom":"Communauté de communes - Beaujolais Pierres Dorées","type":"","adresse":"Domaine des communes , 69480, Anse , France","postalCode":"69480","city":"Anse ","country":"France","horaires":"Du Lundi au Jeudi : de 08h30 à 12h00 de 14h00 à 17h30 | Le Vendredi : de 08h30 à 12h00","contacts":{"email":"contact@cc-pierresdorees.com","telephone":"04 74 67 00 25"},"website":"https://www.cc-pierresdorees.com/","latitude":45.93492,"longitude":4.687246,"url":"https://lannuaire.service-public.gouv.fr/auvergne-rhone-alpes/rhone/314edd8d-49a5-40d5-bd83-356b55bfa7ec"}
{"nom":"Communauté de communes - Berg et Coiron","type":"","adresse":"Hôtel Malmazet , 07170, Villeneuve-de-Berg , France","postalCode":"07170","city":"Villeneuve-de-Berg ","country":"France","horaires":"Du Lundi au Mardi : de 08h30 à 12h30 de 14h00 à 17h30 | Le Mercredi : de 08h30 à 12h30 | Du Jeudi au Vendredi : de 08h30 à 12h30 de 14h00 à 17h30","contacts":{"email":"contact@bergetcoiron.fr","telephone":"04 75 94 07 95"},"website":"https://www.bergetcoiron.fr/","latitude":44.55674,"longitude":4.50099,"url":"https://lannuaire.service-public.gouv.fr/auvergne-rhone-alpes/ardeche/43372912-993d-4d5e-92e0-2ff3d4ecfe66"}
{"nom":"Communauté de communes - Bièvre Est","type":"","adresse":"1352 rue Augustin-Blanchet , 38690, Colombe , France","postalCode":"38690","city":"Colombe ","country":"France","horaires":"Le Lundi : de 14h00 à 17h00 | Le Mardi : de 09h00 à 12h00 de 14h00 à 18h00 | Du Mercredi au Vendredi : de 09h00 à 12h00 de 14h00 à 17h00","contacts":{"email":"correspondances@cc-bievre-est.fr","telephone":"04 76 06 10 94"},"website":"https://www.bievre-est.fr/","latitude":45.398865,"longitude":5.454838,"url":"https://lannuaire.service-public.gouv.fr/auvergne-rhone-alpes/isere/63efa973-7536-4599-92c2-dcc59341f98c"}
{"nom":"Communauté de communes - Bièvre Isère","type":"","adresse":"ZAC Grenoble-Air-Parc , 38590, Saint-Étienne-de-Saint-Geoirs , France","postalCode":"38590","city":"Saint-Étienne-de-Saint-Geoirs ","country":"France","horaires":"Du Lundi au Vendredi : de 08h30 à 12h00 de 13h30 à 17h00","contacts":{"email":"contact@bievre-isere.com","telephone":"04 76 93 51 46"},"website":"https://bievre-isere.com/","latitude":45.35844,"longitude":5.338174,"url":"https://lannuaire.service-public.gouv.fr/auvergne-rhone-alpes/isere/8d191f1a-6a6c-460a-9f7b-c25daa2bd115"}
{"nom":"Communauté de communes - Billom Communauté","type":"","adresse":"35 avenue de la Gare , 63160, Billom , France","postalCode":"63160","city":"Billom ","country":"France","horaires":"Du Lundi au Jeudi : de 08h00 à 17h00 | Le Vendredi : de 08h00 à 16h00","contacts":{"email":"contact@billomcommunaute.fr","telephone":"04 73 73 43 24"},"website":"https://billomcommunaute.fr/","latitude":45.724697,"longitude":3.33527,"url":"https://lannuaire.service-public.gouv.fr/auvergne-rhone-alpes/puy-de-dome/fdd94983-958c-4f40-a991-2934a9d31df3"}
{"nom":"Communauté de communes - Bocage Bourbonnais","type":"","adresse":"1 place de l'Hôtel-de-Ville , 03160, Bourbon-l'Archambault , France","postalCode":"03160","city":"Bourbon-l'Archambault ","country":"France","horaires":"Du Lundi au Vendredi : de 08h30 à 12h30 de 13h30 à 17h00","contacts":{"email":"contact@ccbb.fr","telephone":"04 70 67 11 89"},"website":"https://www.cc-bocage-bourbonnais.com/","latitude":46.58586,"longitude":3.0579638,"url":"https://lannuaire.service-public.gouv.fr/auvergne-rhone-alpes/allier/1a06c556-12c6-470d-bc74-3929fc79193f"}
{"nom":"Communauté de communes - Bresse et Saône","type":"","adresse":"50 chemin de la Glaine , 01380, Bagé-le-Chatel , France","postalCode":"01380","city":"Bagé-le-Chatel ","country":"France","horaires":"Du Lundi au Vendredi : de 09h00 à 12h00 de 14h00 à 17h00","contacts":{"email":"accueil@ccbresseetsaone.fr","telephone":"03 85 36 37 18"},"website":"https://www.ccbresseetsaone.fr/","latitude":46.312584,"longitude":4.9274364,"url":"https://lannuaire.service-public.gouv.fr/auvergne-rhone-alpes/ain/31de1c7a-3bb6-4c7c-a672-816f2af0b87a"}
{"nom":"Communauté de communes - Brioude Sud Auvergne","type":"","adresse":"Rue du 21-Juin-1944 , 43102, Brioude , France","postalCode":"43102","city":"Brioude ","country":"France","horaires":"Du Lundi au Vendredi : de 08h00 à 12h00 de 13h30 à 17h00","contacts":{"email":"accueil@brioudesudauvergne.fr","telephone":"04 71 50 89 10"},"website":"https://www.cc-brivadois.fr/","latitude":45.294716,"longitude":3.381624,"url":"https://lannuaire.service-public.gouv.fr/auvergne-rhone-alpes/haute-loire/de712671-35bb-4119-ba82-17e4180e0a2c"}
{"nom":"Communauté de communes - Bugey Sud","type":"","adresse":"34 Grande rue , 01300, Belley , France","postalCode":"01300","city":"Belley ","country":"France","horaires":"Du Lundi au Mardi : de 09h00 à 12h00 de 14h00 à 17h00 | Le Mercredi : de 09h00 à 12h00 | Le Jeudi : de 09h00 à 12h00 de 14h00 à 17h00 | Le Vendredi : de 09h00 à 12h00","contacts":{"email":"accueil@ccbugeysud.com","telephone":"04 79 81 41 05"},"website":"https://www.ccbugeysud.com/","latitude":45.759926,"longitude":5.688047,"url":"https://lannuaire.service-public.gouv.fr/auvergne-rhone-alpes/ain/51b6052a-73af-4c3e-bd45-5ac214ff4c71"}
{"nom":"Communauté de communes - Canton de La Chambre","type":"","adresse":"39 place Jean-Viard , 73130, Saint-Étienne-de-Cuines , France","postalCode":"73130","city":"Saint-Étienne-de-Cuines ","country":"France","horaires":"Du Lundi au Jeudi : de 09h00 à 11h30 de 14h00 à 17h30 | Le Vendredi : de 09h00 à 11h30","contacts":{"email":"accueil@la4c.fr","telephone":"04 79 56 26 64"},"website":"https://www.la4c.fr/","latitude":45.342007,"longitude":6.29117,"url":"https://lannuaire.service-public.gouv.fr/auvergne-rhone-alpes/savoie/1f16540d-6824-4da5-a138-459caf8048eb"}
{"nom":"Communauté de communes - Cère et Goul en Carladès","type":"","adresse":"6 rue de l'Elancèze , 15800, Vic-sur-Cère , France","postalCode":"15800","city":"Vic-sur-Cère ","country":"France","horaires":"Du Lundi au Vendredi : de 08h30 à 12h00 de 14h00 à 17h00","contacts":{"email":"secretariat@carlades.fr","telephone":"04 71 47 89 00"},"website":"https://www.carlades.com/","latitude":44.967422,"longitude":2.606823,"url":"https://lannuaire.service-public.gouv.fr/auvergne-rhone-alpes/cantal/4b15dd65-2ec4-4f19-9780-5a318eabaf9d"}
{"nom":"Communauté de communes - Châtaigneraie Cantalienne","type":"","adresse":"Maison des services , 15220, Saint-Mamet-la-Salvetat , France","postalCode":"15220","city":"Saint-Mamet-la-Salvetat ","country":"France","horaires":"Du Lundi au Jeudi : de 08h30 à 12h30 de 13h30 à 17h00 | Le Vendredi : de 08h30 à 12h30","contacts":{"email":"accueil@chataigneraie15.fr","telephone":"04 71 49 33 30"},"website":"https://www.chataigneraie15.fr/","latitude":44.85828,"longitude":2.307308,"url":"https://lannuaire.service-public.gouv.fr/auvergne-rhone-alpes/cantal/54e352a3-71d2-40f8-8001-ed3bd723b35d"}
{"nom":"Communauté de communes - Chavanon Combrailles et Volcans","type":"","adresse":"6 avenue du Marronnier , 63380, Pontaumur , France","postalCode":"63380","city":"Pontaumur ","country":"France","horaires":"Du Lundi au Jeudi : de 09h00 à 12h30 de 13h30 à 17h00 | Le Vendredi : de 09h00 à 12h30 de 13h30 à 16h30 | Le Samedi : de 09h00 à 12h00 Sur rendez-vous uniquement","contacts":{"email":"contact@ccvcommunaute.fr","telephone":"04 73 79 70 70"},"website":"https://www.ccvcommunaute.fr/","latitude":45.868397,"longitude":2.674483,"url":"https://lannuaire.service-public.gouv.fr/auvergne-rhone-alpes/puy-de-dome/d216b03a-a8fe-46e1-8987-c249f8c1609d"}
{"nom":"Communauté de communes - Cluses Arve et Montagnes","type":"","adresse":"Immeuble Le Cristal , 74300, Cluses , France","postalCode":"74300","city":"Cluses ","country":"France","horaires":"Du Lundi au Vendredi : de 08h30 à 12h00 de 13h30 à 17h00","contacts":{"email":"contact@2ccam.fr","telephone":"04 57 54 22 00"},"website":"https://www.2ccam.fr/fr/","latitude":46.057507,"longitude":6.581423,"url":"https://lannuaire.service-public.gouv.fr/auvergne-rhone-alpes/haute-savoie/9e23b7f7-55d2-4251-9da1-fc5329df94b4"}
{"nom":"Communauté de communes - Coeur de Chartreuse","type":"","adresse":"Pôle tertiaire , 38380, Entre-deux-Guiers , France","postalCode":"38380","city":"Entre-deux-Guiers ","country":"France","horaires":"Du Mardi au Jeudi : de 09h00 à 11h30","contacts":{"email":"accueil@cc-coeurdechartreuse.fr","telephone":"04 76 66 81 74"},"website":"https://coeurdechartreuse.fr/","latitude":45.43329,"longitude":5.752113,"url":"https://lannuaire.service-public.gouv.fr/auvergne-rhone-alpes/isere/6306a198-e90d-49a5-8ee3-a174c4e9e216"}
{"nom":"Communauté de communes - Coeur de Maurienne Arvan","type":"","adresse":"Maison de l'intercommunalité , 73300, Saint-Jean-de-Maurienne , France","postalCode":"73300","city":"Saint-Jean-de-Maurienne ","country":"France","horaires":"Du Lundi au Vendredi : de 09h00 à 12h00 de 13h30 à 17h30","contacts":{"email":"contact@3cma73.com","telephone":"04 79 83 07 20"},"website":"https://www.coeurdemaurienne-arvan.com/","latitude":45.266853,"longitude":6.370505,"url":"https://lannuaire.service-public.gouv.fr/auvergne-rhone-alpes/savoie/926e4888-742a-40a0-ad60-5f46255ccd8d"}
{"nom":"Communauté de communes - Coeur de Savoie","type":"","adresse":"Place Albert-Serraz , 73800, Montmélian , France","postalCode":"73800","city":"Montmélian ","country":"France","horaires":"Du Lundi au Vendredi : de 08h30 à 12h00 de 14h00 à 17h30","contacts":{"email":"secretariat@cc.coeurdesavoie.fr","telephone":"04 79 84 36 27"},"website":"https://www.coeurdesavoie.fr/","latitude":45.50233,"longitude":6.0542808,"url":"https://lannuaire.service-public.gouv.fr/auvergne-rhone-alpes/savoie/bf7aeb11-7e0d-4bcd-87a8-a97a34ebb150"}
{"nom":"Communauté de communes - Coeur de Tarentaise","type":"","adresse":"133 quai Saint-Réal , 73600, Moûtiers , France","postalCode":"73600","city":"Moûtiers ","country":"France","horaires":"Du Lundi au Mardi : de 08h00 à 12h00 de 13h30 à 17h30 | Le Mercredi : de 08h00 à 12h00 Permanence téléphonique uniquement de 13h30 à 17h30. | Le Jeudi : de 08h00 à 12h00 de 13h30 à 17h30 | Le Vendredi : de 08h00 à 12h00 de 13h30 à 16h30","contacts":{"email":"contact@coeurdetarentaise.fr","telephone":"04 79 24 41 41"},"website":"https://www.coeurdetarentaise.fr/","latitude":45.483776,"longitude":6.531103,"url":"https://lannuaire.service-public.gouv.fr/auvergne-rhone-alpes/savoie/7d2382ff-7455-4f54-a595-d097652f8506"}
{"nom":"Communauté de communes - Collines Isère Nord Communauté","type":"","adresse":"316 rue du Colombier , 38540, Heyrieux , France","postalCode":"38540","city":"Heyrieux ","country":"France","horaires":"Le Lundi : de 09h00 à 13h00 de 14h00 à 17h00 | Le Mardi : de 10h00 à 13h00 de 14h00 à 18h00 | Du Mercredi au Jeudi : de 09h00 à 13h00 de 14h00 à 17h00 | Le Vendredi : de 09h00 à 16h00","contacts":{"email":"communaute@collines.org","telephone":"04 72 48 19 89"},"website":"https://www.collines.org/","latitude":45.631287,"longitude":5.0737743,"url":"https://lannuaire.service-public.gouv.fr/auvergne-rhone-alpes/isere/9178dd69-1a83-4232-9400-d3fe812bea02"}
{"nom":"Communauté de communes - Combrailles Sioule et Morge","type":"","adresse":"21-23 rue Victor-Mazuel , 63410, Manzat , France","postalCode":"63410","city":"Manzat ","country":"France","horaires":"Du Lundi au Vendredi : de 09h00 à 12h00 de 14h00 à 17h00","contacts":{"email":"secretariat-general@comcom-csm.fr","telephone":"04 73 86 99 19"},"website":"https://www.combrailles-sioule-morge.fr/","latitude":45.96129,"longitude":2.941094,"url":"https://lannuaire.service-public.gouv.fr/auvergne-rhone-alpes/puy-de-dome/fd3dce84-07b3-4547-9ed1-49c5b60f4e64"}
{"nom":"Communauté de communes - Commentry Montmarault Néris Communauté","type":"","adresse":", 03600, Commentry , France","postalCode":"03600","city":"Commentry ","country":"France","horaires":"Le Lundi : de 08h30 à 12h00 de 13h30 à 17h30 | Le Mardi : de 08h30 à 12h00 | Le Mercredi : de 08h30 à 12h00 de 13h30 à 17h30 | Le Jeudi : de 08h30 à 12h00 | Le Vendredi : de 08h30 à 12h00 de 13h30 à 17h30","contacts":{"email":"cmnc@cmnc03.fr","telephone":"04 70 34 39 03"},"website":"https://www.cmnc03.fr/","latitude":46.294205,"longitude":2.7402713,"url":"https://lannuaire.service-public.gouv.fr/auvergne-rhone-alpes/allier/8d068ead-d162-4dc1-a0f3-0438d5e0279a"}
{"nom":"Communauté de communes - Crestois et de Pays de Saillans Coeur de Drôme","type":"","adresse":"15 chemin des Senteurs , 26400, Aouste-sur-Sye , France","postalCode":"26400","city":"Aouste-sur-Sye ","country":"France","horaires":"Du Lundi au Mardi : de 09h00 à 12h30 | Le Mercredi : de 09h00 à 12h30 de 13h30 à 16h30 | Du Jeudi au Vendredi : de 09h00 à 12h30","contacts":{"email":"accueil@cccps.fr","telephone":"04 75 40 03 89"},"website":"https://www.cccps.fr/","latitude":44.710552,"longitude":5.067347,"url":"https://lannuaire.service-public.gouv.fr/auvergne-rhone-alpes/drome/822292b2-e5e2-4a4a-8be3-a605d02fc95d"}
{"nom":"Communauté de communes - Dieulefit Bourdeaux","type":"","adresse":"8 rue Garde-de-Dieu , 26220, Dieulefit , France","postalCode":"26220","city":"Dieulefit ","country":"France","horaires":"Du Lundi au Jeudi : de 08h30 à 12h30 de 13h30 à 17h00 | Le Vendredi : de 08h30 à 12h30 de 13h30 à 16h30","contacts":{"email":"ccpd.courrier@orange.fr","telephone":"04 75 46 82 33"},"website":"https://www.ccdb26.fr/","latitude":44.526176,"longitude":5.064146,"url":"https://lannuaire.service-public.gouv.fr/auvergne-rhone-alpes/drome/4cf23729-29ea-4838-8e81-32c28fda680f"}
{"nom":"Communauté de communes - Diois","type":"","adresse":"42 rue Camille-Buffardel , 26150, Die , France","postalCode":"26150","city":"Die ","country":"France","horaires":"Du Lundi au Jeudi : de 08h30 à 12h00 de 13h30 à 17h30 | Le Vendredi : de 08h30 à 12h00 de 13h30 à 17h00","contacts":{"email":"contact@paysdiois.fr","telephone":"04 75 22 29 44"},"website":"https://www.paysdiois.fr/","latitude":44.754498,"longitude":5.3705635,"url":"https://lannuaire.service-public.gouv.fr/auvergne-rhone-alpes/drome/1c9c9c76-088d-4fa9-b94d-4f80d3910e05"}
{"nom":"Communauté de communes - Dombes Saône Vallée","type":"","adresse":"627 route de Jassans , 01600, Trévoux , France","postalCode":"01600","city":"Trévoux ","country":"France","horaires":"Du Lundi au Vendredi : de 08h30 à 12h30 de 13h30 à 17h00","contacts":{"email":"contact@ccdsv.fr","telephone":"04 74 08 97 66"},"website":"https://www.ccdsv.fr/","latitude":45.94614,"longitude":4.759121,"url":"https://lannuaire.service-public.gouv.fr/auvergne-rhone-alpes/ain/32c18409-c830-4ba1-988f-53798fd4b9a2"}
{"nom":"Communauté de communes - Dômes Sancy Artense","type":"","adresse":"23 route de Clermont , 63210, Rochefort-Montagne , France","postalCode":"63210","city":"Rochefort-Montagne ","country":"France","horaires":"Du Lundi au Vendredi : de 08h30 à 12h00 de 13h30 à 17h00","contacts":{"email":"accueil@domes-sancyartense.fr","telephone":"04 73 65 87 63"},"website":"https://www.domes-sancyartense.fr/","latitude":45.68455,"longitude":2.805489,"url":"https://lannuaire.service-public.gouv.fr/auvergne-rhone-alpes/puy-de-dome/0cf5db2f-b352-4259-81ce-9522e85443be"}
{"nom":"Communauté de communes - Drôme Sud Provence","type":"","adresse":"3 rue Jean-Charcot , 26700, Pierrelatte , France","postalCode":"26700","city":"Pierrelatte ","country":"France","horaires":"Du Lundi au Vendredi : de 08h30 à 12h00 de 13h30 à 17h00","contacts":{"email":"secretariat@ccdsp.fr","telephone":"04 75 96 63 02"},"website":"https://www.ccdsp.fr/","latitude":44.376514,"longitude":4.699609,"url":"https://lannuaire.service-public.gouv.fr/auvergne-rhone-alpes/drome/4ed2aa08-9486-4143-8ef4-8f765305cf15"}
{"nom":"Communauté de communes - Entr'Allier Besbre et Loire","type":"","adresse":"18 rue de Vouroux , 03150, Varennes-sur-Allier , France","postalCode":"03150","city":"Varennes-sur-Allier ","country":"France","horaires":"Du Lundi au Mardi : de 09h00 à 12h00 de 14h00 à 17h00 | Le Mercredi : de 09h00 à 12h00 | Le Jeudi : de 09h00 à 12h00 de 14h00 à 17h00 | Le Vendredi : de 09h00 à 12h00 de 14h00 à 16h30","contacts":{"email":"contact@interco-abl.fr","telephone":"04 70 45 00 99"},"website":"https://www.interco-abl.fr/","latitude":46.314022,"longitude":3.3986406,"url":"https://lannuaire.service-public.gouv.fr/auvergne-rhone-alpes/allier/4ca3cd61-cb44-4afb-857e-6ca95f90d60c"}
{"nom":"Communauté de communes - Entre Bièvre et Rhône","type":"","adresse":"Rue du 19-Mars-1962 , 38550, Saint-Maurice-l'Exil , France","postalCode":"38550","city":"Saint-Maurice-l'Exil ","country":"France","horaires":"Du Lundi au Vendredi : de 08h30 à 12h00 de 13h30 à 17h30","contacts":{"email":"accueil@entre-bievreetrhone.fr","telephone":"04 74 29 31 00"},"website":"https://www.entre-bievreetrhone.fr/","latitude":45.397614,"longitude":4.7774363,"url":"https://lannuaire.service-public.gouv.fr/auvergne-rhone-alpes/isere/7d889506-69c8-4a9e-b8d8-1fab21b8fa01"}
{"nom":"Communauté de communes - Entre Dore et Allier","type":"","adresse":"29 avenue de Verdun , 63190, Lezoux , France","postalCode":"63190","city":"Lezoux ","country":"France","horaires":"Du Lundi au Mardi : de 08h30 à 12h30 de 13h30 à 16h00 | Le Mercredi : de 08h30 à 12h00 | Du Jeudi au Vendredi : de 08h30 à 12h30 de 13h30 à 16h00","contacts":{"email":"contact@ccdoreallier.fr","telephone":"04 73 73 95 10"},"website":"http://www.ccdoreallier.fr/","latitude":45.831646,"longitude":3.3869307,"url":"https://lannuaire.service-public.gouv.fr/auvergne-rhone-alpes/puy-de-dome/c109728b-d82b-403c-86cb-754d6965039e"}
{"nom":"Communauté de communes - Est Lyonnais","type":"","adresse":"Aéroport de Lyon - Saint-Exupéry , 69125, Colombier-Saugnieu Cedex , France","postalCode":"69125","city":"Colombier-Saugnieu Cedex ","country":"France","horaires":"Du Lundi au Jeudi : de 08h00 à 12h30 de 13h30 à 17h00 | Le Vendredi : de 08h00 à 12h30 de 13h30 à 16h00","contacts":{"email":"accueil@ccel.fr","telephone":"04 72 79 05 34"},"website":"https://ccel.fr/","latitude":45.709095,"longitude":5.071578,"url":"https://lannuaire.service-public.gouv.fr/auvergne-rhone-alpes/rhone/21432a76-82df-4325-96bd-70c856aaff98"}
{"nom":"Communauté de communes - Faucigny Glières","type":"","adresse":"6 place de l'Hôtel-de-Ville , 74130, Bonneville , France","postalCode":"74130","city":"Bonneville ","country":"France","horaires":"Du Lundi au Vendredi : de 09h00 à 12h00 de 13h30 à 17h00","contacts":{"email":"courrier@ccfg.fr","telephone":"04 50 97 51 58"},"website":"https://www.ccfg.fr/","latitude":46.077908,"longitude":6.408153,"url":"https://lannuaire.service-public.gouv.fr/auvergne-rhone-alpes/haute-savoie/99b3f049-6de8-47d6-86f3-d19e9fcea0b0"}
{"nom":"Communauté de communes - Fier et Usses","type":"","adresse":"171 place Claudius-Luiset , 74330, Sillingy , France","postalCode":"74330","city":"Sillingy ","country":"France","horaires":"Du Lundi au Mardi : de 08h30 à 12h00 de 13h30 à 17h00 | Le Mercredi : de 08h30 à 12h00 | Le Jeudi : de 08h30 à 12h00 de 13h30 à 17h00 | Le Vendredi : de 08h30 à 12h00 de 13h30 à 16h00","contacts":{"email":"accueil@ccfu.fr","telephone":"04 50 77 70 74"},"website":"https://www.fier-et-usses.com/","latitude":45.946495,"longitude":6.0353007,"url":"https://lannuaire.service-public.gouv.fr/auvergne-rhone-alpes/haute-savoie/e2769939-8de7-407d-acff-78e93b899249"}
{"nom":"Communauté de communes - Forez Est","type":"","adresse":"6 Place Paul Larue , 42110, Feurs , France","postalCode":"42110","city":"Feurs ","country":"France","horaires":"Du Lundi au Jeudi : de 09h00 à 12h00 de 14h00 à 17h00 | Le Vendredi : de 09h00 à 12h00 de 14h00 à 16h00","contacts":{"email":"direction-generale@forez-est.fr","telephone":"04 77 28 29 30"},"website":"https://www.forez-est.fr/","latitude":45.744083,"longitude":4.228278,"url":"https://lannuaire.service-public.gouv.fr/auvergne-rhone-alpes/loire/c4523d51-7d32-4b54-94a4-64700d643aaf"}
{"nom":"Communauté de communes - Genevois","type":"","adresse":"Archamps-Technopole , 74166, Saint-Julien-en-Genevois Cedex , France","postalCode":"74166","city":"Saint-Julien-en-Genevois Cedex ","country":"France","horaires":"Du Lundi au Jeudi : de 09h00 à 12h00 de 14h00 à 17h00 | Le Vendredi : de 09h00 à 12h00 de 14h00 à 16h30","contacts":{"email":"info@cc-genevois.fr","telephone":"04 50 95 92 60"},"website":"https://www.cc-genevois.fr/","latitude":46.137875,"longitude":6.118554,"url":"https://lannuaire.service-public.gouv.fr/auvergne-rhone-alpes/haute-savoie/96715d34-c0ab-4ada-af3f-9079e62e7de5"}
{"nom":"Communauté de communes - Gorges de l'Ardèche","type":"","adresse":"16 rue des Abeilles , 07150, Vallon-Pont-d'Arc , France","postalCode":"07150","city":"Vallon-Pont-d'Arc ","country":"France","horaires":"Du Lundi au Jeudi : de 08h30 à 12h30 de 13h30 à 17h00 | Le Vendredi : de 08h30 à 12h30 de 13h30 à 16h00","contacts":{"email":"info@cc-gorgesardeche.fr","telephone":"04 75 37 61 13"},"website":"https://www.cc-gorgesardeche.fr/","latitude":44.40745,"longitude":4.395401,"url":"https://lannuaire.service-public.gouv.fr/auvergne-rhone-alpes/ardeche/b66cbf4d-bee5-4049-ae84-4230ca75b716"}
{"nom":"Communauté de communes - Haut-Chablais","type":"","adresse":"Communauté de communes du Haut-Chablais , 74430, Le Biot , France","postalCode":"74430","city":"Le Biot ","country":"France","horaires":"Du Lundi au Vendredi : de 08h30 à 12h00 de 14h00 à 17h00","contacts":{"email":"info@hautchablais.fr","telephone":"04 50 72 14 54"},"website":"https://www.cc-hautchablais.fr/Francais","latitude":46.2633,"longitude":6.631389,"url":"https://lannuaire.service-public.gouv.fr/auvergne-rhone-alpes/haute-savoie/99cdc1cd-0b37-448c-a2a5-5d945403f219"}
{"nom":"Communauté de communes - Haute Maurienne Vanoise","type":"","adresse":"9 place Sommeiller , 73500, Modane , France","postalCode":"73500","city":"Modane ","country":"France","horaires":"Le Lundi : de 10h00 à 12h00 de 13h30 à 17h30 | Du Mardi au Vendredi : de 08h30 à 12h00 de 13h30 à 17h30","contacts":{"email":"info@cchmv.fr","telephone":"04 79 05 10 54"},"website":"https://www.cchautemaurienne.com/","latitude":45.193554,"longitude":6.6584253,"url":"https://lannuaire.service-public.gouv.fr/auvergne-rhone-alpes/savoie/2d73c578-3ce6-4c9c-8c2e-9c6e5e1e1bbe"}
{"nom":"Communauté de communes - Hautes Terres Communauté","type":"","adresse":"4 rue du Faubourg-Notre-Dame , 15300, Murat , France","postalCode":"15300","city":"Murat ","country":"France","horaires":"Du Lundi au Mercredi : de 09h00 à 12h00 de 13h30 à 17h30 | Le Jeudi : de 13h30 à 17h30 | Le Vendredi : de 09h00 à 12h00 de 13h30 à 17h30","contacts":{"email":"contact@hautesterres.fr","telephone":"04 71 20 22 62"},"website":"https://www.hautesterres.fr/","latitude":45.10927,"longitude":2.8720303,"url":"https://lannuaire.service-public.gouv.fr/auvergne-rhone-alpes/cantal/13bb3803-022e-4d86-85b7-016b0c2e98a0"}
{"nom":"Communauté de communes - Haute Tarentaise","type":"","adresse":"8 rue Célestin-Freppaz , 73700, Séez , France","postalCode":"73700","city":"Séez ","country":"France","horaires":"Du Lundi au Jeudi : de 08h30 à 12h00 de 13h30 à 17h00 | Le Vendredi : de 08h30 à 12h00","contacts":{"email":"contact@hautetarentaise.fr","telephone":"04 79 41 01 63"},"website":"https://www.hautetarentaise.fr/","latitude":45.622707,"longitude":6.799807,"url":"https://lannuaire.service-public.gouv.fr/auvergne-rhone-alpes/savoie/fb20012f-176d-4453-813b-d69651712755"}
{"nom":"Communauté de communes - Haut-Lignon","type":"","adresse":"13 allée des Pâquerettes , 43190, Tence , France","postalCode":"43190","city":"Tence ","country":"France","horaires":"Du Lundi au Mardi : de 09h00 à 12h00 de 14h00 à 17h00 | Le Mercredi : de 09h00 à 12h00 | Du Jeudi au Vendredi : de 09h00 à 12h00 de 14h00 à 17h00","contacts":{"email":"cc.hautlignon@wanadoo.fr","telephone":"04 71 59 87 63"},"website":"https://www.cc-hautlignon.fr/","latitude":45.113598,"longitude":4.293547,"url":"https://lannuaire.service-public.gouv.fr/auvergne-rhone-alpes/haute-loire/50f9ed2f-39ff-4959-8954-482beaf753a9"}
{"nom":"Communauté de communes - Haut pays du Velay","type":"","adresse":"37 rue Centrale , 43290, Montfaucon-en-Velay , France","postalCode":"43290","city":"Montfaucon-en-Velay ","country":"France","horaires":"Du Lundi au Vendredi : de 08h30 à 12h00 de 14h00 à 17h30","contacts":{"email":"accueil@hautpaysduvelay.fr","telephone":"04 71 65 74 10"},"website":"https://hautpaysduvelay-communaute.fr/","latitude":45.185658,"longitude":4.315206,"url":"https://lannuaire.service-public.gouv.fr/auvergne-rhone-alpes/haute-loire/fd7b9ee7-d62a-49cc-9520-b8a2e13bc530"}
{"nom":"Communauté de communes - Lac d'Aiguebelette","type":"","adresse":"Maison du Lac , 73470, Nances , France","postalCode":"73470","city":"Nances ","country":"France","horaires":"Du Mardi au Jeudi : de 08h30 à 12h00 de 13h30 à 17h00 | Le Vendredi : de 08h30 à 12h00 de 13h30 à 16h00","contacts":{"email":"ccla@ccla.fr","telephone":"04 79 28 78 64"},"website":"https://ccla.fr/","latitude":45.57405,"longitude":5.801035,"url":"https://lannuaire.service-public.gouv.fr/auvergne-rhone-alpes/savoie/ba0e44d4-e98a-4ad5-a44e-6c1789d65c10"}
{"nom":"Communauté de communes - La Côtière","type":"","adresse":"ZAC Cap & Co , 01120, Montluel , France","postalCode":"01120","city":"Montluel ","country":"France","horaires":"Du Lundi au Vendredi : de 08h30 à 12h00 de 13h30 à 17h00","contacts":{"email":"infos@3cm.fr","telephone":"04 78 06 39 37"},"website":"https://www.3cm.fr/","latitude":45.845993,"longitude":5.0567,"url":"https://lannuaire.service-public.gouv.fr/auvergne-rhone-alpes/ain/1055a5d1-81c2-4d92-960d-5095cbffc5bf"}
{"nom":"Communauté de communes - La Dombes","type":"","adresse":"100 avenue Foch , 01400, Châtillon-sur-Chalaronne , France","postalCode":"01400","city":"Châtillon-sur-Chalaronne ","country":"France","horaires":"Du Lundi au Vendredi : de 08h30 à 12h30 de 13h30 à 17h00","contacts":{"email":"contact@ccdombes.fr","telephone":"04 28 36 12 12"},"website":"https://www.ccdombes.fr/","latitude":46.121326,"longitude":4.954904,"url":"https://lannuaire.service-public.gouv.fr/auvergne-rhone-alpes/ain/1c3d258e-06a9-446b-a607-c962b4232c0f"}
{"nom":"Communauté de communes - La Matheysine","type":"","adresse":"13 route du Terril , 38350, Susville , France","postalCode":"38350","city":"Susville ","country":"France","horaires":"Du Lundi au Vendredi : de 09h00 à 12h00 de 14h00 à 17h00","contacts":{"email":"contact@ccmatheysine.fr","telephone":"04 76 81 18 24"},"website":"https://www.ccmatheysine.fr/web/","latitude":44.928783,"longitude":5.776031,"url":"https://lannuaire.service-public.gouv.fr/auvergne-rhone-alpes/isere/7c3c3cbb-1640-45bf-8a34-837554a851ec"}
{"nom":"Communauté de communes - La Plaine de l'Ain","type":"","adresse":"143 rue du Château , 01150, Chazey-sur-Ain , France","postalCode":"01150","city":"Chazey-sur-Ain ","country":"France","horaires":"Du Lundi au Vendredi : de 09h00 à 12h00 de 14h00 à 17h00","contacts":{"email":"contact@cc-plainedelain.fr","telephone":"04 74 61 96 40"},"website":"https://cc-plainedelain.fr/","latitude":45.89509,"longitude":5.253527,"url":"https://lannuaire.service-public.gouv.fr/auvergne-rhone-alpes/ain/c832c350-2fb4-44f2-b465-4cab3844b8f0"}
{"nom":"Communauté de communes - La Vallée de Chamonix Mont-Blanc","type":"","adresse":"38 place de l'Hôtel-de-Ville , 74400, Chamonix , France","postalCode":"74400","city":"Chamonix ","country":"France","horaires":"Du Lundi au Vendredi : de 08h30 à 12h00 de 13h30 à 17h00","contacts":{"email":"contact@ccvcmb.fr","telephone":"04 50 54 39 76"},"website":"https://www.cc-valleedechamonixmontblanc.fr/","latitude":45.923695,"longitude":6.869341,"url":"https://lannuaire.service-public.gouv.fr/auvergne-rhone-alpes/haute-savoie/8aa487dc-f1e2-4b15-aaa9-fb9ef8596367"}
{"nom":"Communauté de communes - La Vallée du Garon (CCVG)","type":"","adresse":"Parc d'activités de Sacuny , 69530, Brignais , France","postalCode":"69530","city":"Brignais ","country":"France","horaires":"Du Lundi au Jeudi : de 08h30 à 12h00 de 14h00 à 17h30 | Le Vendredi : de 08h30 à 12h00 de 14h00 à 16h30","contacts":{"email":"contact@cc-valleedugaron.fr","telephone":"04 72 31 78 72"},"website":"https://www.ccvalleedugaron.com/","latitude":45.674946,"longitude":4.752564,"url":"https://lannuaire.service-public.gouv.fr/auvergne-rhone-alpes/rhone/68d4be09-461e-41f4-9d56-16f3fb80d433"}
{"nom":"Communauté de communes - La Vallée Verte","type":"","adresse":"131 rue de la Vallée-Verte , 74420, Boëge , France","postalCode":"74420","city":"Boëge ","country":"France","horaires":"Le Lundi : de 09h00 à 12h30 de 14h00 à 19h00 | Du Mardi au Jeudi : de 09h00 à 12h30 de 14h00 à 17h30 | Le Vendredi : de 09h00 à 12h30","contacts":{"email":"contact@cc-valleeverte.fr","telephone":"04 50 39 09 20"},"website":"https://cc-valleeverte.fr/","latitude":46.20797,"longitude":6.403518,"url":"https://lannuaire.service-public.gouv.fr/auvergne-rhone-alpes/haute-savoie/c8abca94-58ab-4450-980d-5f92d4bd9bb2"}
{"nom":"Communauté de communes - La Veyle","type":"","adresse":"Pôle des services publics , 01290, Pont-de-Veyle , France","postalCode":"01290","city":"Pont-de-Veyle ","country":"France","horaires":"Du Lundi au Jeudi : de 09h00 à 12h00 de 14h00 à 17h00 | Le Vendredi : de 09h00 à 12h00","contacts":{"email":"accueil@cc-laveyle.fr","telephone":"03 85 23 90 15"},"website":"https://www.cc-laveyle.fr/","latitude":46.26603,"longitude":4.8850636,"url":"https://lannuaire.service-public.gouv.fr/auvergne-rhone-alpes/ain/c727991c-62e6-454a-9e74-ae42f76963b9"}
{"nom":"Communauté de communes - Le Grésivaudan","type":"","adresse":"390 rue Henri-Fabre , 38920, Crolles , France","postalCode":"38920","city":"Crolles ","country":"France","horaires":"Du Lundi au Vendredi : de 08h45 à 12h00 de 13h45 à 17h30","contacts":{"email":"accueil@le-gresivaudan.fr","telephone":"04 76 08 04 57"},"website":"https://www.le-gresivaudan.fr/","latitude":45.275177,"longitude":5.8966413,"url":"https://lannuaire.service-public.gouv.fr/auvergne-rhone-alpes/isere/dbe09bdc-9ee1-49f6-a1d8-33e05b917ea7"}
{"nom":"Communauté de communes - Les Balcons du Dauphiné","type":"","adresse":"100 allée des Charmilles , 38510, Arandon-Passins , France","postalCode":"38510","city":"Arandon-Passins ","country":"France","horaires":"Du Lundi au Vendredi : de 09h00 à 12h00 de 13h30 à 17h00","contacts":{"email":"contact@balconsdudauphine.fr","telephone":"04 74 80 23 30"},"website":"https://www.balconsdudauphine.fr/","latitude":45.714878,"longitude":5.423975,"url":"https://lannuaire.service-public.gouv.fr/auvergne-rhone-alpes/isere/6903bf3e-ad98-4448-a430-26ed6ee33f84"}
{"nom":"Communauté de communes - Les Vals du Dauphiné","type":"","adresse":"22 rue de l'Hôtel-de-Ville , 38110, La Tour-du-Pin , France","postalCode":"38110","city":"La Tour-du-Pin ","country":"France","horaires":"Du Lundi au Mercredi : de 09h00 à 12h30 de 13h30 à 17h00 | Le Jeudi : de 09h00 à 12h30 de 13h30 à 18h30 | Le Vendredi : de 09h00 à 12h30 Accueil ouvert sur rendez-vous uniquement.","contacts":{"email":"contact@valsdudauphine.fr","telephone":"04 74 97 05 79"},"website":"https://www.valsdudauphine.fr/","latitude":45.56241,"longitude":5.4443107,"url":"https://lannuaire.service-public.gouv.fr/auvergne-rhone-alpes/isere/32d6414c-1667-41c7-882f-4ab257679a58"}
{"nom":"Communauté de communes - Les Versants d'Aime","type":"","adresse":"1002 avenue de Tarentaise , 73212, Aime-la-Plagne , France","postalCode":"73212","city":"Aime-la-Plagne ","country":"France","horaires":"Du Lundi au Vendredi : de 08h30 à 12h00","contacts":{"email":"contact@versantsdaime.fr","telephone":"04 79 55 40 27"},"website":"http://www.versantsdaime.fr/","latitude":45.55544,"longitude":6.646793,"url":"https://lannuaire.service-public.gouv.fr/auvergne-rhone-alpes/savoie/08956eb9-4b9a-44be-b342-00eb5740fdb9"}
{"nom":"Communauté de communes - Loire et Semène","type":"","adresse":"1 place de l'Abbaye , 43140, La Séauve-sur-Semène , France","postalCode":"43140","city":"La Séauve-sur-Semène ","country":"France","horaires":"Du Lundi au Vendredi : de 09h00 à 12h00 de 14h00 à 17h00","contacts":{"email":"accueil@loire-semene.fr","telephone":"04 71 75 69 50"},"website":"https://loire-semene.fr/","latitude":45.296627,"longitude":4.2621803,"url":"https://lannuaire.service-public.gouv.fr/auvergne-rhone-alpes/haute-loire/2efa5cc7-f0d5-4ad0-ba9d-de02d29a52eb"}
{"nom":"Communauté de communes - Lyon Saint Exupéry en Dauphiné","type":"","adresse":"4 avenue Alexandre-Grammont , 38230, Charvieu-Chavagneux , France","postalCode":"38230","city":"Charvieu-Chavagneux ","country":"France","horaires":"Du Lundi au Vendredi : de 08h30 à 12h00 de 13h30 à 17h00","contacts":{"email":"accueil@lysed.fr","telephone":"04 72 46 19 80"},"website":"https://www.lysed.fr/","latitude":45.746304,"longitude":5.16201,"url":"https://lannuaire.service-public.gouv.fr/auvergne-rhone-alpes/isere/8fc2a400-0e3c-447b-bb33-02a7ab4b15b2"}
{"nom":"Communauté de communes - Marches du Velay Rochebaron","type":"","adresse":"ZA La Borie , 43120, Monistrol-sur-Loire , France","postalCode":"43120","city":"Monistrol-sur-Loire ","country":"France","horaires":"Du Lundi au Jeudi : de 08h45 à 12h30 de 13h30 à 17h30 | Le Vendredi : de 08h45 à 12h30 de 13h30 à 16h30","contacts":{"email":"contact@marchesduvelayrochebaron.fr","telephone":"04 71 61 74 34"},"website":"https://www.marchesduvelayrochebaron.fr/","latitude":45.756817,"longitude":4.8437037,"url":"https://lannuaire.service-public.gouv.fr/auvergne-rhone-alpes/haute-loire/29e3b0d7-373b-4007-a42d-3cffff32a256"}
{"nom":"Communauté de communes - Massif du Sancy","type":"","adresse":"4 boulevard Mirabeau , 63240, Mont-Dore , France","postalCode":"63240","city":"Mont-Dore ","country":"France","horaires":"Du Lundi au Jeudi : de 08h30 à 12h30 de 13h45 à 17h30 | Le Vendredi : de 08h30 à 12h30","contacts":{"email":"ccms@cc-massifdusancy.fr","telephone":"04 73 65 24 48"},"website":"https://www.cc-massifdusancy.fr/","latitude":45.57641,"longitude":2.80524,"url":"https://lannuaire.service-public.gouv.fr/auvergne-rhone-alpes/puy-de-dome/c53b0361-48b2-4b2b-a982-14d65c55a646"}
{"nom":"Communauté de communes - Massif du Vercors","type":"","adresse":"Maison de l'intercommunalité , 38250, Villard-de-Lans , France","postalCode":"38250","city":"Villard-de-Lans ","country":"France","horaires":"Du Lundi au Jeudi : de 09h00 à 12h00 de 14h00 à 17h00 | Le Vendredi : de 09h00 à 12h00 de 14h00 à 16h00","contacts":{"email":"cc-massifduvercors@vercors.org","telephone":"04 76 95 08 96"},"website":"https://www.vercors.org/fr/","latitude":45.07039,"longitude":5.554706,"url":"https://lannuaire.service-public.gouv.fr/auvergne-rhone-alpes/isere/a7e9fd0e-c66a-4a43-b16b-d28d4bc311eb"}
{"nom":"Communauté de communes - Maurienne Galibier","type":"","adresse":"54 rue du Général-Ferrié , 73140, Saint-Michel-de-Maurienne , France","postalCode":"73140","city":"Saint-Michel-de-Maurienne ","country":"France","horaires":"Du Lundi au Vendredi : de 09h00 à 12h00 de 13h30 à 17h30","contacts":{"email":"info@maurienne-galibier.com","telephone":"04 79 56 52 54"},"website":"https://www.maurienne-galibier.com/fr/index.aspx","latitude":45.218204,"longitude":6.4834785,"url":"https://lannuaire.service-public.gouv.fr/auvergne-rhone-alpes/savoie/170235ae-804f-43b7-8c45-13008c7c9a8f"}
{"nom":"Communauté de communes - Mézenc Loire Meygal","type":"","adresse":"10 place Saint-Robert , 43260, Saint-Julien-Chapteuil , France","postalCode":"43260","city":"Saint-Julien-Chapteuil ","country":"France","horaires":"Du Lundi au Jeudi : de 09h00 à 12h00 de 14h00 à 17h00 | Le Vendredi : de 09h00 à 12h00","contacts":{"email":"contact@mezencloiremeygal.fr","telephone":"04 71 01 14 34"},"website":"https://www.mezencloiremeygal.fr/","latitude":45.036407,"longitude":4.060697,"url":"https://lannuaire.service-public.gouv.fr/auvergne-rhone-alpes/haute-loire/de7acbc9-b1dd-44e1-9aeb-25954f431e80"}
{"nom":"Communauté de communes - Miribel et du Plateau","type":"","adresse":"238 rue des Breteaux , 01700, Miribel , France","postalCode":"01700","city":"Miribel ","country":"France","horaires":"Du Lundi au Jeudi : de 08h00 à 12h00 de 13h30 à 17h30 | Le Vendredi : de 08h00 à 12h00 de 13h30 à 16h30","contacts":{"email":"contact@cc-miribel.fr","telephone":"04 78 55 52 18"},"website":"https://cc-miribel.fr/","latitude":45.823376,"longitude":4.967181,"url":"https://lannuaire.service-public.gouv.fr/auvergne-rhone-alpes/ain/b311e423-fcc1-41cb-bbec-067819eef761"}
{"nom":"Communauté de communes - Montagne d'Ardèche","type":"","adresse":"620 rue de la zone artisanale Les Eygades , 07470, Coucouron , France","postalCode":"07470","city":"Coucouron ","country":"France","horaires":"Du Mardi au Mercredi : de 09h00 à 12h00 de 14h00 à 17h00 | Le Jeudi : de 09h00 à 12h00","contacts":{"email":"accueil@montagne-ardeche.fr","telephone":"04 66 46 59 80"},"website":"https://cc-montagne-ardeche.fr/","latitude":44.80399,"longitude":3.9706504,"url":"https://lannuaire.service-public.gouv.fr/auvergne-rhone-alpes/ardeche/2d6f6313-26f9-415e-b96c-f461c18859d7"}
{"nom":"Communauté de communes - Montagnes du Giffre","type":"","adresse":"508 avenue des Thézières , 74440, Taninges , France","postalCode":"74440","city":"Taninges ","country":"France","horaires":"Le Lundi : de 09h00 à 12h00 de 13h30 à 17h00 | Le Mardi : de 13h30 à 17h00 | Le Mercredi : de 09h00 à 12h00 | Le Jeudi : de 09h00 à 12h00 de 13h30 à 17h00 | Le Vendredi : de 09h00 à 12h00","contacts":{"email":"accueil@montagnesdugiffre.fr","telephone":"04 50 47 62 00"},"website":"https://www.montagnesdugiffre.fr/","latitude":46.10316,"longitude":6.590377,"url":"https://lannuaire.service-public.gouv.fr/auvergne-rhone-alpes/haute-savoie/94a7a8ba-eaac-4c41-b35a-86bc16324bf4"}
{"nom":"Communauté de communes - Monts du Lyonnais","type":"","adresse":"790 allée de Pluvy , 69590, Pomeys , France","postalCode":"69590","city":"Pomeys ","country":"France","horaires":"Du Lundi au Vendredi : de 09h00 à 12h30 de 14h00 à 17h00","contacts":{"email":"contact@cc-mdl.fr","telephone":"04 37 20 13 09"},"website":"https://www.cc-montsdulyonnais.fr/","latitude":45.634277,"longitude":4.446888,"url":"https://lannuaire.service-public.gouv.fr/auvergne-rhone-alpes/rhone/3dce566a-862f-4e81-b65c-f11b3d1ce3ab"}
{"nom":"Communauté de communes - Monts du Pilat","type":"","adresse":"Place de l'Hôtel-de-Ville , 42220, Bourg-Argental , France","postalCode":"42220","city":"Bourg-Argental ","country":"France","horaires":"Du Lundi au Vendredi : de 09h00 à 12h00 de 13h30 à 16h30","contacts":{"email":"info@cc-montsdupilat.fr","telephone":"04 77 39 69 21"},"website":"https://www.cc-montsdupilat.fr/","latitude":45.2964,"longitude":4.559968,"url":"https://lannuaire.service-public.gouv.fr/auvergne-rhone-alpes/loire/9294d86e-69d3-4c04-8e5f-053336627726"}
{"nom":"Communauté de communes - Oisans","type":"","adresse":"1 bis rue Hunbert , 38520, Le Bourg d'Oisans , France","postalCode":"38520","city":"Le Bourg d'Oisans ","country":"France","horaires":"Du Lundi au Jeudi : de 08h30 à 12h00 de 13h30 à 17h00 | Le Vendredi : de 08h30 à 12h00","contacts":{"email":"accueil@ccoisans.fr","telephone":"04 76 11 01 09"},"website":"https://www.ccoisans.fr/","latitude":45.05213,"longitude":6.0298843,"url":"https://lannuaire.service-public.gouv.fr/auvergne-rhone-alpes/isere/5a41dab3-1ffe-479b-94a7-17e5b0747d13"}
{"nom":"Communauté de communes - Pays Beaume Drobie","type":"","adresse":"134 montée de la Chastelanne , 07260, Joyeuse , France","postalCode":"07260","city":"Joyeuse ","country":"France","horaires":"Le Lundi : de 09h00 à 12h00 | Le Mardi : de 09h00 à 12h00 | Le Mercredi : de 09h00 à 12h00 de 14h00 à 16h00 | Du Jeudi au Vendredi : de 09h00 à 12h00","contacts":{"email":"comcom@pays-beaumedrobie.com","telephone":"04 75 89 80 80"},"website":"https://www.pays-beaumedrobie.com/","latitude":44.47936,"longitude":4.240216,"url":"https://lannuaire.service-public.gouv.fr/auvergne-rhone-alpes/ardeche/25967d35-8b32-4719-8dfd-3399c4306b5a"}
{"nom":"Communauté de communes - Pays Bellegardien","type":"","adresse":"Châtillon-en-Michaille , 01200, Valserhône , France","postalCode":"01200","city":"Valserhône ","country":"France","horaires":"Du Lundi au Jeudi : de 08h30 à 12h00 de 13h30 à 17h30 | Le Vendredi : de 08h30 à 12h00 de 13h30 à 17h00","contacts":{"email":"info@terrevalserhone.fr","telephone":"04 50 48 19 78"},"website":"https://terrevalserhone.fr/","latitude":46.143154,"longitude":5.798697,"url":"https://lannuaire.service-public.gouv.fr/auvergne-rhone-alpes/ain/f6bc123d-9ed3-4ad9-bc18-685e4142da05"}
{"nom":"Communauté de communes - Pays de Cayres Pradelles","type":"","adresse":"Place de l'Église , 43490, Costaros , France","postalCode":"43490","city":"Costaros ","country":"France","horaires":"Du Lundi au Vendredi : de 09h00 à 12h00 de 14h00 à 16h00","contacts":{"email":"contact@ccpcp.fr","telephone":"04 71 57 88 00"},"website":"https://www.ccpcp.fr/","latitude":44.894207,"longitude":3.850247,"url":"https://lannuaire.service-public.gouv.fr/auvergne-rhone-alpes/haute-loire/2f5c0f05-1bfd-46d5-b2fd-f1343cb83a4b"}
{"nom":"Communauté de communes - Pays de Cruseilles","type":"","adresse":"268 route du Suet , 74350, Cruseilles , France","postalCode":"74350","city":"Cruseilles ","country":"France","horaires":"Du Lundi au Jeudi : de 08h30 à 12h00 de 14h00 à 17h00 | Le Vendredi : de 08h30 à 12h00 de 14h00 à 16h00","contacts":{"email":"ccpc@ccpaysdecruseilles.org","telephone":"04 50 08 16 16"},"website":"https://ccpaysdecruseilles.org/","latitude":46.032845,"longitude":6.107025,"url":"https://lannuaire.service-public.gouv.fr/auvergne-rhone-alpes/haute-savoie/7e1e27a8-7aa3-4854-aafd-83110d060052"}
{"nom":"Communauté de communes - Pays Entre Loire et Rhône","type":"","adresse":"44 rue de la Tête-Noire , 42470, Saint-Symphorien-de-Lay , France","postalCode":"42470","city":"Saint-Symphorien-de-Lay ","country":"France","horaires":"Du Lundi au Vendredi : de 09h00 à 12h30","contacts":{"email":"copler@copler.fr","telephone":"04 77 62 77 62"},"website":"https://www.copler.fr/","latitude":45.948605,"longitude":4.2084293,"url":"https://lannuaire.service-public.gouv.fr/auvergne-rhone-alpes/loire/3f94349e-a952-4ec4-9629-117db099b3fa"}
{"nom":"Communauté de communes - Pays d'Evian Vallée d'Abondance","type":"","adresse":"851 avenue des Rives-du-Léman , 74500, Publier , France","postalCode":"74500","city":"Publier ","country":"France","horaires":"Du Lundi au Vendredi : de 09h00 à 12h00 de 13h30 à 17h00","contacts":{"email":"accueil@cc-peva.fr","telephone":"04 50 74 57 85"},"website":"https://www.cc-peva.fr/index.php","latitude":46.39544,"longitude":6.567763,"url":"https://lannuaire.service-public.gouv.fr/auvergne-rhone-alpes/haute-savoie/9812d62a-d061-461a-ab8d-9ef608e6d81f"}
{"nom":"Communauté de communes - Pays Gentiane","type":"","adresse":"Place de la Gare , 15400, Riom-ès-Montagnes , France","postalCode":"15400","city":"Riom-ès-Montagnes ","country":"France","horaires":"Du Lundi au Jeudi : de 09h00 à 12h00 de 14h00 à 17h00 | Le Vendredi : de 09h00 à 12h00","contacts":{"email":"efs@pays-gentiane.com","telephone":"04 71 78 21 49"},"website":"https://www.pays-gentiane.com/","latitude":45.284103,"longitude":2.658603,"url":"https://lannuaire.service-public.gouv.fr/auvergne-rhone-alpes/cantal/7c1f734d-d6da-4502-b0df-53a9ca4a6fd4"}
{"nom":"Communauté de communes - Pays d'Huriel","type":"","adresse":"6 rue des Calaubys , 03380, Huriel , France","postalCode":"03380","city":"Huriel ","country":"France","horaires":"Du Lundi au Vendredi : de 09h00 à 17h00","contacts":{"email":"contact@cc-pays-huriel.com","telephone":"04 70 28 60 22"},"website":"https://www.cc-pays-huriel.com/","latitude":46.37352,"longitude":2.4748385,"url":"https://lannuaire.service-public.gouv.fr/auvergne-rhone-alpes/allier/4ced9a02-3ba4-4d1b-a392-25e6a5448093"}
{"nom":"Communauté de communes - Pays de l'Arbresle (CCPA)","type":"","adresse":"117 rue Pierre-Passemard , 69210, L'Arbresle , France","postalCode":"69210","city":"L'Arbresle ","country":"France","horaires":"Du Lundi au Mardi : de 08h30 à 12h00 de 14h00 à 17h30 | Le Mercredi : de 08h30 à 12h00 | Le Jeudi : de 08h30 à 12h00 de 14h00 à 17h30 | Le Vendredi : de 08h30 à 12h00 de 14h00 à 16h30","contacts":{"email":"ccpa@paysdelarbresle.fr","telephone":"04 74 01 68 90"},"website":"https://www.paysdelarbresle.fr/","latitude":45.828106,"longitude":4.610447,"url":"https://lannuaire.service-public.gouv.fr/auvergne-rhone-alpes/rhone/062dc07a-5ad8-4a1c-850d-4fead6d18936"}
{"nom":"Communauté de communes - Pays de l'Ozon","type":"","adresse":"1 rue du Stade , 69360, Saint-Symphorien-d'Ozon , France","postalCode":"69360","city":"Saint-Symphorien-d'Ozon ","country":"France","horaires":"Du Lundi au Vendredi : de 09h00 à 12h00 de 13h30 à 17h00","contacts":{"email":"ccpo@pays-ozon.com","telephone":"04 78 02 93 68"},"website":"http://www.pays-ozon.com/","latitude":45.63866,"longitude":4.866302,"url":"https://lannuaire.service-public.gouv.fr/auvergne-rhone-alpes/rhone/056b286e-06cd-491f-8c81-c45863ffa3d6"}
{"nom":"Communauté de communes - Pays de Lamastre","type":"","adresse":"26 avenue Boissy-d'Anglas , 07270, Lamastre , France","postalCode":"07270","city":"Lamastre ","country":"France","horaires":"Du Lundi au Mardi : de 08h00 à 12h00 de 13h00 à 17h30 | Du Jeudi au Vendredi : de 08h00 à 12h00 de 13h00 à 17h30","contacts":{"email":"cdclamastre@gmail.com","telephone":"04 75 06 52 86"},"website":"https://comcompaysdelamastre.fr/","latitude":44.986942,"longitude":4.5821304,"url":"https://lannuaire.service-public.gouv.fr/auvergne-rhone-alpes/ardeche/743f3c34-ac7b-4793-aa56-9c05ec6c1a99"}
{"nom":"Communauté de communes - Pays de Lapalisse","type":"","adresse":"Place du 14-Juillet , 03120, Lapalisse , France","postalCode":"03120","city":"Lapalisse ","country":"France","horaires":"Du Lundi au Jeudi : de 08h00 à 12h00 de 13h30 à 17h30 | Le Vendredi : de 08h00 à 12h00 de 13h30 à 16h30","contacts":{"email":"contact@cc-paysdelapalisse.fr","telephone":"04 70 99 76 29"},"website":"https://www.cc-paysdelapalisse.fr/fr/","latitude":46.25068,"longitude":3.639899,"url":"https://lannuaire.service-public.gouv.fr/auvergne-rhone-alpes/allier/333ca82c-626a-4f05-a46c-74e79e0abe7e"}
{"nom":"Communauté de communes - Pays de Mauriac","type":"","adresse":"1 avenue du Commandant-Gabon , 15200, Mauriac , France","postalCode":"15200","city":"Mauriac ","country":"France","horaires":"Du Lundi au Jeudi : de 09h00 à 12h00 de 14h00 à 17h00 | Le Vendredi : de 09h00 à 12h00 de 14h00 à 16h30","contacts":{"email":"administration@paysdemauriac.fr","telephone":"04 71 68 27 32"},"website":"http://www.paysdemauriac.fr/","latitude":45.215614,"longitude":2.339422,"url":"https://lannuaire.service-public.gouv.fr/auvergne-rhone-alpes/cantal/958767ad-6a4a-4cb3-9c83-df08035bb9be"}
{"nom":"Communauté de communes - Pays du Mont-Blanc","type":"","adresse":"PAE d'activité du Mont-Blanc , 74190, Passy , France","postalCode":"74190","city":"Passy ","country":"France","horaires":"Du Lundi au Jeudi : de 08h30 à 12h00 de 13h30 à 17h00 | Le Vendredi : de 08h30 à 12h00","contacts":{"email":"accueil@ccpmb.fr","telephone":"04 50 78 12 10"},"website":"https://www.ccpmb.fr/","latitude":45.914948,"longitude":6.71775,"url":"https://lannuaire.service-public.gouv.fr/auvergne-rhone-alpes/haute-savoie/08269d23-c589-49a2-9b8e-f78964c3a8c2"}
{"nom":"Communauté de communes - Pays Mornantais (COPAMO)","type":"","adresse":"Le Clos-Fournereau , 69440, Mornant , France","postalCode":"69440","city":"Mornant ","country":"France","horaires":"Du Lundi au Jeudi : de 09h00 à 12h00 de 13h30 à 17h30 | Le Vendredi : de 09h00 à 12h00 de 13h30 à 16h30","contacts":{"email":"copamo@cc-paysmornantais.fr","telephone":"04 78 44 14 39"},"website":"https://cc-paysmornantais.fr/","latitude":45.625835,"longitude":4.669967,"url":"https://lannuaire.service-public.gouv.fr/auvergne-rhone-alpes/rhone/6e004bed-cf5c-4c00-bebe-673c86a79da0"}
{"nom":"Communauté de communes - Pays Rochois","type":"","adresse":"Maison de pays , 74800, La Roche-sur-Foron , France","postalCode":"74800","city":"La Roche-sur-Foron ","country":"France","horaires":"Du Lundi au Jeudi : de 08h30 à 12h00 de 14h00 à 17h30 | Le Vendredi : de 08h30 à 12h00 de 14h00 à 17h00","contacts":{"email":"contact@ccpaysrochois.fr","telephone":"04 50 03 39 92"},"website":"https://www.ccpaysrochois.fr/","latitude":46.067074,"longitude":6.312039,"url":"https://lannuaire.service-public.gouv.fr/auvergne-rhone-alpes/haute-savoie/e862780c-2ab0-414d-95af-dded43866f49"}
{"nom":"Communauté de communes - Pays de Saint-Eloy","type":"","adresse":"Rue du Puits-Saint-Joseph , 63700, Saint-Eloy-les-Mines , France","postalCode":"63700","city":"Saint-Eloy-les-Mines ","country":"France","horaires":"Du Lundi au Vendredi : de 09h00 à 12h00 de 14h00 à 17h00","contacts":{"email":"accueil@paysdesainteloy.fr","telephone":"04 73 52 72 72"},"website":"https://www.paysdesainteloy.fr/","latitude":46.163006,"longitude":2.83454,"url":"https://lannuaire.service-public.gouv.fr/auvergne-rhone-alpes/puy-de-dome/a21980d3-e074-467c-88aa-b01ca0366097"}
{"nom":"Communauté de communes - Pays de Salers","type":"","adresse":"espace d'activité 360° , 15140, Sainte-Eulalie , France","postalCode":"15140","city":"Sainte-Eulalie ","country":"France","horaires":"Du Lundi au Vendredi : de 08h30 à 12h00 de 13h30 à 17h00","contacts":{"email":"contact@pays-salers.fr","telephone":"04 71 40 72 09"},"website":"https://www.pays-salers.fr/","latitude":45.138844,"longitude":2.493495,"url":"https://lannuaire.service-public.gouv.fr/auvergne-rhone-alpes/cantal/d3fff799-32bd-4422-a7a5-418a3ef1584f"}
{"nom":"Communauté de communes - Pays de Tronçais","type":"","adresse":"1 rue Nicolas Baudin , 03350, Cerilly , France","postalCode":"03350","city":"Cerilly ","country":"France","horaires":"Du Lundi au Vendredi : de 08h30 à 12h30 de 13h30 à 17h00","contacts":{"email":"comcom@paysdetroncais.fr","telephone":"04 70 67 59 43"},"website":"https://www.paysdetroncais.fr/","latitude":46.617485,"longitude":2.816979,"url":"https://lannuaire.service-public.gouv.fr/auvergne-rhone-alpes/allier/5e727590-45d0-45e2-85e2-50ababa7c440"}
{"nom":"Communauté de communes - Pays d'Urfé","type":"","adresse":"55 rue rené cassin , 42430, Saint-Just-en-Chevalet , France","postalCode":"42430","city":"Saint-Just-en-Chevalet ","country":"France","horaires":"Du Lundi au Mardi : de 08h30 à 12h00 de 13h30 à 16h30 | Le Mercredi : de 08h30 à 12h00 | Du Jeudi au Vendredi : de 08h30 à 12h00 de 13h30 à 16h30","contacts":{"email":"contact@ccpu.fr","telephone":"04 77 65 12 24"},"website":"https://www.ccpu.fr/","latitude":45.914368,"longitude":3.848212,"url":"https://lannuaire.service-public.gouv.fr/auvergne-rhone-alpes/loire/664da76a-141e-4238-ae51-420e7fc05f75"}
{"nom":"Communauté de communes - Pays des Vans en Cévennes","type":"","adresse":"110 place Fernand-Aubert , 07140, Les Vans , France","postalCode":"07140","city":"Les Vans ","country":"France","horaires":"Du Lundi au Jeudi : de 08h30 à 12h00 de 14h00 à 16h00 | Le Vendredi : de 08h30 à 12h00","contacts":{"email":"accueil@cdc-vansencevennes.fr","telephone":"04 75 37 41 22"},"website":"https://www.cdc-vansencevennes.fr/","latitude":44.403797,"longitude":4.133365,"url":"https://lannuaire.service-public.gouv.fr/auvergne-rhone-alpes/ardeche/8764b263-cb33-4251-b329-cc11a820316d"}
{"nom":"Communauté de communes - Pilat Rhodanien","type":"","adresse":"9 rue des Prairies , 42410, Pélussin , France","postalCode":"42410","city":"Pélussin ","country":"France","horaires":"Du Lundi au Vendredi : de 09h00 à 12h00 de 14h00 à 16h30","contacts":{"email":"ccpr@pilatrhodanien.fr","telephone":"04 74 87 30 13"},"website":"https://www.pilatrhodanien.fr/","latitude":45.4229,"longitude":4.673351,"url":"https://lannuaire.service-public.gouv.fr/auvergne-rhone-alpes/loire/d4d94e5e-ac87-42c7-969c-bbd27aa4748f"}
{"nom":"Communauté de communes - Plaine Limagne","type":"","adresse":"158 Grande rue , 63260, Aigueperse , France","postalCode":"63260","city":"Aigueperse ","country":"France","horaires":"Du Lundi au Vendredi : de 09h00 à 12h30 de 13h30 à 17h00","contacts":{"email":"contact@plainelimagne.fr","telephone":"04 73 86 89 80"},"website":"https://www.plainelimagne.com/","latitude":46.02328,"longitude":3.2031243,"url":"https://lannuaire.service-public.gouv.fr/auvergne-rhone-alpes/puy-de-dome/6837692d-1e5b-49e8-88ee-ef8483598bb5"}
{"nom":"Communauté de communes - Porte de Dromardèche","type":"","adresse":"2 rue Françoise-Barré-Sinoussi , 26241, Saint-Vallier , France","postalCode":"26241","city":"Saint-Vallier ","country":"France","horaires":"Du Lundi au Jeudi : de 08h30 à 12h15 de 13h30 à 17h15 | Le Vendredi : de 08h30 à 12h15 de 13h30 à 16h00","contacts":{"email":"contact@portededromardeche.fr","telephone":"04 75 23 45 65"},"website":"https://www.portededromardeche.fr/","latitude":45.166058,"longitude":4.8214173,"url":"https://lannuaire.service-public.gouv.fr/auvergne-rhone-alpes/drome/6a25920f-2424-411a-b1c9-659963aacf39"}
{"nom":"Communauté de communes - Porte de Maurienne","type":"","adresse":"Aiguebelle , 73220, Val-d'Arc , France","postalCode":"73220","city":"Val-d'Arc ","country":"France","horaires":"Du Lundi au Vendredi : de 08h30 à 12h00 de 14h00 à 17h00","contacts":{"email":"communautedecommunes@portedemaurienne.eu","telephone":"04 79 44 31 61"},"website":"https://www.portedemaurienne-tourisme.com/communaute-de-communes","latitude":45.542572,"longitude":6.303601,"url":"https://lannuaire.service-public.gouv.fr/auvergne-rhone-alpes/savoie/f2bf2fe1-e3f6-45ef-977d-fd832ef2d6c9"}
{"nom":"Communauté de communes - Quatre Rivières","type":"","adresse":"28 chemin de la Ferme-Saillet , 74250, Filllinges , France","postalCode":"74250","city":"Filllinges ","country":"France","horaires":"Du Lundi au Mardi : de 09h00 à 12h00 de 14h00 à 17h00 | Du Jeudi au Vendredi : de 09h00 à 12h00 de 14h00 à 17h00","contacts":{"email":"secretariat@cc4r.fr","telephone":"04 50 31 46 95"},"website":"http://www.cc4r.fr/","latitude":46.162704,"longitude":6.342513,"url":"https://lannuaire.service-public.gouv.fr/auvergne-rhone-alpes/haute-savoie/71c4baf1-149e-46d9-9c19-7cd0654a446f"}
{"nom":"Communauté de communes - Rhône aux Gorges de l'Ardèche","type":"","adresse":"2 avenue Maréchal-Leclerc , 07700, Bourg-Saint-Andéol , France","postalCode":"07700","city":"Bourg-Saint-Andéol ","country":"France","horaires":"Du Lundi au Vendredi : de 08h30 à 12h00 de 13h30 à 17h00","contacts":{"email":"contact@ccdraga.fr","telephone":"04 75 54 57 05"},"website":"https://www.ccdraga.fr/","latitude":44.378864,"longitude":4.642881,"url":"https://lannuaire.service-public.gouv.fr/auvergne-rhone-alpes/ardeche/dbacef72-03b4-4e52-aec7-ad17767b71a9"}
{"nom":"Communauté de communes - Rhône Crussol","type":"","adresse":"1278 rue Henri-Dunant , 07502, Guilherand-Granges , France","postalCode":"07502","city":"Guilherand-Granges ","country":"France","horaires":"Du Lundi au Vendredi : de 08h30 à 12h00 de 13h30 à 17h00","contacts":{"email":"contact@rhone-crussol.fr","telephone":"04 75 41 99 19"},"website":"https://www.rhone-crussol.fr/contact/","latitude":44.94098,"longitude":4.8669553,"url":"https://lannuaire.service-public.gouv.fr/auvergne-rhone-alpes/ardeche/38b1041a-0102-4317-8e47-20608dffa8c6"}
{"nom":"Communauté de communes - Rives du Haut Allier","type":"","adresse":"6 place André-Roux , 43300, Langeac , France","postalCode":"43300","city":"Langeac ","country":"France","horaires":"Du Lundi au Vendredi : de 09h00 à 12h00 de 14h00 à 17h30","contacts":{"email":"cc@rivesduhautallier.fr","telephone":"04 71 77 26 51"},"website":"https://www.rivesduhautallier.fr/","latitude":45.098415,"longitude":3.495024,"url":"https://lannuaire.service-public.gouv.fr/auvergne-rhone-alpes/haute-loire/2b4dd47f-cd8e-4ed8-89dd-af7c76cef38a"}
{"nom":"Communauté de communes - Rives de l'Ain Pays du Cerdon","type":"","adresse":"Place de l'Hôtel-de-Ville , 01640, Jujurieux , France","postalCode":"01640","city":"Jujurieux ","country":"France","horaires":"Du Lundi au Mardi : de 08h30 à 12h00 de 13h30 à 17h00 | Le Mercredi : de 08h30 à 12h00 | Du Jeudi au Vendredi : de 08h30 à 12h00 de 13h30 à 17h00","contacts":{"email":"accueil@ain-cerdon.fr","telephone":"04 74 37 13 32"},"website":"https://www.ain-cerdon.fr/","latitude":46.038918,"longitude":5.410106,"url":"https://lannuaire.service-public.gouv.fr/auvergne-rhone-alpes/ain/7c54a81b-bfe4-4256-8884-5fd8703fb853"}
{"nom":"Communauté de communes - Royans Vercors","type":"","adresse":"28 rue Hector-Alléobert , 26190, Saint-Jean-en-Royans , France","postalCode":"26190","city":"Saint-Jean-en-Royans ","country":"France","horaires":"Du Lundi au Vendredi : de 09h00 à 12h00","contacts":{"email":"contact@cc-royans-vercors.org","telephone":"04 75 47 79 42"},"website":"http://www.cc-royans-vercors.org/fr_FR/index.php","latitude":45.021675,"longitude":5.2935133,"url":"https://lannuaire.service-public.gouv.fr/auvergne-rhone-alpes/drome/22e97e83-777f-41a4-8283-8d46d57be547"}
{"nom":"Communauté de communes - Rumilly Terre de Savoie","type":"","adresse":"3 place de la Manufacture , 74152, Rumilly , France","postalCode":"74152","city":"Rumilly ","country":"France","horaires":"Du Lundi au Jeudi : de 08h30 à 12h00 de 13h30 à 17h00 | Le Vendredi : de 08h30 à 12h00","contacts":{"email":"contact@rumilly-terredesavoie.fr","telephone":"04 50 01 87 00"},"website":"http://www.rumilly-terredesavoie.fr/","latitude":45.861717,"longitude":5.947592,"url":"https://lannuaire.service-public.gouv.fr/auvergne-rhone-alpes/haute-savoie/5ba54675-ce30-41a4-b46f-e158ed12a414"}
{"nom":"Communauté de communes - Saint-Flour Communauté","type":"","adresse":"ZA du Rozier-Coren , 15100, Saint-Flour , France","postalCode":"15100","city":"Saint-Flour ","country":"France","horaires":"Du Lundi au Jeudi : de 08h30 à 12h00 de 13h30 à 17h30 | Le Vendredi : de 08h30 à 12h00 de 13h30 à 17h00","contacts":{"email":"contact@saintflourco.fr","telephone":"04 71 60 56 80"},"website":"https://saint-flour-communaute.fr/","latitude":45.03255,"longitude":3.100088,"url":"https://lannuaire.service-public.gouv.fr/auvergne-rhone-alpes/cantal/d2c6efd3-5c1b-4bc1-b82c-117d04be7e0c"}
{"nom":"Communauté de communes - Saint-Marcellin-Vercors-Isère Communauté","type":"","adresse":"Maison de l'intercommunalité , 38160, Saint-Marcellin , France","postalCode":"38160","city":"Saint-Marcellin ","country":"France","horaires":"Du Lundi au Jeudi : de 08h30 à 12h30 de 13h30 à 17h30 | Le Vendredi : de 08h30 à 12h30 de 13h30 à 17h00","contacts":{"email":"secretariat@smvic.fr","telephone":"04 76 38 45 48"},"website":"http://www.saintmarcellin-vercors-isere.fr/","latitude":45.14985,"longitude":5.323441,"url":"https://lannuaire.service-public.gouv.fr/auvergne-rhone-alpes/isere/0fd7da40-9088-4adc-9c51-1b1b53519f5e"}
{"nom":"Communauté de communes - Saint-Pourçain Sioule Limagne","type":"","adresse":"29 rue Marcelin-Berthelot , 03500, Saint-Pourçain-sur-Sioule , France","postalCode":"03500","city":"Saint-Pourçain-sur-Sioule ","country":"France","horaires":"Du Lundi au Jeudi : de 09h00 à 12h00 de 13h30 à 17h30 | Le Vendredi : de 09h00 à 12h00 de 13h30 à 17h00","contacts":{"email":"accueil@ccspsl.fr","telephone":"04 70 47 67 20"},"website":"https://www.comcom-ccspsl.fr/","latitude":46.307247,"longitude":3.2873337,"url":"https://lannuaire.service-public.gouv.fr/auvergne-rhone-alpes/allier/85039543-6ba3-464f-944e-7b24507e2e3c"}
{"nom":"Communauté de communes - Saône Beaujolais","type":"","adresse":"105 rue de la République , 69220, Belleville-en-Beaujolais , France","postalCode":"69220","city":"Belleville-en-Beaujolais ","country":"France","horaires":"Du Lundi au Jeudi : de 08h30 à 12h00 de 13h30 à 17h30 | Le Vendredi : de 08h30 à 12h00 de 13h30 à 17h00 | Le Samedi : de 09h00 à 12h00","contacts":{"email":"contact@ccsb-saonebeaujolais.fr","telephone":"04 74 66 35 98"},"website":"https://ccsb-saonebeaujolais.fr/","latitude":46.10905,"longitude":4.744601,"url":"https://lannuaire.service-public.gouv.fr/auvergne-rhone-alpes/rhone/c89d5a8e-c557-4dab-94f2-4168e551e748"}
{"nom":"Communauté de communes - sources du lac d'Annecy","type":"","adresse":"32 route d'Albertville , 74210, Faverges-Seythenex , France","postalCode":"74210","city":"Faverges-Seythenex ","country":"France","horaires":"Du Lundi au Vendredi : de 09h00 à 12h00","contacts":{"email":"comcom@cc-sources-lac-annecy.com","telephone":"04 50 44 51 05"},"website":"https://www.cc-sources-lac-annecy.com/","latitude":45.74721,"longitude":6.297061,"url":"https://lannuaire.service-public.gouv.fr/auvergne-rhone-alpes/haute-savoie/e7f9fd77-ba8b-4fbc-8c29-de2ed137d749"}
{"nom":"Communauté de communes - Sucs","type":"","adresse":"Place Charles-de-Gaulle , 43200, Yssingeaux , France","postalCode":"43200","city":"Yssingeaux ","country":"France","horaires":"Du Lundi au Vendredi : de 09h00 à 12h00 de 14h00 à 16h30","contacts":{"email":"contact@cc-des-sucs.fr","telephone":"04 71 59 07 67"},"website":"https://www.cc-des-sucs.fr/","latitude":45.14245,"longitude":4.123599,"url":"https://lannuaire.service-public.gouv.fr/auvergne-rhone-alpes/haute-loire/71cead4b-b2c2-4bd1-9938-7fa6daf0cd1c"}
{"nom":"Communauté de communes - Sumène Artense","type":"","adresse":"21 rue du Calalet , 15240, Saignes , France","postalCode":"15240","city":"Saignes ","country":"France","horaires":"Du Lundi au Mardi : de 09h00 à 12h00 de 13h30 à 17h00 | Le Mercredi : de 09h00 à 12h00 | Le Jeudi : de 09h00 à 12h00 de 13h30 à 17h00 | Le Vendredi : de 09h00 à 12h00","contacts":{"email":"contact@sumene-artense.com","telephone":"04 71 40 62 66"},"website":"https://www.sumene-artense.com/","latitude":45.330345,"longitude":2.480904,"url":"https://lannuaire.service-public.gouv.fr/auvergne-rhone-alpes/cantal/d8fcef57-aee0-485c-bd42-d49fee79f5c1"}
{"nom":"Communauté de communes - Thiers Dore et Montagne","type":"","adresse":"47 avenue du Général-de-Gaulle , 63300, Thiers , France","postalCode":"63300","city":"Thiers ","country":"France","horaires":"Du Lundi au Vendredi : de 08h30 à 12h00 de 13h30 à 17h00","contacts":{"email":"contact@cctdm.fr","telephone":"04 73 53 24 71"},"website":"https://www.cctdm.fr/","latitude":45.84183,"longitude":3.510763,"url":"https://lannuaire.service-public.gouv.fr/auvergne-rhone-alpes/puy-de-dome/9beda32a-fe8d-4785-a934-3036869e54b6"}
{"nom":"Communauté de communes - Trièves","type":"","adresse":"300 chemin de Ferrier , 38650, Monestier-de-Clermont , France","postalCode":"38650","city":"Monestier-de-Clermont ","country":"France","horaires":"Le Lundi : de 08h30 à 12h00 de 14h00 à 17h00 | Du Mardi au Jeudi : de 08h30 à 12h00 | Le Vendredi : de 08h30 à 12h00 de 14h00 à 17h00","contacts":{"email":"accueil@cdctrieves.fr","telephone":"04 76 34 11 22"},"website":"https://www.cdctrieves.fr/","latitude":44.909294,"longitude":5.633175,"url":"https://lannuaire.service-public.gouv.fr/auvergne-rhone-alpes/isere/68fdef02-b5c4-471a-802e-1c3fe5e89509"}
{"nom":"Communauté de communes - Usses et Rhône","type":"","adresse":"24 place de l'Orme , 74910, Seyssel , France","postalCode":"74910","city":"Seyssel ","country":"France","horaires":"Du Lundi au Mardi : de 08h30 à 12h00 de 14h00 à 17h00 | Le Mercredi : de 08h30 à 12h00 | Le Jeudi : de 08h30 à 12h00 de 14h00 à 17h00 | Le Vendredi : de 08h30 à 12h00","contacts":{"email":"accueil@cc-ur.fr","telephone":"04 50 56 15 30"},"website":"https://www.usses-et-rhone.fr/","latitude":45.959103,"longitude":5.835438,"url":"https://lannuaire.service-public.gouv.fr/auvergne-rhone-alpes/haute-savoie/1197ee22-f148-4d3f-880f-b5373ab2b987"}
{"nom":"Communauté de communes - Val d'Ay","type":"","adresse":"Espace Jaloine , 07290, Saint-Romain-d'Ay , France","postalCode":"07290","city":"Saint-Romain-d'Ay ","country":"France","horaires":"Du Lundi au Vendredi : de 08h30 à 12h30 de 13h30 à 17h00","contacts":{"email":"secretariat@val-d-ay.fr","telephone":"04 75 34 91 83"},"website":"https://www.val-d-ay.fr/","latitude":45.15059,"longitude":4.613849,"url":"https://lannuaire.service-public.gouv.fr/auvergne-rhone-alpes/ardeche/d38ee1a0-474d-4333-b3d5-207d3b9f7d71"}
{"nom":"Communauté de communes - Val de Cher","type":"","adresse":"Magnette , 03190, Audes , France","postalCode":"03190","city":"Audes ","country":"France","horaires":"Du Lundi au Vendredi : de 08h30 à 12h30 de 14h00 à 17h00","contacts":{"email":"contact@valdecher.fr","telephone":"04 70 06 63 72"},"website":"https://www.valdecher.fr/","latitude":46.46355,"longitude":2.6030786,"url":"https://lannuaire.service-public.gouv.fr/auvergne-rhone-alpes/allier/6ad0d449-cd8a-4bb7-9073-8a0ab825263a"}
{"nom":"Communauté de communes - Val de Drôme","type":"","adresse":"Écosite du Val de Drôme , 26400, Eurre , France","postalCode":"26400","city":"Eurre ","country":"France","horaires":"Du Lundi au Jeudi : de 08h30 à 12h00 de 13h30 à 17h00 | Le Vendredi : de 08h30 à 12h00 de 13h30 à 16h00","contacts":{"email":"ccvd@val-de-drome.com","telephone":"04 75 25 43 82"},"website":"https://www.valdedrome.com/","latitude":44.736095,"longitude":4.977552,"url":"https://lannuaire.service-public.gouv.fr/auvergne-rhone-alpes/drome/ca756fd0-fe35-4b0c-a2a7-c29fe95b6bb8"}
{"nom":"Communauté de communes - Val Eyrieux","type":"","adresse":"21 avenue de Saunier , 07160, Le Cheylard , France","postalCode":"07160","city":"Le Cheylard ","country":"France","horaires":"Du Lundi au Vendredi : de 08h30 à 12h00 de 13h30 à 17h00","contacts":{"email":"accueil@valeyrieux.fr","telephone":"04 75 29 19 49"},"website":"https://www.valeyrieux.fr/","latitude":44.910004,"longitude":4.425474,"url":"https://lannuaire.service-public.gouv.fr/auvergne-rhone-alpes/ardeche/43e86c0e-8bca-4cfa-9d23-cdf3eea71026"}
{"nom":"Communauté de communes - Val Guiers","type":"","adresse":"ZI Val-Guiers , 73330, Belmont-Tramonet , France","postalCode":"73330","city":"Belmont-Tramonet ","country":"France","horaires":"Du Lundi au Jeudi : de 09h00 à 12h00 de 13h30 à 17h00 | Le Vendredi : de 09h00 à 12h00","contacts":{"email":"contact@ccvalguiers.fr","telephone":"04 76 37 36 45"},"website":"https://www.ccvalguiers.fr/infos/","latitude":45.547276,"longitude":5.6980715,"url":"https://lannuaire.service-public.gouv.fr/auvergne-rhone-alpes/savoie/479dc17a-b6aa-48ac-8619-9d444b4a16fa"}
{"nom":"Communauté de communes - Vallées d'Aigueblanche","type":"","adresse":"40 chemin des Loisirs , 73260, Grand-Aigueblanche , France","postalCode":"73260","city":"Grand-Aigueblanche ","country":"France","horaires":"Le Lundi : de 08h00 à 12h00 de 13h30 à 17h00 | Le Mardi : de 08h00 à 12h00 | Le Mercredi : de 08h00 à 12h00 de 13h30 à 17h00 | Le Jeudi : de 13h30 à 17h30 | Le Vendredi : de 08h00 à 12h00","contacts":{"email":"secretariat@ccva-savoie.com","telephone":"04 79 24 20 04"},"website":"https://www.ccva-savoie.com/","latitude":45.508217,"longitude":6.49386,"url":"https://lannuaire.service-public.gouv.fr/auvergne-rhone-alpes/savoie/caa92373-184d-4cc9-aed1-22e8fce22e6d"}
{"nom":"Communauté de communes - Vallées de Thônes","type":"","adresse":"14 rue Bienheureux-Pierre-Favre , 74230, Thônes , France","postalCode":"74230","city":"Thônes ","country":"France","horaires":"Du Lundi au Vendredi : de 09h00 à 12h00 de 13h30 à 16h30","contacts":{"email":"accueil@ccvt.fr","telephone":"04 50 32 13 59"},"website":"https://ccdesvalleesdethones.fr/page/accueil","latitude":45.88129,"longitude":6.3221893,"url":"https://lannuaire.service-public.gouv.fr/auvergne-rhone-alpes/haute-savoie/a01cc354-e788-4cc8-a43e-e67134e4f45f"}
{"nom":"Communauté de communes - Val de Ligne","type":"","adresse":"54 avenue de la République , 07110, Largentière , France","postalCode":"07110","city":"Largentière ","country":"France","horaires":"Du Lundi au Mardi : de 09h00 à 12h00 de 14h00 à 17h00 | Le Mercredi : de 09h00 à 12h00 | Le Jeudi : de 09h00 à 12h00 de 14h00 à 17h00 | Le Vendredi : de 09h00 à 12h00","contacts":{"email":"secretariat@cc-valdeligne.fr","telephone":"04 75 89 28 35"},"website":"https://cc-valdeligne.fr/","latitude":44.543926,"longitude":4.293474,"url":"https://lannuaire.service-public.gouv.fr/auvergne-rhone-alpes/ardeche/b09fb200-1dfa-4b18-a988-a644e92938fd"}
{"nom":"Communauté de communes - Vallons du Lyonnais","type":"","adresse":"27 chemin du Stade , 69670, Vaugneray , France","postalCode":"69670","city":"Vaugneray ","country":"France","horaires":"Du Lundi au Vendredi : de 09h00 à 12h00 de 14h00 à 17h00","contacts":{"email":"ccvl@ccvl.fr","telephone":"04 78 57 83 80"},"website":"http://www.ccvl.fr/","latitude":45.739574,"longitude":4.683421,"url":"https://lannuaire.service-public.gouv.fr/auvergne-rhone-alpes/rhone/efed0eb0-dfe3-4b41-8a18-efb5856f5fac"}
{"nom":"Communauté de communes - Vals d'Aix et Isable","type":"","adresse":"28 rue Robert-Lugnier , 42260, Saint-Germain-Laval , France","postalCode":"42260","city":"Saint-Germain-Laval ","country":"France","horaires":"Du Lundi au Vendredi : de 08h30 à 12h30 de 13h30 à 16h30","contacts":{"email":"accueil@ccvai.fr","telephone":"04 77 65 48 75"},"website":"https://www.ccvai.fr/","latitude":45.82931,"longitude":4.0104213,"url":"https://lannuaire.service-public.gouv.fr/auvergne-rhone-alpes/loire/1fcb4106-9517-4614-be7b-c342bd751544"}
{"nom":"Communauté de communes - Val de Saône Centre","type":"","adresse":"166 route de Francheleins , 01090, Montceaux , France","postalCode":"01090","city":"Montceaux ","country":"France","horaires":"Du Lundi au Vendredi : de 09h00 à 12h00","contacts":{"email":"accueil@ccvsc01.org","telephone":"04 74 06 46 26"},"website":"https://www.ccvsc01.org/","latitude":46.09468,"longitude":4.779584,"url":"https://lannuaire.service-public.gouv.fr/auvergne-rhone-alpes/ain/85a7aa66-fdb6-469b-8274-feb81b44a106"}
{"nom":"Communauté de communes - Val Vanoise","type":"","adresse":"47 rue Sainte-Barbe , 73350, Bozel , France","postalCode":"73350","city":"Bozel ","country":"France","horaires":"Du Lundi au Vendredi : de 09h30 à 12h00 de 14h00 à 16h30","contacts":{"email":"info@valvanoise.fr","telephone":"04 79 55 03 34"},"website":"https://www.valvanoise.fr/","latitude":45.443775,"longitude":6.645361,"url":"https://lannuaire.service-public.gouv.fr/auvergne-rhone-alpes/savoie/917d60d9-0f8f-49fc-ab97-2e4f36a9c6ef"}
{"nom":"Communauté de communes - Yenne","type":"","adresse":"133 chemin de la Curiaz , 73170, Yenne , France","postalCode":"73170","city":"Yenne ","country":"France","horaires":"Du Lundi au Vendredi : de 08h30 à 12h30","contacts":{"email":"accueil@ccyenne.fr","telephone":"04 79 36 90 76"},"website":"https://ccyenne.fr/","latitude":45.701656,"longitude":5.761931,"url":"https://lannuaire.service-public.gouv.fr/auvergne-rhone-alpes/savoie/387b6efe-2150-46ed-bedd-ca9a63c9fb06"}
{"nom":"Communauté - Mont-d'Arverne","type":"","adresse":"ZA Le Pra-de-Serre , 63960, Veyre-Monton , France","postalCode":"63960","city":"Veyre-Monton ","country":"France","horaires":"Du Lundi au Vendredi : de 09h00 à 12h30 de 13h30 à 16h30","contacts":{"email":"contact@mond-arverne.fr","telephone":"04 73 39 62 00"},"website":"https://www.mond-arverne.fr/","latitude":45.673206,"longitude":3.1724632,"url":"https://lannuaire.service-public.gouv.fr/auvergne-rhone-alpes/puy-de-dome/90d0cc8d-8259-438f-86c6-fda5baba8eee"}
{"nom":"Grand Annecy","type":"","adresse":"46 avenue des Îles , 74007, Annecy Cedex , France","postalCode":"74007","city":"Annecy Cedex ","country":"France","horaires":"Du Lundi au Vendredi : de 08h30 à 12h00 de 13h30 à 17h30","contacts":{"email":"agglo@grandannecy.fr","telephone":"04 50 63 48 48"},"website":"https://www.grandannecy.fr/","latitude":45.90076,"longitude":6.128483,"url":"https://lannuaire.service-public.gouv.fr/auvergne-rhone-alpes/haute-savoie/aaf24976-83e8-4270-93b1-980fc91988c4"}
{"nom":"Grand Chambéry","type":"","adresse":"106 allée des Blachères , 73000, Chambéry , France","postalCode":"73000","city":"Chambéry ","country":"France","horaires":"Du Lundi au Vendredi : de 08h30 à 12h00 de 13h30 à 17h00","contacts":{"email":"","telephone":"04 79 96 86 00"},"website":"https://www.grandchambery.fr/","latitude":45.598892,"longitude":5.8963485,"url":"https://lannuaire.service-public.gouv.fr/auvergne-rhone-alpes/savoie/052be6ab-fa3e-45e7-b740-8e31a52abf06"}
{"nom":"Métropole - Clermont Auvergne","type":"","adresse":"64-66 avenue de l'Union-Soviétique , 63007, Clermont-Ferrand Cedex 1 , France","postalCode":"63007","city":"Clermont-Ferrand Cedex 1 ","country":"France","horaires":"Du Lundi au Vendredi : de 08h00 à 17h30","contacts":{"email":"communication@clermontmetropole.eu","telephone":"04 73 98 34 00"},"website":"http://www.clermontmetropole.fr/","latitude":45.777462,"longitude":3.0881882,"url":"https://lannuaire.service-public.gouv.fr/auvergne-rhone-alpes/puy-de-dome/0e9015bf-78dd-46d4-afbe-96b556e74cde"}
{"nom":"Métropole - Grenoble Alpes","type":"","adresse":"1 place André-Malraux , 38000, Grenoble , France","postalCode":"38000","city":"Grenoble ","country":"France","horaires":"Du Lundi au Vendredi : de 08h30 à 12h30 de 13h30 à 17h00","contacts":{"email":"","telephone":"04 76 59 59 59"},"website":"https://www.grenoblealpesmetropole.fr/","latitude":45.185627,"longitude":5.7286716,"url":"https://lannuaire.service-public.gouv.fr/auvergne-rhone-alpes/isere/f6bb5305-3ef0-41da-8850-d0a44de6cb35"}
{"nom":"Métropole de Lyon - Rhône","type":"","adresse":"20 rue du Lac , 69003, Lyon , France","postalCode":"69003","city":"Lyon ","country":"France","horaires":"Du Lundi au Vendredi : de 07h30 à 18h30","contacts":{"email":"","telephone":"04 78 63 40 40"},"website":"https://www.grandlyon.com/","latitude":45.757587,"longitude":4.853763,"url":"https://lannuaire.service-public.gouv.fr/auvergne-rhone-alpes/rhone/9978f4d2-62b4-4e4d-b1fe-352b9990904a"}
{"nom":"Métropole - Saint-Étienne","type":"","adresse":"2 avenue Gruner , 42000, Saint-Étienne , France","postalCode":"42000","city":"Saint-Étienne ","country":"France","horaires":"Le Lundi : de 08h30 à 12h30 de 13h30 à 17h00 | Le Mardi : de 08h30 à 12h30 de 13h15 à 17h00 | Le Mercredi : de 08h30 à 12h30 de 13h30 à 17h00 | Le Jeudi : de 08h30 à 12h30 de 13h15 à 17h00 | Le Vendredi : de 08h30 à 12h30 de 13h30 à 17h00","contacts":{"email":"accueil@saint-etienne-metropole.fr","telephone":"04 77 49 21 49"},"website":"https://www.saint-etienne-metropole.fr/","latitude":45.43981,"longitude":4.3977337,"url":"https://lannuaire.service-public.gouv.fr/auvergne-rhone-alpes/loire/c05ed861-1909-4042-b168-1f8fbe23bf91"}
