{"nom":"Communauté d'agglomération - Arles Crau Camargue Montagnette","type":"","adresse":"Cité Yvan-Audouard , 13200, Arles , France","postalCode":"13200","city":"Arles ","country":"France","horaires":"Du Lundi au Jeudi : de 08h30 à 12h00 de 13h30 à 17h30 | Le Vendredi : de 08h30 à 12h00 de 13h30 à 16h30","contacts":{"email":"lepresident@agglo-accm.fr","telephone":"04 86 52 60 00"},"website":"https://www.agglo-accm.fr/","latitude":43.673878,"longitude":4.638792,"url":"https://lannuaire.service-public.gouv.fr/provence-alpes-cote-d-azur/bouches-du-rhone/a77a7333-9766-4581-afad-684d31aa67b5"}
{"nom":"Communauté d'agglomération - Cannes Pays de Lérins","type":"","adresse":"Place Bernard-Cornut-Gentille , 06414, Cannes , France","postalCode":"06414","city":"Cannes ","country":"France","horaires":"Du Lundi au Jeudi : de 08h00 à 12h00 de 14h00 à 17h00 | Le Vendredi : de 08h00 à 12h00 de 14h00 à 16h00","contacts":{"email":"contact@cannespaysdelerins.fr","telephone":"04 89 82 27 00"},"website":"https://cannespaysdelerins.fr/","latitude":43.55115,"longitude":7.011752,"url":"https://lannuaire.service-public.gouv.fr/provence-alpes-cote-d-azur/alpes-maritimes/c1c44a0d-3f55-4b32-ab49-63f0bcb62eba"}
{"nom":"Communauté d'agglomération - Dracénoise","type":"","adresse":"Square Mozart , 83004, Draguignan , France","postalCode":"83004","city":"Draguignan ","country":"France","horaires":"Du Lundi au Vendredi : de 08h30 à 12h00 de 13h30 à 17h30","contacts":{"email":"accueil@dracenie.com","telephone":"04 94 50 16 20"},"website":"https://www.dracenie.com/","latitude":43.537727,"longitude":6.464993,"url":"https://lannuaire.service-public.gouv.fr/provence-alpes-cote-d-azur/var/a61432f9-b1eb-47b7-9dea-6d9a3ecbd23b"}
{"nom":"Communauté d'agglomération - Durance Luberon Verdon Agglomération","type":"","adresse":"Place de l'Hôtel-de-Ville , 04100, Manosque , France","postalCode":"04100","city":"Manosque ","country":"France","horaires":"Du Lundi au Vendredi : de 08h30 à 18h00","contacts":{"email":"accueil@dlva.fr","telephone":"04 92 70 34 00"},"website":"https://www.dlva.fr/","latitude":43.833767,"longitude":5.782517,"url":"https://lannuaire.service-public.gouv.fr/provence-alpes-cote-d-azur/alpes-de-haute-provence/35dfb8cf-2695-4b64-94a9-eb9006a9d480"}
{"nom":"Communauté d'agglomération - Gap Tallard Durance","type":"","adresse":"Campus des Trois Fontaines , 05007, Gap Cedex , France","postalCode":"05007","city":"Gap Cedex ","country":"France","horaires":"Du Lundi au Vendredi : de 08h00 à 12h00 de 13h30 à 17h30","contacts":{"email":"contact@agglo-gap.fr","telephone":"04 92 53 24 24"},"website":"https://www.gap-tallard-durance.fr/","latitude":44.559036,"longitude":6.067365,"url":"https://lannuaire.service-public.gouv.fr/provence-alpes-cote-d-azur/hautes-alpes/076f405f-c409-4f65-bf5b-e706237ecec5"}
{"nom":"Communauté d'agglomération - Grand Avignon","type":"","adresse":"Agroparc , 84000, Avignon , France","postalCode":"84000","city":"Avignon ","country":"France","horaires":"Du Lundi au Vendredi : de 08h00 à 12h00 de 13h30 à 17h30","contacts":{"email":"contact@grandavignon.fr","telephone":"04 90 84 47 00"},"website":"https://www.grandavignon.fr/fr","latitude":43.90898,"longitude":4.886973,"url":"https://lannuaire.service-public.gouv.fr/provence-alpes-cote-d-azur/vaucluse/56b52a62-107f-4d3e-bf21-3b7a899676ef"}
{"nom":"Communauté d'agglomération - La Riviera Française","type":"","adresse":"16 rue Villarey , 06500, Menton , France","postalCode":"06500","city":"Menton ","country":"France","horaires":"Du Lundi au Vendredi : de 08h30 à 12h00 de 13h30 à 17h00","contacts":{"email":"direction.generale@carf.fr","telephone":"04 92 41 80 30"},"website":"https://www.riviera-francaise.fr/","latitude":43.776165,"longitude":7.5013194,"url":"https://lannuaire.service-public.gouv.fr/provence-alpes-cote-d-azur/alpes-maritimes/43576eda-b638-4dc1-90ad-1f029e1645ee"}
{"nom":"Communauté d'agglomération - Luberon Monts de Vaucluse","type":"","adresse":"315 avenue Saint-Baldou , 84300, Cavaillon , France","postalCode":"84300","city":"Cavaillon ","country":"France","horaires":"Du Lundi au Vendredi : de 08h00 à 12h00 de 13h30 à 17h00","contacts":{"email":"accueil@c-lmv.fr","telephone":"04 90 78 82 30"},"website":"https://www.luberonmontsdevaucluse.fr/","latitude":43.83886,"longitude":5.038948,"url":"https://lannuaire.service-public.gouv.fr/provence-alpes-cote-d-azur/vaucluse/6bf50d99-6688-40c4-99cd-a57024d23dcc"}
{"nom":"Communauté d'agglomération - Pays de Grasse","type":"","adresse":"57 avenue Pierre-Semard , 06130, Grasse , France","postalCode":"06130","city":"Grasse ","country":"France","horaires":"Du Lundi au Jeudi : de 08h15 à 12h15 de 13h30 à 17h00 | Le Vendredi : de 08h15 à 12h15 de 13h30 à 16h30","contacts":{"email":"contact@paysdegrasse.fr","telephone":"04 97 05 22 00"},"website":"http://www.paysdegrasse.fr/","latitude":43.65665,"longitude":6.931053,"url":"https://lannuaire.service-public.gouv.fr/provence-alpes-cote-d-azur/alpes-maritimes/17b17e6d-00a6-4796-87a9-9d35182bbea2"}
{"nom":"Communauté d'agglomération - Provence Alpes agglomération","type":"","adresse":"4 rue Klein , 04990, Digne-les-Bains , France","postalCode":"04990","city":"Digne-les-Bains ","country":"France","horaires":"Du Lundi au Vendredi : de 09h00 à 12h00 de 13h30 à 17h00","contacts":{"email":"contact@provencealpesagglo.fr","telephone":"04 92 32 05 05"},"website":"https://www.provencealpesagglo.fr/","latitude":44.089687,"longitude":6.2330284,"url":"https://lannuaire.service-public.gouv.fr/provence-alpes-cote-d-azur/alpes-de-haute-provence/3c4382b9-0937-4bd4-9c1d-b64700b28f16"}
{"nom":"Communauté d'agglomération - Provence Verte","type":"","adresse":"174 route départementale 554 , 83170, Brignoles , France","postalCode":"83170","city":"Brignoles ","country":"France","horaires":"Du Lundi au Jeudi : de 09h00 à 12h00 de 14h00 à 17h00 | Le Vendredi : de 09h00 à 12h00 de 14h00 à 16h00","contacts":{"email":"contact@caprovenceverte.fr","telephone":"04 98 05 27 10"},"website":"https://www.caprovenceverte.fr/","latitude":43.42022,"longitude":6.0702515,"url":"https://lannuaire.service-public.gouv.fr/provence-alpes-cote-d-azur/var/aee0f90d-f149-4f3a-971c-10644ebbb0e8"}
{"nom":"Communauté d'agglomération - Sophia Antipolis","type":"","adresse":"Cours Masséna , 06606, Antibes Cedex , France","postalCode":"06606","city":"Antibes Cedex ","country":"France","horaires":"Du Lundi au Vendredi : de 08h00 à 12h30 de 13h30 à 17h30","contacts":{"email":"info@agglo-casa.fr","telephone":"04 89 87 70 00"},"website":"https://casa-infos.fr/","latitude":43.581093,"longitude":7.127499,"url":"https://lannuaire.service-public.gouv.fr/provence-alpes-cote-d-azur/alpes-maritimes/de9d08f3-a6b4-4a2f-adf3-da96975e07ae"}
{"nom":"Communauté d'agglomération - Sud Sainte Baume","type":"","adresse":"155 avenue Henri-Jansoulin , 83740, La Cadière-d'Azur , France","postalCode":"83740","city":"La Cadière-d'Azur ","country":"France","horaires":"Du Lundi au Vendredi : de 09h00 à 12h00 de 14h00 à 16h30","contacts":{"email":"agglo@sudsaintebaume.fr","telephone":"04 94 98 26 60"},"website":"https://www.agglo-sudsaintebaume.fr/","latitude":43.19764,"longitude":5.7547307,"url":"https://lannuaire.service-public.gouv.fr/provence-alpes-cote-d-azur/var/cf2954b7-c7bd-40b7-b96c-a0e9e6536e4f"}
{"nom":"Communauté d'agglomération - Terre de Provence","type":"","adresse":"5 place du Docteur-Marius-Chabrand , 13630, Eyragues , France","postalCode":"13630","city":"Eyragues ","country":"France","horaires":"Du Lundi au Vendredi : de 08h30 à 12h30 de 13h30 à 17h30","contacts":{"email":"accueil@terredeprovence-agglo.com","telephone":"04 32 61 96 30"},"website":"https://www.terredeprovence-agglo.com/","latitude":43.83912,"longitude":4.83722,"url":"https://lannuaire.service-public.gouv.fr/provence-alpes-cote-d-azur/bouches-du-rhone/21bdaedc-c696-4757-a8b1-ee99a085d33f"}
{"nom":"Communauté d'agglomération - Var Estérel Méditerranée","type":"","adresse":"624 chemin Aurélien , 83707, Saint-Raphaël Cedex , France","postalCode":"83707","city":"Saint-Raphaël Cedex ","country":"France","horaires":"Du Lundi au Vendredi : de 08h30 à 12h00 de 13h30 à 17h00","contacts":{"email":"contact@esterelcotedazur-agglo.fr","telephone":"04 94 19 31 00"},"website":"https://esterelcotedazur-agglo.fr/","latitude":43.436787,"longitude":6.7718368,"url":"https://lannuaire.service-public.gouv.fr/provence-alpes-cote-d-azur/var/49c9d5d0-70d5-4392-9504-19e7319b964d"}
{"nom":"Communauté d'agglomération - Ventoux Comtat Venaissin (COVE)","type":"","adresse":"1171 avenue du Mont-Ventoux , 84203, Carpentras Cedex , France","postalCode":"84203","city":"Carpentras Cedex ","country":"France","horaires":"Du Lundi au Vendredi : de 08h00 à 12h00 de 13h30 à 17h30","contacts":{"email":"accueil-cove@lacove.fr","telephone":"04 90 67 10 13"},"website":"https://www.lacove.fr/accueil.html","latitude":44.057415,"longitude":5.0633183,"url":"https://lannuaire.service-public.gouv.fr/provence-alpes-cote-d-azur/vaucluse/9b14f873-e961-4f89-8911-9b6a07dc2ed3"}
{"nom":"Communauté de communes - Alpes d'Azur","type":"","adresse":"Place Conil , 06260, Puget-Théniers , France","postalCode":"06260","city":"Puget-Théniers ","country":"France","horaires":"Du Lundi au Vendredi : de 08h00 à 12h00 de 13h30 à 18h00","contacts":{"email":"secretariat@alpesdazur.fr","telephone":"04 93 05 02 81"},"website":"","latitude":43.955692,"longitude":6.893992,"url":"https://lannuaire.service-public.gouv.fr/provence-alpes-cote-d-azur/alpes-maritimes/cc6cd85a-0aa5-46df-b303-e8fdc3eb3349"}
{"nom":"Communauté de communes - Alpes Provence Verdon Sources de Lumière","type":"","adresse":"ZA Les Iscles , 04170, Saint-André-les-Alpes , France","postalCode":"04170","city":"Saint-André-les-Alpes ","country":"France","horaires":"Du Lundi au Jeudi : de 08h30 à 12h00 de 13h30 à 17h00 | Le Vendredi : de 09h00 à 12h00 de 14h00 à 17h00","contacts":{"email":"contact@ccapv.fr","telephone":"04 92 83 68 99"},"website":"https://ccapv.fr/","latitude":43.965847,"longitude":6.50736,"url":"https://lannuaire.service-public.gouv.fr/provence-alpes-cote-d-azur/alpes-de-haute-provence/69dca1ee-7bca-4c4b-80b8-41be260d4a92"}
{"nom":"Communauté de communes - Aygues Ouvèze en Provence (CCAOP)","type":"","adresse":"ZAE Joncquier & Morelles , 84850, Camaret-sur-Aygues , France","postalCode":"84850","city":"Camaret-sur-Aygues ","country":"France","horaires":"Du Lundi au Vendredi : de 08h30 à 12h30 de 14h00 à 17h00","contacts":{"email":"accueil@ccayguesouveze.com","telephone":"04 90 29 46 10"},"website":"https://www.ccayguesouveze.com/","latitude":44.163307,"longitude":4.861265,"url":"https://lannuaire.service-public.gouv.fr/provence-alpes-cote-d-azur/vaucluse/a1980ee2-df14-4c61-adcb-25edfbaf7729"}
{"nom":"Communauté de communes - Briançonnais","type":"","adresse":"1 rue Aspirant-Jan , 05100, Briançon , France","postalCode":"05100","city":"Briançon ","country":"France","horaires":"Du Lundi au Vendredi : de 08h00 à 12h00 de 13h30 à 17h00","contacts":{"email":"accueil@ccbrianconnais.fr","telephone":"04 92 21 35 97"},"website":"https://www.ccbrianconnais.fr/","latitude":44.899418,"longitude":6.643179,"url":"https://lannuaire.service-public.gouv.fr/provence-alpes-cote-d-azur/hautes-alpes/6fa46dec-65d7-463f-b5aa-946752287124"}
{"nom":"Communauté de communes - Buëch Dévoluy","type":"","adresse":"Communauté de communes Buëch-Dévoluy , 05400, Veynes , France","postalCode":"05400","city":"Veynes ","country":"France","horaires":"Du Lundi au Jeudi : de 09h00 à 12h30 de 13h30 à 17h00 | Le Vendredi : de 09h00 à 12h30","contacts":{"email":"accueil@ccbd.fr","telephone":"04 92 58 02 42"},"website":"https://www.ccbuechdevoluy.fr/","latitude":44.53461,"longitude":5.8235354,"url":"https://lannuaire.service-public.gouv.fr/provence-alpes-cote-d-azur/hautes-alpes/79ef0a90-0e1e-45d3-9d0c-45cd81a50715"}
{"nom":"Communauté de communes - Champsaur Valgaudemar","type":"","adresse":"5 rue des Lagerons , 05500, Saint-Bonnet-en-Champsaur , France","postalCode":"05500","city":"Saint-Bonnet-en-Champsaur ","country":"France","horaires":"Du Lundi au Vendredi : de 08h00 à 12h00","contacts":{"email":"contact@champsaur-valgaudemar.fr","telephone":"04 92 50 00 20"},"website":"https://www.champsaur-valgaudemar.com/accueil-cccv/","latitude":44.681286,"longitude":6.0754194,"url":"https://lannuaire.service-public.gouv.fr/provence-alpes-cote-d-azur/hautes-alpes/cf887aee-b16d-4396-bb14-2da57a842ac0"}
{"nom":"Communauté de communes - Coeur du Var","type":"","adresse":"Route de Toulon , 83340, Le Luc , France","postalCode":"83340","city":"Le Luc ","country":"France","horaires":"Du Lundi au Jeudi : de 08h30 à 12h00 de 13h30 à 17h00 | Le Vendredi : de 08h30 à 12h00 de 13h30 à 16h30","contacts":{"email":"contact@coeurduvar.com","telephone":"04 98 10 43 50"},"website":"https://www.coeurduvar.com/","latitude":43.389503,"longitude":6.309505,"url":"https://lannuaire.service-public.gouv.fr/provence-alpes-cote-d-azur/var/1a2598e0-a7eb-4dfc-b5e2-9c2a75388c5d"}
{"nom":"Communauté de communes - Enclave des Papes Pays de Grignan","type":"","adresse":"Espace Germain-Aubert , 84600, Valréas , France","postalCode":"84600","city":"Valréas ","country":"France","horaires":"Du Lundi au Vendredi : de 08h30 à 12h30 de 13h30 à 17h00","contacts":{"email":"infos@cceppg.fr","telephone":"04 90 35 01 52"},"website":"http://www.cceppg.fr/","latitude":44.383602,"longitude":4.989834,"url":"https://lannuaire.service-public.gouv.fr/provence-alpes-cote-d-azur/vaucluse/f044792b-b622-4cf0-9ebe-2b73dcd29c6d"}
{"nom":"Communauté de communes - Golfe de Saint-Tropez","type":"","adresse":"Bâtiment le Grand Sud , 83310, Cogolin , France","postalCode":"83310","city":"Cogolin ","country":"France","horaires":"Du Lundi au Vendredi : de 09h00 à 12h30 de 13h30 à 17h00","contacts":{"email":"contact@cc-golfedesainttropez.fr","telephone":"04 94 55 70 30"},"website":"https://www.golfe-sainttropez.fr/","latitude":43.256283,"longitude":6.522278,"url":"https://lannuaire.service-public.gouv.fr/provence-alpes-cote-d-azur/var/74476cb5-2f20-4385-801b-631666f6c426"}
{"nom":"Communauté de communes - Guillestrois et du Queyras","type":"","adresse":"Passage des Écoles , 05600, Guillestre , France","postalCode":"05600","city":"Guillestre ","country":"France","horaires":"Du Lundi au Vendredi : de 09h00 à 12h00","contacts":{"email":"","telephone":"04 92 45 04 62"},"website":"https://www.ccguillestroisqueyras.fr/","latitude":44.66109,"longitude":6.649365,"url":"https://lannuaire.service-public.gouv.fr/provence-alpes-cote-d-azur/hautes-alpes/f1a383e3-8ad9-4073-8fd3-3c6bf61041c0"}
{"nom":"Communauté de communes - Haute-Provence Pays de Banon","type":"","adresse":"Place de l'Église , 04300, Mane , France","postalCode":"04300","city":"Mane ","country":"France","horaires":"Le Lundi : de 08h00 à 12h00 de 14h00 à 18h00 | Le Mardi : de 08h00 à 12h00 | Le Mercredi : de 08h00 à 12h00 de 14h00 à 18h00 | Le Jeudi : de 08h00 à 12h00 | Le Vendredi : de 08h00 à 12h00 de 14h00 à 17h00","contacts":{"email":"mairie@mane-en-provence.com","telephone":"04 92 75 04 13"},"website":"https://www.cchppb.fr/","latitude":43.937824,"longitude":5.76693,"url":"https://lannuaire.service-public.gouv.fr/provence-alpes-cote-d-azur/alpes-de-haute-provence/edffaf94-792b-49ae-ab47-02c0f7b68200"}
{"nom":"Communauté de communes - Jabron Lure Vançon Durance","type":"","adresse":"110 rue de l'École , 04290, Salignac , France","postalCode":"04290","city":"Salignac ","country":"France","horaires":"Du Lundi au Vendredi : de 08h00 à 12h00 de 14h00 à 18h00","contacts":{"email":"secretariat@ccjlvd.fr","telephone":"04 92 34 46 75"},"website":"https://ccjlvd.fr/","latitude":44.157337,"longitude":5.982076,"url":"https://lannuaire.service-public.gouv.fr/provence-alpes-cote-d-azur/alpes-de-haute-provence/d9e5c89f-2bbb-4190-ae16-9793846e3e59"}
{"nom":"Communauté de communes - Lacs et Gorges du Verdon","type":"","adresse":"242 avenue Albert-1er , 83630, Aups , France","postalCode":"83630","city":"Aups ","country":"France","horaires":"Du Lundi au Jeudi : de 08h00 à 12h00 de 13h30 à 17h30 | Le Vendredi : de 08h00 à 12h00","contacts":{"email":"accueil@cclgv.fr","telephone":"04 94 70 19 12"},"website":"https://www.cc-lacsgorgesverdon.fr/","latitude":43.62745,"longitude":6.22516,"url":"https://lannuaire.service-public.gouv.fr/provence-alpes-cote-d-azur/var/3b9ce22d-f7bd-46d9-82d1-8b44c8d08e39"}
{"nom":"Communauté de communes - Méditerranée Porte des Maures","type":"","adresse":"1 rue du lotissement Les Migraniers , 83250, La Londe-les-Maures , France","postalCode":"83250","city":"La Londe-les-Maures ","country":"France","horaires":"Du Lundi au Vendredi : de 08h30 à 12h00 de 13h30 à 17h00","contacts":{"email":"contact@ccmpm.fr","telephone":"04 94 00 05 86"},"website":"https://www.ccmpm.fr/","latitude":43.13196,"longitude":6.220463,"url":"https://lannuaire.service-public.gouv.fr/provence-alpes-cote-d-azur/var/d973f8cf-4b8f-4080-9825-54728a6e9906"}
{"nom":"Communauté de communes - Pays d'Apt Luberon","type":"","adresse":"Avenue Frédéric-Mistral , 84400, Apt , France","postalCode":"84400","city":"Apt ","country":"France","horaires":"Du Lundi au Jeudi : de 08h30 à 12h00 de 13h30 à 17h00 | Le Vendredi : de 08h30 à 12h00 de 13h30 à 16h30","contacts":{"email":"contact@paysapt-luberon.fr","telephone":"04 90 04 49 70"},"website":"https://www.paysapt-luberon.fr/","latitude":43.888397,"longitude":5.378215,"url":"https://lannuaire.service-public.gouv.fr/provence-alpes-cote-d-azur/vaucluse/6061a275-82d8-4f0f-9c13-cff637ad4437"}
{"nom":"Communauté de communes - Pays des Écrins","type":"","adresse":"1 Rue du Dispensaire , 05120, L'Argentière-la-Bessée , France","postalCode":"05120","city":"L'Argentière-la-Bessée ","country":"France","horaires":"Du Lundi au Vendredi : de 08h00 à 12h00","contacts":{"email":"info@cc-paysdesecrins.com","telephone":"04 92 23 11 17"},"website":"https://www.cc-paysdesecrins.fr/","latitude":44.791973,"longitude":6.557726,"url":"https://lannuaire.service-public.gouv.fr/provence-alpes-cote-d-azur/hautes-alpes/b86879a2-252c-4810-88b3-b95922755984"}
{"nom":"Communauté de communes - Pays de Fayence","type":"","adresse":"Mas-de-Tassy , 83440, Tourrettes , France","postalCode":"83440","city":"Tourrettes ","country":"France","horaires":"Du Lundi au Vendredi : de 09h00 à 12h00 de 14h00 à 17h00","contacts":{"email":"contact@cc-paysdefayence.fr","telephone":"04 94 76 02 03"},"website":"https://www.cc-paysdefayence.fr/","latitude":43.624077,"longitude":6.694103,"url":"https://lannuaire.service-public.gouv.fr/provence-alpes-cote-d-azur/var/2e5a0294-cc2c-469a-91d7-5eabf73966d8"}
{"nom":"Communauté de communes - Pays Forcalquier et Montagne de Lure","type":"","adresse":"1 place du Bourguet , 04301, Forcalquier , France","postalCode":"04301","city":"Forcalquier ","country":"France","horaires":"Du Lundi au Vendredi : de 08h00 à 12h00 de 13h00 à 17h00","contacts":{"email":"accueil@ville-forcalquier.fr","telephone":"04 92 75 33 21"},"website":"https://www.forcalquier-lure.com/","latitude":43.959843,"longitude":5.780649,"url":"https://lannuaire.service-public.gouv.fr/provence-alpes-cote-d-azur/alpes-de-haute-provence/70794785-6c3e-4a49-844c-c9f52a8d9aca"}
{"nom":"Communauté de communes - Pays des Paillons","type":"","adresse":"55 bis route départementale 2204 , 06440, Blausasc , France","postalCode":"06440","city":"Blausasc ","country":"France","horaires":"Du Lundi au Vendredi : de 08h30 à 12h00 de 13h30 à 17h00 | Accueil ouvert sur rendez-vous de préférence.","contacts":{"email":"info@ccpp06.fr","telephone":"04 92 00 75 80"},"website":"https://ccpp06.fr/","latitude":43.83732,"longitude":7.3556247,"url":"https://lannuaire.service-public.gouv.fr/provence-alpes-cote-d-azur/alpes-maritimes/86e12e8e-2004-41b6-b131-b76ee96330bd"}
{"nom":"Communauté de communes - Pays Réuni d'Orange","type":"","adresse":"307 avenue de l'Arc-de-Triomphe , 84100, Orange , France","postalCode":"84100","city":"Orange ","country":"France","horaires":"Du Lundi au Jeudi : de 08h00 à 12h00 de 13h30 à 17h30 | Le Vendredi : de 08h00 à 12h00","contacts":{"email":"contact@ccpro.fr","telephone":"04 90 03 01 50"},"website":"https://www.ccpro.fr/","latitude":44.14139,"longitude":4.804872,"url":"https://lannuaire.service-public.gouv.fr/provence-alpes-cote-d-azur/vaucluse/34610ba2-b32b-48ea-8d19-4aeadbfd28f7"}
{"nom":"Communauté de communes - Pays des Sorgues et Monts de Vaucluse","type":"","adresse":"350 avenue de la Petite-Marine , 84800, L'Isle-sur-la-Sorgue , France","postalCode":"84800","city":"L'Isle-sur-la-Sorgue ","country":"France","horaires":"Du Lundi au Vendredi : de 08h30 à 12h00 de 13h30 à 17h00","contacts":{"email":"contact@ccpsmv.fr","telephone":"04 90 21 43 11"},"website":"https://www.paysdessorgues.fr/","latitude":43.91533,"longitude":5.0494194,"url":"https://lannuaire.service-public.gouv.fr/provence-alpes-cote-d-azur/vaucluse/2a02fb0d-054e-4c80-86b3-4befc91dbbcd"}
{"nom":"Communauté de communes - Provence Verdon","type":"","adresse":"38 avenue de la Foux , 83670, Varages , France","postalCode":"83670","city":"Varages ","country":"France","horaires":"Du Lundi au Vendredi : de 09h00 à 12h00 de 13h30 à 17h30","contacts":{"email":"accueil@provenceverdon.fr","telephone":"04 94 77 18 53"},"website":"https://www.provenceverdon.fr/","latitude":43.599373,"longitude":5.959074,"url":"https://lannuaire.service-public.gouv.fr/provence-alpes-cote-d-azur/var/710fc744-033b-48b6-be87-9a4a4b14ff16"}
{"nom":"Communauté de communes - Rhône Lez Provence","type":"","adresse":"1260 avenue Théodore-Aubanel , 84500, Bollène , France","postalCode":"84500","city":"Bollène ","country":"France","horaires":"Du Lundi au Vendredi : de 08h00 à 12h30 de 13h30 à 18h00","contacts":{"email":"accueil@ccrlp.fr","telephone":"04 90 40 01 28"},"website":"http://www.ccrlp.fr/","latitude":44.293633,"longitude":4.7534986,"url":"https://lannuaire.service-public.gouv.fr/provence-alpes-cote-d-azur/vaucluse/053e0e63-ded0-4b06-acef-11502193b3c8"}
{"nom":"Communauté de communes - Serre-Ponçon","type":"","adresse":"6 impasse de l'Observatoire , 05200, Embrun , France","postalCode":"05200","city":"Embrun ","country":"France","horaires":"Du Lundi au Vendredi : de 08h30 à 12h00 de 14h00 à 17h00","contacts":{"email":"contact@ccserreponcon.com","telephone":"04 92 43 22 78"},"website":"https://www.ccserreponcon.com/","latitude":44.564823,"longitude":6.501206,"url":"https://lannuaire.service-public.gouv.fr/provence-alpes-cote-d-azur/hautes-alpes/65d93037-e3ac-4261-ab71-ec6fbec5794a"}
{"nom":"Communauté de communes - Serre-Ponçon Val d'Avance","type":"","adresse":"33 rue de la Lauzière , 05230, La Bâtie-Neuve , France","postalCode":"05230","city":"La Bâtie-Neuve ","country":"France","horaires":"Du Lundi au Jeudi : de 09h00 à 12h00 de 14h00 à 17h00 | Le Vendredi : de 09h00 à 12h00","contacts":{"email":"secretariat@ccspva.com","telephone":"04 92 50 20 50"},"website":"https://www.cc-serreponconvaldavance.com/","latitude":44.56389,"longitude":6.205854,"url":"https://lannuaire.service-public.gouv.fr/provence-alpes-cote-d-azur/hautes-alpes/89c4d6e8-8c05-4ef0-9779-f150f71ae27d"}
{"nom":"Communauté de communes - Sisteronais Buëch","type":"","adresse":"1 place de la République , 04200, Sisteron , France","postalCode":"04200","city":"Sisteron ","country":"France","horaires":"Du Lundi au Vendredi : de 09h00 à 12h00 de 13h30 à 17h00","contacts":{"email":"contact.ccsb@sisteronais-buech.fr","telephone":"04 92 31 27 52"},"website":"https://www.sisteronais-buech.fr/","latitude":44.194714,"longitude":5.943191,"url":"https://lannuaire.service-public.gouv.fr/provence-alpes-cote-d-azur/alpes-de-haute-provence/1db16ee5-afe7-40e7-bbf2-196ccc4de931"}
{"nom":"Communauté de communes - Sorgues du Comtat","type":"","adresse":"Communauté d'Agglomération Les Sorgues du Comtat , 84170, Monteux , France","postalCode":"84170","city":"Monteux ","country":"France","horaires":"Du Lundi au Vendredi : de 08h30 à 12h00 de 13h30 à 17h00","contacts":{"email":"accueil@sorguesducomtat.fr","telephone":"04 90 61 15 50"},"website":"https://sorguesducomtat.fr/fr/","latitude":44.033268,"longitude":4.987461,"url":"https://lannuaire.service-public.gouv.fr/provence-alpes-cote-d-azur/vaucluse/ec01309b-1f8c-4aa2-af79-54cb21f195a5"}
{"nom":"Communauté de communes - Vaison Ventoux","type":"","adresse":"375 avenue Gabriel-Péri , 84110, Vaison-la-Romaine Cedex 1 , France","postalCode":"84110","city":"Vaison-la-Romaine Cedex 1 ","country":"France","horaires":"Du Lundi au Vendredi : de 08h00 à 12h00 de 13h30 à 17h00","contacts":{"email":"direction-generale@vaison-ventoux.fr","telephone":"04 90 36 16 29"},"website":"https://www.vaison-ventoux.fr/","latitude":44.247993,"longitude":5.067978,"url":"https://lannuaire.service-public.gouv.fr/provence-alpes-cote-d-azur/vaucluse/70246917-8ca2-4e24-9d28-64e24e27415d"}
{"nom":"Communauté de communes - Vallée des Baux Alpilles","type":"","adresse":"23 avenue des Joncades-Basses , 13210, Saint-Remy-de-Provence , France","postalCode":"13210","city":"Saint-Remy-de-Provence ","country":"France","horaires":"Du Lundi au Vendredi : de 09h00 à 12h00 de 13h30 à 16h30","contacts":{"email":"bienvenue@ccvba.fr","telephone":"04 90 54 54 20"},"website":"https://www.vallee-des-baux-alpilles.fr/","latitude":43.7944,"longitude":4.778523,"url":"https://lannuaire.service-public.gouv.fr/provence-alpes-cote-d-azur/bouches-du-rhone/73f09749-0063-4339-8369-ee180e77ed85"}
{"nom":"Communauté de communes - Vallée du Gapeau","type":"","adresse":"1193 avenue des Sénès , 83210, Solliès-Pont , France","postalCode":"83210","city":"Solliès-Pont ","country":"France","horaires":"Du Lundi au Vendredi : de 08h30 à 12h00 de 13h30 à 16h30","contacts":{"email":"info@ccvg.fr","telephone":"04 94 33 78 84"},"website":"https://www.ccvg.fr/","latitude":43.191036,"longitude":6.035099,"url":"https://lannuaire.service-public.gouv.fr/provence-alpes-cote-d-azur/var/52737038-0552-47c0-9049-16f23b02b480"}
{"nom":"Communauté de communes - Vallée de l'Ubaye Serre Ponçon","type":"","adresse":"4 avenue des Trois-Frères-Arnaud , 04400, Barcelonnette , France","postalCode":"04400","city":"Barcelonnette ","country":"France","horaires":"Du Lundi au Jeudi : de 08h30 à 12h00 de 13h30 à 17h30 | Le Vendredi : de 08h30 à 12h00 de 13h30 à 16h30","contacts":{"email":"info@ccvusp.fr","telephone":"04 92 81 28 23"},"website":"https://www.ccvusp.fr/","latitude":44.386166,"longitude":6.646722,"url":"https://lannuaire.service-public.gouv.fr/provence-alpes-cote-d-azur/alpes-de-haute-provence/b880471d-42b0-4fa1-814a-7d628b895c15"}
{"nom":"Communauté de communes - Ventoux Sud","type":"","adresse":"186 rue des Péquélets , 84390, Sault , France","postalCode":"84390","city":"Sault ","country":"France","horaires":"Du Lundi au Vendredi : de 08h30 à 12h00 de 13h30 à 17h00","contacts":{"email":"accueilsault@ccvs84.fr","telephone":"04 90 64 15 29"},"website":"https://ccvs84.fr/accueil.html","latitude":44.0906,"longitude":5.417894,"url":"https://lannuaire.service-public.gouv.fr/provence-alpes-cote-d-azur/vaucluse/cddf522a-fdbe-451c-98bf-b7002db17928"}
{"nom":"Communauté territoriale - Sud Luberon","type":"","adresse":"128 chemin des Vieilles-Vignes , 84240, La Tour-d'Aigues , France","postalCode":"84240","city":"La Tour-d'Aigues ","country":"France","horaires":"Du Lundi au Mardi : de 09h00 à 12h00 de 14h00 à 16h00 | Le Mercredi : de 09h00 à 12h00 | Le Jeudi : de 09h00 à 12h00 de 14h00 à 16h00 | Le Vendredi : de 09h00 à 12h00","contacts":{"email":"accueil@cotelub.fr","telephone":"04 90 07 48 12"},"website":"https://www.cotelub.fr/","latitude":43.72524,"longitude":5.548023,"url":"https://lannuaire.service-public.gouv.fr/provence-alpes-cote-d-azur/vaucluse/13a8c8e5-a3c5-4615-a462-c31309015044"}
{"nom":"Métropole - Aix-Marseille-Provence","type":"","adresse":"Tour La Marseillaise , 13002, Marseille , France","postalCode":"13002","city":"Marseille ","country":"France","horaires":"Du Lundi au Vendredi : de 08h00 à 18h00","contacts":{"email":"","telephone":"04 91 99 99 00"},"website":"https://ampmetropole.fr/","latitude":43.3142,"longitude":5.3658347,"url":"https://lannuaire.service-public.gouv.fr/provence-alpes-cote-d-azur/bouches-du-rhone/b1334731-396e-456d-8f9d-2e3868d6c688"}
{"nom":"Métropole - Nice Côte d'Azur","type":"","adresse":"5 rue de l'Hôtel-de-Ville , 06300, Nice , France","postalCode":"06300","city":"Nice ","country":"France","horaires":"Du Lundi au Vendredi : de 08h00 à 18h00 | Le Samedi : de 08h30 à 12h00","contacts":{"email":"","telephone":"04 89 98 10 00"},"website":"https://www.nicecotedazur.org/","latitude":43.69622,"longitude":7.2717075,"url":"https://lannuaire.service-public.gouv.fr/provence-alpes-cote-d-azur/alpes-maritimes/ebf3793d-85cb-431c-bd02-b62a44a49e38"}
{"nom":"Métropole - Toulon Provence Méditerranée","type":"","adresse":"Hôtel de la métropole , 83041, Toulon , France","postalCode":"83041","city":"Toulon ","country":"France","horaires":"Du Lundi au Vendredi : de 08h00 à 18h00","contacts":{"email":"contact@metropoletpm.fr","telephone":"04 94 93 83 00"},"website":"https://metropoletpm.fr/","latitude":43.11885,"longitude":5.944328,"url":"https://lannuaire.service-public.gouv.fr/provence-alpes-cote-d-azur/var/dfdbc330-f97a-4922-92b8-68dfab3ddcdd"}
