{"nom":"Communauté d'agglomération - Bastia","type":"","adresse":"Port de Toga , 20200, Bastia , France","postalCode":"20200","city":"Bastia ","country":"France","horaires":"Du Lundi au Vendredi : de 08h30 à 16h30","contacts":{"email":"contact@agglo-bastia.corsica","telephone":"04 95 55 18 18"},"website":"https://www.bastia-agglomeration.corsica/","latitude":42.697285,"longitude":9.450881,"url":"https://lannuaire.service-public.gouv.fr/corse/haute-corse/4d2fa6f9-0111-4544-b42d-45fdd7e8e56b"}
{"nom":"Communauté d'agglomération - Pays Ajaccien","type":"","adresse":"Espace Alban Bât G et H , 20000, Ajaccio , France","postalCode":"20000","city":"Ajaccio ","country":"France","horaires":"Du Lundi au Vendredi : de 08h30 à 12h00 de 13h30 à 17h00 Accueil ouvert en juillet-août de 8h à 12h et de 12h45 à 16h30.","contacts":{"email":"contact@ca-ajaccien.fr","telephone":"04 95 52 95 00"},"website":"https://www.ca-ajaccien.corsica/","latitude":41.92967,"longitude":8.73822,"url":"https://lannuaire.service-public.gouv.fr/corse/corse-du-sud/6aed69f9-1ea4-4b35-8190-fa6bc29f0899"}
{"nom":"Communauté de communes - Alta Rocca","type":"","adresse":"Rue Sorba , 20170, Levie , France","postalCode":"20170","city":"Levie ","country":"France","horaires":"Du Lundi au Vendredi : de 08h30 à 12h00 de 13h30 à 17h00","contacts":{"email":"secretariat@alta-rocca.com","telephone":"04 95 78 47 93"},"website":"https://www.alta-rocca.com/","latitude":41.70281,"longitude":9.122093,"url":"https://lannuaire.service-public.gouv.fr/corse/corse-du-sud/00b4106d-21c4-4544-a4e8-2cd16e80491e"}
{"nom":"Communauté de communes - Calvi Balagne","type":"","adresse":"4 bis avenue du Commandant-Marche , 20260, Calvi , France","postalCode":"20260","city":"Calvi ","country":"France","horaires":"Du Lundi au Mardi : de 09h00 à 12h00 de 14h00 à 17h00 | Du Jeudi au Vendredi : de 09h00 à 12h00 de 14h00 à 17h00","contacts":{"email":"accueil@cc-calvi-balagne.fr","telephone":"04 95 62 88 41"},"website":"http://www.cc-calvi-balagne.fr/","latitude":42.56765,"longitude":8.757222,"url":"https://lannuaire.service-public.gouv.fr/corse/haute-corse/32a788ac-44bc-4eeb-b724-0e271ff220d0"}
{"nom":"Communauté de communes - Cap Corse","type":"","adresse":"Bâtiment A et B , 20222, Brando , France","postalCode":"20222","city":"Brando ","country":"France","horaires":"Du Lundi au Jeudi : de 08h30 à 12h30 de 14h00 à 17h30 | Le Vendredi : de 08h30 à 12h30 de 14h00 à 16h30","contacts":{"email":"contact@cc-capcorse.corsica","telephone":"04 95 31 02 32"},"website":"https://destination-cap-corse.corsica/","latitude":42.71417,"longitude":9.431666,"url":"https://lannuaire.service-public.gouv.fr/corse/haute-corse/48580546-1e0c-43df-b7ac-1d2c13b2175e"}
{"nom":"Communauté de communes - Celavu Prunelli","type":"","adresse":"Fontanaccia , 20129, Bastelicaesia , France","postalCode":"20129","city":"Bastelicaesia ","country":"France","horaires":"Du Lundi au Vendredi : de 09h00 à 16h00","contacts":{"email":"contact@celavu-prunelli.fr","telephone":"04 95 29 19 40"},"website":"https://celavu-prunelli.fr/","latitude":41.923634,"longitude":8.833595,"url":"https://lannuaire.service-public.gouv.fr/corse/corse-du-sud/b764278d-67b6-4e7e-8061-efb9f8670b51"}
{"nom":"Communauté de communes - Centre Corse","type":"","adresse":"ZA RT 50 , 20250, Corte , France","postalCode":"20250","city":"Corte ","country":"France","horaires":"Du Lundi au Vendredi : de 09h00 à 12h00 de 14h00 à 17h00","contacts":{"email":"accueil@cccentre-corse.fr","telephone":"04 95 47 04 04"},"website":"https://www.centre-corse.com/","latitude":42.309044,"longitude":9.146443,"url":"https://lannuaire.service-public.gouv.fr/corse/haute-corse/3b92c86f-db67-49c1-bf92-7ac679c7482e"}
{"nom":"Communauté de communes - Costa Verde","type":"","adresse":"Maison du développement , 20230, San-Nicolao , France","postalCode":"20230","city":"San-Nicolao ","country":"France","horaires":"Du Lundi au Vendredi : de 08h00 à 16h45","contacts":{"email":"contact@costa-verde.fr","telephone":"04 95 38 47 39"},"website":"https://www.costa-verde.fr/","latitude":42.374107,"longitude":9.529727,"url":"https://lannuaire.service-public.gouv.fr/corse/haute-corse/bb923067-a595-4667-8806-92071602554b"}
{"nom":"Communauté de communes - Fium'Orbu Castellu","type":"","adresse":"Ghisonaccia , 20240, Ghisonaccia , France","postalCode":"20240","city":"Ghisonaccia ","country":"France","horaires":"Du Lundi au Vendredi : de 09h00 à 12h00 de 14h00 à 17h00","contacts":{"email":"accueil@ccfc.corsica","telephone":"04 95 56 10 10"},"website":"https://www.ccfiumorbucastellu.corsica/","latitude":42.016544,"longitude":9.397132,"url":"https://lannuaire.service-public.gouv.fr/corse/haute-corse/a114e5df-17fa-4e20-acc2-7554cac94d8d"}
{"nom":"Communauté de communes - Île-Rousse-Balagne","type":"","adresse":"Lieu-dit E-Padule , 20220, L'Île-Rousse , France","postalCode":"20220","city":"L'Île-Rousse ","country":"France","horaires":"Du Lundi au Jeudi : de 08h30 à 12h00 de 13h30 à 17h00 | Le Vendredi : de 08h30 à 12h00","contacts":{"email":"contact@ccirb.fr","telephone":"04 95 46 31 34"},"website":"https://www.lisula-balagna.fr/","latitude":42.63349,"longitude":8.937503,"url":"https://lannuaire.service-public.gouv.fr/corse/haute-corse/6fa48813-8b77-40fe-856a-0e577a814cc0"}
{"nom":"Communauté de communes - La Casinca","type":"","adresse":"Route du Stade , 20215, Vescovato , France","postalCode":"20215","city":"Vescovato ","country":"France","horaires":"Du Lundi au Vendredi : de 08h30 à 12h00 de 14h00 à 17h00","contacts":{"email":"contact@castagnicciacasinca.fr","telephone":"04 95 30 61 09"},"website":"https://www.castagnicciacasinca.fr/","latitude":42.5043,"longitude":9.464201,"url":"https://lannuaire.service-public.gouv.fr/corse/haute-corse/9c532bbb-6022-49b7-9b78-0ef18c4ca944"}
{"nom":"Communauté de communes - La Pieve de l'Ornano et du Taravo","type":"","adresse":"428 boulevard Marie-Jeanne-Bozzi , 20166, Porticcio , France","postalCode":"20166","city":"Porticcio ","country":"France","horaires":"Du Lundi au Jeudi : de 08h30 à 12h00 de 14h00 à 17h00 | Le Vendredi : de 08h30 à 12h00 de 14h00 à 16h00","contacts":{"email":"contact@pieveornano.com","telephone":"04 95 23 02 00"},"website":"http://www.pieveornano.fr/","latitude":41.887383,"longitude":8.803258,"url":"https://lannuaire.service-public.gouv.fr/corse/corse-du-sud/18dd9f65-b530-4234-ad37-d05777b788e0"}
{"nom":"Communauté de communes - Marana-Golo","type":"","adresse":"2008 route de l'Aéroport , 20290, Lucciana , France","postalCode":"20290","city":"Lucciana ","country":"France","horaires":"Du Lundi au Vendredi : de 07h30 à 13h30","contacts":{"email":"contact@maranagolo.org","telephone":"04 95 58 40 40"},"website":"https://maranagolo.org/","latitude":42.546825,"longitude":9.418036,"url":"https://lannuaire.service-public.gouv.fr/corse/haute-corse/32a84c9a-b6c6-4406-bbb8-cfed4b0d2526"}
{"nom":"Communauté de communes - Nebbiu","type":"","adresse":"Bâtiment administratif , 20217, Saint-Florent , France","postalCode":"20217","city":"Saint-Florent ","country":"France","horaires":"Du Lundi au Vendredi : de 09h00 à 12h00 de 14h00 à 18h00","contacts":{"email":"ccnebbiuconcadoru@orange.fr","telephone":"04 95 36 07 69"},"website":"https://www.ccnebbiuconcadoru.com/","latitude":42.6825,"longitude":9.304583,"url":"https://lannuaire.service-public.gouv.fr/corse/haute-corse/32c1cb96-ff43-4796-9165-0e2826247bf0"}
{"nom":"Communauté de communes - Oriente","type":"","adresse":"Cateraggio , 20270, Aléria , France","postalCode":"20270","city":"Aléria ","country":"France","horaires":"Du Lundi au Vendredi : de 09h00 à 12h00 de 14h00 à 18h00 | Accueil ouvert sur rendez-vous de préférence.","contacts":{"email":"comcomoriente@orange.fr","telephone":"04 95 57 97 63"},"website":"","latitude":42.114796,"longitude":9.513162,"url":"https://lannuaire.service-public.gouv.fr/corse/haute-corse/386a0331-ef71-42a2-a361-3dd3e6c1498e"}
{"nom":"Communauté de communes - Pasquale Paoli","type":"","adresse":"Site Prumtei , 20236, Omessa , France","postalCode":"20236","city":"Omessa ","country":"France","horaires":"Du Lundi au Jeudi : de 09h00 à 12h00 de 13h00 à 17h00 | Le Vendredi : de 09h00 à 12h00 de 13h00 à 16h00","contacts":{"email":"secretariat@cc-pasquale-paoli.corsica","telephone":"04 95 32 34 08"},"website":"https://cc-pasquale-paoli.com/","latitude":42.398716,"longitude":9.192342,"url":"https://lannuaire.service-public.gouv.fr/corse/haute-corse/cf033f3c-ffbb-49bc-a1c3-ac85f0d15059"}
{"nom":"Communauté de communes - Sartenais Valinco Taravo","type":"","adresse":"Maison des douaniers , 20110, Propriano , France","postalCode":"20110","city":"Propriano ","country":"France","horaires":"Du Lundi au Vendredi : de 09h00 à 12h00 de 14h00 à 16h30","contacts":{"email":"contact@sartenaisvalinco.fr","telephone":"04 95 20 06 34"},"website":"https://ccsvt.fr/","latitude":41.6757,"longitude":8.901895,"url":"https://lannuaire.service-public.gouv.fr/corse/corse-du-sud/e81b8541-ddc0-4427-bf10-c6e28460368f"}
{"nom":"Communauté de communes - Spelunca Liamone","type":"","adresse":"Route du Couvent , 20160, Vico , France","postalCode":"20160","city":"Vico ","country":"France","horaires":"Du Lundi au Vendredi : de 09h00 à 12h00","contacts":{"email":"contact@spelunca-liamone.corsica","telephone":"04 95 25 12 16"},"website":"https://spelunca-liamone.corsica/","latitude":42.145603,"longitude":8.720242,"url":"https://lannuaire.service-public.gouv.fr/corse/corse-du-sud/b720ee0f-73aa-49ac-b317-c8a4a5f75fdc"}
{"nom":"Communauté de communes - Sud Corse","type":"","adresse":"Immeuble Le Sphinx , 20538, Porto-Vecchio Cedex , France","postalCode":"20538","city":"Porto-Vecchio Cedex ","country":"France","horaires":"Du Lundi au Vendredi : de 08h30 à 12h00 de 14h00 à 17h00","contacts":{"email":"secretariat.general@cc-sudcorse.fr","telephone":"04 95 70 73 43"},"website":"https://www.cc-sudcorse.fr/","latitude":41.59137,"longitude":9.278311,"url":"https://lannuaire.service-public.gouv.fr/corse/corse-du-sud/e18ba497-a79c-4387-b84d-cb47dfec32b3"}
